{"v":"5.5.1","fr":60,"ip":0,"op":199,"w":730,"h":900,"nm":"11_Friendly","ddd":0,"assets":[],"layers":[{"ddd":0,"ind":2,"ty":3,"nm":"Boy","sr":1,"ks":{"o":{"a":0,"k":0,"ix":11},"r":{"a":1,"k":[{"i":{"x":[0.453],"y":[1.027]},"o":{"x":[0.573],"y":[0]},"t":0,"s":[0]},{"i":{"x":[0.667],"y":[1]},"o":{"x":[0.299],"y":[0]},"t":20,"s":[1.879]},{"i":{"x":[0.427],"y":[1]},"o":{"x":[0.547],"y":[-0.027]},"t":70,"s":[1.879]},{"t":90,"s":[0]}],"ix":10},"p":{"s":true,"x":{"a":1,"k":[{"i":{"x":[0.667],"y":[1]},"o":{"x":[0.333],"y":[0]},"t":0,"s":[262]},{"i":{"x":[0.833],"y":[1]},"o":{"x":[0.161],"y":[0]},"t":28,"s":[266]},{"i":{"x":[0.667],"y":[1]},"o":{"x":[0.333],"y":[0]},"t":62,"s":[266]},{"t":90,"s":[262]}],"ix":3},"y":{"a":1,"k":[{"i":{"x":[0.667],"y":[0.745]},"o":{"x":[0.333],"y":[0]},"t":0,"s":[302]},{"i":{"x":[0.667],"y":[1]},"o":{"x":[0.333],"y":[-0.663]},"t":15.281,"s":[306.455]},{"i":{"x":[0.833],"y":[1]},"o":{"x":[0.161],"y":[0]},"t":28.281,"s":[305]},{"i":{"x":[0.667],"y":[1.663]},"o":{"x":[0.333],"y":[0]},"t":61.719,"s":[305]},{"i":{"x":[0.667],"y":[1]},"o":{"x":[0.333],"y":[0.255]},"t":74.719,"s":[306.455]},{"t":90,"s":[302]}],"ix":4}},"a":{"a":0,"k":[0,0,0],"ix":1},"s":{"a":0,"k":[100,100,100],"ix":6}},"ao":0,"ip":0,"op":199,"st":0,"bm":0},{"ddd":0,"ind":3,"ty":3,"nm":"face","parent":2,"sr":1,"ks":{"o":{"a":0,"k":0,"ix":11},"r":{"a":0,"k":0,"ix":10},"p":{"a":1,"k":[{"i":{"x":0.453,"y":1},"o":{"x":0.573,"y":0},"t":0,"s":[0,0,0],"to":[5.199,2.778,0],"ti":[0,0,0]},{"i":{"x":0.453,"y":1},"o":{"x":0.387,"y":0},"t":20,"s":[31.191,16.669,0],"to":[0,0,0],"ti":[0,0,0]},{"i":{"x":0.427,"y":1},"o":{"x":0.387,"y":0},"t":70,"s":[31.191,16.669,0],"to":[0,0,0],"ti":[5.199,2.778,0]},{"t":90,"s":[0,0,0]}],"ix":2},"a":{"a":0,"k":[0,0,0],"ix":1},"s":{"a":0,"k":[100,100,100],"ix":6}},"ao":0,"ip":0,"op":199,"st":0,"bm":0},{"ddd":0,"ind":4,"ty":4,"nm":"moyt","parent":3,"sr":1,"ks":{"o":{"a":0,"k":100,"ix":11},"r":{"a":0,"k":0,"ix":10},"p":{"a":0,"k":[-2,46.787,0],"ix":2},"a":{"a":0,"k":[-105,-101.213,0],"ix":1},"s":{"a":0,"k":[100,100,100],"ix":6}},"ao":0,"shapes":[{"ty":"gr","it":[{"ind":0,"ty":"sh","ix":1,"ks":{"a":0,"k":{"i":[[-3.905,-3.905],[-27.337,27.337],[3.905,3.905],[3.905,-3.905],[19.526,19.526],[3.905,-3.905]],"o":[[27.337,27.337],[3.905,-3.905],[-3.905,-3.905],[-19.526,19.526],[-3.905,-3.905],[-3.905,3.905]],"v":[[-154.498,-102.929],[-55.503,-102.929],[-55.503,-117.071],[-69.645,-117.071],[-140.355,-117.071],[-154.498,-117.071]],"c":true},"ix":2},"nm":"Path 1","mn":"ADBE Vector Shape - Group","hd":false},{"ty":"fl","c":{"a":0,"k":[0.870588243008,0.541176497936,0.43137255311,1],"ix":4},"o":{"a":0,"k":100,"ix":5},"r":1,"bm":0,"nm":"Fill 1","mn":"ADBE Vector Graphic - Fill","hd":false},{"ty":"tr","p":{"a":0,"k":[0,0],"ix":2},"a":{"a":0,"k":[0,0],"ix":1},"s":{"a":0,"k":[100,100],"ix":3},"r":{"a":0,"k":0,"ix":6},"o":{"a":0,"k":100,"ix":7},"sk":{"a":0,"k":0,"ix":4},"sa":{"a":0,"k":0,"ix":5},"nm":"Transform"}],"nm":"Path","np":2,"cix":2,"bm":0,"ix":1,"mn":"ADBE Vector Group","hd":false}],"ip":0,"op":199,"st":0,"bm":0},{"ddd":0,"ind":5,"ty":4,"nm":"hair front","parent":2,"sr":1,"ks":{"o":{"a":0,"k":100,"ix":11},"r":{"a":1,"k":[{"i":{"x":[0.475],"y":[1]},"o":{"x":[0.333],"y":[0]},"t":2,"s":[0]},{"i":{"x":[0.667],"y":[1]},"o":{"x":[0.296],"y":[0]},"t":22,"s":[-6.718]},{"i":{"x":[0.475],"y":[1]},"o":{"x":[0.296],"y":[0]},"t":72,"s":[-6.718]},{"t":92,"s":[0]}],"ix":10},"p":{"a":1,"k":[{"i":{"x":0.667,"y":1},"o":{"x":0.333,"y":0},"t":0,"s":[63.591,-136.855,0],"to":[3.381,1.39,0],"ti":[0,0,0]},{"i":{"x":0.667,"y":1},"o":{"x":0.333,"y":0},"t":20,"s":[83.875,-128.516,0],"to":[0,0,0],"ti":[0,0,0]},{"i":{"x":0.667,"y":1},"o":{"x":0.333,"y":0},"t":70,"s":[83.875,-128.516,0],"to":[0,0,0],"ti":[3.381,1.39,0]},{"t":90,"s":[63.591,-136.855,0]}],"ix":2},"a":{"a":0,"k":[-39.409,-284.855,0],"ix":1},"s":{"a":0,"k":[100,100,100],"ix":6}},"ao":0,"shapes":[{"ty":"gr","it":[{"ind":0,"ty":"sh","ix":1,"ks":{"a":0,"k":{"i":[[3.579,0],[0,0],[0,-3.579],[-59.912,0],[0,0],[0,59.912]],"o":[[0,0],[-3.579,0],[0,59.912],[0,0],[59.912,0],[0,-3.579]],"v":[[-45.889,-284.855],[-265,-284.855],[-271.48,-278.375],[-163,-169.895],[-147.889,-169.895],[-39.409,-278.375]],"c":true},"ix":2},"nm":"Path 1","mn":"ADBE Vector Shape - Group","hd":false},{"ty":"fl","c":{"a":0,"k":[1,0.850980401039,0,1],"ix":4},"o":{"a":0,"k":100,"ix":5},"r":1,"bm":0,"nm":"Fill 1","mn":"ADBE Vector Graphic - Fill","hd":false},{"ty":"tr","p":{"a":0,"k":[0,0],"ix":2},"a":{"a":0,"k":[0,0],"ix":1},"s":{"a":0,"k":[100,100],"ix":3},"r":{"a":0,"k":0,"ix":6},"o":{"a":0,"k":100,"ix":7},"sk":{"a":0,"k":0,"ix":4},"sa":{"a":0,"k":0,"ix":5},"nm":"Transform"}],"nm":"Group 1","np":2,"cix":2,"bm":0,"ix":1,"mn":"ADBE Vector Group","hd":false}],"ip":0,"op":199,"st":0,"bm":0},{"ddd":0,"ind":6,"ty":4,"nm":"hair hider","parent":2,"sr":1,"ks":{"o":{"a":0,"k":100,"ix":11},"r":{"a":0,"k":-6.718,"ix":10},"p":{"a":0,"k":[53.257,-152.243,0],"ix":2},"a":{"a":0,"k":[-39.409,-284.855,0],"ix":1},"s":{"a":0,"k":[68.195,78.554,100],"ix":6}},"ao":0,"shapes":[{"ty":"gr","it":[{"ind":0,"ty":"sh","ix":1,"ks":{"a":0,"k":{"i":[[3.579,0],[0,0],[0,-3.579],[-59.912,0],[0,0],[0,59.912]],"o":[[0,0],[-3.579,0],[0,59.912],[0,0],[59.912,0],[0,-3.579]],"v":[[-45.889,-284.855],[-265,-284.855],[-271.48,-278.375],[-163,-169.895],[-147.889,-169.895],[-39.409,-278.375]],"c":true},"ix":2},"nm":"Path 1","mn":"ADBE Vector Shape - Group","hd":false},{"ty":"fl","c":{"a":0,"k":[1,0.850980401039,0,1],"ix":4},"o":{"a":0,"k":100,"ix":5},"r":1,"bm":0,"nm":"Fill 1","mn":"ADBE Vector Graphic - Fill","hd":false},{"ty":"tr","p":{"a":0,"k":[0,0],"ix":2},"a":{"a":0,"k":[0,0],"ix":1},"s":{"a":0,"k":[100,100],"ix":3},"r":{"a":0,"k":0,"ix":6},"o":{"a":0,"k":100,"ix":7},"sk":{"a":0,"k":0,"ix":4},"sa":{"a":0,"k":0,"ix":5},"nm":"Transform"}],"nm":"Group 1","np":2,"cix":2,"bm":0,"ix":1,"mn":"ADBE Vector Group","hd":false}],"ip":0,"op":199,"st":0,"bm":0},{"ddd":0,"ind":7,"ty":4,"nm":"blink 4","parent":2,"sr":1,"ks":{"o":{"a":1,"k":[{"i":{"x":[0.833],"y":[0.833]},"o":{"x":[0.167],"y":[0.167]},"t":41,"s":[0]},{"t":46,"s":[100],"h":1},{"t":52,"s":[0],"h":1},{"t":121,"s":[100],"h":1},{"t":125,"s":[0],"h":1}],"ix":11},"r":{"a":0,"k":181.374,"ix":10},"p":{"a":1,"k":[{"i":{"x":0.833,"y":0.833},"o":{"x":0.167,"y":0.167},"t":45,"s":[-2.16,1.989,0],"to":[-0.014,-0.423,0],"ti":[0.033,1.012,0]},{"i":{"x":0.833,"y":0.833},"o":{"x":0.167,"y":0.167},"t":47,"s":[-2.248,-0.676,0],"to":[-0.019,-0.581,0],"ti":[0.008,0.243,0]},{"i":{"x":0.833,"y":0.833},"o":{"x":0.167,"y":0.167},"t":48,"s":[-2.291,-2.009,0],"to":[-0.014,-0.427,0],"ti":[-0.022,-0.666,0]},{"i":{"x":0.833,"y":0.833},"o":{"x":0.167,"y":0.167},"t":50,"s":[-2.291,-2.009,0],"to":[0.008,0.243,0],"ti":[-0.019,-0.581,0]},{"i":{"x":0.833,"y":0.833},"o":{"x":0.167,"y":0.167},"t":51,"s":[-2.248,-0.676,0],"to":[0.033,1.012,0],"ti":[-0.014,-0.423,0]},{"i":{"x":0.833,"y":0.833},"o":{"x":0.167,"y":0.167},"t":53,"s":[-2.16,1.989,0],"to":[0.016,0.473,0],"ti":[0.022,0.666,0]},{"i":{"x":0.833,"y":0.833},"o":{"x":0.167,"y":0.167},"t":121,"s":[-2.16,1.989,0],"to":[-0.014,-0.423,0],"ti":[0.033,1.012,0]},{"i":{"x":0.833,"y":0.833},"o":{"x":0.167,"y":0.167},"t":123,"s":[-2.248,-0.676,0],"to":[-0.019,-0.581,0],"ti":[0.008,0.243,0]},{"i":{"x":0.833,"y":0.833},"o":{"x":0.167,"y":0.167},"t":124,"s":[-2.291,-2.009,0],"to":[-0.022,-0.666,0],"ti":[-0.014,-0.427,0]},{"i":{"x":0.833,"y":0.833},"o":{"x":0.167,"y":0.167},"t":126,"s":[-2.291,-2.009,0],"to":[0.008,0.243,0],"ti":[-0.019,-0.581,0]},{"i":{"x":0.833,"y":0.833},"o":{"x":0.167,"y":0.167},"t":127,"s":[-2.248,-0.676,0],"to":[0.033,1.012,0],"ti":[-0.014,-0.423,0]},{"t":129,"s":[-2.16,1.989,0]}],"ix":2},"a":{"a":0,"k":[111.375,-47.156,0],"ix":1},"s":{"a":0,"k":[100,100,100],"ix":6}},"ao":0,"shapes":[{"ty":"gr","it":[{"ind":0,"ty":"sh","ix":1,"ks":{"a":0,"k":{"i":[[-0.162,-11.641],[-0.625,16.5]],"o":[[0.25,18],[0.641,-16.929]],"v":[[98.25,-53.875],[124.5,-52.875]],"c":false},"ix":2},"nm":"Path 1","mn":"ADBE Vector Shape - Group","hd":false},{"ty":"st","c":{"a":0,"k":[0.788235353956,0.450980422076,0.337254901961,1],"ix":3},"o":{"a":0,"k":100,"ix":4},"w":{"a":0,"k":15,"ix":5},"lc":2,"lj":1,"ml":4,"bm":0,"nm":"Stroke 1","mn":"ADBE Vector Graphic - Stroke","hd":false},{"ty":"tr","p":{"a":0,"k":[0,0],"ix":2},"a":{"a":0,"k":[0,0],"ix":1},"s":{"a":0,"k":[100,100],"ix":3},"r":{"a":0,"k":0,"ix":6},"o":{"a":0,"k":100,"ix":7},"sk":{"a":0,"k":0,"ix":4},"sa":{"a":0,"k":0,"ix":5},"nm":"Transform"}],"nm":"Shape 1","np":3,"cix":2,"bm":0,"ix":1,"mn":"ADBE Vector Group","hd":false}],"ip":47,"op":59,"st":25,"bm":0},{"ddd":0,"ind":8,"ty":4,"nm":"blink 3","parent":2,"sr":1,"ks":{"o":{"a":1,"k":[{"i":{"x":[0.833],"y":[0.833]},"o":{"x":[0.167],"y":[0.167]},"t":41,"s":[0]},{"t":46,"s":[100],"h":1},{"t":52,"s":[0],"h":1},{"t":121,"s":[100],"h":1},{"t":125,"s":[0],"h":1}],"ix":11},"r":{"a":0,"k":181.374,"ix":10},"p":{"a":1,"k":[{"i":{"x":0.833,"y":0.833},"o":{"x":0.167,"y":0.167},"t":45,"s":[61.821,3.524,0],"to":[-0.022,-0.666,0],"ti":[0,0,0]},{"i":{"x":0.833,"y":0.833},"o":{"x":0.167,"y":0.167},"t":48,"s":[61.69,-0.474,0],"to":[0,0,0],"ti":[-0.022,-0.666,0]},{"i":{"x":0.833,"y":0.833},"o":{"x":0.167,"y":0.167},"t":50,"s":[61.69,-0.474,0],"to":[0.022,0.666,0],"ti":[-0.022,-0.666,0]},{"i":{"x":0.833,"y":0.833},"o":{"x":0.167,"y":0.167},"t":53,"s":[61.821,3.524,0],"to":[0,0,0],"ti":[0,0,0]},{"i":{"x":0.833,"y":0.833},"o":{"x":0.167,"y":0.167},"t":121,"s":[61.821,3.524,0],"to":[-0.022,-0.666,0],"ti":[0.022,0.666,0]},{"i":{"x":0.833,"y":0.833},"o":{"x":0.167,"y":0.167},"t":124,"s":[61.69,-0.474,0],"to":[0,0,0],"ti":[0,0,0]},{"i":{"x":0.833,"y":0.833},"o":{"x":0.167,"y":0.167},"t":126,"s":[61.69,-0.474,0],"to":[0,0,0],"ti":[-0.022,-0.666,0]},{"t":129,"s":[61.821,3.524,0]}],"ix":2},"a":{"a":0,"k":[111.375,-47.156,0],"ix":1},"s":{"a":0,"k":[100,100,100],"ix":6}},"ao":0,"shapes":[{"ty":"gr","it":[{"ind":0,"ty":"sh","ix":1,"ks":{"a":0,"k":{"i":[[-0.162,-11.641],[-0.625,16.5]],"o":[[0.25,18],[0.641,-16.929]],"v":[[98.25,-53.875],[124.5,-52.875]],"c":false},"ix":2},"nm":"Path 1","mn":"ADBE Vector Shape - Group","hd":false},{"ty":"st","c":{"a":0,"k":[0.788235353956,0.450980422076,0.337254901961,1],"ix":3},"o":{"a":0,"k":100,"ix":4},"w":{"a":0,"k":15,"ix":5},"lc":2,"lj":1,"ml":4,"bm":0,"nm":"Stroke 1","mn":"ADBE Vector Graphic - Stroke","hd":false},{"ty":"tr","p":{"a":0,"k":[0,0],"ix":2},"a":{"a":0,"k":[0,0],"ix":1},"s":{"a":0,"k":[100,100],"ix":3},"r":{"a":0,"k":0,"ix":6},"o":{"a":0,"k":100,"ix":7},"sk":{"a":0,"k":0,"ix":4},"sa":{"a":0,"k":0,"ix":5},"nm":"Transform"}],"nm":"Shape 1","np":3,"cix":2,"bm":0,"ix":1,"mn":"ADBE Vector Group","hd":false}],"ip":47,"op":59,"st":25,"bm":0},{"ddd":0,"ind":9,"ty":4,"nm":"eye","parent":10,"sr":1,"ks":{"o":{"a":0,"k":100,"ix":11},"r":{"a":0,"k":0,"ix":10},"p":{"a":0,"k":[-136.111,-163.625,0],"ix":2},"a":{"a":0,"k":[-136.111,-163.625,0],"ix":1},"s":{"a":0,"k":[100,100,100],"ix":6}},"ao":0,"shapes":[{"ty":"gr","it":[{"ind":0,"ty":"sh","ix":1,"ks":{"a":0,"k":{"i":[[-7.118,0],[0,0],[0,-7.118],[0,0],[7.118,0],[0,0],[0,7.118],[0,0]],"o":[[0,0],[7.118,0],[0,0],[0,7.118],[0,0],[-7.118,0],[0,0],[0,-7.118]],"v":[[-136.111,-189.125],[-136.111,-189.125],[-123.222,-176.236],[-123.222,-151.014],[-136.111,-138.125],[-136.111,-138.125],[-149,-151.014],[-149,-176.236]],"c":true},"ix":2},"nm":"Path 1","mn":"ADBE Vector Shape - Group","hd":false},{"ty":"fl","c":{"a":0,"k":[0.78823530674,0.450980395079,0.337254911661,1],"ix":4},"o":{"a":0,"k":100,"ix":5},"r":1,"bm":0,"nm":"Fill 1","mn":"ADBE Vector Graphic - Fill","hd":false},{"ty":"tr","p":{"a":0,"k":[0,0],"ix":2},"a":{"a":0,"k":[0,0],"ix":1},"s":{"a":0,"k":[100,100],"ix":3},"r":{"a":0,"k":0,"ix":6},"o":{"a":0,"k":100,"ix":7},"sk":{"a":0,"k":0,"ix":4},"sa":{"a":0,"k":0,"ix":5},"nm":"Transform"}],"nm":"Rectangle-Copy-129","np":2,"cix":2,"bm":0,"ix":1,"mn":"ADBE Vector Group","hd":false}],"ip":0,"op":199,"st":0,"bm":0},{"ddd":0,"ind":10,"ty":4,"nm":"eye","parent":3,"sr":1,"ks":{"o":{"a":0,"k":100,"ix":11},"r":{"a":0,"k":0,"ix":10},"p":{"a":0,"k":[31.333,-15.625,0],"ix":2},"a":{"a":0,"k":[-71.667,-163.625,0],"ix":1},"s":{"a":1,"k":[{"i":{"x":[0.667,0.478,0.667],"y":[1,1,1]},"o":{"x":[0.333,0.333,0.333],"y":[0,0,0]},"t":45,"s":[100,100,100]},{"i":{"x":[0.833,0.833,0.833],"y":[1,1,1]},"o":{"x":[0.16,0.16,0.16],"y":[0,0,0]},"t":48,"s":[100,0,100]},{"i":{"x":[0.667,0.667,0.667],"y":[1,1,1]},"o":{"x":[0.333,0.522,0.333],"y":[0,0,0]},"t":50,"s":[100,0,100]},{"t":53,"s":[100,100,100]}],"ix":6}},"ao":0,"shapes":[{"ty":"gr","it":[{"ind":0,"ty":"sh","ix":1,"ks":{"a":0,"k":{"i":[[-7.118,0],[0,0],[0,-7.118],[0,0],[7.118,0],[0,0],[0,7.118],[0,0]],"o":[[0,0],[7.118,0],[0,0],[0,7.118],[0,0],[-7.118,0],[0,0],[0,-7.118]],"v":[[-71.667,-189.125],[-71.667,-189.125],[-58.778,-176.236],[-58.778,-151.014],[-71.667,-138.125],[-71.667,-138.125],[-84.556,-151.014],[-84.556,-176.236]],"c":true},"ix":2},"nm":"Path 1","mn":"ADBE Vector Shape - Group","hd":false},{"ty":"fl","c":{"a":0,"k":[0.78823530674,0.450980395079,0.337254911661,1],"ix":4},"o":{"a":0,"k":100,"ix":5},"r":1,"bm":0,"nm":"Fill 1","mn":"ADBE Vector Graphic - Fill","hd":false},{"ty":"tr","p":{"a":0,"k":[0,0],"ix":2},"a":{"a":0,"k":[0,0],"ix":1},"s":{"a":0,"k":[100,100],"ix":3},"r":{"a":0,"k":0,"ix":6},"o":{"a":0,"k":100,"ix":7},"sk":{"a":0,"k":0,"ix":4},"sa":{"a":0,"k":0,"ix":5},"nm":"Transform"}],"nm":"Rectangle-Copy-128","np":2,"cix":2,"bm":0,"ix":1,"mn":"ADBE Vector Group","hd":false}],"ip":0,"op":199,"st":0,"bm":0},{"ddd":0,"ind":11,"ty":4,"nm":"head","parent":2,"sr":1,"ks":{"o":{"a":0,"k":100,"ix":11},"r":{"a":0,"k":0,"ix":10},"p":{"a":0,"k":[-0.889,14.438,0],"ix":2},"a":{"a":0,"k":[-103.889,-133.562,0],"ix":1},"s":{"a":0,"k":[100,100,100],"ix":6}},"ao":0,"shapes":[{"ty":"gr","it":[{"ind":0,"ty":"sh","ix":1,"ks":{"a":0,"k":{"i":[[-29.823,0],[0,0],[0,-29.823],[0,0],[60.506,0],[0,60.506],[0,0]],"o":[[0,0],[29.823,0],[0,0],[0,60.506],[-60.506,0],[0,0],[0,-29.823]],"v":[[-159.445,-267.125],[-48.333,-267.125],[5.667,-213.125],[5.667,-109.556],[-103.889,0],[-213.445,-109.556],[-213.445,-213.125]],"c":true},"ix":2},"nm":"Path 1","mn":"ADBE Vector Shape - Group","hd":false},{"ty":"fl","c":{"a":0,"k":[1,0.678431391716,0.572549045086,1],"ix":4},"o":{"a":0,"k":100,"ix":5},"r":1,"bm":0,"nm":"Fill 1","mn":"ADBE Vector Graphic - Fill","hd":false},{"ty":"tr","p":{"a":0,"k":[0,0],"ix":2},"a":{"a":0,"k":[0,0],"ix":1},"s":{"a":0,"k":[100,100],"ix":3},"r":{"a":0,"k":0,"ix":6},"o":{"a":0,"k":100,"ix":7},"sk":{"a":0,"k":0,"ix":4},"sa":{"a":0,"k":0,"ix":5},"nm":"Transform"}],"nm":"Rectangle-Copy-126","np":2,"cix":2,"bm":0,"ix":1,"mn":"ADBE Vector Group","hd":false}],"ip":0,"op":199,"st":0,"bm":0},{"ddd":0,"ind":12,"ty":4,"nm":"ear","parent":2,"sr":1,"ks":{"o":{"a":0,"k":100,"ix":11},"r":{"a":0,"k":0,"ix":10},"p":{"a":1,"k":[{"i":{"x":0.833,"y":0.833},"o":{"x":0.167,"y":0.167},"t":0,"s":[-121.111,-2.875,0],"to":[-0.543,-0.024,0],"ti":[0,0,0]},{"i":{"x":0.833,"y":0.833},"o":{"x":0.167,"y":0.167},"t":20,"s":[-124.368,-3.018,0],"to":[0,0,0],"ti":[-0.543,-0.024,0]},{"i":{"x":0.833,"y":0.833},"o":{"x":0.167,"y":0.167},"t":70,"s":[-124.368,-3.018,0],"to":[0.543,0.024,0],"ti":[-0.543,-0.024,0]},{"t":90,"s":[-121.111,-2.875,0]}],"ix":2},"a":{"a":0,"k":[-224.111,-150.875,0],"ix":1},"s":{"a":0,"k":[100,100,100],"ix":6}},"ao":0,"shapes":[{"ty":"gr","it":[{"ind":0,"ty":"sh","ix":1,"ks":{"a":0,"k":{"i":[[-21.355,0],[0,-21.125],[21.355,0],[0,21.125]],"o":[[21.355,0],[0,21.125],[-21.355,0],[0,-21.125]],"v":[[-224.111,-189.125],[-185.445,-150.875],[-224.111,-112.625],[-262.778,-150.875]],"c":true},"ix":2},"nm":"Path 1","mn":"ADBE Vector Shape - Group","hd":false},{"ty":"fl","c":{"a":0,"k":[1,0.678431391716,0.572549045086,1],"ix":4},"o":{"a":0,"k":100,"ix":5},"r":1,"bm":0,"nm":"Fill 1","mn":"ADBE Vector Graphic - Fill","hd":false},{"ty":"tr","p":{"a":0,"k":[0,0],"ix":2},"a":{"a":0,"k":[0,0],"ix":1},"s":{"a":0,"k":[100,100],"ix":3},"r":{"a":0,"k":0,"ix":6},"o":{"a":0,"k":100,"ix":7},"sk":{"a":0,"k":0,"ix":4},"sa":{"a":0,"k":0,"ix":5},"nm":"Transform"}],"nm":"Oval-Copy-19","np":2,"cix":2,"bm":0,"ix":1,"mn":"ADBE Vector Group","hd":false}],"ip":0,"op":199,"st":0,"bm":0},{"ddd":0,"ind":13,"ty":4,"nm":"ear","parent":2,"sr":1,"ks":{"o":{"a":0,"k":100,"ix":11},"r":{"a":0,"k":0,"ix":10},"p":{"a":1,"k":[{"i":{"x":0.453,"y":1},"o":{"x":0.573,"y":0},"t":0,"s":[119.333,-2.875,0],"to":[-2.171,-0.096,0],"ti":[0,0,0]},{"i":{"x":0.667,"y":1},"o":{"x":0.387,"y":0},"t":20,"s":[106.307,-3.448,0],"to":[0,0,0],"ti":[-2.171,-0.096,0]},{"i":{"x":0.427,"y":1},"o":{"x":0.547,"y":0},"t":70,"s":[106.307,-3.448,0],"to":[2.171,0.096,0],"ti":[-2.171,-0.096,0]},{"t":90,"s":[119.333,-2.875,0]}],"ix":2},"a":{"a":0,"k":[16.333,-150.875,0],"ix":1},"s":{"a":0,"k":[100,100,100],"ix":6}},"ao":0,"shapes":[{"ty":"gr","it":[{"ind":0,"ty":"sh","ix":1,"ks":{"a":0,"k":{"i":[[-21.355,0],[0,-21.125],[21.355,0],[0,21.125]],"o":[[21.355,0],[0,21.125],[-21.355,0],[0,-21.125]],"v":[[16.333,-189.125],[55,-150.875],[16.333,-112.625],[-22.333,-150.875]],"c":true},"ix":2},"nm":"Path 1","mn":"ADBE Vector Shape - Group","hd":false},{"ty":"fl","c":{"a":0,"k":[1,0.678431391716,0.572549045086,1],"ix":4},"o":{"a":0,"k":100,"ix":5},"r":1,"bm":0,"nm":"Fill 1","mn":"ADBE Vector Graphic - Fill","hd":false},{"ty":"tr","p":{"a":0,"k":[0,0],"ix":2},"a":{"a":0,"k":[0,0],"ix":1},"s":{"a":0,"k":[100,100],"ix":3},"r":{"a":0,"k":0,"ix":6},"o":{"a":0,"k":100,"ix":7},"sk":{"a":0,"k":0,"ix":4},"sa":{"a":0,"k":0,"ix":5},"nm":"Transform"}],"nm":"Oval-Copy-18","np":2,"cix":2,"bm":0,"ix":1,"mn":"ADBE Vector Group","hd":false}],"ip":0,"op":199,"st":0,"bm":0},{"ddd":0,"ind":14,"ty":4,"nm":"back hari","parent":2,"sr":1,"ks":{"o":{"a":0,"k":100,"ix":11},"r":{"a":0,"k":0,"ix":10},"p":{"a":1,"k":[{"i":{"x":0.453,"y":1},"o":{"x":0.573,"y":0},"t":0,"s":[-0.889,-103.812,0],"to":[-0.827,0.194,0],"ti":[0,0,0]},{"i":{"x":0.667,"y":1},"o":{"x":0.387,"y":0},"t":20,"s":[-5.854,-102.649,0],"to":[0,0,0],"ti":[-0.827,0.194,0]},{"i":{"x":0.427,"y":1},"o":{"x":0.547,"y":0},"t":70,"s":[-5.854,-102.649,0],"to":[0.827,-0.194,0],"ti":[-0.827,0.194,0]},{"t":90,"s":[-0.889,-103.812,0]}],"ix":2},"a":{"a":0,"k":[-103.889,-251.812,0],"ix":1},"s":{"a":0,"k":[100,100,100],"ix":6}},"ao":0,"shapes":[{"ty":"gr","it":[{"ind":0,"ty":"sh","ix":1,"ks":{"a":0,"k":{"i":[[69.19,0],[0,0],[0,-69.19],[0,0],[0,0],[0,0],[-2.525,-0.218],[0,0],[0,0],[0,3.579],[0,0]],"o":[[0,0],[-69.19,0],[0,0],[0,0],[0,0],[0.853,2.387],[0,0],[0,0],[3.579,0],[0,0],[0,-69.19]],"v":[[-102.467,-346.48],[-105.311,-346.48],[-230.591,-221.2],[-230.591,-217.742],[-230.213,-215.562],[-211.578,-163.418],[-206.033,-159.143],[-183.161,-157.169],[16.333,-157.145],[22.813,-163.625],[22.813,-221.2]],"c":true},"ix":2},"nm":"Path 1","mn":"ADBE Vector Shape - Group","hd":false},{"ty":"fl","c":{"a":0,"k":[1,0.850980401039,0,1],"ix":4},"o":{"a":0,"k":100,"ix":5},"r":1,"bm":0,"nm":"Fill 1","mn":"ADBE Vector Graphic - Fill","hd":false},{"ty":"tr","p":{"a":0,"k":[0,0],"ix":2},"a":{"a":0,"k":[0,0],"ix":1},"s":{"a":0,"k":[100,100],"ix":3},"r":{"a":0,"k":0,"ix":6},"o":{"a":0,"k":100,"ix":7},"sk":{"a":0,"k":0,"ix":4},"sa":{"a":0,"k":0,"ix":5},"nm":"Transform"}],"nm":"Group 1","np":2,"cix":2,"bm":0,"ix":1,"mn":"ADBE Vector Group","hd":false}],"ip":0,"op":199,"st":0,"bm":0},{"ddd":0,"ind":15,"ty":3,"nm":"GIrl","sr":1,"ks":{"o":{"a":0,"k":0,"ix":11},"r":{"a":1,"k":[{"i":{"x":[0.352],"y":[0.978]},"o":{"x":[0.598],"y":[0]},"t":0,"s":[0]},{"i":{"x":[0.667],"y":[1]},"o":{"x":[0.296],"y":[0]},"t":20,"s":[3.253]},{"i":{"x":[0.402],"y":[1]},"o":{"x":[0.648],"y":[0.022]},"t":70,"s":[3.253]},{"t":90,"s":[0]}],"ix":10},"p":{"a":1,"k":[{"i":{"x":0.667,"y":1},"o":{"x":0.995,"y":0},"t":0,"s":[469,438,0],"to":[-0.49,-0.21,0],"ti":[1.205,0.517,0]},{"i":{"x":0.142,"y":0.988},"o":{"x":0.333,"y":0},"t":9.199,"s":[465.698,438.049,0],"to":[-1.666,-0.714,0],"ti":[0.677,0.29,0]},{"i":{"x":0.833,"y":1},"o":{"x":0.249,"y":0},"t":23,"s":[462,435,0],"to":[-0.878,-0.376,0],"ti":[-1.167,-0.5,0]},{"i":{"x":0.667,"y":1},"o":{"x":0.858,"y":0.012},"t":67,"s":[462,435,0],"to":[0.677,0.29,0],"ti":[-1.666,-0.714,0]},{"i":{"x":0.005,"y":1},"o":{"x":0.333,"y":0},"t":80.801,"s":[465.698,438.049,0],"to":[1.205,0.517,0],"ti":[-0.49,-0.21,0]},{"t":90,"s":[469,438,0]}],"ix":2},"a":{"a":0,"k":[0,0,0],"ix":1},"s":{"a":0,"k":[100,100,100],"ix":6}},"ao":0,"ip":0,"op":199,"st":0,"bm":0},{"ddd":0,"ind":16,"ty":3,"nm":"face","parent":15,"sr":1,"ks":{"o":{"a":0,"k":0,"ix":11},"r":{"a":0,"k":0,"ix":10},"p":{"s":true,"x":{"a":1,"k":[{"i":{"x":[0.925],"y":[0.679]},"o":{"x":[0.42],"y":[0]},"t":0,"s":[0]},{"i":{"x":[0.577],"y":[1]},"o":{"x":[0.05],"y":[0.513]},"t":8,"s":[-10.713]},{"i":{"x":[1],"y":[1]},"o":{"x":[0],"y":[0]},"t":20,"s":[-19.991]},{"i":{"x":[0.95],"y":[0.487]},"o":{"x":[0.423],"y":[0]},"t":70,"s":[-19.991]},{"i":{"x":[0.58],"y":[1]},"o":{"x":[0.075],"y":[0.444]},"t":82,"s":[-10.713]},{"t":90,"s":[0]}],"ix":3},"y":{"a":1,"k":[{"i":{"x":[0.925],"y":[0.44]},"o":{"x":[0.42],"y":[0]},"t":0,"s":[0]},{"i":{"x":[0.577],"y":[1]},"o":{"x":[0.05],"y":[0.344]},"t":8,"s":[-5.196]},{"i":{"x":[1],"y":[1]},"o":{"x":[0],"y":[0]},"t":20,"s":[-16.893]},{"i":{"x":[0.95],"y":[0.656]},"o":{"x":[0.423],"y":[0]},"t":70,"s":[-16.893]},{"i":{"x":[0.58],"y":[1]},"o":{"x":[0.075],"y":[0.774]},"t":82,"s":[-5.196]},{"t":90,"s":[0]}],"ix":4}},"a":{"a":0,"k":[0,0,0],"ix":1},"s":{"a":0,"k":[100,100,100],"ix":6}},"ao":0,"ip":0,"op":199,"st":0,"bm":0},{"ddd":0,"ind":17,"ty":4,"nm":"Oval-Copy-24","parent":15,"sr":1,"ks":{"o":{"a":0,"k":100,"ix":11},"r":{"a":0,"k":0,"ix":10},"p":{"a":1,"k":[{"i":{"x":0.352,"y":0.991},"o":{"x":0.598,"y":0},"t":0,"s":[-120.333,-22.334,0],"to":[1.336,0.008,0],"ti":[0,0,0]},{"i":{"x":0.667,"y":1},"o":{"x":0.41,"y":0},"t":20,"s":[-112.318,-22.288,0],"to":[0,0,0],"ti":[1.336,0.008,0]},{"i":{"x":0.402,"y":1},"o":{"x":0.648,"y":0.009},"t":70,"s":[-112.318,-22.288,0],"to":[-1.336,-0.008,0],"ti":[1.336,0.008,0]},{"t":90,"s":[-120.333,-22.334,0]}],"ix":2},"a":{"a":0,"k":[-16.333,-34.334,0],"ix":1},"s":{"a":0,"k":[100,100,100],"ix":6}},"ao":0,"shapes":[{"ty":"gr","it":[{"ind":0,"ty":"sh","ix":1,"ks":{"a":0,"k":{"i":[[-21.355,0],[0,-21.618],[21.355,0],[0,21.618]],"o":[[21.355,0],[0,21.618],[-21.355,0],[0,-21.618]],"v":[[-16.333,-73.476],[22.333,-34.334],[-16.333,4.809],[-55,-34.334]],"c":true},"ix":2},"nm":"Path 1","mn":"ADBE Vector Shape - Group","hd":false},{"ty":"fl","c":{"a":0,"k":[0.647058844566,0.40000000596,0.266666680574,1],"ix":4},"o":{"a":0,"k":100,"ix":5},"r":1,"bm":0,"nm":"Fill 1","mn":"ADBE Vector Graphic - Fill","hd":false},{"ty":"tr","p":{"a":0,"k":[0,0],"ix":2},"a":{"a":0,"k":[0,0],"ix":1},"s":{"a":0,"k":[100,100],"ix":3},"r":{"a":0,"k":0,"ix":6},"o":{"a":0,"k":100,"ix":7},"sk":{"a":0,"k":0,"ix":4},"sa":{"a":0,"k":0,"ix":5},"nm":"Transform"}],"nm":"Oval-Copy-24","np":2,"cix":2,"bm":0,"ix":1,"mn":"ADBE Vector Group","hd":false}],"ip":0,"op":199,"st":0,"bm":0},{"ddd":0,"ind":18,"ty":4,"nm":"Oval-Copy-23","parent":15,"sr":1,"ks":{"o":{"a":0,"k":100,"ix":11},"r":{"a":0,"k":0,"ix":10},"p":{"a":1,"k":[{"i":{"x":0.352,"y":0.986},"o":{"x":0.598,"y":0},"t":0,"s":[120.111,-22.334,0],"to":[0.841,0.119,0],"ti":[0,0,0]},{"i":{"x":0.667,"y":1},"o":{"x":0.41,"y":0},"t":20,"s":[125.16,-21.619,0],"to":[0,0,0],"ti":[0.841,0.119,0]},{"i":{"x":0.402,"y":1},"o":{"x":0.648,"y":0.014},"t":70,"s":[125.16,-21.619,0],"to":[-0.841,-0.119,0],"ti":[0.841,0.119,0]},{"t":90,"s":[120.111,-22.334,0]}],"ix":2},"a":{"a":0,"k":[224.111,-34.334,0],"ix":1},"s":{"a":0,"k":[100,100,100],"ix":6}},"ao":0,"shapes":[{"ty":"gr","it":[{"ind":0,"ty":"sh","ix":1,"ks":{"a":0,"k":{"i":[[-21.355,0],[0,-21.618],[21.355,0],[0,21.618]],"o":[[21.355,0],[0,21.618],[-21.355,0],[0,-21.618]],"v":[[224.111,-73.476],[262.778,-34.334],[224.111,4.809],[185.444,-34.334]],"c":true},"ix":2},"nm":"Path 1","mn":"ADBE Vector Shape - Group","hd":false},{"ty":"fl","c":{"a":0,"k":[0.647058844566,0.40000000596,0.266666680574,1],"ix":4},"o":{"a":0,"k":100,"ix":5},"r":1,"bm":0,"nm":"Fill 1","mn":"ADBE Vector Graphic - Fill","hd":false},{"ty":"tr","p":{"a":0,"k":[0,0],"ix":2},"a":{"a":0,"k":[0,0],"ix":1},"s":{"a":0,"k":[100,100],"ix":3},"r":{"a":0,"k":0,"ix":6},"o":{"a":0,"k":100,"ix":7},"sk":{"a":0,"k":0,"ix":4},"sa":{"a":0,"k":0,"ix":5},"nm":"Transform"}],"nm":"Oval-Copy-23","np":2,"cix":2,"bm":0,"ix":1,"mn":"ADBE Vector Group","hd":false}],"ip":0,"op":199,"st":0,"bm":0},{"ddd":0,"ind":19,"ty":4,"nm":"l eye","parent":20,"sr":1,"ks":{"o":{"a":0,"k":100,"ix":11},"r":{"a":0,"k":0,"ix":10},"p":{"a":0,"k":[71.667,-47.381,0],"ix":2},"a":{"a":0,"k":[71.667,-47.381,0],"ix":1},"s":{"a":0,"k":[100,100,100],"ix":6}},"ao":0,"shapes":[{"ty":"gr","it":[{"ind":0,"ty":"sh","ix":1,"ks":{"a":0,"k":{"i":[[-7.118,0],[0,0],[0,-7.118],[0,0],[7.118,0],[0,0],[0,7.118],[0,0]],"o":[[0,0],[7.118,0],[0,0],[0,7.118],[0,0],[-7.118,0],[0,0],[0,-7.118]],"v":[[71.667,-73.476],[71.667,-73.476],[84.555,-60.587],[84.555,-34.175],[71.667,-21.286],[71.667,-21.286],[58.778,-34.175],[58.778,-60.587]],"c":true},"ix":2},"nm":"Path 1","mn":"ADBE Vector Shape - Group","hd":false},{"ty":"fl","c":{"a":0,"k":[0.482352942228,0.282352954149,0.176470592618,1],"ix":4},"o":{"a":0,"k":100,"ix":5},"r":1,"bm":0,"nm":"Fill 1","mn":"ADBE Vector Graphic - Fill","hd":false},{"ty":"tr","p":{"a":0,"k":[0,0],"ix":2},"a":{"a":0,"k":[0,0],"ix":1},"s":{"a":0,"k":[100,100],"ix":3},"r":{"a":0,"k":0,"ix":6},"o":{"a":0,"k":100,"ix":7},"sk":{"a":0,"k":0,"ix":4},"sa":{"a":0,"k":0,"ix":5},"nm":"Transform"}],"nm":"Rectangle-Copy-133","np":2,"cix":2,"bm":0,"ix":1,"mn":"ADBE Vector Group","hd":false}],"ip":0,"op":199,"st":0,"bm":0},{"ddd":0,"ind":20,"ty":4,"nm":"r euye","parent":16,"sr":1,"ks":{"o":{"a":0,"k":100,"ix":11},"r":{"a":0,"k":0,"ix":10},"p":{"a":0,"k":[32.111,-35.381,0],"ix":2},"a":{"a":0,"k":[136.111,-47.381,0],"ix":1},"s":{"a":1,"k":[{"i":{"x":[0.667,0.478,0.667],"y":[1,1,1]},"o":{"x":[0.333,0.333,0.333],"y":[0,0,0]},"t":4,"s":[100,100,100]},{"i":{"x":[0.833,0.833,0.833],"y":[1,1,1]},"o":{"x":[0.16,0.16,0.16],"y":[0,0,0]},"t":7,"s":[100,0,100]},{"i":{"x":[0.667,0.667,0.667],"y":[1,1,1]},"o":{"x":[0.333,0.522,0.333],"y":[0,0,0]},"t":9,"s":[100,0,100]},{"i":{"x":[0.833,0.833,0.833],"y":[1,1,1]},"o":{"x":[0.157,0.157,0.157],"y":[0,0,0]},"t":12,"s":[100,100,100]},{"i":{"x":[0.667,0.478,0.667],"y":[1,1,1]},"o":{"x":[0.333,0.333,0.333],"y":[0,0,0]},"t":78,"s":[100,100,100]},{"i":{"x":[0.84,0.84,0.84],"y":[1,1,1]},"o":{"x":[0.167,0.167,0.167],"y":[0,0,0]},"t":81,"s":[100,0,100]},{"i":{"x":[0.667,0.667,0.667],"y":[1,1,1]},"o":{"x":[0.333,0.522,0.333],"y":[0,0,0]},"t":83,"s":[100,0,100]},{"t":86,"s":[100,100,100]}],"ix":6}},"ao":0,"shapes":[{"ty":"gr","it":[{"ind":0,"ty":"sh","ix":1,"ks":{"a":0,"k":{"i":[[-7.118,0],[0,0],[0,-7.118],[0,0],[7.118,0],[0,0],[0,7.118],[0,0]],"o":[[0,0],[7.118,0],[0,0],[0,7.118],[0,0],[-7.118,0],[0,0],[0,-7.118]],"v":[[136.111,-73.476],[136.111,-73.476],[149,-60.587],[149,-34.175],[136.111,-21.286],[136.111,-21.286],[123.222,-34.175],[123.222,-60.587]],"c":true},"ix":2},"nm":"Path 1","mn":"ADBE Vector Shape - Group","hd":false},{"ty":"fl","c":{"a":0,"k":[0.482352942228,0.282352954149,0.176470592618,1],"ix":4},"o":{"a":0,"k":100,"ix":5},"r":1,"bm":0,"nm":"Fill 1","mn":"ADBE Vector Graphic - Fill","hd":false},{"ty":"tr","p":{"a":0,"k":[0,0],"ix":2},"a":{"a":0,"k":[0,0],"ix":1},"s":{"a":0,"k":[100,100],"ix":3},"r":{"a":0,"k":0,"ix":6},"o":{"a":0,"k":100,"ix":7},"sk":{"a":0,"k":0,"ix":4},"sa":{"a":0,"k":0,"ix":5},"nm":"Transform"}],"nm":"Rectangle-Copy-132","np":2,"cix":2,"bm":0,"ix":1,"mn":"ADBE Vector Group","hd":false}],"ip":-16,"op":222,"st":-16,"bm":0},{"ddd":0,"ind":21,"ty":4,"nm":"blink 2","parent":16,"sr":1,"ks":{"o":{"a":1,"k":[{"i":{"x":[0.833],"y":[0.833]},"o":{"x":[0.167],"y":[0.167]},"t":0,"s":[0]},{"t":5,"s":[100],"h":1},{"t":11,"s":[0],"h":1},{"t":80,"s":[100],"h":1},{"t":84,"s":[0],"h":1}],"ix":11},"r":{"a":0,"k":180,"ix":10},"p":{"a":1,"k":[{"i":{"x":0.833,"y":0.833},"o":{"x":0.167,"y":0.167},"t":4,"s":[-31.763,-32.101,0],"to":[-0.024,-0.423,0],"ti":[0.057,1.011,0]},{"i":{"x":0.833,"y":0.833},"o":{"x":0.167,"y":0.167},"t":6,"s":[-31.914,-34.762,0],"to":[-0.033,-0.58,0],"ti":[0.014,0.243,0]},{"i":{"x":0.833,"y":0.833},"o":{"x":0.167,"y":0.167},"t":7,"s":[-31.99,-36.094,0],"to":[-0.024,-0.427,0],"ti":[-0.038,-0.666,0]},{"i":{"x":0.833,"y":0.833},"o":{"x":0.167,"y":0.167},"t":9,"s":[-31.99,-36.094,0],"to":[0.014,0.243,0],"ti":[-0.033,-0.58,0]},{"i":{"x":0.833,"y":0.833},"o":{"x":0.167,"y":0.167},"t":10,"s":[-31.914,-34.762,0],"to":[0.057,1.011,0],"ti":[-0.024,-0.423,0]},{"i":{"x":0.833,"y":0.833},"o":{"x":0.167,"y":0.167},"t":12,"s":[-31.763,-32.101,0],"to":[0.027,0.473,0],"ti":[0.038,0.666,0]},{"i":{"x":0.833,"y":0.833},"o":{"x":0.167,"y":0.167},"t":80,"s":[-31.763,-32.101,0],"to":[-0.024,-0.423,0],"ti":[0.057,1.011,0]},{"i":{"x":0.833,"y":0.833},"o":{"x":0.167,"y":0.167},"t":82,"s":[-31.914,-34.762,0],"to":[-0.033,-0.58,0],"ti":[0.014,0.243,0]},{"i":{"x":0.833,"y":0.833},"o":{"x":0.167,"y":0.167},"t":83,"s":[-31.99,-36.094,0],"to":[-0.038,-0.666,0],"ti":[-0.024,-0.427,0]},{"i":{"x":0.833,"y":0.833},"o":{"x":0.167,"y":0.167},"t":85,"s":[-31.99,-36.094,0],"to":[0.014,0.243,0],"ti":[-0.033,-0.58,0]},{"i":{"x":0.833,"y":0.833},"o":{"x":0.167,"y":0.167},"t":86,"s":[-31.914,-34.762,0],"to":[0.057,1.011,0],"ti":[-0.024,-0.423,0]},{"t":88,"s":[-31.763,-32.101,0]}],"ix":2},"a":{"a":0,"k":[111.375,-47.156,0],"ix":1},"s":{"a":0,"k":[100,100,100],"ix":6}},"ao":0,"shapes":[{"ty":"gr","it":[{"ind":0,"ty":"sh","ix":1,"ks":{"a":0,"k":{"i":[[-0.162,-11.641],[-0.625,16.5]],"o":[[0.25,18],[0.641,-16.929]],"v":[[98.25,-53.875],[124.5,-52.875]],"c":false},"ix":2},"nm":"Path 1","mn":"ADBE Vector Shape - Group","hd":false},{"ty":"st","c":{"a":0,"k":[0.482352972031,0.282352954149,0.176470592618,1],"ix":3},"o":{"a":0,"k":100,"ix":4},"w":{"a":0,"k":15,"ix":5},"lc":2,"lj":1,"ml":4,"bm":0,"nm":"Stroke 1","mn":"ADBE Vector Graphic - Stroke","hd":false},{"ty":"tr","p":{"a":0,"k":[0,0],"ix":2},"a":{"a":0,"k":[0,0],"ix":1},"s":{"a":0,"k":[100,100],"ix":3},"r":{"a":0,"k":0,"ix":6},"o":{"a":0,"k":100,"ix":7},"sk":{"a":0,"k":0,"ix":4},"sa":{"a":0,"k":0,"ix":5},"nm":"Transform"}],"nm":"Shape 1","np":3,"cix":2,"bm":0,"ix":1,"mn":"ADBE Vector Group","hd":false}],"ip":6,"op":89,"st":-16,"bm":0},{"ddd":0,"ind":22,"ty":4,"nm":"blink","parent":16,"sr":1,"ks":{"o":{"a":1,"k":[{"i":{"x":[0.833],"y":[0.833]},"o":{"x":[0.167],"y":[0.167]},"t":0,"s":[0]},{"t":5,"s":[100],"h":1},{"t":11,"s":[0],"h":1},{"t":80,"s":[100],"h":1},{"t":84,"s":[0],"h":1}],"ix":11},"r":{"a":0,"k":180,"ix":10},"p":{"a":1,"k":[{"i":{"x":0.833,"y":0.833},"o":{"x":0.167,"y":0.167},"t":4,"s":[32.237,-32.101,0],"to":[-0.038,-0.666,0],"ti":[0,0,0]},{"i":{"x":0.833,"y":0.833},"o":{"x":0.167,"y":0.167},"t":7,"s":[32.01,-36.094,0],"to":[0,0,0],"ti":[-0.038,-0.666,0]},{"i":{"x":0.833,"y":0.833},"o":{"x":0.167,"y":0.167},"t":9,"s":[32.01,-36.094,0],"to":[0.038,0.666,0],"ti":[-0.038,-0.666,0]},{"i":{"x":0.833,"y":0.833},"o":{"x":0.167,"y":0.167},"t":12,"s":[32.237,-32.101,0],"to":[0,0,0],"ti":[0,0,0]},{"i":{"x":0.833,"y":0.833},"o":{"x":0.167,"y":0.167},"t":80,"s":[32.237,-32.101,0],"to":[-0.038,-0.666,0],"ti":[0.038,0.666,0]},{"i":{"x":0.833,"y":0.833},"o":{"x":0.167,"y":0.167},"t":83,"s":[32.01,-36.094,0],"to":[0,0,0],"ti":[0,0,0]},{"i":{"x":0.833,"y":0.833},"o":{"x":0.167,"y":0.167},"t":85,"s":[32.01,-36.094,0],"to":[0,0,0],"ti":[-0.038,-0.666,0]},{"t":88,"s":[32.237,-32.101,0]}],"ix":2},"a":{"a":0,"k":[111.375,-47.156,0],"ix":1},"s":{"a":0,"k":[100,100,100],"ix":6}},"ao":0,"shapes":[{"ty":"gr","it":[{"ind":0,"ty":"sh","ix":1,"ks":{"a":0,"k":{"i":[[-0.162,-11.641],[-0.625,16.5]],"o":[[0.25,18],[0.641,-16.929]],"v":[[98.25,-53.875],[124.5,-52.875]],"c":false},"ix":2},"nm":"Path 1","mn":"ADBE Vector Shape - Group","hd":false},{"ty":"st","c":{"a":0,"k":[0.482352972031,0.282352954149,0.176470592618,1],"ix":3},"o":{"a":0,"k":100,"ix":4},"w":{"a":0,"k":15,"ix":5},"lc":2,"lj":1,"ml":4,"bm":0,"nm":"Stroke 1","mn":"ADBE Vector Graphic - Stroke","hd":false},{"ty":"tr","p":{"a":0,"k":[0,0],"ix":2},"a":{"a":0,"k":[0,0],"ix":1},"s":{"a":0,"k":[100,100],"ix":3},"r":{"a":0,"k":0,"ix":6},"o":{"a":0,"k":100,"ix":7},"sk":{"a":0,"k":0,"ix":4},"sa":{"a":0,"k":0,"ix":5},"nm":"Transform"}],"nm":"Shape 1","np":3,"cix":2,"bm":0,"ix":1,"mn":"ADBE Vector Group","hd":false}],"ip":6,"op":89,"st":-16,"bm":0},{"ddd":0,"ind":23,"ty":4,"nm":"SMILE","parent":16,"sr":1,"ks":{"o":{"a":0,"k":100,"ix":11},"r":{"a":0,"k":0,"ix":10},"p":{"a":0,"k":[-0.111,41.786,0],"ix":2},"a":{"a":0,"k":[103.889,29.786,0],"ix":1},"s":{"a":0,"k":[100,100,100],"ix":6}},"ao":0,"shapes":[{"ty":"gr","it":[{"ind":0,"ty":"sh","ix":1,"ks":{"a":0,"k":{"i":[[3.579,0],[0,0],[0,-3.579],[0,0],[-27.266,0],[0,27.266],[0,0]],"o":[[0,0],[-3.579,0],[0,0],[0,27.266],[27.266,0],[0,0],[0,-3.579]],"v":[[146.778,-1.671],[61,-1.671],[54.52,4.809],[54.52,11.873],[103.889,61.242],[153.258,11.873],[153.258,4.809]],"c":true},"ix":2},"nm":"Path 1","mn":"ADBE Vector Shape - Group","hd":false},{"ty":"fl","c":{"a":0,"k":[1,1,1,1],"ix":4},"o":{"a":0,"k":100,"ix":5},"r":1,"bm":0,"nm":"Fill 1","mn":"ADBE Vector Graphic - Fill","hd":false},{"ty":"tr","p":{"a":0,"k":[0,0],"ix":2},"a":{"a":0,"k":[0,0],"ix":1},"s":{"a":0,"k":[100,100],"ix":3},"r":{"a":0,"k":0,"ix":6},"o":{"a":0,"k":100,"ix":7},"sk":{"a":0,"k":0,"ix":4},"sa":{"a":0,"k":0,"ix":5},"nm":"Transform"}],"nm":"Group 1","np":2,"cix":2,"bm":0,"ix":1,"mn":"ADBE Vector Group","hd":false}],"ip":0,"op":199,"st":0,"bm":0},{"ddd":0,"ind":24,"ty":4,"nm":"Layer 2","parent":15,"sr":1,"ks":{"o":{"a":0,"k":100,"ix":11},"r":{"a":1,"k":[{"i":{"x":[0.352],"y":[0.989]},"o":{"x":[0.598],"y":[0]},"t":0,"s":[0]},{"i":{"x":[0.667],"y":[1]},"o":{"x":[0.296],"y":[0]},"t":20,"s":[6.63]},{"i":{"x":[0.402],"y":[1]},"o":{"x":[0.648],"y":[0.011]},"t":70,"s":[6.63]},{"t":90,"s":[0]}],"ix":10},"p":{"a":0,"k":[66.591,-172.48,0],"ix":2},"a":{"a":0,"k":[170.591,-184.48,0],"ix":1},"s":{"a":0,"k":[100,100,100],"ix":6}},"ao":0,"shapes":[{"ty":"gr","it":[{"ind":0,"ty":"sh","ix":1,"ks":{"a":0,"k":{"i":[[3.579,0],[0,0],[0,-3.579],[0,0],[-3.579,0],[0,0],[0,53.284]],"o":[[0,0],[-3.579,0],[0,0],[0,3.579],[0,0],[53.284,0],[0,-3.579]],"v":[[164.111,-184.48],[-25.889,-184.48],[-32.369,-178],[-32.369,-88],[-25.889,-81.52],[74.111,-81.52],[170.591,-178]],"c":true},"ix":2},"nm":"Path 1","mn":"ADBE Vector Shape - Group","hd":false},{"ty":"fl","c":{"a":0,"k":[0.211764708161,0.211764708161,0.211764708161,1],"ix":4},"o":{"a":0,"k":100,"ix":5},"r":1,"bm":0,"nm":"Fill 1","mn":"ADBE Vector Graphic - Fill","hd":false},{"ty":"tr","p":{"a":0,"k":[0,0],"ix":2},"a":{"a":0,"k":[0,0],"ix":1},"s":{"a":0,"k":[100,100],"ix":3},"r":{"a":0,"k":0,"ix":6},"o":{"a":0,"k":100,"ix":7},"sk":{"a":0,"k":0,"ix":4},"sa":{"a":0,"k":0,"ix":5},"nm":"Transform"}],"nm":"Group 1","np":2,"cix":2,"bm":0,"ix":1,"mn":"ADBE Vector Group","hd":false}],"ip":0,"op":199,"st":0,"bm":0},{"ddd":0,"ind":25,"ty":4,"nm":"Layer 1","parent":15,"sr":1,"ks":{"o":{"a":0,"k":100,"ix":11},"r":{"a":0,"k":0,"ix":10},"p":{"a":0,"k":[-0.111,-5.404,0],"ix":2},"a":{"a":0,"k":[103.889,-17.404,0],"ix":1},"s":{"a":0,"k":[100,100,100],"ix":6}},"ao":0,"shapes":[{"ty":"gr","it":[{"ind":0,"ty":"sh","ix":1,"ks":{"a":0,"k":{"i":[[-60.506,0],[0,-60.506],[0,0],[60.506,0],[0,60.506],[0,0]],"o":[[60.506,0],[0,0],[0,60.506],[-60.506,0],[0,0],[0,-60.506]],"v":[[103.889,-154.809],[213.444,-45.253],[213.444,10.444],[103.889,120],[-5.667,10.444],[-5.667,-45.253]],"c":true},"ix":2},"nm":"Path 1","mn":"ADBE Vector Shape - Group","hd":false},{"ty":"fl","c":{"a":0,"k":[0.647058844566,0.40000000596,0.266666680574,1],"ix":4},"o":{"a":0,"k":100,"ix":5},"r":1,"bm":0,"nm":"Fill 1","mn":"ADBE Vector Graphic - Fill","hd":false},{"ty":"tr","p":{"a":0,"k":[0,0],"ix":2},"a":{"a":0,"k":[0,0],"ix":1},"s":{"a":0,"k":[100,100],"ix":3},"r":{"a":0,"k":0,"ix":6},"o":{"a":0,"k":100,"ix":7},"sk":{"a":0,"k":0,"ix":4},"sa":{"a":0,"k":0,"ix":5},"nm":"Transform"}],"nm":"Group 1","np":2,"cix":2,"bm":0,"ix":1,"mn":"ADBE Vector Group","hd":false}],"ip":0,"op":199,"st":0,"bm":0},{"ddd":0,"ind":26,"ty":4,"nm":"Rectangle-Copy-130","parent":15,"sr":1,"ks":{"o":{"a":0,"k":100,"ix":11},"r":{"a":0,"k":0,"ix":10},"p":{"a":0,"k":[-0.103,-12.143,0],"ix":2},"a":{"a":0,"k":[103.897,-24.143,0],"ix":1},"s":{"a":0,"k":[100,100,100],"ix":6}},"ao":0,"shapes":[{"ty":"gr","it":[{"ind":0,"ty":"sh","ix":1,"ks":{"a":0,"k":{"i":[[-60.279,0],[-14.94,-58.398],[0,0],[37.454,-9.581],[5.852,0],[0,0],[0,38.66],[-1.45,5.669],[0,0]],"o":[[60.279,0],[0,0],[9.581,37.454],[-5.669,1.45],[0,0],[-38.66,0],[0,-5.851],[0,0],[14.94,-58.398]],"v":[[103.889,-200.047],[231.723,-100.798],[273.988,64.413],[223.52,149.577],[206.171,151.761],[1.606,151.761],[-68.394,81.761],[-66.21,64.413],[-23.946,-100.798]],"c":true},"ix":2},"nm":"Path 1","mn":"ADBE Vector Shape - Group","hd":false},{"ty":"fl","c":{"a":0,"k":[0.211764708161,0.211764708161,0.211764708161,1],"ix":4},"o":{"a":0,"k":100,"ix":5},"r":1,"bm":0,"nm":"Fill 1","mn":"ADBE Vector Graphic - Fill","hd":false},{"ty":"tr","p":{"a":0,"k":[0,0],"ix":2},"a":{"a":0,"k":[0,0],"ix":1},"s":{"a":0,"k":[100,100],"ix":3},"r":{"a":0,"k":0,"ix":6},"o":{"a":0,"k":100,"ix":7},"sk":{"a":0,"k":0,"ix":4},"sa":{"a":0,"k":0,"ix":5},"nm":"Transform"}],"nm":"Rectangle-Copy-130","np":2,"cix":2,"bm":0,"ix":1,"mn":"ADBE Vector Group","hd":false}],"ip":0,"op":199,"st":0,"bm":0},{"ddd":0,"ind":29,"ty":4,"nm":"Shield-Copy-15","sr":1,"ks":{"o":{"a":0,"k":100,"ix":11},"r":{"a":0,"k":0,"ix":10},"p":{"a":0,"k":[365,430,0],"ix":2},"a":{"a":0,"k":[0,-20,0],"ix":1},"s":{"a":0,"k":[100,100,100],"ix":6}},"ao":0,"shapes":[{"ty":"gr","it":[{"ind":0,"ty":"sh","ix":1,"ks":{"a":0,"k":{"i":[[-77.32,0],[0,0],[0,-77.32],[0,0],[77.32,0],[0,0],[0,77.32],[0,0]],"o":[[0,0],[77.32,0],[0,0],[0,77.32],[0,0],[-77.32,0],[0,0],[0,-77.32]],"v":[[-225,-450],[225,-450],[365,-310],[365,270],[225,410],[-225,410],[-365,270],[-365,-310]],"c":true},"ix":2},"nm":"Path 1","mn":"ADBE Vector Shape - Group","hd":false},{"ty":"fl","c":{"a":0,"k":[0.807843148708,0.509803950787,1,1],"ix":4},"o":{"a":0,"k":100,"ix":5},"r":1,"bm":0,"nm":"Fill 1","mn":"ADBE Vector Graphic - Fill","hd":false},{"ty":"tr","p":{"a":0,"k":[0,0],"ix":2},"a":{"a":0,"k":[0,0],"ix":1},"s":{"a":0,"k":[100,100],"ix":3},"r":{"a":0,"k":0,"ix":6},"o":{"a":0,"k":100,"ix":7},"sk":{"a":0,"k":0,"ix":4},"sa":{"a":0,"k":0,"ix":5},"nm":"Transform"}],"nm":"Shield-Copy-14","np":2,"cix":2,"bm":0,"ix":1,"mn":"ADBE Vector Group","hd":false}],"ip":0,"op":199,"st":0,"bm":0},{"ddd":0,"ind":30,"ty":4,"nm":"Shield-Copy-13","sr":1,"ks":{"o":{"a":0,"k":100,"ix":11},"r":{"a":0,"k":0,"ix":10},"p":{"a":0,"k":[365,450,0],"ix":2},"a":{"a":0,"k":[0,0,0],"ix":1},"s":{"a":0,"k":[100,100,100],"ix":6}},"ao":0,"shapes":[{"ty":"gr","it":[{"ind":0,"ty":"sh","ix":1,"ks":{"a":0,"k":{"i":[[-77.32,0],[0,0],[0,-77.32],[0,0],[77.32,0],[0,0],[0,77.32],[0,0]],"o":[[0,0],[77.32,0],[0,0],[0,77.32],[0,0],[-77.32,0],[0,0],[0,-77.32]],"v":[[-225,-450],[225,-450],[365,-310],[365,310],[225,450],[-225,450],[-365,310],[-365,-310]],"c":true},"ix":2},"nm":"Path 1","mn":"ADBE Vector Shape - Group","hd":false},{"ty":"fl","c":{"a":0,"k":[0.674509823322,0.407843142748,0.843137264252,1],"ix":4},"o":{"a":0,"k":100,"ix":5},"r":1,"bm":0,"nm":"Fill 1","mn":"ADBE Vector Graphic - Fill","hd":false},{"ty":"tr","p":{"a":0,"k":[0,0],"ix":2},"a":{"a":0,"k":[0,0],"ix":1},"s":{"a":0,"k":[100,100],"ix":3},"r":{"a":0,"k":0,"ix":6},"o":{"a":0,"k":100,"ix":7},"sk":{"a":0,"k":0,"ix":4},"sa":{"a":0,"k":0,"ix":5},"nm":"Transform"}],"nm":"Shield-Copy-13","np":2,"cix":2,"bm":0,"ix":1,"mn":"ADBE Vector Group","hd":false}],"ip":0,"op":199,"st":0,"bm":0}],"markers":[{"tm":-9,"cm":"1","dr":0},{"tm":11,"cm":"","dr":0},{"tm":241,"cm":"2","dr":0}]}
