{"v":"5.5.1","fr":60,"ip":0,"op":144,"w":730,"h":900,"nm":"09_Legendary","ddd":0,"assets":[],"layers":[{"ddd":0,"ind":1,"ty":3,"nm":"scale 2","sr":1,"ks":{"o":{"a":0,"k":0,"ix":11},"r":{"a":0,"k":0,"ix":10},"p":{"a":0,"k":[365,344,0],"ix":2},"a":{"a":0,"k":[0,0,0],"ix":1},"s":{"a":1,"k":[{"i":{"x":[0.474,0.474,0.667],"y":[1,1,1]},"o":{"x":[0.333,0.333,0.333],"y":[0,0,0]},"t":5.959,"s":[100,100,100]},{"i":{"x":[0.52,0.52,0.667],"y":[0.862,0.862,1]},"o":{"x":[0.551,0.551,0.333],"y":[0,0,0]},"t":17.959,"s":[95,95,100]},{"i":{"x":[0.663,0.663,0.667],"y":[0.995,0.995,1.247]},"o":{"x":[0.318,0.318,0.333],"y":[0.635,0.635,0]},"t":25.959,"s":[107,107,100]},{"i":{"x":[0.696,0.696,0.667],"y":[0.307,0.307,1]},"o":{"x":[0.352,0.352,0.333],"y":[-0.005,-0.005,-0.223]},"t":37,"s":[108.952,108.952,100]},{"i":{"x":[0.474,0.474,0.667],"y":[1,1,1]},"o":{"x":[0.305,0.305,0.333],"y":[0.21,0.21,0]},"t":46.959,"s":[107,107,100]},{"i":{"x":[0.667,0.667,0.667],"y":[1,1,1]},"o":{"x":[0.551,0.551,0.333],"y":[0,0,0]},"t":55.74,"s":[98.522,98.522,100]},{"t":73.740234375,"s":[100,100,100]}],"ix":6}},"ao":0,"ip":0,"op":178,"st":0,"bm":0},{"ddd":0,"ind":2,"ty":4,"nm":"Layer 4","parent":1,"td":1,"sr":1,"ks":{"o":{"a":0,"k":100,"ix":11},"r":{"a":0,"k":0,"ix":10},"p":{"a":0,"k":[-27.601,28.766,0],"ix":2},"a":{"a":0,"k":[-27.601,-77.234,0],"ix":1},"s":{"a":0,"k":[100,100,100],"ix":6}},"ao":0,"shapes":[{"ty":"gr","it":[{"ind":0,"ty":"sh","ix":1,"ks":{"a":0,"k":{"i":[[0,0],[-4.686,-4.686],[4.686,-4.686],[0,0],[4.686,4.686],[-4.686,4.686]],"o":[[4.686,-4.686],[4.686,4.686],[0,0],[-4.686,4.686],[-4.686,-4.686],[0,0]],"v":[[39.794,-161.599],[56.765,-161.599],[56.765,-144.629],[-94.995,7.132],[-111.966,7.132],[-111.966,-9.839]],"c":true},"ix":2},"nm":"Path 1","mn":"ADBE Vector Shape - Group","hd":false},{"ty":"fl","c":{"a":0,"k":[0.298039227724,0.68235296011,0.698039233685,1],"ix":4},"o":{"a":0,"k":100,"ix":5},"r":1,"bm":0,"nm":"Fill 1","mn":"ADBE Vector Graphic - Fill","hd":false},{"ty":"tr","p":{"a":0,"k":[0,0],"ix":2},"a":{"a":0,"k":[0,0],"ix":1},"s":{"a":0,"k":[100,100],"ix":3},"r":{"a":0,"k":0,"ix":6},"o":{"a":0,"k":100,"ix":7},"sk":{"a":0,"k":0,"ix":4},"sa":{"a":0,"k":0,"ix":5},"nm":"Transform"}],"nm":"Group 1","np":2,"cix":2,"bm":0,"ix":1,"mn":"ADBE Vector Group","hd":false}],"ip":0,"op":151,"st":0,"bm":0},{"ddd":0,"ind":3,"ty":4,"nm":"USE THIS SHINE 5","tt":1,"sr":1,"ks":{"o":{"a":0,"k":54,"ix":11},"r":{"a":0,"k":40,"ix":10},"p":{"s":true,"x":{"a":1,"k":[{"i":{"x":[0.792],"y":[0.148]},"o":{"x":[0.963],"y":[0]},"t":-19,"s":[-85.14]},{"i":{"x":[0.334],"y":[1]},"o":{"x":[0.225],"y":[0.176]},"t":31,"s":[96.519]},{"t":68,"s":[803.78]}],"ix":3},"y":{"a":0,"k":305.16,"ix":4}},"a":{"a":0,"k":[0,0,0],"ix":1},"s":{"a":0,"k":[142,196.078,100],"ix":6}},"ao":0,"shapes":[{"ty":"rc","d":1,"s":{"a":1,"k":[{"i":{"x":[0.667,0.667],"y":[1,1]},"o":{"x":[0.743,0.333],"y":[0,0]},"t":-19,"s":[56,500]},{"i":{"x":[0,0.667],"y":[1,1]},"o":{"x":[0.333,0.333],"y":[0,0]},"t":31,"s":[175,500]},{"t":68,"s":[56,500]}],"ix":2},"p":{"a":0,"k":[0,0],"ix":3},"r":{"a":0,"k":0,"ix":4},"nm":"Rectangle Path 1","mn":"ADBE Vector Shape - Rect","hd":false},{"ty":"fl","c":{"a":0,"k":[1,1,1,1],"ix":4},"o":{"a":0,"k":100,"ix":5},"r":1,"bm":0,"nm":"Fill 1","mn":"ADBE Vector Graphic - Fill","hd":false}],"ip":4,"op":182,"st":-125,"bm":0},{"ddd":0,"ind":4,"ty":4,"nm":"Layer 2","parent":1,"sr":1,"ks":{"o":{"a":0,"k":100,"ix":11},"r":{"a":0,"k":0,"ix":10},"p":{"a":0,"k":[-27.601,28.766,0],"ix":2},"a":{"a":0,"k":[-27.601,-77.234,0],"ix":1},"s":{"a":0,"k":[100,100,100],"ix":6}},"ao":0,"shapes":[{"ty":"gr","it":[{"ind":0,"ty":"sh","ix":1,"ks":{"a":0,"k":{"i":[[0,0],[-4.686,-4.686],[4.686,-4.686],[0,0],[4.686,4.686],[-4.686,4.686]],"o":[[4.686,-4.686],[4.686,4.686],[0,0],[-4.686,4.686],[-4.686,-4.686],[0,0]],"v":[[39.794,-161.599],[56.765,-161.599],[56.765,-144.629],[-94.995,7.132],[-111.966,7.132],[-111.966,-9.839]],"c":true},"ix":2},"nm":"Path 1","mn":"ADBE Vector Shape - Group","hd":false},{"ty":"fl","c":{"a":0,"k":[0.298039227724,0.68235296011,0.698039233685,1],"ix":4},"o":{"a":0,"k":100,"ix":5},"r":1,"bm":0,"nm":"Fill 1","mn":"ADBE Vector Graphic - Fill","hd":false},{"ty":"tr","p":{"a":0,"k":[0,0],"ix":2},"a":{"a":0,"k":[0,0],"ix":1},"s":{"a":0,"k":[100,100],"ix":3},"r":{"a":0,"k":0,"ix":6},"o":{"a":0,"k":100,"ix":7},"sk":{"a":0,"k":0,"ix":4},"sa":{"a":0,"k":0,"ix":5},"nm":"Transform"}],"nm":"Group 1","np":2,"cix":2,"bm":0,"ix":1,"mn":"ADBE Vector Group","hd":false}],"ip":0,"op":151,"st":0,"bm":0},{"ddd":0,"ind":5,"ty":4,"nm":"Path 2","parent":1,"td":1,"sr":1,"ks":{"o":{"a":0,"k":100,"ix":11},"r":{"a":0,"k":0,"ix":10},"p":{"a":0,"k":[13.454,-13.513,0],"ix":2},"a":{"a":0,"k":[13.454,-119.513,0],"ix":1},"s":{"a":0,"k":[100,100,100],"ix":6}},"ao":0,"shapes":[{"ty":"gr","it":[{"ind":0,"ty":"sh","ix":1,"ks":{"a":0,"k":{"i":[[-2.248,2.248],[0,0],[-24.606,-24.606],[23.866,-23.866],[0,0],[3.178,0.075],[0,0],[0.457,-0.457],[-0.971,-0.971],[0,0],[2.27,-2.27],[0,0],[8.524,1.748],[0,0],[0,0],[-6.024,6.024],[0,0],[-2.27,-2.27],[0,0],[-0.942,0.942],[0.016,0.657],[0,0]],"o":[[0,0],[23.866,-23.866],[24.606,24.606],[0,0],[-2.248,2.248],[0,0],[-0.657,-0.015],[-0.942,0.942],[0,0],[2.27,2.27],[0,0],[-6.024,6.024],[0,0],[0,0],[-1.748,-8.524],[0,0],[2.27,-2.27],[0,0],[0.971,0.971],[0.457,-0.457],[0,0],[-0.075,-3.178]],"v":[[-8.764,-186.401],[17.379,-212.543],[105.146,-211.205],[106.484,-123.438],[40.422,-57.376],[31.926,-53.974],[-1.637,-54.765],[-3.378,-54.074],[-3.326,-50.61],[11.054,-36.23],[11.054,-28.008],[-0.612,-16.343],[-23.867,-9.507],[-84.183,-21.876],[-96.553,-82.192],[-89.717,-105.448],[-38.066,-157.098],[-29.844,-157.098],[-15.534,-142.787],[-12.069,-142.735],[-11.378,-144.476],[-12.166,-177.905]],"c":true},"ix":2},"nm":"Path 1","mn":"ADBE Vector Shape - Group","hd":false},{"ty":"fl","c":{"a":0,"k":[0.423529416323,0.768627464771,0.784313738346,1],"ix":4},"o":{"a":0,"k":100,"ix":5},"r":1,"bm":0,"nm":"Fill 1","mn":"ADBE Vector Graphic - Fill","hd":false},{"ty":"tr","p":{"a":0,"k":[0,0],"ix":2},"a":{"a":0,"k":[0,0],"ix":1},"s":{"a":0,"k":[100,100],"ix":3},"r":{"a":0,"k":0,"ix":6},"o":{"a":0,"k":100,"ix":7},"sk":{"a":0,"k":0,"ix":4},"sa":{"a":0,"k":0,"ix":5},"nm":"Transform"}],"nm":"Path","np":2,"cix":2,"bm":0,"ix":1,"mn":"ADBE Vector Group","hd":false}],"ip":0,"op":151,"st":0,"bm":0},{"ddd":0,"ind":6,"ty":4,"nm":"USE THIS SHINE 6","tt":1,"sr":1,"ks":{"o":{"a":0,"k":71,"ix":11},"r":{"a":0,"k":40,"ix":10},"p":{"s":true,"x":{"a":1,"k":[{"i":{"x":[0.792],"y":[0.148]},"o":{"x":[0.963],"y":[0]},"t":-20,"s":[-85.14]},{"i":{"x":[0.334],"y":[1]},"o":{"x":[0.225],"y":[0.176]},"t":30,"s":[96.519]},{"t":67,"s":[803.78]}],"ix":3},"y":{"a":0,"k":305.16,"ix":4}},"a":{"a":0,"k":[0,0,0],"ix":1},"s":{"a":0,"k":[142,196.078,100],"ix":6}},"ao":0,"shapes":[{"ty":"rc","d":1,"s":{"a":1,"k":[{"i":{"x":[0.667,0.667],"y":[1,1]},"o":{"x":[0.743,0.333],"y":[0,0]},"t":-20,"s":[56,500]},{"i":{"x":[0,0.667],"y":[1,1]},"o":{"x":[0.333,0.333],"y":[0,0]},"t":30,"s":[175,500]},{"t":67,"s":[56,500]}],"ix":2},"p":{"a":0,"k":[0,0],"ix":3},"r":{"a":0,"k":0,"ix":4},"nm":"Rectangle Path 1","mn":"ADBE Vector Shape - Rect","hd":false},{"ty":"fl","c":{"a":0,"k":[1,1,1,1],"ix":4},"o":{"a":0,"k":100,"ix":5},"r":1,"bm":0,"nm":"Fill 1","mn":"ADBE Vector Graphic - Fill","hd":false}],"ip":3,"op":181,"st":-126,"bm":0},{"ddd":0,"ind":7,"ty":4,"nm":"Path","parent":1,"sr":1,"ks":{"o":{"a":0,"k":100,"ix":11},"r":{"a":0,"k":0,"ix":10},"p":{"a":0,"k":[13.454,-13.513,0],"ix":2},"a":{"a":0,"k":[13.454,-119.513,0],"ix":1},"s":{"a":0,"k":[100,100,100],"ix":6}},"ao":0,"shapes":[{"ty":"gr","it":[{"ind":0,"ty":"sh","ix":1,"ks":{"a":0,"k":{"i":[[-2.248,2.248],[0,0],[-24.606,-24.606],[23.866,-23.866],[0,0],[3.178,0.075],[0,0],[0.457,-0.457],[-0.971,-0.971],[0,0],[2.27,-2.27],[0,0],[8.524,1.748],[0,0],[0,0],[-6.024,6.024],[0,0],[-2.27,-2.27],[0,0],[-0.942,0.942],[0.016,0.657],[0,0]],"o":[[0,0],[23.866,-23.866],[24.606,24.606],[0,0],[-2.248,2.248],[0,0],[-0.657,-0.015],[-0.942,0.942],[0,0],[2.27,2.27],[0,0],[-6.024,6.024],[0,0],[0,0],[-1.748,-8.524],[0,0],[2.27,-2.27],[0,0],[0.971,0.971],[0.457,-0.457],[0,0],[-0.075,-3.178]],"v":[[-8.764,-186.401],[17.379,-212.543],[105.146,-211.205],[106.484,-123.438],[40.422,-57.376],[31.926,-53.974],[-1.637,-54.765],[-3.378,-54.074],[-3.326,-50.61],[11.054,-36.23],[11.054,-28.008],[-0.612,-16.343],[-23.867,-9.507],[-84.183,-21.876],[-96.553,-82.192],[-89.717,-105.448],[-38.066,-157.098],[-29.844,-157.098],[-15.534,-142.787],[-12.069,-142.735],[-11.378,-144.476],[-12.166,-177.905]],"c":true},"ix":2},"nm":"Path 1","mn":"ADBE Vector Shape - Group","hd":false},{"ty":"fl","c":{"a":0,"k":[0.423529416323,0.768627464771,0.784313738346,1],"ix":4},"o":{"a":0,"k":100,"ix":5},"r":1,"bm":0,"nm":"Fill 1","mn":"ADBE Vector Graphic - Fill","hd":false},{"ty":"tr","p":{"a":0,"k":[0,0],"ix":2},"a":{"a":0,"k":[0,0],"ix":1},"s":{"a":0,"k":[100,100],"ix":3},"r":{"a":0,"k":0,"ix":6},"o":{"a":0,"k":100,"ix":7},"sk":{"a":0,"k":0,"ix":4},"sa":{"a":0,"k":0,"ix":5},"nm":"Transform"}],"nm":"Path","np":2,"cix":2,"bm":0,"ix":1,"mn":"ADBE Vector Group","hd":false}],"ip":0,"op":151,"st":0,"bm":0},{"ddd":0,"ind":8,"ty":4,"nm":"Layer 3","parent":1,"td":1,"sr":1,"ks":{"o":{"a":0,"k":100,"ix":11},"r":{"a":0,"k":0,"ix":10},"p":{"a":0,"k":[0,24.156,0],"ix":2},"a":{"a":0,"k":[0,-81.844,0],"ix":1},"s":{"a":0,"k":[100,100,100],"ix":6}},"ao":0,"shapes":[{"ty":"gr","it":[{"ind":0,"ty":"sh","ix":1,"ks":{"a":0,"k":{"i":[[0,0],[0,0],[0,0],[0,0],[0,0],[0,0],[0,0]],"o":[[0,0],[0,0],[0,0],[0,0],[0,0],[0,0],[0,0]],"v":[[99.948,-272.5],[185.296,-162.762],[142.482,25.462],[4.337,108.182],[-142.571,25.069],[-185.296,-162.762],[-99.948,-272.5]],"c":true},"ix":2},"nm":"Path 1","mn":"ADBE Vector Shape - Group","hd":false},{"ind":1,"ty":"sh","ix":2,"ks":{"a":0,"k":{"i":[[15.736,0],[0,0],[9.661,-12.421],[0,0],[-3.391,-14.906],[0,0],[-12.493,-7.068],[0,0],[-15.742,9.426],[0,0],[-3.087,13.57],[0,0],[9.385,12.067],[0,0]],"o":[[0,0],[-15.736,0],[0,0],[-9.385,12.067],[0,0],[3.184,13.997],[0,0],[15.97,9.035],[0,0],[11.94,-7.149],[0,0],[3.391,-14.906],[0,0],[-9.661,-12.421]],"v":[[101.909,-327.5],[-101.909,-327.5],[-142.16,-307.813],[-229.877,-195.029],[-239.347,-152.414],[-195.809,38.995],[-171.196,72.067],[-20.714,157.201],[30.59,156.568],[172.207,71.77],[195.732,39.331],[239.347,-152.414],[229.877,-195.029],[142.16,-307.813]],"c":true},"ix":2},"nm":"Path 2","mn":"ADBE Vector Shape - Group","hd":false},{"ty":"fl","c":{"a":0,"k":[0.686274528503,0.976470589638,0.976470589638,1],"ix":4},"o":{"a":0,"k":100,"ix":5},"r":1,"bm":0,"nm":"Fill 1","mn":"ADBE Vector Graphic - Fill","hd":false},{"ty":"tr","p":{"a":0,"k":[0,0],"ix":2},"a":{"a":0,"k":[0,0],"ix":1},"s":{"a":0,"k":[100,100],"ix":3},"r":{"a":0,"k":0,"ix":6},"o":{"a":0,"k":100,"ix":7},"sk":{"a":0,"k":0,"ix":4},"sa":{"a":0,"k":0,"ix":5},"nm":"Transform"}],"nm":"Group 1","np":3,"cix":2,"bm":0,"ix":1,"mn":"ADBE Vector Group","hd":false}],"ip":0,"op":151,"st":0,"bm":0},{"ddd":0,"ind":9,"ty":4,"nm":"USE THIS SHINE 4","tt":1,"sr":1,"ks":{"o":{"a":0,"k":71,"ix":11},"r":{"a":0,"k":40,"ix":10},"p":{"s":true,"x":{"a":1,"k":[{"i":{"x":[0.792],"y":[0.148]},"o":{"x":[0.963],"y":[0]},"t":-28,"s":[-85.14]},{"i":{"x":[0.334],"y":[1]},"o":{"x":[0.225],"y":[0.176]},"t":22,"s":[96.519]},{"t":59,"s":[803.78]}],"ix":3},"y":{"a":0,"k":305.16,"ix":4}},"a":{"a":0,"k":[0,0,0],"ix":1},"s":{"a":0,"k":[142,196.078,100],"ix":6}},"ao":0,"shapes":[{"ty":"rc","d":1,"s":{"a":1,"k":[{"i":{"x":[0.667,0.667],"y":[1,1]},"o":{"x":[0.743,0.333],"y":[0,0]},"t":-28,"s":[56,500]},{"i":{"x":[0,0.667],"y":[1,1]},"o":{"x":[0.333,0.333],"y":[0,0]},"t":22,"s":[175,500]},{"t":59,"s":[56,500]}],"ix":2},"p":{"a":0,"k":[0,0],"ix":3},"r":{"a":0,"k":0,"ix":4},"nm":"Rectangle Path 1","mn":"ADBE Vector Shape - Rect","hd":false},{"ty":"fl","c":{"a":0,"k":[1,1,1,1],"ix":4},"o":{"a":0,"k":100,"ix":5},"r":1,"bm":0,"nm":"Fill 1","mn":"ADBE Vector Graphic - Fill","hd":false}],"ip":-5,"op":173,"st":-134,"bm":0},{"ddd":0,"ind":10,"ty":4,"nm":"Layer 1","parent":1,"sr":1,"ks":{"o":{"a":0,"k":100,"ix":11},"r":{"a":0,"k":0,"ix":10},"p":{"a":0,"k":[0,24.156,0],"ix":2},"a":{"a":0,"k":[0,-81.844,0],"ix":1},"s":{"a":0,"k":[100,100,100],"ix":6}},"ao":0,"shapes":[{"ty":"gr","it":[{"ind":0,"ty":"sh","ix":1,"ks":{"a":0,"k":{"i":[[0,0],[0,0],[0,0],[0,0],[0,0],[0,0],[0,0]],"o":[[0,0],[0,0],[0,0],[0,0],[0,0],[0,0],[0,0]],"v":[[99.948,-272.5],[185.296,-162.762],[142.482,25.462],[4.337,108.182],[-142.571,25.069],[-185.296,-162.762],[-99.948,-272.5]],"c":true},"ix":2},"nm":"Path 1","mn":"ADBE Vector Shape - Group","hd":false},{"ind":1,"ty":"sh","ix":2,"ks":{"a":0,"k":{"i":[[15.736,0],[0,0],[9.661,-12.421],[0,0],[-3.391,-14.906],[0,0],[-12.493,-7.068],[0,0],[-15.742,9.426],[0,0],[-3.087,13.57],[0,0],[9.385,12.067],[0,0]],"o":[[0,0],[-15.736,0],[0,0],[-9.385,12.067],[0,0],[3.184,13.997],[0,0],[15.97,9.035],[0,0],[11.94,-7.149],[0,0],[3.391,-14.906],[0,0],[-9.661,-12.421]],"v":[[101.909,-327.5],[-101.909,-327.5],[-142.16,-307.813],[-229.877,-195.029],[-239.347,-152.414],[-195.809,38.995],[-171.196,72.067],[-20.714,157.201],[30.59,156.568],[172.207,71.77],[195.732,39.331],[239.347,-152.414],[229.877,-195.029],[142.16,-307.813]],"c":true},"ix":2},"nm":"Path 2","mn":"ADBE Vector Shape - Group","hd":false},{"ty":"fl","c":{"a":0,"k":[0.686274528503,0.976470589638,0.976470589638,1],"ix":4},"o":{"a":0,"k":100,"ix":5},"r":1,"bm":0,"nm":"Fill 1","mn":"ADBE Vector Graphic - Fill","hd":false},{"ty":"tr","p":{"a":0,"k":[0,0],"ix":2},"a":{"a":0,"k":[0,0],"ix":1},"s":{"a":0,"k":[100,100],"ix":3},"r":{"a":0,"k":0,"ix":6},"o":{"a":0,"k":100,"ix":7},"sk":{"a":0,"k":0,"ix":4},"sa":{"a":0,"k":0,"ix":5},"nm":"Transform"}],"nm":"Group 1","np":3,"cix":2,"bm":0,"ix":1,"mn":"ADBE Vector Group","hd":false}],"ip":0,"op":151,"st":0,"bm":0},{"ddd":0,"ind":11,"ty":4,"nm":"Path-Copy 2","parent":1,"td":1,"sr":1,"ks":{"o":{"a":0,"k":100,"ix":11},"r":{"a":0,"k":0,"ix":10},"p":{"a":0,"k":[0,24.156,0],"ix":2},"a":{"a":0,"k":[0,-81.844,0],"ix":1},"s":{"a":0,"k":[100,100,100],"ix":6}},"ao":0,"shapes":[{"ty":"gr","it":[{"ind":0,"ty":"sh","ix":1,"ks":{"a":0,"k":{"i":[[7.249,0],[0,0],[4.451,-5.722],[0,0],[-1.562,-6.867],[0,0],[-5.756,-3.256],[0,0],[-7.252,4.343],[0,0],[-1.422,6.252],[0,0],[4.324,5.559],[0,0]],"o":[[0,0],[-7.249,0],[0,0],[-4.324,5.559],[0,0],[1.467,6.448],[0,0],[7.357,4.162],[0,0],[5.501,-3.294],[0,0],[1.562,-6.867],[0,0],[-4.451,-5.722]],"v":[[101.909,-300],[-101.909,-300],[-120.452,-290.93],[-208.169,-178.146],[-212.532,-158.514],[-168.994,32.896],[-157.655,48.132],[-7.173,133.266],[16.463,132.974],[158.079,48.176],[168.917,33.232],[212.532,-158.514],[208.169,-178.146],[120.452,-290.93]],"c":true},"ix":2},"nm":"Path 1","mn":"ADBE Vector Shape - Group","hd":false},{"ty":"fl","c":{"a":0,"k":[0.529411792755,0.917647063732,0.917647063732,1],"ix":4},"o":{"a":0,"k":100,"ix":5},"r":1,"bm":0,"nm":"Fill 1","mn":"ADBE Vector Graphic - Fill","hd":false},{"ty":"tr","p":{"a":0,"k":[0,0],"ix":2},"a":{"a":0,"k":[0,0],"ix":1},"s":{"a":0,"k":[100,100],"ix":3},"r":{"a":0,"k":0,"ix":6},"o":{"a":0,"k":100,"ix":7},"sk":{"a":0,"k":0,"ix":4},"sa":{"a":0,"k":0,"ix":5},"nm":"Transform"}],"nm":"Path-Copy","np":2,"cix":2,"bm":0,"ix":1,"mn":"ADBE Vector Group","hd":false}],"ip":0,"op":151,"st":0,"bm":0},{"ddd":0,"ind":12,"ty":4,"nm":"USE THIS SHINE 3","tt":1,"sr":1,"ks":{"o":{"a":0,"k":90,"ix":11},"r":{"a":0,"k":40,"ix":10},"p":{"s":true,"x":{"a":1,"k":[{"i":{"x":[0.792],"y":[0.148]},"o":{"x":[0.963],"y":[0]},"t":-22,"s":[-85.14]},{"i":{"x":[0.334],"y":[1]},"o":{"x":[0.225],"y":[0.176]},"t":28,"s":[96.519]},{"t":65,"s":[803.78]}],"ix":3},"y":{"a":0,"k":305.16,"ix":4}},"a":{"a":0,"k":[0,0,0],"ix":1},"s":{"a":0,"k":[142,196.078,100],"ix":6}},"ao":0,"shapes":[{"ty":"rc","d":1,"s":{"a":1,"k":[{"i":{"x":[0.667,0.667],"y":[1,1]},"o":{"x":[0.743,0.333],"y":[0,0]},"t":-22,"s":[56,500]},{"i":{"x":[0,0.667],"y":[1,1]},"o":{"x":[0.333,0.333],"y":[0,0]},"t":28,"s":[175,500]},{"t":65,"s":[56,500]}],"ix":2},"p":{"a":0,"k":[0,0],"ix":3},"r":{"a":0,"k":0,"ix":4},"nm":"Rectangle Path 1","mn":"ADBE Vector Shape - Rect","hd":false},{"ty":"fl","c":{"a":0,"k":[1,1,1,1],"ix":4},"o":{"a":0,"k":100,"ix":5},"r":1,"bm":0,"nm":"Fill 1","mn":"ADBE Vector Graphic - Fill","hd":false}],"ip":1,"op":179,"st":-128,"bm":0},{"ddd":0,"ind":13,"ty":4,"nm":"Path-Copy","parent":1,"sr":1,"ks":{"o":{"a":0,"k":100,"ix":11},"r":{"a":0,"k":0,"ix":10},"p":{"a":0,"k":[0,24.156,0],"ix":2},"a":{"a":0,"k":[0,-81.844,0],"ix":1},"s":{"a":0,"k":[100,100,100],"ix":6}},"ao":0,"shapes":[{"ty":"gr","it":[{"ind":0,"ty":"sh","ix":1,"ks":{"a":0,"k":{"i":[[7.249,0],[0,0],[4.451,-5.722],[0,0],[-1.562,-6.867],[0,0],[-5.756,-3.256],[0,0],[-7.252,4.343],[0,0],[-1.422,6.252],[0,0],[4.324,5.559],[0,0]],"o":[[0,0],[-7.249,0],[0,0],[-4.324,5.559],[0,0],[1.467,6.448],[0,0],[7.357,4.162],[0,0],[5.501,-3.294],[0,0],[1.562,-6.867],[0,0],[-4.451,-5.722]],"v":[[101.909,-300],[-101.909,-300],[-120.452,-290.93],[-208.169,-178.146],[-212.532,-158.514],[-168.994,32.896],[-157.655,48.132],[-7.173,133.266],[16.463,132.974],[158.079,48.176],[168.917,33.232],[212.532,-158.514],[208.169,-178.146],[120.452,-290.93]],"c":true},"ix":2},"nm":"Path 1","mn":"ADBE Vector Shape - Group","hd":false},{"ty":"fl","c":{"a":0,"k":[0.529411792755,0.917647063732,0.917647063732,1],"ix":4},"o":{"a":0,"k":100,"ix":5},"r":1,"bm":0,"nm":"Fill 1","mn":"ADBE Vector Graphic - Fill","hd":false},{"ty":"tr","p":{"a":0,"k":[0,0],"ix":2},"a":{"a":0,"k":[0,0],"ix":1},"s":{"a":0,"k":[100,100],"ix":3},"r":{"a":0,"k":0,"ix":6},"o":{"a":0,"k":100,"ix":7},"sk":{"a":0,"k":0,"ix":4},"sa":{"a":0,"k":0,"ix":5},"nm":"Transform"}],"nm":"Path-Copy","np":2,"cix":2,"bm":0,"ix":1,"mn":"ADBE Vector Group","hd":false}],"ip":0,"op":151,"st":0,"bm":0},{"ddd":0,"ind":16,"ty":4,"nm":"Shield-Copy-17","sr":1,"ks":{"o":{"a":0,"k":100,"ix":11},"r":{"a":0,"k":0,"ix":10},"p":{"a":0,"k":[365,430,0],"ix":2},"a":{"a":0,"k":[0,-20,0],"ix":1},"s":{"a":0,"k":[100,100,100],"ix":6}},"ao":0,"shapes":[{"ty":"gr","it":[{"ind":0,"ty":"sh","ix":1,"ks":{"a":0,"k":{"i":[[-77.32,0],[0,0],[0,-77.32],[0,0],[77.32,0],[0,0],[0,77.32],[0,0]],"o":[[0,0],[77.32,0],[0,0],[0,77.32],[0,0],[-77.32,0],[0,0],[0,-77.32]],"v":[[-225,-450],[225,-450],[365,-310],[365,270],[225,410],[-225,410],[-365,270],[-365,-310]],"c":true},"ix":2},"nm":"Path 1","mn":"ADBE Vector Shape - Group","hd":false},{"ty":"fl","c":{"a":0,"k":[0.109803922474,0.690196096897,0.964705884457,1],"ix":4},"o":{"a":0,"k":100,"ix":5},"r":1,"bm":0,"nm":"Fill 1","mn":"ADBE Vector Graphic - Fill","hd":false},{"ty":"tr","p":{"a":0,"k":[0,0],"ix":2},"a":{"a":0,"k":[0,0],"ix":1},"s":{"a":0,"k":[100,100],"ix":3},"r":{"a":0,"k":0,"ix":6},"o":{"a":0,"k":100,"ix":7},"sk":{"a":0,"k":0,"ix":4},"sa":{"a":0,"k":0,"ix":5},"nm":"Transform"}],"nm":"Shield-Copy-16","np":2,"cix":2,"bm":0,"ix":1,"mn":"ADBE Vector Group","hd":false}],"ip":0,"op":200,"st":0,"bm":0},{"ddd":0,"ind":17,"ty":4,"nm":"Shield-Copy-15","sr":1,"ks":{"o":{"a":0,"k":100,"ix":11},"r":{"a":0,"k":0,"ix":10},"p":{"a":0,"k":[365,450,0],"ix":2},"a":{"a":0,"k":[0,0,0],"ix":1},"s":{"a":0,"k":[100,100,100],"ix":6}},"ao":0,"shapes":[{"ty":"gr","it":[{"ind":0,"ty":"sh","ix":1,"ks":{"a":0,"k":{"i":[[-77.32,0],[0,0],[0,-77.32],[0,0],[77.32,0],[0,0],[0,77.32],[0,0]],"o":[[0,0],[77.32,0],[0,0],[0,77.32],[0,0],[-77.32,0],[0,0],[0,-77.32]],"v":[[-225,-450],[225,-450],[365,-310],[365,310],[225,450],[-225,450],[-365,310],[-365,-310]],"c":true},"ix":2},"nm":"Path 1","mn":"ADBE Vector Shape - Group","hd":false},{"ty":"fl","c":{"a":0,"k":[0.086274512112,0.549019634724,0.768627464771,1],"ix":4},"o":{"a":0,"k":100,"ix":5},"r":1,"bm":0,"nm":"Fill 1","mn":"ADBE Vector Graphic - Fill","hd":false},{"ty":"tr","p":{"a":0,"k":[0,0],"ix":2},"a":{"a":0,"k":[0,0],"ix":1},"s":{"a":0,"k":[100,100],"ix":3},"r":{"a":0,"k":0,"ix":6},"o":{"a":0,"k":100,"ix":7},"sk":{"a":0,"k":0,"ix":4},"sa":{"a":0,"k":0,"ix":5},"nm":"Transform"}],"nm":"Shield-Copy-15","np":2,"cix":2,"bm":0,"ix":1,"mn":"ADBE Vector Group","hd":false}],"ip":0,"op":200,"st":0,"bm":0}],"markers":[{"tm":-9,"cm":"1","dr":0},{"tm":11,"cm":"","dr":0},{"tm":241,"cm":"2","dr":0}]}
