{"v":"5.5.1","fr":60,"ip":0,"op":143,"w":730,"h":900,"nm":"16_Trendsetter","ddd":0,"assets":[],"layers":[{"ddd":0,"ind":1,"ty":4,"nm":"Rectangle-17","parent":10,"sr":1,"ks":{"o":{"a":0,"k":100,"ix":11},"r":{"a":0,"k":0,"ix":10},"p":{"a":0,"k":[4.413,-293.29,0],"ix":2},"a":{"a":0,"k":[4.413,-183.29,0],"ix":1},"s":{"a":0,"k":[100,100,100],"ix":6}},"ao":0,"shapes":[{"ty":"gr","it":[{"ind":0,"ty":"sh","ix":1,"ks":{"a":0,"k":{"i":[[0,0],[0,0],[0,0],[0,0]],"o":[[0,0],[0,0],[0,0],[0,0]],"v":[[-44.204,-222.24],[53.031,-222.24],[53.031,-144.34],[-44.204,-144.34]],"c":true},"ix":2},"nm":"Path 1","mn":"ADBE Vector Shape - Group","hd":false},{"ty":"fl","c":{"a":0,"k":[1,0.705882370472,0.121568627656,1],"ix":4},"o":{"a":0,"k":100,"ix":5},"r":1,"bm":0,"nm":"Fill 1","mn":"ADBE Vector Graphic - Fill","hd":false},{"ty":"tr","p":{"a":0,"k":[0,0],"ix":2},"a":{"a":0,"k":[0,0],"ix":1},"s":{"a":0,"k":[100,100],"ix":3},"r":{"a":0,"k":0,"ix":6},"o":{"a":0,"k":100,"ix":7},"sk":{"a":0,"k":0,"ix":4},"sa":{"a":0,"k":0,"ix":5},"nm":"Transform"}],"nm":"Rectangle-17","np":2,"cix":2,"bm":0,"ix":1,"mn":"ADBE Vector Group","hd":false}],"ip":0,"op":143,"st":0,"bm":0},{"ddd":0,"ind":2,"ty":4,"nm":"Layer 2","parent":10,"sr":1,"ks":{"o":{"a":0,"k":100,"ix":11},"r":{"a":0,"k":0,"ix":10},"p":{"a":0,"k":[4.413,-293.29,0],"ix":2},"a":{"a":0,"k":[4.413,-183.29,0],"ix":1},"s":{"a":0,"k":[100,100,100],"ix":6}},"ao":0,"shapes":[{"ty":"gr","it":[{"ind":0,"ty":"sh","ix":1,"ks":{"a":0,"k":{"i":[[-9.941,0],[0,0],[0,-9.941],[0,0],[9.941,0],[0,0],[0,9.941],[0,0]],"o":[[0,0],[9.941,0],[0,0],[0,9.941],[0,0],[-9.941,0],[0,0],[0,-9.941]],"v":[[-206.762,-222.24],[215.589,-222.24],[233.589,-204.24],[233.589,-162.34],[215.589,-144.34],[-206.762,-144.34],[-224.762,-162.34],[-224.762,-204.24]],"c":true},"ix":2},"nm":"Path 1","mn":"ADBE Vector Shape - Group","hd":false},{"ty":"fl","c":{"a":0,"k":[0.223529413342,0.517647087574,0.89411765337,1],"ix":4},"o":{"a":0,"k":100,"ix":5},"r":1,"bm":0,"nm":"Fill 1","mn":"ADBE Vector Graphic - Fill","hd":false},{"ty":"tr","p":{"a":0,"k":[0,0],"ix":2},"a":{"a":0,"k":[0,0],"ix":1},"s":{"a":0,"k":[100,100],"ix":3},"r":{"a":0,"k":0,"ix":6},"o":{"a":0,"k":100,"ix":7},"sk":{"a":0,"k":0,"ix":4},"sa":{"a":0,"k":0,"ix":5},"nm":"Transform"}],"nm":"Group 1","np":2,"cix":2,"bm":0,"ix":1,"mn":"ADBE Vector Group","hd":false}],"ip":0,"op":143,"st":0,"bm":0},{"ddd":0,"ind":3,"ty":4,"nm":"Layer 1","parent":10,"sr":1,"ks":{"o":{"a":0,"k":100,"ix":11},"r":{"a":0,"k":0,"ix":10},"p":{"a":0,"k":[4.413,-236.364,0],"ix":2},"a":{"a":0,"k":[4.413,-126.364,0],"ix":1},"s":{"a":0,"k":[100,100,100],"ix":6}},"ao":0,"shapes":[{"ty":"gr","it":[{"ind":0,"ty":"sh","ix":1,"ks":{"a":0,"k":{"i":[[0,0],[0,0],[0,0],[0,0]],"o":[[0,0],[0,0],[0,0],[0,0]],"v":[[-44.204,-144.34],[53.031,-144.34],[53.031,-108.387],[-44.204,-108.387]],"c":true},"ix":2},"nm":"Path 1","mn":"ADBE Vector Shape - Group","hd":false},{"ty":"fl","c":{"a":0,"k":[1,0.549019634724,0.141176477075,1],"ix":4},"o":{"a":0,"k":100,"ix":5},"r":1,"bm":0,"nm":"Fill 1","mn":"ADBE Vector Graphic - Fill","hd":false},{"ty":"tr","p":{"a":0,"k":[0,0],"ix":2},"a":{"a":0,"k":[0,0],"ix":1},"s":{"a":0,"k":[100,100],"ix":3},"r":{"a":0,"k":0,"ix":6},"o":{"a":0,"k":100,"ix":7},"sk":{"a":0,"k":0,"ix":4},"sa":{"a":0,"k":0,"ix":5},"nm":"Transform"}],"nm":"Group 1","np":2,"cix":2,"bm":0,"ix":1,"mn":"ADBE Vector Group","hd":false}],"ip":0,"op":143,"st":0,"bm":0},{"ddd":0,"ind":4,"ty":4,"nm":"Rectangle-11","parent":10,"sr":1,"ks":{"o":{"a":0,"k":100,"ix":11},"r":{"a":0,"k":0,"ix":10},"p":{"a":0,"k":[4.413,-127.276,0],"ix":2},"a":{"a":0,"k":[4.413,-17.276,0],"ix":1},"s":{"a":0,"k":[100,100,100],"ix":6}},"ao":0,"shapes":[{"ty":"gr","it":[{"ind":0,"ty":"sh","ix":1,"ks":{"a":0,"k":{"i":[[0,0],[0,0],[0,0],[0,0]],"o":[[0,0],[0,0],[0,0],[0,0]],"v":[[-44.204,-144.34],[53.031,-144.34],[53.031,109.789],[-44.204,109.789]],"c":true},"ix":2},"nm":"Path 1","mn":"ADBE Vector Shape - Group","hd":false},{"ty":"fl","c":{"a":0,"k":[1,0.705882370472,0.121568627656,1],"ix":4},"o":{"a":0,"k":100,"ix":5},"r":1,"bm":0,"nm":"Fill 1","mn":"ADBE Vector Graphic - Fill","hd":false},{"ty":"tr","p":{"a":0,"k":[0,0],"ix":2},"a":{"a":0,"k":[0,0],"ix":1},"s":{"a":0,"k":[100,100],"ix":3},"r":{"a":0,"k":0,"ix":6},"o":{"a":0,"k":100,"ix":7},"sk":{"a":0,"k":0,"ix":4},"sa":{"a":0,"k":0,"ix":5},"nm":"Transform"}],"nm":"Rectangle-11","np":2,"cix":2,"bm":0,"ix":1,"mn":"ADBE Vector Group","hd":false}],"ip":0,"op":143,"st":0,"bm":0},{"ddd":0,"ind":5,"ty":4,"nm":"Rectangle-10","parent":10,"sr":1,"ks":{"o":{"a":0,"k":100,"ix":11},"r":{"a":0,"k":0,"ix":10},"p":{"a":0,"k":[3.554,-346.132,0],"ix":2},"a":{"a":0,"k":[3.554,-236.132,0],"ix":1},"s":{"a":0,"k":[100,100,100],"ix":6}},"ao":0,"shapes":[{"ty":"gr","it":[{"ind":0,"ty":"sh","ix":1,"ks":{"a":0,"k":{"i":[[-13.918,0],[0,0],[0,-13.918],[0,0],[13.918,0],[0,0],[0,13.918],[0,0]],"o":[[0,0],[13.918,0],[0,0],[0,13.918],[0,0],[-13.918,0],[0,0],[0,-13.918]],"v":[[-24.153,-277.976],[31.26,-277.976],[56.46,-252.776],[56.46,-219.488],[31.26,-194.288],[-24.153,-194.288],[-49.353,-219.488],[-49.353,-252.776]],"c":true},"ix":2},"nm":"Path 1","mn":"ADBE Vector Shape - Group","hd":false},{"ty":"fl","c":{"a":0,"k":[1,0.549019634724,0.141176477075,1],"ix":4},"o":{"a":0,"k":100,"ix":5},"r":1,"bm":0,"nm":"Fill 1","mn":"ADBE Vector Graphic - Fill","hd":false},{"ty":"tr","p":{"a":0,"k":[0,0],"ix":2},"a":{"a":0,"k":[0,0],"ix":1},"s":{"a":0,"k":[100,100],"ix":3},"r":{"a":0,"k":0,"ix":6},"o":{"a":0,"k":100,"ix":7},"sk":{"a":0,"k":0,"ix":4},"sa":{"a":0,"k":0,"ix":5},"nm":"Transform"}],"nm":"Rectangle-10","np":2,"cix":2,"bm":0,"ix":1,"mn":"ADBE Vector Group","hd":false}],"ip":0,"op":143,"st":0,"bm":0},{"ddd":0,"ind":6,"ty":4,"nm":"Combined-Shape","parent":10,"sr":1,"ks":{"o":{"a":0,"k":100,"ix":11},"r":{"a":0,"k":0,"ix":10},"p":{"a":0,"k":[3.554,-356.266,0],"ix":2},"a":{"a":0,"k":[3.554,-246.266,0],"ix":1},"s":{"a":0,"k":[100,100,100],"ix":6}},"ao":0,"shapes":[{"ty":"gr","it":[{"ind":0,"ty":"sh","ix":1,"ks":{"a":0,"k":{"i":[[0,0],[0,0],[0,0],[1.483,4.648],[0,0],[-13.385,4.271],[-5.163,-1.763],[0,0],[0,0],[-5.197,-1.658],[4.271,-13.385],[0,0],[4.874,0.219]],"o":[[0,0],[0,0],[-4.874,0.219],[0,0],[-4.271,-13.385],[5.197,-1.658],[0,0],[0,0],[5.163,-1.763],[13.385,4.271],[0,0],[-1.483,4.648],[0,0]],"v":[[12.713,-212.719],[12.713,-210.546],[-126.311,-204.306],[-137.084,-211.813],[-149.929,-252.069],[-133.426,-284.038],[-117.473,-283.878],[-0.832,-244.056],[124.581,-286.873],[140.534,-287.033],[157.037,-255.064],[144.192,-214.807],[133.419,-207.301]],"c":true},"ix":2},"nm":"Path 1","mn":"ADBE Vector Shape - Group","hd":false},{"ty":"fl","c":{"a":0,"k":[1,0.705882370472,0.121568627656,1],"ix":4},"o":{"a":0,"k":100,"ix":5},"r":1,"bm":0,"nm":"Fill 1","mn":"ADBE Vector Graphic - Fill","hd":false},{"ty":"tr","p":{"a":0,"k":[0,0],"ix":2},"a":{"a":0,"k":[0,0],"ix":1},"s":{"a":0,"k":[100,100],"ix":3},"r":{"a":0,"k":0,"ix":6},"o":{"a":0,"k":100,"ix":7},"sk":{"a":0,"k":0,"ix":4},"sa":{"a":0,"k":0,"ix":5},"nm":"Transform"}],"nm":"Combined-Shape","np":2,"cix":2,"bm":0,"ix":1,"mn":"ADBE Vector Group","hd":false}],"ip":0,"op":143,"st":0,"bm":0},{"ddd":0,"ind":7,"ty":4,"nm":"Box Main 2","parent":9,"td":1,"sr":1,"ks":{"o":{"a":0,"k":100,"ix":11},"r":{"a":0,"k":0,"ix":10},"p":{"a":0,"k":[3.411,-22.133,0],"ix":2},"a":{"a":0,"k":[3.411,-22.133,0],"ix":1},"s":{"a":0,"k":[100,100,100],"ix":6}},"ao":0,"shapes":[{"ty":"gr","it":[{"ind":0,"ty":"sh","ix":1,"ks":{"a":0,"k":{"i":[[-3.976,0],[0,0],[0,-3.976],[0,0],[19.882,0],[0,0],[0,19.882],[0,0]],"o":[[0,0],[3.976,0],[0,0],[0,19.882],[0,0],[-19.882,0],[0,0],[0,-3.976]],"v":[[-192.906,-154.054],[199.727,-154.054],[206.927,-146.854],[206.927,73.789],[170.927,109.789],[-164.106,109.789],[-200.106,73.789],[-200.106,-146.854]],"c":true},"ix":2,"x":"var $bm_rt;\n$bm_rt = thisComp.layer('Box Main').content('Mask').content('Path 1').path;"},"nm":"Path 1","mn":"ADBE Vector Shape - Group","hd":false},{"ty":"fl","c":{"a":0,"k":[0.223529413342,0.517647087574,0.89411765337,1],"ix":4},"o":{"a":0,"k":100,"ix":5},"r":1,"bm":0,"nm":"Fill 1","mn":"ADBE Vector Graphic - Fill","hd":false},{"ty":"tr","p":{"a":0,"k":[0,0],"ix":2},"a":{"a":0,"k":[0,0],"ix":1},"s":{"a":0,"k":[100,100],"ix":3},"r":{"a":0,"k":0,"ix":6},"o":{"a":0,"k":100,"ix":7},"sk":{"a":0,"k":0,"ix":4},"sa":{"a":0,"k":0,"ix":5},"nm":"Transform"}],"nm":"Mask","np":2,"cix":2,"bm":0,"ix":1,"mn":"ADBE Vector Group","hd":false}],"ip":0,"op":143,"st":0,"bm":0},{"ddd":0,"ind":8,"ty":4,"nm":"shadow","parent":10,"tt":1,"sr":1,"ks":{"o":{"a":0,"k":100,"ix":11},"r":{"a":0,"k":0,"ix":10},"p":{"a":0,"k":[3.411,-246.85,0],"ix":2},"a":{"a":0,"k":[3.411,-136.85,0],"ix":1},"s":{"a":0,"k":[119.754,100,100],"ix":6}},"ao":0,"shapes":[{"ty":"gr","it":[{"ind":0,"ty":"sh","ix":1,"ks":{"a":0,"k":{"i":[[0,0],[0,0],[0,0],[0,0]],"o":[[0,0],[0,0],[0,0],[0,0]],"v":[[-201.023,-165.313],[207.845,-165.313],[207.845,-108.387],[-201.023,-108.387]],"c":true},"ix":2},"nm":"Path 1","mn":"ADBE Vector Shape - Group","hd":false},{"ty":"fl","c":{"a":0,"k":[0.168627455831,0.439215689898,0.78823530674,1],"ix":4},"o":{"a":0,"k":100,"ix":5},"r":1,"bm":0,"nm":"Fill 1","mn":"ADBE Vector Graphic - Fill","hd":false},{"ty":"tr","p":{"a":0,"k":[0,0],"ix":2},"a":{"a":0,"k":[0,0],"ix":1},"s":{"a":0,"k":[100,100],"ix":3},"r":{"a":0,"k":0,"ix":6},"o":{"a":0,"k":100,"ix":7},"sk":{"a":0,"k":0,"ix":4},"sa":{"a":0,"k":0,"ix":5},"nm":"Transform"}],"nm":"Rectangle-16","np":2,"cix":2,"bm":0,"ix":1,"mn":"ADBE Vector Group","hd":false}],"ip":0,"op":143,"st":0,"bm":0},{"ddd":0,"ind":9,"ty":4,"nm":"Box Main","parent":10,"sr":1,"ks":{"o":{"a":0,"k":100,"ix":11},"r":{"a":0,"k":0,"ix":10},"p":{"a":0,"k":[3.411,-132.133,0],"ix":2},"a":{"a":0,"k":[3.411,-22.133,0],"ix":1},"s":{"a":0,"k":[100,100,100],"ix":6}},"ao":0,"shapes":[{"ty":"gr","it":[{"ind":0,"ty":"sh","ix":1,"ks":{"a":1,"k":[{"i":{"x":0,"y":1},"o":{"x":0.333,"y":0},"t":0,"s":[{"i":[[-3.976,0],[0,0],[0,-3.976],[0,0],[19.882,0],[0,0],[0,19.882],[0,0]],"o":[[0,0],[3.976,0],[0,0],[0,19.882],[0,0],[-19.882,0],[0,0],[0,-3.976]],"v":[[-192.906,-154.054],[199.727,-154.054],[206.927,-146.854],[206.927,73.789],[170.927,109.789],[-164.106,109.789],[-200.106,73.789],[-200.106,-146.854]],"c":true}]},{"i":{"x":0.833,"y":1},"o":{"x":0.167,"y":0},"t":12,"s":[{"i":[[-3.976,0],[0,0],[0,-3.976],[40.514,-101.812],[19.882,0],[0,0],[9.747,24.233],[0,0]],"o":[[0,0],[3.976,0],[0,0],[-7.927,19.922],[0,0],[-19.882,0],[-47.894,-119.078],[0,-3.976]],"v":[[-192.906,-154.054],[199.727,-154.054],[206.927,-146.854],[208.927,73.578],[170.927,109.789],[-164.106,109.789],[-204.606,73.578],[-200.106,-146.854]],"c":true}]},{"i":{"x":0.667,"y":1},"o":{"x":0.167,"y":0},"t":26.5,"s":[{"i":[[-3.976,0],[0,0],[0,-3.976],[40.514,-101.812],[19.882,0],[0,0],[9.747,24.233],[0,0]],"o":[[0,0],[3.976,0],[0,0],[-7.927,19.922],[0,0],[-19.882,0],[-47.894,-119.078],[0,-3.976]],"v":[[-192.906,-154.054],[199.727,-154.054],[206.927,-146.854],[208.927,73.578],[170.927,109.789],[-164.106,109.789],[-204.606,73.578],[-200.106,-146.854]],"c":true}]},{"i":{"x":0.667,"y":1},"o":{"x":0.333,"y":0},"t":29,"s":[{"i":[[-3.976,0],[0,0],[0,-3.976],[0,0],[19.882,0],[0,0],[0,19.882],[0,0]],"o":[[0,0],[3.976,0],[0,0],[0,19.882],[0,0],[-19.882,0],[0,0],[0,-3.976]],"v":[[-192.906,-154.054],[199.727,-154.054],[206.927,-146.854],[206.927,73.789],[170.927,109.789],[-164.106,109.789],[-200.106,73.789],[-200.106,-146.854]],"c":true}]},{"i":{"x":0,"y":1},"o":{"x":0.333,"y":0},"t":50,"s":[{"i":[[-3.976,0],[0,0],[0,-3.976],[0,0],[19.882,0],[0,0],[0,19.882],[0,0]],"o":[[0,0],[3.976,0],[0,0],[0,19.882],[0,0],[-19.882,0],[0,0],[0,-3.976]],"v":[[-192.906,-154.054],[199.727,-154.054],[206.927,-146.854],[206.927,73.789],[170.927,109.789],[-164.106,109.789],[-200.106,73.789],[-200.106,-146.854]],"c":true}]},{"i":{"x":0.667,"y":1},"o":{"x":0.167,"y":0},"t":55,"s":[{"i":[[-3.976,0],[0,0],[0,-3.976],[40.514,-101.812],[19.882,0],[0,0],[9.747,24.233],[0,0]],"o":[[0,0],[3.976,0],[0,0],[-7.927,19.922],[0,0],[-19.882,0],[-47.894,-119.078],[0,-3.976]],"v":[[-192.906,-154.054],[199.727,-154.054],[206.927,-146.854],[208.927,73.578],[170.927,109.789],[-164.106,109.789],[-204.606,73.578],[-200.106,-146.854]],"c":true}]},{"t":59,"s":[{"i":[[-3.976,0],[0,0],[0,-3.976],[0,0],[19.882,0],[0,0],[0,19.882],[0,0]],"o":[[0,0],[3.976,0],[0,0],[0,19.882],[0,0],[-19.882,0],[0,0],[0,-3.976]],"v":[[-192.906,-154.054],[199.727,-154.054],[206.927,-146.854],[206.927,73.789],[170.927,109.789],[-164.106,109.789],[-200.106,73.789],[-200.106,-146.854]],"c":true}]}],"ix":2},"nm":"Path 1","mn":"ADBE Vector Shape - Group","hd":false},{"ty":"fl","c":{"a":0,"k":[0.223529413342,0.517647087574,0.89411765337,1],"ix":4},"o":{"a":0,"k":100,"ix":5},"r":1,"bm":0,"nm":"Fill 1","mn":"ADBE Vector Graphic - Fill","hd":false},{"ty":"tr","p":{"a":0,"k":[0,0],"ix":2},"a":{"a":0,"k":[0,0],"ix":1},"s":{"a":0,"k":[100,100],"ix":3},"r":{"a":0,"k":0,"ix":6},"o":{"a":0,"k":100,"ix":7},"sk":{"a":0,"k":0,"ix":4},"sa":{"a":0,"k":0,"ix":5},"nm":"Transform"}],"nm":"Mask","np":2,"cix":2,"bm":0,"ix":1,"mn":"ADBE Vector Group","hd":false}],"ip":0,"op":143,"st":0,"bm":0},{"ddd":0,"ind":10,"ty":3,"nm":"box jump","sr":1,"ks":{"o":{"a":0,"k":0,"ix":11},"r":{"a":0,"k":0,"ix":10},"p":{"s":true,"x":{"a":1,"k":[{"i":{"x":[0.85],"y":[1]},"o":{"x":[0.15],"y":[0]},"t":26.5,"s":[365]},{"i":{"x":[0.95],"y":[1]},"o":{"x":[0.05],"y":[0]},"t":29,"s":[365]},{"i":{"x":[0.914],"y":[1]},"o":{"x":[0.086],"y":[0]},"t":44,"s":[365]},{"t":49.384765625,"s":[365]}],"ix":3},"y":{"a":1,"k":[{"i":{"x":[0.908],"y":[0.952]},"o":{"x":[0.15],"y":[0.175]},"t":26.5,"s":[560]},{"i":{"x":[0.918],"y":[6.762]},"o":{"x":[0.244],"y":[12.875]},"t":29,"s":[482.979]},{"i":{"x":[0.914],"y":[0.891]},"o":{"x":[0.055],"y":[0.044]},"t":46.309,"s":[477.721]},{"t":49.384765625,"s":[560]}],"ix":4}},"a":{"a":0,"k":[0,0,0],"ix":1},"s":{"a":1,"k":[{"i":{"x":[0,0,0.667],"y":[1,1,1]},"o":{"x":[0.333,0.333,0.333],"y":[0,0,0]},"t":0,"s":[100,100,100]},{"i":{"x":[0.833,0.833,0.833],"y":[1,1,1]},"o":{"x":[0.167,0.167,0.167],"y":[0,0,0]},"t":12,"s":[104,88,100]},{"i":{"x":[0.667,0.667,0.667],"y":[1,1,1]},"o":{"x":[0.167,0.167,0.167],"y":[0,0,0]},"t":24,"s":[104,88,100]},{"i":{"x":[0.667,0.667,0.667],"y":[1,1,1]},"o":{"x":[0.167,0.957,0.167],"y":[0,0,0]},"t":29,"s":[95,106.072,100]},{"i":{"x":[0.364,0.375,0.667],"y":[1,1,1]},"o":{"x":[0.192,0.445,0.167],"y":[0,0,0]},"t":48.615,"s":[95,106.072,100]},{"i":{"x":[0.667,0.462,0.667],"y":[1,1,1]},"o":{"x":[0.333,0.333,0.333],"y":[0,0,0]},"t":55,"s":[101.4,88,100]},{"i":{"x":[0.667,0.667,0.667],"y":[1,1,1]},"o":{"x":[0.167,0.284,0.167],"y":[0,0,0]},"t":59,"s":[98.466,104,100]},{"t":66,"s":[100,100,100]}],"ix":6}},"ao":0,"ip":0,"op":143,"st":0,"bm":0},{"ddd":0,"ind":13,"ty":4,"nm":"Shield-Copy-15","sr":1,"ks":{"o":{"a":0,"k":100,"ix":11},"r":{"a":0,"k":0,"ix":10},"p":{"a":0,"k":[365,430,0],"ix":2},"a":{"a":0,"k":[0,-20,0],"ix":1},"s":{"a":0,"k":[100,100,100],"ix":6}},"ao":0,"shapes":[{"ty":"gr","it":[{"ind":0,"ty":"sh","ix":1,"ks":{"a":0,"k":{"i":[[-77.32,0],[0,0],[0,-77.32],[0,0],[77.32,0],[0,0],[0,77.32],[0,0]],"o":[[0,0],[77.32,0],[0,0],[0,77.32],[0,0],[-77.32,0],[0,0],[0,-77.32]],"v":[[-225,-450],[225,-450],[365,-310],[365,270],[225,410],[-225,410],[-365,270],[-365,-310]],"c":true},"ix":2},"nm":"Path 1","mn":"ADBE Vector Shape - Group","hd":false},{"ty":"fl","c":{"a":0,"k":[0.807843148708,0.509803950787,1,1],"ix":4},"o":{"a":0,"k":100,"ix":5},"r":1,"bm":0,"nm":"Fill 1","mn":"ADBE Vector Graphic - Fill","hd":false},{"ty":"tr","p":{"a":0,"k":[0,0],"ix":2},"a":{"a":0,"k":[0,0],"ix":1},"s":{"a":0,"k":[100,100],"ix":3},"r":{"a":0,"k":0,"ix":6},"o":{"a":0,"k":100,"ix":7},"sk":{"a":0,"k":0,"ix":4},"sa":{"a":0,"k":0,"ix":5},"nm":"Transform"}],"nm":"Shield-Copy-14","np":2,"cix":2,"bm":0,"ix":1,"mn":"ADBE Vector Group","hd":false}],"ip":0,"op":143,"st":0,"bm":0},{"ddd":0,"ind":14,"ty":4,"nm":"Shield-Copy-13","sr":1,"ks":{"o":{"a":0,"k":100,"ix":11},"r":{"a":0,"k":0,"ix":10},"p":{"a":0,"k":[365,450,0],"ix":2},"a":{"a":0,"k":[0,0,0],"ix":1},"s":{"a":0,"k":[100,100,100],"ix":6}},"ao":0,"shapes":[{"ty":"gr","it":[{"ind":0,"ty":"sh","ix":1,"ks":{"a":0,"k":{"i":[[-77.32,0],[0,0],[0,-77.32],[0,0],[77.32,0],[0,0],[0,77.32],[0,0]],"o":[[0,0],[77.32,0],[0,0],[0,77.32],[0,0],[-77.32,0],[0,0],[0,-77.32]],"v":[[-225,-450],[225,-450],[365,-310],[365,310],[225,450],[-225,450],[-365,310],[-365,-310]],"c":true},"ix":2},"nm":"Path 1","mn":"ADBE Vector Shape - Group","hd":false},{"ty":"fl","c":{"a":0,"k":[0.674509823322,0.407843142748,0.843137264252,1],"ix":4},"o":{"a":0,"k":100,"ix":5},"r":1,"bm":0,"nm":"Fill 1","mn":"ADBE Vector Graphic - Fill","hd":false},{"ty":"tr","p":{"a":0,"k":[0,0],"ix":2},"a":{"a":0,"k":[0,0],"ix":1},"s":{"a":0,"k":[100,100],"ix":3},"r":{"a":0,"k":0,"ix":6},"o":{"a":0,"k":100,"ix":7},"sk":{"a":0,"k":0,"ix":4},"sa":{"a":0,"k":0,"ix":5},"nm":"Transform"}],"nm":"Shield-Copy-13","np":2,"cix":2,"bm":0,"ix":1,"mn":"ADBE Vector Group","hd":false}],"ip":0,"op":143,"st":0,"bm":0}],"markers":[{"tm":-9,"cm":"1","dr":0},{"tm":11,"cm":"","dr":0},{"tm":241,"cm":"2","dr":0}]}
