{"v":"5.5.1","fr":60,"ip":0,"op":177,"w":730,"h":900,"nm":"06_Sharpshooter","ddd":0,"assets":[{"id":"comp_0","layers":[{"ddd":0,"ind":1,"ty":4,"nm":"Rectangle-Copy-6","sr":1,"ks":{"o":{"a":0,"k":100,"ix":11},"r":{"a":0,"k":0,"ix":10},"p":{"a":0,"k":[365,214.578,0],"ix":2},"a":{"a":0,"k":[0,-215.422,0],"ix":1},"s":{"a":0,"k":[100,100,100],"ix":6}},"ao":0,"shapes":[{"ty":"gr","it":[{"ind":0,"ty":"sh","ix":1,"ks":{"a":0,"k":{"i":[[-8.284,0],[0,0],[0,-8.284],[0,0],[8.284,0],[0,0],[0,8.284],[0,0]],"o":[[0,0],[8.284,0],[0,0],[0,8.284],[0,0],[-8.284,0],[0,0],[0,-8.284]],"v":[[-10,-250.422],[10,-250.422],[25,-235.422],[25,-195.422],[10,-180.422],[-10,-180.422],[-25,-195.422],[-25,-235.422]],"c":true},"ix":2},"nm":"Path 1","mn":"ADBE Vector Shape - Group","hd":false},{"ty":"fl","c":{"a":0,"k":[0.843137264252,0.627451002598,0.337254911661,1],"ix":4},"o":{"a":0,"k":100,"ix":5},"r":1,"bm":0,"nm":"Fill 1","mn":"ADBE Vector Graphic - Fill","hd":false},{"ty":"tr","p":{"a":0,"k":[0,0],"ix":2},"a":{"a":0,"k":[0,0],"ix":1},"s":{"a":0,"k":[100,100],"ix":3},"r":{"a":0,"k":0,"ix":6},"o":{"a":0,"k":100,"ix":7},"sk":{"a":0,"k":0,"ix":4},"sa":{"a":0,"k":0,"ix":5},"nm":"Transform"}],"nm":"Rectangle-Copy-6","np":2,"cix":2,"bm":0,"ix":1,"mn":"ADBE Vector Group","hd":false}],"ip":0,"op":132,"st":0,"bm":0},{"ddd":0,"ind":2,"ty":4,"nm":"Rectangle-Copy-5","sr":1,"ks":{"o":{"a":0,"k":100,"ix":11},"r":{"a":0,"k":0,"ix":10},"p":{"a":0,"k":[364.142,135.502,0],"ix":2},"a":{"a":0,"k":[-0.858,-294.498,0],"ix":1},"s":{"a":0,"k":[100,100,100],"ix":6}},"ao":0,"shapes":[{"ty":"gr","it":[{"ind":0,"ty":"sh","ix":1,"ks":{"a":0,"k":{"i":[[-1.99,3.865],[0,0],[-4.911,-2.528],[-0.954,-1.853],[0,0],[3.074,-3.074],[0,0],[0,0]],"o":[[0,0],[2.528,-4.911],[1.853,0.954],[0,0],[1.99,3.865],[0,0],[0,0],[-3.074,-3.074]],"v":[[-39.945,-286.91],[-9.749,-345.575],[3.719,-349.889],[8.033,-345.575],[38.229,-286.91],[36.409,-275.263],[-0.858,-237.996],[-38.125,-275.263]],"c":true},"ix":2},"nm":"Path 1","mn":"ADBE Vector Shape - Group","hd":false},{"ty":"fl","c":{"a":0,"k":[1,1,1,1],"ix":4},"o":{"a":0,"k":100,"ix":5},"r":1,"bm":0,"nm":"Fill 1","mn":"ADBE Vector Graphic - Fill","hd":false},{"ty":"tr","p":{"a":0,"k":[0,0],"ix":2},"a":{"a":0,"k":[0,0],"ix":1},"s":{"a":0,"k":[100,100],"ix":3},"r":{"a":0,"k":0,"ix":6},"o":{"a":0,"k":100,"ix":7},"sk":{"a":0,"k":0,"ix":4},"sa":{"a":0,"k":0,"ix":5},"nm":"Transform"}],"nm":"Rectangle-Copy-5","np":2,"cix":2,"bm":0,"ix":1,"mn":"ADBE Vector Group","hd":false}],"ip":0,"op":132,"st":0,"bm":0},{"ddd":0,"ind":3,"ty":4,"nm":"Rectangle-Copy-4","sr":1,"ks":{"o":{"a":0,"k":100,"ix":11},"r":{"a":0,"k":0,"ix":10},"p":{"a":0,"k":[365,369.578,0],"ix":2},"a":{"a":0,"k":[0,-60.422,0],"ix":1},"s":{"a":0,"k":[100,100,100],"ix":6}},"ao":0,"shapes":[{"ty":"gr","it":[{"ind":0,"ty":"sh","ix":1,"ks":{"a":0,"k":{"i":[[0,0],[0,0],[0,0],[8.284,0],[0,8.284]],"o":[[0,0],[0,0],[0,8.284],[-8.284,0],[0,0]],"v":[[-15,-240.422],[15,-240.422],[15,104.578],[0,119.578],[-15,104.578]],"c":true},"ix":2},"nm":"Path 1","mn":"ADBE Vector Shape - Group","hd":false},{"ty":"fl","c":{"a":0,"k":[0.933333337307,0.705882370472,0.403921574354,1],"ix":4},"o":{"a":0,"k":100,"ix":5},"r":1,"bm":0,"nm":"Fill 1","mn":"ADBE Vector Graphic - Fill","hd":false},{"ty":"tr","p":{"a":0,"k":[0,0],"ix":2},"a":{"a":0,"k":[0,0],"ix":1},"s":{"a":0,"k":[100,100],"ix":3},"r":{"a":0,"k":0,"ix":6},"o":{"a":0,"k":100,"ix":7},"sk":{"a":0,"k":0,"ix":4},"sa":{"a":0,"k":0,"ix":5},"nm":"Transform"}],"nm":"Rectangle-Copy-4","np":2,"cix":2,"bm":0,"ix":1,"mn":"ADBE Vector Group","hd":false}],"ip":0,"op":132,"st":0,"bm":0},{"ddd":0,"ind":4,"ty":4,"nm":"Rectangle-Copy-33","sr":1,"ks":{"o":{"a":0,"k":100,"ix":11},"r":{"a":0,"k":0,"ix":10},"p":{"a":0,"k":[320,491.487,0],"ix":2},"a":{"a":0,"k":[-45,61.487,0],"ix":1},"s":{"a":0,"k":[100,100,100],"ix":6}},"ao":0,"shapes":[{"ty":"gr","it":[{"ind":0,"ty":"sh","ix":1,"ks":{"a":0,"k":{"i":[[0,0],[0,0],[0,0],[0,-3.788],[0,0],[-5.523,0],[-1.389,0.694]],"o":[[0,0],[0,0],[-3.388,1.694],[0,0],[0,5.523],[1.552,0],[0,0]],"v":[[-15,99.578],[-15,-0.422],[-69.472,26.814],[-75,35.758],[-75,113.397],[-65,123.397],[-60.528,122.341]],"c":true},"ix":2},"nm":"Path 1","mn":"ADBE Vector Shape - Group","hd":false},{"ty":"fl","c":{"a":0,"k":[1,0.243137255311,0.243137255311,1],"ix":4},"o":{"a":0,"k":100,"ix":5},"r":1,"bm":0,"nm":"Fill 1","mn":"ADBE Vector Graphic - Fill","hd":false},{"ty":"tr","p":{"a":0,"k":[0,0],"ix":2},"a":{"a":0,"k":[0,0],"ix":1},"s":{"a":0,"k":[100,100],"ix":3},"r":{"a":0,"k":0,"ix":6},"o":{"a":0,"k":100,"ix":7},"sk":{"a":0,"k":0,"ix":4},"sa":{"a":0,"k":0,"ix":5},"nm":"Transform"}],"nm":"Rectangle-Copy-33","np":2,"cix":2,"bm":0,"ix":1,"mn":"ADBE Vector Group","hd":false}],"ip":0,"op":132,"st":0,"bm":0},{"ddd":0,"ind":5,"ty":4,"nm":"Rectangle-Copy-2","sr":1,"ks":{"o":{"a":0,"k":100,"ix":11},"r":{"a":0,"k":0,"ix":10},"p":{"a":0,"k":[410,491.487,0],"ix":2},"a":{"a":0,"k":[45,61.487,0],"ix":1},"s":{"a":0,"k":[100,100,100],"ix":6}},"ao":0,"shapes":[{"ty":"gr","it":[{"ind":0,"ty":"sh","ix":1,"ks":{"a":0,"k":{"i":[[0,0],[0,0],[0,0],[0,-3.788],[0,0],[5.523,0],[1.389,0.694]],"o":[[0,0],[0,0],[3.388,1.694],[0,0],[0,5.523],[-1.552,0],[0,0]],"v":[[15,99.578],[15,-0.422],[69.472,26.814],[75,35.758],[75,113.397],[65,123.397],[60.528,122.341]],"c":true},"ix":2},"nm":"Path 1","mn":"ADBE Vector Shape - Group","hd":false},{"ty":"fl","c":{"a":0,"k":[1,0.243137255311,0.243137255311,1],"ix":4},"o":{"a":0,"k":100,"ix":5},"r":1,"bm":0,"nm":"Fill 1","mn":"ADBE Vector Graphic - Fill","hd":false},{"ty":"tr","p":{"a":0,"k":[0,0],"ix":2},"a":{"a":0,"k":[0,0],"ix":1},"s":{"a":0,"k":[100,100],"ix":3},"r":{"a":0,"k":0,"ix":6},"o":{"a":0,"k":100,"ix":7},"sk":{"a":0,"k":0,"ix":4},"sa":{"a":0,"k":0,"ix":5},"nm":"Transform"}],"nm":"Rectangle-Copy-2","np":2,"cix":2,"bm":0,"ix":1,"mn":"ADBE Vector Group","hd":false}],"ip":0,"op":132,"st":0,"bm":0}]}],"layers":[{"ddd":0,"ind":1,"ty":3,"nm":"Null 8","sr":1,"ks":{"o":{"a":0,"k":0,"ix":11},"r":{"a":0,"k":0,"ix":10},"p":{"s":true,"x":{"a":1,"k":[{"i":{"x":[0.833],"y":[0.833]},"o":{"x":[0.167],"y":[0.167]},"t":23,"s":[365]},{"i":{"x":[0.833],"y":[0.833]},"o":{"x":[0.167],"y":[0.167]},"t":23.865,"s":[365]},{"i":{"x":[0.833],"y":[0.833]},"o":{"x":[0.167],"y":[0.167]},"t":24.73,"s":[365]},{"i":{"x":[0.833],"y":[0.833]},"o":{"x":[0.167],"y":[0.167]},"t":25.596,"s":[365]},{"i":{"x":[0.4],"y":[11.597]},"o":{"x":[0.6],"y":[0.167]},"t":26.461,"s":[365]},{"i":{"x":[0.4],"y":[0.949]},"o":{"x":[0.6],"y":[0.164]},"t":27.328,"s":[364.992]},{"i":{"x":[0.4],"y":[1.076]},"o":{"x":[0.6],"y":[-0.074]},"t":28.193,"s":[365.52]},{"i":{"x":[0.4],"y":[0.834]},"o":{"x":[0.6],"y":[0.052]},"t":29.059,"s":[365.154]},{"i":{"x":[0.4],"y":[43.868]},"o":{"x":[0.6],"y":[-27.772]},"t":29.924,"s":[365.687]},{"i":{"x":[0.4],"y":[0.95]},"o":{"x":[0.6],"y":[0.359]},"t":30.789,"s":[365.684]},{"i":{"x":[0.4],"y":[-1.086]},"o":{"x":[0.6],"y":[-0.12]},"t":31.654,"s":[366.064]},{"i":{"x":[0.4],"y":[0.97]},"o":{"x":[0.6],"y":[0.12]},"t":32.52,"s":[365.907]},{"i":{"x":[0.4],"y":[0.838]},"o":{"x":[0.6],"y":[-0.091]},"t":33.385,"s":[363.188]},{"i":{"x":[0.4],"y":[2.009]},"o":{"x":[0.6],"y":[-5.619]},"t":34.25,"s":[364.093]},{"i":{"x":[0.4],"y":[0.583]},"o":{"x":[0.6],"y":[0.041]},"t":35.115,"s":[364.067]},{"i":{"x":[0.4],"y":[0.788]},"o":{"x":[0.6],"y":[0.302]},"t":35.982,"s":[364.714]},{"i":{"x":[0.4],"y":[1.154]},"o":{"x":[0.6],"y":[0.777]},"t":36.848,"s":[365.606]},{"i":{"x":[0.4],"y":[0.763]},"o":{"x":[0.6],"y":[0.04]},"t":37.709,"s":[365.848]},{"i":{"x":[0.4],"y":[1.403]},"o":{"x":[0.6],"y":[0.561]},"t":38.574,"s":[364.921]},{"i":{"x":[0.4],"y":[0.891]},"o":{"x":[0.6],"y":[0.119]},"t":39.441,"s":[364.528]},{"i":{"x":[0.4],"y":[1.019]},"o":{"x":[0.6],"y":[0.339]},"t":40.307,"s":[365.855]},{"i":{"x":[0.4],"y":[-0.289]},"o":{"x":[0.6],"y":[0.015]},"t":41.172,"s":[366.281]},{"i":{"x":[0.4],"y":[0.927]},"o":{"x":[0.6],"y":[0.371]},"t":42.037,"s":[365.719]},{"i":{"x":[0.4],"y":[1.015]},"o":{"x":[0.6],"y":[1.224]},"t":42.902,"s":[363.771]},{"i":{"x":[0.4],"y":[1.357]},"o":{"x":[0.6],"y":[0.014]},"t":43.768,"s":[363.654]},{"i":{"x":[0.4],"y":[0.614]},"o":{"x":[0.6],"y":[0.114]},"t":44.633,"s":[363.781]},{"i":{"x":[0.4],"y":[0.945]},"o":{"x":[0.6],"y":[0.293]},"t":45.498,"s":[363.383]},{"i":{"x":[0.4],"y":[0.518]},"o":{"x":[0.6],"y":[-0.082]},"t":46.363,"s":[362.86]},{"i":{"x":[0.4],"y":[0.791]},"o":{"x":[0.6],"y":[0.255]},"t":47.229,"s":[363.21]},{"i":{"x":[0.4],"y":[-0.192]},"o":{"x":[0.6],"y":[0.832]},"t":48.096,"s":[363.873]},{"i":{"x":[0.4],"y":[0.852]},"o":{"x":[0.6],"y":[0.08]},"t":48.961,"s":[364.039]},{"i":{"x":[0.4],"y":[1.179]},"o":{"x":[0.6],"y":[0.415]},"t":49.826,"s":[366.52]},{"i":{"x":[0.4],"y":[0.612]},"o":{"x":[0.6],"y":[0.066]},"t":50.691,"s":[367.404]},{"i":{"x":[0.833],"y":[0.833]},"o":{"x":[0.167],"y":[0.167]},"t":51.557,"s":[365]},{"i":{"x":[0.833],"y":[0.833]},"o":{"x":[0.167],"y":[0.167]},"t":53,"s":[365]},{"i":{"x":[0.833],"y":[0.833]},"o":{"x":[0.167],"y":[0.167]},"t":54,"s":[365]},{"i":{"x":[0.833],"y":[0.833]},"o":{"x":[0.167],"y":[0.167]},"t":55,"s":[365]},{"i":{"x":[0.833],"y":[0.833]},"o":{"x":[0.167],"y":[0.167]},"t":56,"s":[365]},{"i":{"x":[0.833],"y":[0.833]},"o":{"x":[0.167],"y":[0.167]},"t":57,"s":[365]},{"i":{"x":[0.833],"y":[0.833]},"o":{"x":[0.167],"y":[0.167]},"t":58,"s":[365]},{"i":{"x":[0.833],"y":[0.833]},"o":{"x":[0.167],"y":[0.167]},"t":59,"s":[365]},{"i":{"x":[0.833],"y":[0.833]},"o":{"x":[0.167],"y":[0.167]},"t":60,"s":[365]},{"i":{"x":[0.833],"y":[0.833]},"o":{"x":[0.167],"y":[0.167]},"t":61,"s":[365]},{"i":{"x":[0.833],"y":[0.833]},"o":{"x":[0.167],"y":[0.167]},"t":62,"s":[365]},{"i":{"x":[0.833],"y":[0.833]},"o":{"x":[0.167],"y":[0.167]},"t":63,"s":[365]},{"i":{"x":[0.833],"y":[0.833]},"o":{"x":[0.167],"y":[0.167]},"t":64,"s":[365]},{"i":{"x":[0.833],"y":[0.833]},"o":{"x":[0.167],"y":[0.167]},"t":65,"s":[365]},{"i":{"x":[0.833],"y":[0.833]},"o":{"x":[0.167],"y":[0.167]},"t":66,"s":[365]},{"i":{"x":[0.833],"y":[0.833]},"o":{"x":[0.167],"y":[0.167]},"t":67,"s":[365]},{"i":{"x":[0.833],"y":[0.833]},"o":{"x":[0.167],"y":[0.167]},"t":68,"s":[365]},{"i":{"x":[0.833],"y":[0.833]},"o":{"x":[0.167],"y":[0.167]},"t":69,"s":[365]},{"i":{"x":[0.833],"y":[0.833]},"o":{"x":[0.167],"y":[0.167]},"t":70,"s":[365]},{"i":{"x":[0.833],"y":[0.833]},"o":{"x":[0.167],"y":[0.167]},"t":71,"s":[365]},{"i":{"x":[0.833],"y":[0.833]},"o":{"x":[0.167],"y":[0.167]},"t":72,"s":[365]},{"i":{"x":[0.833],"y":[0.833]},"o":{"x":[0.167],"y":[0.167]},"t":73,"s":[365]},{"i":{"x":[0.833],"y":[0.833]},"o":{"x":[0.167],"y":[0.167]},"t":74,"s":[365]},{"i":{"x":[0.833],"y":[0.833]},"o":{"x":[0.167],"y":[0.167]},"t":75,"s":[365]},{"i":{"x":[0.833],"y":[0.833]},"o":{"x":[0.167],"y":[0.167]},"t":76,"s":[365]},{"i":{"x":[0.833],"y":[0.833]},"o":{"x":[0.167],"y":[0.167]},"t":77,"s":[365]},{"i":{"x":[0.833],"y":[0.833]},"o":{"x":[0.167],"y":[0.167]},"t":78,"s":[365]},{"i":{"x":[0.833],"y":[0.833]},"o":{"x":[0.167],"y":[0.167]},"t":79,"s":[365]},{"i":{"x":[0.833],"y":[0.833]},"o":{"x":[0.167],"y":[0.167]},"t":80,"s":[365]},{"i":{"x":[0.833],"y":[0.833]},"o":{"x":[0.167],"y":[0.167]},"t":81,"s":[365]},{"i":{"x":[0.833],"y":[0.833]},"o":{"x":[0.167],"y":[0.167]},"t":82,"s":[365]},{"i":{"x":[0.833],"y":[0.833]},"o":{"x":[0.167],"y":[0.167]},"t":83,"s":[365]},{"i":{"x":[0.833],"y":[0.833]},"o":{"x":[0.167],"y":[0.167]},"t":84,"s":[365]},{"i":{"x":[0.833],"y":[0.833]},"o":{"x":[0.167],"y":[0.167]},"t":85,"s":[365]},{"i":{"x":[0.833],"y":[0.833]},"o":{"x":[0.167],"y":[0.167]},"t":86,"s":[365]},{"i":{"x":[0.833],"y":[0.833]},"o":{"x":[0.167],"y":[0.167]},"t":87,"s":[365]},{"i":{"x":[0.833],"y":[0.833]},"o":{"x":[0.167],"y":[0.167]},"t":88,"s":[365]},{"i":{"x":[0.833],"y":[0.833]},"o":{"x":[0.167],"y":[0.167]},"t":89,"s":[365]},{"i":{"x":[0.833],"y":[0.833]},"o":{"x":[0.167],"y":[0.167]},"t":90,"s":[365]},{"i":{"x":[0.833],"y":[0.833]},"o":{"x":[0.167],"y":[0.167]},"t":91,"s":[365]},{"i":{"x":[0.833],"y":[0.833]},"o":{"x":[0.167],"y":[0.167]},"t":92,"s":[365]},{"i":{"x":[0.833],"y":[0.833]},"o":{"x":[0.167],"y":[0.167]},"t":93,"s":[365]},{"i":{"x":[0.833],"y":[0.833]},"o":{"x":[0.167],"y":[0.167]},"t":94,"s":[365]},{"i":{"x":[0.833],"y":[0.833]},"o":{"x":[0.167],"y":[0.167]},"t":95,"s":[365]},{"i":{"x":[0.833],"y":[0.833]},"o":{"x":[0.167],"y":[0.167]},"t":96,"s":[365]},{"i":{"x":[0.833],"y":[0.833]},"o":{"x":[0.167],"y":[0.167]},"t":97,"s":[365]},{"i":{"x":[0.833],"y":[0.833]},"o":{"x":[0.167],"y":[0.167]},"t":98,"s":[365]},{"i":{"x":[0.833],"y":[0.833]},"o":{"x":[0.167],"y":[0.167]},"t":99,"s":[365]},{"i":{"x":[0.833],"y":[0.833]},"o":{"x":[0.167],"y":[0.167]},"t":100,"s":[365]},{"i":{"x":[0.833],"y":[0.833]},"o":{"x":[0.167],"y":[0.167]},"t":101,"s":[365]},{"i":{"x":[0.833],"y":[0.833]},"o":{"x":[0.167],"y":[0.167]},"t":102,"s":[365]},{"i":{"x":[0.833],"y":[0.833]},"o":{"x":[0.167],"y":[0.167]},"t":103,"s":[365]},{"t":104,"s":[365]}],"ix":3},"y":{"a":1,"k":[{"i":{"x":[0.833],"y":[0.833]},"o":{"x":[0.167],"y":[0.167]},"t":23,"s":[450]},{"i":{"x":[0.833],"y":[0.833]},"o":{"x":[0.167],"y":[0.167]},"t":23.865,"s":[450]},{"i":{"x":[0.833],"y":[0.833]},"o":{"x":[0.167],"y":[0.167]},"t":24.73,"s":[450]},{"i":{"x":[0.833],"y":[0.833]},"o":{"x":[0.167],"y":[0.167]},"t":25.596,"s":[450]},{"i":{"x":[0.4],"y":[0.582]},"o":{"x":[0.6],"y":[0.167]},"t":26.461,"s":[450]},{"i":{"x":[0.4],"y":[1.054]},"o":{"x":[0.6],"y":[0.431]},"t":27.328,"s":[449.688]},{"i":{"x":[0.4],"y":[0.972]},"o":{"x":[0.6],"y":[0.03]},"t":28.193,"s":[449.386]},{"i":{"x":[0.4],"y":[1.082]},"o":{"x":[0.6],"y":[-0.03]},"t":29.059,"s":[449.924]},{"i":{"x":[0.4],"y":[0.932]},"o":{"x":[0.6],"y":[0.039]},"t":29.924,"s":[449.424]},{"i":{"x":[0.4],"y":[1.061]},"o":{"x":[0.6],"y":[0.246]},"t":30.789,"s":[450.479]},{"i":{"x":[0.4],"y":[0.71]},"o":{"x":[0.6],"y":[0.015]},"t":31.654,"s":[450.77]},{"i":{"x":[0.4],"y":[1.103]},"o":{"x":[0.6],"y":[-0.363]},"t":32.52,"s":[449.588]},{"i":{"x":[0.4],"y":[0.919]},"o":{"x":[0.6],"y":[0.045]},"t":33.385,"s":[450.532]},{"i":{"x":[0.4],"y":[-5.512]},"o":{"x":[0.6],"y":[-8.276]},"t":34.25,"s":[448.375]},{"i":{"x":[0.4],"y":[0.466]},"o":{"x":[0.6],"y":[0.124]},"t":35.115,"s":[448.396]},{"i":{"x":[0.4],"y":[0.96]},"o":{"x":[0.6],"y":[0.459]},"t":35.982,"s":[449.504]},{"i":{"x":[0.4],"y":[0.175]},"o":{"x":[0.6],"y":[-0.433]},"t":36.848,"s":[450.791]},{"i":{"x":[0.4],"y":[0.895]},"o":{"x":[0.6],"y":[0.058]},"t":37.709,"s":[450.672]},{"i":{"x":[0.4],"y":[0.823]},"o":{"x":[0.6],"y":[0.446]},"t":38.574,"s":[448.964]},{"i":{"x":[0.4],"y":[0.774]},"o":{"x":[0.6],"y":[2.927]},"t":39.441,"s":[448.561]},{"i":{"x":[0.4],"y":[9.771]},"o":{"x":[0.6],"y":[0.638]},"t":40.307,"s":[448.536]},{"i":{"x":[0.4],"y":[0.625]},"o":{"x":[0.6],"y":[0.164]},"t":41.172,"s":[448.528]},{"i":{"x":[0.4],"y":[0.961]},"o":{"x":[0.6],"y":[0.106]},"t":42.037,"s":[448.99]},{"i":{"x":[0.4],"y":[-4.008]},"o":{"x":[0.6],"y":[-3.384]},"t":42.902,"s":[450.623]},{"i":{"x":[0.4],"y":[0.858]},"o":{"x":[0.6],"y":[0.051]},"t":43.768,"s":[450.604]},{"i":{"x":[0.4],"y":[0.807]},"o":{"x":[0.6],"y":[0.334]},"t":44.633,"s":[448.753]},{"i":{"x":[0.4],"y":[1.646]},"o":{"x":[0.6],"y":[1.227]},"t":45.498,"s":[447.968]},{"i":{"x":[0.4],"y":[0.453]},"o":{"x":[0.6],"y":[0.132]},"t":46.363,"s":[447.845]},{"i":{"x":[0.4],"y":[0.882]},"o":{"x":[0.6],"y":[0.14]},"t":47.229,"s":[448.446]},{"i":{"x":[0.4],"y":[0.824]},"o":{"x":[0.6],"y":[0.395]},"t":48.096,"s":[450.798]},{"i":{"x":[0.4],"y":[3.166]},"o":{"x":[0.6],"y":[3.052]},"t":48.961,"s":[451.497]},{"i":{"x":[0.4],"y":[0.67]},"o":{"x":[0.6],"y":[0.155]},"t":49.826,"s":[451.537]},{"i":{"x":[0.4],"y":[0.181]},"o":{"x":[0.6],"y":[0.192]},"t":50.691,"s":[450.972]},{"i":{"x":[0.833],"y":[0.833]},"o":{"x":[0.167],"y":[0.167]},"t":51.557,"s":[450]},{"i":{"x":[0.833],"y":[0.833]},"o":{"x":[0.167],"y":[0.167]},"t":53,"s":[450]},{"i":{"x":[0.833],"y":[0.833]},"o":{"x":[0.167],"y":[0.167]},"t":54,"s":[450]},{"i":{"x":[0.833],"y":[0.833]},"o":{"x":[0.167],"y":[0.167]},"t":55,"s":[450]},{"i":{"x":[0.833],"y":[0.833]},"o":{"x":[0.167],"y":[0.167]},"t":56,"s":[450]},{"i":{"x":[0.833],"y":[0.833]},"o":{"x":[0.167],"y":[0.167]},"t":57,"s":[450]},{"i":{"x":[0.833],"y":[0.833]},"o":{"x":[0.167],"y":[0.167]},"t":58,"s":[450]},{"i":{"x":[0.833],"y":[0.833]},"o":{"x":[0.167],"y":[0.167]},"t":59,"s":[450]},{"i":{"x":[0.833],"y":[0.833]},"o":{"x":[0.167],"y":[0.167]},"t":60,"s":[450]},{"i":{"x":[0.833],"y":[0.833]},"o":{"x":[0.167],"y":[0.167]},"t":61,"s":[450]},{"i":{"x":[0.833],"y":[0.833]},"o":{"x":[0.167],"y":[0.167]},"t":62,"s":[450]},{"i":{"x":[0.833],"y":[0.833]},"o":{"x":[0.167],"y":[0.167]},"t":63,"s":[450]},{"i":{"x":[0.833],"y":[0.833]},"o":{"x":[0.167],"y":[0.167]},"t":64,"s":[450]},{"i":{"x":[0.833],"y":[0.833]},"o":{"x":[0.167],"y":[0.167]},"t":65,"s":[450]},{"i":{"x":[0.833],"y":[0.833]},"o":{"x":[0.167],"y":[0.167]},"t":66,"s":[450]},{"i":{"x":[0.833],"y":[0.833]},"o":{"x":[0.167],"y":[0.167]},"t":67,"s":[450]},{"i":{"x":[0.833],"y":[0.833]},"o":{"x":[0.167],"y":[0.167]},"t":68,"s":[450]},{"i":{"x":[0.833],"y":[0.833]},"o":{"x":[0.167],"y":[0.167]},"t":69,"s":[450]},{"i":{"x":[0.833],"y":[0.833]},"o":{"x":[0.167],"y":[0.167]},"t":70,"s":[450]},{"i":{"x":[0.833],"y":[0.833]},"o":{"x":[0.167],"y":[0.167]},"t":71,"s":[450]},{"i":{"x":[0.833],"y":[0.833]},"o":{"x":[0.167],"y":[0.167]},"t":72,"s":[450]},{"i":{"x":[0.833],"y":[0.833]},"o":{"x":[0.167],"y":[0.167]},"t":73,"s":[450]},{"i":{"x":[0.833],"y":[0.833]},"o":{"x":[0.167],"y":[0.167]},"t":74,"s":[450]},{"i":{"x":[0.833],"y":[0.833]},"o":{"x":[0.167],"y":[0.167]},"t":75,"s":[450]},{"i":{"x":[0.833],"y":[0.833]},"o":{"x":[0.167],"y":[0.167]},"t":76,"s":[450]},{"i":{"x":[0.833],"y":[0.833]},"o":{"x":[0.167],"y":[0.167]},"t":77,"s":[450]},{"i":{"x":[0.833],"y":[0.833]},"o":{"x":[0.167],"y":[0.167]},"t":78,"s":[450]},{"i":{"x":[0.833],"y":[0.833]},"o":{"x":[0.167],"y":[0.167]},"t":79,"s":[450]},{"i":{"x":[0.833],"y":[0.833]},"o":{"x":[0.167],"y":[0.167]},"t":80,"s":[450]},{"i":{"x":[0.833],"y":[0.833]},"o":{"x":[0.167],"y":[0.167]},"t":81,"s":[450]},{"i":{"x":[0.833],"y":[0.833]},"o":{"x":[0.167],"y":[0.167]},"t":82,"s":[450]},{"i":{"x":[0.833],"y":[0.833]},"o":{"x":[0.167],"y":[0.167]},"t":83,"s":[450]},{"i":{"x":[0.833],"y":[0.833]},"o":{"x":[0.167],"y":[0.167]},"t":84,"s":[450]},{"i":{"x":[0.833],"y":[0.833]},"o":{"x":[0.167],"y":[0.167]},"t":85,"s":[450]},{"i":{"x":[0.833],"y":[0.833]},"o":{"x":[0.167],"y":[0.167]},"t":86,"s":[450]},{"i":{"x":[0.833],"y":[0.833]},"o":{"x":[0.167],"y":[0.167]},"t":87,"s":[450]},{"i":{"x":[0.833],"y":[0.833]},"o":{"x":[0.167],"y":[0.167]},"t":88,"s":[450]},{"i":{"x":[0.833],"y":[0.833]},"o":{"x":[0.167],"y":[0.167]},"t":89,"s":[450]},{"i":{"x":[0.833],"y":[0.833]},"o":{"x":[0.167],"y":[0.167]},"t":90,"s":[450]},{"i":{"x":[0.833],"y":[0.833]},"o":{"x":[0.167],"y":[0.167]},"t":91,"s":[450]},{"i":{"x":[0.833],"y":[0.833]},"o":{"x":[0.167],"y":[0.167]},"t":92,"s":[450]},{"i":{"x":[0.833],"y":[0.833]},"o":{"x":[0.167],"y":[0.167]},"t":93,"s":[450]},{"i":{"x":[0.833],"y":[0.833]},"o":{"x":[0.167],"y":[0.167]},"t":94,"s":[450]},{"i":{"x":[0.833],"y":[0.833]},"o":{"x":[0.167],"y":[0.167]},"t":95,"s":[450]},{"i":{"x":[0.833],"y":[0.833]},"o":{"x":[0.167],"y":[0.167]},"t":96,"s":[450]},{"i":{"x":[0.833],"y":[0.833]},"o":{"x":[0.167],"y":[0.167]},"t":97,"s":[450]},{"i":{"x":[0.833],"y":[0.833]},"o":{"x":[0.167],"y":[0.167]},"t":98,"s":[450]},{"i":{"x":[0.833],"y":[0.833]},"o":{"x":[0.167],"y":[0.167]},"t":99,"s":[450]},{"i":{"x":[0.833],"y":[0.833]},"o":{"x":[0.167],"y":[0.167]},"t":100,"s":[450]},{"i":{"x":[0.833],"y":[0.833]},"o":{"x":[0.167],"y":[0.167]},"t":101,"s":[450]},{"i":{"x":[0.833],"y":[0.833]},"o":{"x":[0.167],"y":[0.167]},"t":102,"s":[450]},{"i":{"x":[0.833],"y":[0.833]},"o":{"x":[0.167],"y":[0.167]},"t":103,"s":[450]},{"t":104,"s":[450]}],"ix":4}},"a":{"a":0,"k":[0,0,0],"ix":1},"s":{"a":0,"k":[100,100,100],"ix":6}},"ao":0,"ef":[{"ty":5,"nm":"Slider Control","np":3,"mn":"ADBE Slider Control","ix":1,"en":1,"ef":[{"ty":0,"nm":"Slider","mn":"ADBE Slider Control-0001","ix":1,"v":{"a":1,"k":[{"i":{"x":[0.833],"y":[0.833]},"o":{"x":[0.167],"y":[0.167]},"t":23,"s":[0]},{"i":{"x":[0.833],"y":[0.833]},"o":{"x":[0.167],"y":[0.167]},"t":32,"s":[7]},{"i":{"x":[0.833],"y":[0.833]},"o":{"x":[0.167],"y":[0.167]},"t":51,"s":[10]},{"t":52,"s":[0]}],"ix":1}}]},{"ty":5,"nm":"Slider Control 2","np":3,"mn":"ADBE Slider Control","ix":2,"en":1,"ef":[{"ty":0,"nm":"Slider","mn":"ADBE Slider Control-0001","ix":1,"v":{"a":1,"k":[{"i":{"x":[0.833],"y":[0.833]},"o":{"x":[0.167],"y":[0.167]},"t":23,"s":[0]},{"i":{"x":[0.833],"y":[0.833]},"o":{"x":[0.167],"y":[0.167]},"t":32,"s":[7]},{"i":{"x":[0.833],"y":[0.833]},"o":{"x":[0.167],"y":[0.167]},"t":51,"s":[10]},{"t":52,"s":[0]}],"ix":1}}]}],"ip":0,"op":105,"st":19,"bm":0},{"ddd":0,"ind":2,"ty":3,"nm":"Full move","parent":1,"sr":1,"ks":{"o":{"a":0,"k":0,"ix":11},"r":{"a":1,"k":[{"i":{"x":[0.833],"y":[0.833]},"o":{"x":[0.167],"y":[0.167]},"t":49,"s":[0]},{"t":101,"s":[0]}],"ix":10},"p":{"s":true,"x":{"a":1,"k":[{"i":{"x":[0.833],"y":[0.833]},"o":{"x":[0.167],"y":[0.167]},"t":0,"s":[0]},{"i":{"x":[0.833],"y":[0.833]},"o":{"x":[0.167],"y":[0.167]},"t":24,"s":[0]},{"i":{"x":[0.833],"y":[0.833]},"o":{"x":[0.167],"y":[0.167]},"t":49,"s":[0]},{"i":{"x":[0.508],"y":[1]},"o":{"x":[0.009],"y":[0]},"t":64,"s":[0]},{"i":{"x":[0.846],"y":[1]},"o":{"x":[0.426],"y":[0]},"t":103,"s":[0]},{"i":{"x":[0.833],"y":[1]},"o":{"x":[0.021],"y":[0]},"t":138,"s":[0]},{"i":{"x":[0.833],"y":[0.833]},"o":{"x":[0.167],"y":[0.167]},"t":166,"s":[0]},{"t":177,"s":[0]}],"ix":3},"y":{"a":1,"k":[{"i":{"x":[0.667],"y":[1]},"o":{"x":[0.186],"y":[0.119]},"t":0,"s":[-232]},{"i":{"x":[0.703],"y":[1]},"o":{"x":[0.333],"y":[0]},"t":24,"s":[-259.476]},{"i":{"x":[0.107],"y":[1]},"o":{"x":[0.333],"y":[0]},"t":49,"s":[-268]},{"i":{"x":[0.415],"y":[1]},"o":{"x":[0.401],"y":[0]},"t":75,"s":[-323.704]},{"i":{"x":[0.331],"y":[1]},"o":{"x":[0.396],"y":[0]},"t":133,"s":[-323.704]},{"i":{"x":[0.833],"y":[0.833]},"o":{"x":[0.333],"y":[0]},"t":166,"s":[-46]},{"t":177,"s":[-232]}],"ix":4}},"a":{"a":0,"k":[0,0,0],"ix":1},"s":{"a":0,"k":[100,100,100],"ix":6}},"ao":0,"ip":0,"op":222,"st":19,"bm":0},{"ddd":0,"ind":3,"ty":0,"nm":"Arrow","parent":2,"refId":"comp_0","sr":1,"ks":{"o":{"a":0,"k":100,"ix":11},"r":{"a":1,"k":[{"i":{"x":[0.695],"y":[-29.082]},"o":{"x":[0.368],"y":[18.873]},"t":64,"s":[69.378]},{"i":{"x":[0.151],"y":[1]},"o":{"x":[0.132],"y":[0.258]},"t":138,"s":[65.672]},{"i":{"x":[0.11],"y":[1]},"o":{"x":[0.333],"y":[0]},"t":164,"s":[0]},{"t":166,"s":[0]}],"ix":10},"p":{"s":true,"x":{"a":1,"k":[{"i":{"x":[0.695],"y":[-46.84]},"o":{"x":[0.368],"y":[0]},"t":64,"s":[-848]},{"i":{"x":[0.155],"y":[1]},"o":{"x":[0.125],"y":[0.146]},"t":138,"s":[-830.411]},{"i":{"x":[0.11],"y":[1]},"o":{"x":[0.333],"y":[0]},"t":164,"s":[0]},{"i":{"x":[0.833],"y":[1]},"o":{"x":[0.333],"y":[0]},"t":166,"s":[0]},{"t":177,"s":[0]}],"ix":3},"y":{"a":1,"k":[{"i":{"x":[0.695],"y":[-46.84]},"o":{"x":[0.368],"y":[0]},"t":64,"s":[449]},{"i":{"x":[0.58],"y":[1]},"o":{"x":[0.125],"y":[0.126]},"t":138,"s":[442.363]},{"i":{"x":[0.11],"y":[1]},"o":{"x":[0.333],"y":[0]},"t":164,"s":[78.079]},{"i":{"x":[0.833],"y":[0.833]},"o":{"x":[0.333],"y":[0]},"t":166,"s":[78.079]},{"t":177,"s":[311]}],"ix":4}},"a":{"a":0,"k":[365,509,0],"ix":1},"s":{"a":0,"k":[100,100,100],"ix":6}},"ao":0,"w":730,"h":860,"ip":62,"op":194,"st":62,"bm":0},{"ddd":0,"ind":4,"ty":4,"nm":"line","parent":2,"sr":1,"ks":{"o":{"a":0,"k":100,"ix":11},"r":{"a":0,"k":0,"ix":10},"p":{"a":0,"k":[0,232,0],"ix":2},"a":{"a":0,"k":[0,0,0],"ix":1},"s":{"a":0,"k":[100,100,100],"ix":6}},"ao":0,"shapes":[{"ty":"gr","it":[{"ind":0,"ty":"sh","ix":1,"ks":{"a":1,"k":[{"i":{"x":0.833,"y":0.833},"o":{"x":0.167,"y":0.167},"t":51,"s":[{"i":[[0,0],[-132.528,0],[0,0]],"o":[[0,0],[132.528,0],[0,0]],"v":[[-228.5,-150],[-3.057,-187.603],[227.5,-149.5]],"c":false}]},{"i":{"x":0.833,"y":0.833},"o":{"x":0.167,"y":0.167},"t":53,"s":[{"i":[[0,0],[-132.528,0],[0,0]],"o":[[0,0],[132.528,0],[0,0]],"v":[[-228.5,-150],[-3.114,-99.603],[227.5,-149.5]],"c":false}]},{"i":{"x":0.833,"y":0.833},"o":{"x":0.167,"y":0.167},"t":55,"s":[{"i":[[0,0],[-132.528,0],[0,0]],"o":[[0,0],[132.528,0],[0,0]],"v":[[-228.5,-150],[-3.057,-187.603],[227.5,-149.5]],"c":false}]},{"i":{"x":0.833,"y":0.833},"o":{"x":0.167,"y":0.167},"t":57,"s":[{"i":[[0,0],[-132.528,0],[0,0]],"o":[[0,0],[132.528,0],[0,0]],"v":[[-228.5,-150],[-3.114,-99.603],[227.5,-149.5]],"c":false}]},{"i":{"x":0.833,"y":0.833},"o":{"x":0.167,"y":0.167},"t":59,"s":[{"i":[[0,0],[-132.528,0],[0,0]],"o":[[0,0],[132.528,0],[0,0]],"v":[[-228.5,-150],[-3.057,-187.603],[227.5,-149.5]],"c":false}]},{"i":{"x":0.833,"y":0.833},"o":{"x":0.167,"y":0.167},"t":61,"s":[{"i":[[0,0],[-132.528,0],[0,0]],"o":[[0,0],[132.528,0],[0,0]],"v":[[-228.5,-150],[-3.114,-99.603],[227.5,-149.5]],"c":false}]},{"i":{"x":0.833,"y":0.833},"o":{"x":0.167,"y":0.167},"t":63,"s":[{"i":[[0,0],[-132.528,0],[0,0]],"o":[[0,0],[132.528,0],[0,0]],"v":[[-228.5,-150],[-3.057,-187.603],[227.5,-149.5]],"c":false}]},{"i":{"x":0.833,"y":0.833},"o":{"x":0.167,"y":0.167},"t":65,"s":[{"i":[[0,0],[-132.528,0],[0,0]],"o":[[0,0],[132.528,0],[0,0]],"v":[[-228.5,-150],[-3.114,-99.603],[227.5,-149.5]],"c":false}]},{"i":{"x":0.833,"y":0.833},"o":{"x":0.167,"y":0.167},"t":67,"s":[{"i":[[0,0],[-132.528,0],[0,0]],"o":[[0,0],[132.528,0],[0,0]],"v":[[-228.5,-150],[-3.114,-99.603],[227.5,-149.5]],"c":false}]},{"i":{"x":0.833,"y":0.833},"o":{"x":0.167,"y":0.167},"t":69,"s":[{"i":[[0,0],[-132.528,0],[0,0]],"o":[[0,0],[132.528,0],[0,0]],"v":[[-228.5,-150],[-3.057,-187.603],[227.5,-149.5]],"c":false}]},{"i":{"x":0.833,"y":0.833},"o":{"x":0.167,"y":0.167},"t":71,"s":[{"i":[[0,0],[-132.528,0],[0,0]],"o":[[0,0],[132.528,0],[0,0]],"v":[[-228.5,-150],[-3.114,-99.603],[227.5,-149.5]],"c":false}]},{"i":{"x":0.833,"y":0.833},"o":{"x":0.167,"y":0.167},"t":73,"s":[{"i":[[0,0],[-132.528,0],[0,0]],"o":[[0,0],[132.528,0],[0,0]],"v":[[-228.5,-150],[-3.057,-187.603],[227.5,-149.5]],"c":false}]},{"i":{"x":0.833,"y":0.833},"o":{"x":0.167,"y":0.167},"t":75,"s":[{"i":[[0,0],[-132.528,0],[0,0]],"o":[[0,0],[132.528,0],[0,0]],"v":[[-228.5,-150],[-3.114,-99.603],[227.5,-149.5]],"c":false}]},{"i":{"x":0.833,"y":0.833},"o":{"x":0.167,"y":0.167},"t":77,"s":[{"i":[[0,0],[-132.528,0],[0,0]],"o":[[0,0],[132.528,0],[0,0]],"v":[[-228.5,-150],[-3.114,-175.103],[227.5,-149.5]],"c":false}]},{"i":{"x":0.833,"y":0.833},"o":{"x":0.167,"y":0.167},"t":79.461,"s":[{"i":[[0,0],[-132.528,0],[0,0]],"o":[[0,0],[132.528,0],[0,0]],"v":[[-228.5,-150],[-3.228,-119.603],[227.5,-149.5]],"c":false}]},{"i":{"x":0.833,"y":0.833},"o":{"x":0.167,"y":0.167},"t":82,"s":[{"i":[[0,0],[-132.528,0],[0,0]],"o":[[0,0],[132.528,0],[0,0]],"v":[[-228.5,-150],[-3.228,-161.603],[227.5,-149.5]],"c":false}]},{"i":{"x":0.833,"y":0.833},"o":{"x":0.167,"y":0.167},"t":85,"s":[{"i":[[0,0],[-132.528,0],[0,0]],"o":[[0,0],[132.528,0],[0,0]],"v":[[-228.5,-150],[-3.455,-138.103],[227.5,-149.5]],"c":false}]},{"i":{"x":0.833,"y":0.833},"o":{"x":0.167,"y":0.167},"t":87,"s":[{"i":[[0,0],[-132.528,0],[0,0]],"o":[[0,0],[132.528,0],[0,0]],"v":[[-228.5,-150],[-2.614,-158.603],[227.5,-149.5]],"c":false}]},{"i":{"x":0.833,"y":0.833},"o":{"x":0.167,"y":0.167},"t":91,"s":[{"i":[[0,0],[-132.528,0],[0,0]],"o":[[0,0],[132.528,0],[0,0]],"v":[[-228.5,-150],[-2.728,-147.103],[227.5,-149.5]],"c":false}]},{"i":{"x":0.667,"y":1},"o":{"x":0.167,"y":0.167},"t":95,"s":[{"i":[[0,0],[-132.528,0],[0,0]],"o":[[0,0],[132.528,0],[0,0]],"v":[[-228.5,-150],[-2.955,-150.603],[227.5,-149.5]],"c":false}]},{"t":99,"s":[{"i":[[0,0],[-132.528,0],[0,0]],"o":[[0,0],[132.528,0],[0,0]],"v":[[-228.5,-150],[-2.728,-150.103],[227.5,-149.5]],"c":false}]}],"ix":2},"nm":"Path 1","mn":"ADBE Vector Shape - Group","hd":false},{"ty":"st","c":{"a":0,"k":[1,1,1,1],"ix":3},"o":{"a":0,"k":100,"ix":4},"w":{"a":0,"k":20,"ix":5},"lc":2,"lj":1,"ml":4,"bm":0,"nm":"Stroke 1","mn":"ADBE Vector Graphic - Stroke","hd":false},{"ty":"tr","p":{"a":0,"k":[0,0],"ix":2},"a":{"a":0,"k":[0,0],"ix":1},"s":{"a":0,"k":[100,100],"ix":3},"r":{"a":0,"k":0,"ix":6},"o":{"a":0,"k":100,"ix":7},"sk":{"a":0,"k":0,"ix":4},"sa":{"a":0,"k":0,"ix":5},"nm":"Transform"}],"nm":"Shape 1","np":3,"cix":2,"bm":0,"ix":1,"mn":"ADBE Vector Group","hd":false}],"ip":51,"op":165,"st":19,"bm":0},{"ddd":0,"ind":5,"ty":3,"nm":"Arrow","parent":2,"sr":1,"ks":{"o":{"a":0,"k":0,"ix":11},"r":{"a":0,"k":0,"ix":10},"p":{"a":0,"k":[0,275,0],"ix":2},"a":{"a":0,"k":[0,0,0],"ix":1},"s":{"a":0,"k":[100,100,100],"ix":6}},"ao":0,"ip":0,"op":222,"st":19,"bm":0},{"ddd":0,"ind":6,"ty":4,"nm":"Rectangle-Copy-35","parent":2,"sr":1,"ks":{"o":{"a":0,"k":100,"ix":11},"r":{"a":0,"k":0,"ix":10},"p":{"a":1,"k":[{"i":{"x":0.136,"y":1},"o":{"x":0.167,"y":0.167},"t":0,"s":[70,16.578,0],"to":[0,2.081,0],"ti":[0,-3.417,0]},{"i":{"x":0.603,"y":1},"o":{"x":0.333,"y":0},"t":24,"s":[70,37.078,0],"to":[0,0,0],"ti":[0,0.391,0]},{"i":{"x":0.667,"y":1},"o":{"x":0.333,"y":0},"t":49,"s":[70,37.078,0],"to":[0,-1,0],"ti":[0,4.417,0]},{"i":{"x":0.667,"y":0.667},"o":{"x":0.333,"y":0.333},"t":51,"s":[70,10.578,0],"to":[0,0,0],"ti":[0,0,0]},{"i":{"x":0.667,"y":0.667},"o":{"x":0.333,"y":0.333},"t":138,"s":[70,10.578,0],"to":[0,0,0],"ti":[0,0,0]},{"i":{"x":0.833,"y":0.833},"o":{"x":0.333,"y":0},"t":166,"s":[70,10.578,0],"to":[0,1,0],"ti":[0,0,0]},{"t":178,"s":[70,16.578,0]}],"ix":2},"a":{"a":0,"k":[70,-215.422,0],"ix":1},"s":{"a":0,"k":[100,100,100],"ix":6}},"ao":0,"shapes":[{"ty":"gr","it":[{"ind":0,"ty":"sh","ix":1,"ks":{"a":0,"k":{"i":[[-8.284,0],[0,-8.284],[0,0],[8.284,0],[0,8.284],[0,0]],"o":[[8.284,0],[0,0],[0,8.284],[-8.284,0],[0,0],[0,-8.284]],"v":[[70,-260.422],[85,-245.422],[85,-185.422],[70,-170.422],[55,-185.422],[55,-245.422]],"c":true},"ix":2},"nm":"Path 1","mn":"ADBE Vector Shape - Group","hd":false},{"ty":"fl","c":{"a":0,"k":[1,0.243137255311,0.243137255311,1],"ix":4},"o":{"a":0,"k":100,"ix":5},"r":1,"bm":0,"nm":"Fill 1","mn":"ADBE Vector Graphic - Fill","hd":false},{"ty":"tr","p":{"a":0,"k":[0,0],"ix":2},"a":{"a":0,"k":[0,0],"ix":1},"s":{"a":0,"k":[100,100],"ix":3},"r":{"a":0,"k":0,"ix":6},"o":{"a":0,"k":100,"ix":7},"sk":{"a":0,"k":0,"ix":4},"sa":{"a":0,"k":0,"ix":5},"nm":"Transform"}],"nm":"Rectangle-Copy-35","np":2,"cix":2,"bm":0,"ix":1,"mn":"ADBE Vector Group","hd":false}],"ip":0,"op":222,"st":19,"bm":0},{"ddd":0,"ind":7,"ty":4,"nm":"Rectangle-Copy-7","parent":2,"sr":1,"ks":{"o":{"a":0,"k":100,"ix":11},"r":{"a":0,"k":0,"ix":10},"p":{"a":1,"k":[{"i":{"x":0.136,"y":1},"o":{"x":0.167,"y":0.167},"t":0,"s":[-70,16.578,0],"to":[0,2.081,0],"ti":[0,-3.417,0]},{"i":{"x":0.603,"y":1},"o":{"x":0.333,"y":0},"t":24,"s":[-70,37.078,0],"to":[0,0,0],"ti":[0,0.391,0]},{"i":{"x":0.667,"y":1},"o":{"x":0.333,"y":0},"t":49,"s":[-70,37.078,0],"to":[0,-1,0],"ti":[0,4.417,0]},{"i":{"x":0.667,"y":0.667},"o":{"x":0.333,"y":0.333},"t":51,"s":[-70,10.578,0],"to":[0,0,0],"ti":[0,0,0]},{"i":{"x":0.667,"y":0.667},"o":{"x":0.333,"y":0.333},"t":138,"s":[-70,10.578,0],"to":[0,0,0],"ti":[0,0,0]},{"i":{"x":0.833,"y":0.833},"o":{"x":0.333,"y":0},"t":166,"s":[-70,10.578,0],"to":[0,1,0],"ti":[0,0,0]},{"t":178,"s":[-70,16.578,0]}],"ix":2},"a":{"a":0,"k":[-70,-215.422,0],"ix":1},"s":{"a":0,"k":[100,100,100],"ix":6}},"ao":0,"shapes":[{"ty":"gr","it":[{"ind":0,"ty":"sh","ix":1,"ks":{"a":0,"k":{"i":[[-8.284,0],[0,-8.284],[0,0],[8.284,0],[0,8.284],[0,0]],"o":[[8.284,0],[0,0],[0,8.284],[-8.284,0],[0,0],[0,-8.284]],"v":[[-70,-260.422],[-55,-245.422],[-55,-185.422],[-70,-170.422],[-85,-185.422],[-85,-245.422]],"c":true},"ix":2},"nm":"Path 1","mn":"ADBE Vector Shape - Group","hd":false},{"ty":"fl","c":{"a":0,"k":[1,0.243137255311,0.243137255311,1],"ix":4},"o":{"a":0,"k":100,"ix":5},"r":1,"bm":0,"nm":"Fill 1","mn":"ADBE Vector Graphic - Fill","hd":false},{"ty":"tr","p":{"a":0,"k":[0,0],"ix":2},"a":{"a":0,"k":[0,0],"ix":1},"s":{"a":0,"k":[100,100],"ix":3},"r":{"a":0,"k":0,"ix":6},"o":{"a":0,"k":100,"ix":7},"sk":{"a":0,"k":0,"ix":4},"sa":{"a":0,"k":0,"ix":5},"nm":"Transform"}],"nm":"Rectangle-Copy-7","np":2,"cix":2,"bm":0,"ix":1,"mn":"ADBE Vector Group","hd":false}],"ip":0,"op":222,"st":19,"bm":0},{"ddd":0,"ind":8,"ty":4,"nm":"r string 2","parent":15,"sr":1,"ks":{"o":{"a":0,"k":100,"ix":11},"r":{"a":1,"k":[{"i":{"x":[0.187],"y":[1]},"o":{"x":[0.205],"y":[0.101]},"t":0,"s":[0]},{"i":{"x":[0.622],"y":[1]},"o":{"x":[0.333],"y":[0]},"t":24,"s":[-26]},{"i":{"x":[0.833],"y":[1]},"o":{"x":[0.333],"y":[0]},"t":49,"s":[-26]},{"i":{"x":[0.564],"y":[-2.477]},"o":{"x":[0.182],"y":[0]},"t":51,"s":[34.856]},{"i":{"x":[0.841],"y":[1]},"o":{"x":[0.38],"y":[0.422]},"t":138,"s":[34.856]},{"i":{"x":[0.833],"y":[0.833]},"o":{"x":[0.167],"y":[0]},"t":166,"s":[34.856]},{"t":178,"s":[0]}],"ix":10},"p":{"a":0,"k":[218,-126.922,0],"ix":2},"a":{"a":0,"k":[218,-126.922,0],"ix":1},"s":{"a":0,"k":[100,100,100],"ix":6}},"ao":0,"shapes":[{"ty":"gr","it":[{"ind":0,"ty":"sh","ix":1,"ks":{"a":0,"k":{"i":[[-2.761,-4.783],[0,0],[4.783,-2.761],[0,0],[2.761,4.783],[0,0],[-4.783,2.761],[0,0]],"o":[[0,0],[2.761,4.783],[0,0],[-4.783,2.761],[0,0],[-2.761,-4.783],[0,0],[4.783,-2.761]],"v":[[227.583,-132.922],[227.583,-132.922],[223.923,-119.262],[16.077,0.738],[2.417,-2.922],[2.417,-2.922],[6.077,-16.583],[213.923,-136.583]],"c":true},"ix":2},"nm":"Path 1","mn":"ADBE Vector Shape - Group","hd":false},{"ty":"fl","c":{"a":0,"k":[1,1,1,1],"ix":4},"o":{"a":0,"k":100,"ix":5},"r":1,"bm":0,"nm":"Fill 1","mn":"ADBE Vector Graphic - Fill","hd":false},{"ty":"tr","p":{"a":0,"k":[0,0],"ix":2},"a":{"a":0,"k":[0,0],"ix":1},"s":{"a":0,"k":[100,100],"ix":3},"r":{"a":0,"k":0,"ix":6},"o":{"a":0,"k":100,"ix":7},"sk":{"a":0,"k":0,"ix":4},"sa":{"a":0,"k":0,"ix":5},"nm":"Transform"}],"nm":"Rectangle-Copy-31","np":2,"cix":2,"bm":0,"ix":1,"mn":"ADBE Vector Group","hd":false}],"ip":165,"op":222,"st":19,"bm":0},{"ddd":0,"ind":9,"ty":4,"nm":"l string 2","parent":16,"sr":1,"ks":{"o":{"a":0,"k":100,"ix":11},"r":{"a":1,"k":[{"i":{"x":[0.187],"y":[1]},"o":{"x":[0.205],"y":[0.101]},"t":0,"s":[0]},{"i":{"x":[0.622],"y":[-41.601]},"o":{"x":[0.333],"y":[0]},"t":24,"s":[25.954]},{"i":{"x":[0.833],"y":[1]},"o":{"x":[0.333],"y":[0]},"t":49,"s":[25.954]},{"i":{"x":[0.564],"y":[-2.477]},"o":{"x":[0.182],"y":[0]},"t":51,"s":[-34.929]},{"i":{"x":[0.841],"y":[1]},"o":{"x":[0.38],"y":[0.422]},"t":138,"s":[-34.929]},{"i":{"x":[0.833],"y":[0.833]},"o":{"x":[0.167],"y":[0]},"t":166,"s":[-34.929]},{"t":178,"s":[0]}],"ix":10},"p":{"a":0,"k":[-217,-125.922,0],"ix":2},"a":{"a":0,"k":[-217,-125.922,0],"ix":1},"s":{"a":0,"k":[100,100,100],"ix":6}},"ao":0,"shapes":[{"ty":"gr","it":[{"ind":0,"ty":"sh","ix":1,"ks":{"a":0,"k":{"i":[[2.761,-4.783],[0,0],[-4.783,-2.761],[0,0],[-2.761,4.783],[0,0],[4.783,2.761],[0,0]],"o":[[0,0],[-2.761,4.783],[0,0],[4.783,2.761],[0,0],[2.761,-4.783],[0,0],[-4.783,-2.761]],"v":[[-227.583,-132.922],[-227.583,-132.922],[-223.923,-119.262],[-16.077,0.738],[-2.417,-2.922],[-2.417,-2.922],[-6.077,-16.583],[-213.923,-136.583]],"c":true},"ix":2},"nm":"Path 1","mn":"ADBE Vector Shape - Group","hd":false},{"ty":"fl","c":{"a":0,"k":[1,1,1,1],"ix":4},"o":{"a":0,"k":100,"ix":5},"r":1,"bm":0,"nm":"Fill 1","mn":"ADBE Vector Graphic - Fill","hd":false},{"ty":"tr","p":{"a":0,"k":[0,0],"ix":2},"a":{"a":0,"k":[0,0],"ix":1},"s":{"a":0,"k":[100,100],"ix":3},"r":{"a":0,"k":0,"ix":6},"o":{"a":0,"k":100,"ix":7},"sk":{"a":0,"k":0,"ix":4},"sa":{"a":0,"k":0,"ix":5},"nm":"Transform"}],"nm":"Rectangle-Copy-23","np":2,"cix":2,"bm":0,"ix":1,"mn":"ADBE Vector Group","hd":false}],"ip":165,"op":222,"st":19,"bm":0},{"ddd":0,"ind":10,"ty":4,"nm":"Shield-Copy-15","td":1,"sr":1,"ks":{"o":{"a":0,"k":100,"ix":11},"r":{"a":0,"k":0,"ix":10},"p":{"a":0,"k":[365,450,0],"ix":2},"a":{"a":0,"k":[0,0,0],"ix":1},"s":{"a":0,"k":[100,100,100],"ix":6}},"ao":0,"shapes":[{"ty":"gr","it":[{"ind":0,"ty":"sh","ix":1,"ks":{"a":0,"k":{"i":[[-77.32,0],[0,0],[0,-77.32],[0,0],[77.32,0],[0,0],[0,77.32],[0,0]],"o":[[0,0],[77.32,0],[0,0],[0,77.32],[0,0],[-77.32,0],[0,0],[0,-77.32]],"v":[[-225,-430],[225,-430],[365,-290],[365,290],[225,430],[-225,430],[-365,290],[-365,-290]],"c":true},"ix":2},"nm":"Path 1","mn":"ADBE Vector Shape - Group","hd":false},{"ty":"fl","c":{"a":0,"k":[0.478431373835,0.780392169952,0.04705882445,1],"ix":4},"o":{"a":0,"k":100,"ix":5},"r":1,"bm":0,"nm":"Fill 1","mn":"ADBE Vector Graphic - Fill","hd":false},{"ty":"tr","p":{"a":0,"k":[0,0],"ix":2},"a":{"a":0,"k":[0,0],"ix":1},"s":{"a":0,"k":[100,100],"ix":3},"r":{"a":0,"k":0,"ix":6},"o":{"a":0,"k":100,"ix":7},"sk":{"a":0,"k":0,"ix":4},"sa":{"a":0,"k":0,"ix":5},"nm":"Transform"}],"nm":"Shield-Copy-14","np":2,"cix":2,"bm":0,"ix":1,"mn":"ADBE Vector Group","hd":false}],"ip":0,"op":204,"st":0,"bm":0},{"ddd":0,"ind":11,"ty":0,"nm":"Arrow","parent":2,"tt":1,"refId":"comp_0","sr":1,"ks":{"o":{"a":0,"k":100,"ix":11},"r":{"a":0,"k":0,"ix":10},"p":{"s":true,"x":{"a":1,"k":[{"i":{"x":[0.187],"y":[1]},"o":{"x":[0.205],"y":[0]},"t":0,"s":[0]},{"i":{"x":[0.622],"y":[1]},"o":{"x":[0.333],"y":[0]},"t":24,"s":[0]},{"i":{"x":[0.7],"y":[1]},"o":{"x":[0.333],"y":[0]},"t":49,"s":[0]},{"t":51,"s":[0]}],"ix":3},"y":{"a":1,"k":[{"i":{"x":[0.187],"y":[1]},"o":{"x":[0.205],"y":[0.101]},"t":0,"s":[311]},{"i":{"x":[0.622],"y":[1]},"o":{"x":[0.333],"y":[0]},"t":24,"s":[394]},{"i":{"x":[0.7],"y":[0.84]},"o":{"x":[0.333],"y":[0]},"t":49,"s":[394]},{"t":51,"s":[-251]}],"ix":4}},"a":{"a":0,"k":[365,509,0],"ix":1},"s":{"a":0,"k":[100,100,100],"ix":6}},"ao":0,"w":730,"h":860,"ip":0,"op":55,"st":0,"bm":0},{"ddd":0,"ind":12,"ty":4,"nm":"r string","parent":15,"sr":1,"ks":{"o":{"a":0,"k":100,"ix":11},"r":{"a":1,"k":[{"i":{"x":[0.187],"y":[1]},"o":{"x":[0.205],"y":[0.101]},"t":0,"s":[0]},{"i":{"x":[0.622],"y":[1]},"o":{"x":[0.297],"y":[0]},"t":24,"s":[-25]},{"i":{"x":[0.659],"y":[0.701]},"o":{"x":[0.297],"y":[0]},"t":49,"s":[-25]},{"i":{"x":[0.815],"y":[1]},"o":{"x":[0.425],"y":[1.036]},"t":50,"s":[19.014]},{"t":51,"s":[34.856]}],"ix":10},"p":{"a":0,"k":[218,-126.922,0],"ix":2},"a":{"a":0,"k":[218,-126.922,0],"ix":1},"s":{"a":0,"k":[100,100,100],"ix":6}},"ao":0,"shapes":[{"ty":"gr","it":[{"ind":0,"ty":"sh","ix":1,"ks":{"a":0,"k":{"i":[[-2.761,-4.783],[0,0],[4.783,-2.761],[0,0],[2.761,4.783],[0,0],[-4.783,2.761],[0,0]],"o":[[0,0],[2.761,4.783],[0,0],[-4.783,2.761],[0,0],[-2.761,-4.783],[0,0],[4.783,-2.761]],"v":[[227.583,-132.922],[227.583,-132.922],[223.923,-119.262],[16.077,0.738],[2.417,-2.922],[2.417,-2.922],[6.077,-16.583],[213.923,-136.583]],"c":true},"ix":2},"nm":"Path 1","mn":"ADBE Vector Shape - Group","hd":false},{"ty":"fl","c":{"a":0,"k":[1,1,1,1],"ix":4},"o":{"a":0,"k":100,"ix":5},"r":1,"bm":0,"nm":"Fill 1","mn":"ADBE Vector Graphic - Fill","hd":false},{"ty":"tr","p":{"a":0,"k":[0,0],"ix":2},"a":{"a":0,"k":[0,0],"ix":1},"s":{"a":0,"k":[100,100],"ix":3},"r":{"a":0,"k":0,"ix":6},"o":{"a":0,"k":100,"ix":7},"sk":{"a":0,"k":0,"ix":4},"sa":{"a":0,"k":0,"ix":5},"nm":"Transform"}],"nm":"Rectangle-Copy-31","np":2,"cix":2,"bm":0,"ix":1,"mn":"ADBE Vector Group","hd":false}],"ip":0,"op":51,"st":19,"bm":0},{"ddd":0,"ind":13,"ty":4,"nm":"l string","parent":16,"sr":1,"ks":{"o":{"a":0,"k":100,"ix":11},"r":{"a":1,"k":[{"i":{"x":[0.187],"y":[1]},"o":{"x":[0.205],"y":[0.101]},"t":0,"s":[0]},{"i":{"x":[0.622],"y":[1]},"o":{"x":[0.297],"y":[0]},"t":24,"s":[25]},{"i":{"x":[0.659],"y":[0.701]},"o":{"x":[0.297],"y":[0]},"t":49,"s":[25]},{"i":{"x":[0.815],"y":[1]},"o":{"x":[0.425],"y":[1.034]},"t":50,"s":[-19.044]},{"t":51,"s":[-34.929]}],"ix":10},"p":{"a":0,"k":[-217,-125.922,0],"ix":2},"a":{"a":0,"k":[-217,-125.922,0],"ix":1},"s":{"a":0,"k":[100,100,100],"ix":6}},"ao":0,"shapes":[{"ty":"gr","it":[{"ind":0,"ty":"sh","ix":1,"ks":{"a":0,"k":{"i":[[2.761,-4.783],[0,0],[-4.783,-2.761],[0,0],[-2.761,4.783],[0,0],[4.783,2.761],[0,0]],"o":[[0,0],[-2.761,4.783],[0,0],[4.783,2.761],[0,0],[2.761,-4.783],[0,0],[-4.783,-2.761]],"v":[[-227.583,-132.922],[-227.583,-132.922],[-223.923,-119.262],[-16.077,0.738],[-2.417,-2.922],[-2.417,-2.922],[-6.077,-16.583],[-213.923,-136.583]],"c":true},"ix":2},"nm":"Path 1","mn":"ADBE Vector Shape - Group","hd":false},{"ty":"fl","c":{"a":0,"k":[1,1,1,1],"ix":4},"o":{"a":0,"k":100,"ix":5},"r":1,"bm":0,"nm":"Fill 1","mn":"ADBE Vector Graphic - Fill","hd":false},{"ty":"tr","p":{"a":0,"k":[0,0],"ix":2},"a":{"a":0,"k":[0,0],"ix":1},"s":{"a":0,"k":[100,100],"ix":3},"r":{"a":0,"k":0,"ix":6},"o":{"a":0,"k":100,"ix":7},"sk":{"a":0,"k":0,"ix":4},"sa":{"a":0,"k":0,"ix":5},"nm":"Transform"}],"nm":"Rectangle-Copy-23","np":2,"cix":2,"bm":0,"ix":1,"mn":"ADBE Vector Group","hd":false}],"ip":0,"op":51,"st":19,"bm":0},{"ddd":0,"ind":14,"ty":4,"nm":"mask middle","parent":2,"sr":1,"ks":{"o":{"a":0,"k":100,"ix":11},"r":{"a":0,"k":0,"ix":10},"p":{"a":0,"k":[0,232,0],"ix":2},"a":{"a":0,"k":[0,0,0],"ix":1},"s":{"a":0,"k":[100,100,100],"ix":6}},"ao":0,"shapes":[{"ty":"gr","it":[{"ind":0,"ty":"sh","ix":1,"ks":{"a":0,"k":{"i":[[59.875,-8.25],[0,0],[-12,0.25],[0,0],[0,0]],"o":[[-31.779,4.379],[0,0],[62.5,-5],[0,0],[0,0]],"v":[[-57.625,-247.5],[-63.25,-207.5],[-57.5,-196.75],[57,-196.75],[56.5,-247.125]],"c":true},"ix":2},"nm":"Path 1","mn":"ADBE Vector Shape - Group","hd":false},{"ty":"fl","c":{"a":0,"k":[0.576470588235,0.431372578939,0.239215701234,1],"ix":4},"o":{"a":0,"k":100,"ix":5},"r":1,"bm":0,"nm":"Fill 1","mn":"ADBE Vector Graphic - Fill","hd":false},{"ty":"tr","p":{"a":0,"k":[0,0],"ix":2},"a":{"a":0,"k":[0,0],"ix":1},"s":{"a":0,"k":[100,100],"ix":3},"r":{"a":0,"k":0,"ix":6},"o":{"a":0,"k":100,"ix":7},"sk":{"a":0,"k":0,"ix":4},"sa":{"a":0,"k":0,"ix":5},"nm":"Transform"}],"nm":"Shape 1","np":3,"cix":2,"bm":0,"ix":1,"mn":"ADBE Vector Group","hd":false}],"ip":51,"op":165,"st":19,"bm":0},{"ddd":0,"ind":15,"ty":4,"nm":"r bow","parent":2,"sr":1,"ks":{"o":{"a":0,"k":100,"ix":11},"r":{"a":1,"k":[{"i":{"x":[0.187],"y":[1]},"o":{"x":[0.205],"y":[0.101]},"t":0,"s":[0]},{"i":{"x":[0.622],"y":[1]},"o":{"x":[0.333],"y":[0]},"t":24,"s":[16]},{"i":{"x":[0.833],"y":[1]},"o":{"x":[0.333],"y":[0]},"t":49,"s":[16]},{"i":{"x":[0.633],"y":[1]},"o":{"x":[0.298],"y":[0]},"t":51,"s":[-6]},{"i":{"x":[0.833],"y":[1]},"o":{"x":[0.31],"y":[0]},"t":52,"s":[-4.132]},{"i":{"x":[0.633],"y":[1]},"o":{"x":[0.298],"y":[0]},"t":53,"s":[-6]},{"i":{"x":[0.833],"y":[1]},"o":{"x":[0.292],"y":[0]},"t":54,"s":[-4.132]},{"i":{"x":[0.633],"y":[1]},"o":{"x":[0.288],"y":[0]},"t":56,"s":[-6]},{"i":{"x":[0.842],"y":[1]},"o":{"x":[0.383],"y":[0]},"t":138,"s":[-6]},{"i":{"x":[0.833],"y":[0.833]},"o":{"x":[0.167],"y":[0]},"t":166,"s":[-6]},{"t":178,"s":[0]}],"ix":10},"p":{"a":0,"k":[1.054,8.982,0],"ix":2},"a":{"a":0,"k":[1.054,-223.018,0],"ix":1},"s":{"a":0,"k":[100,100,100],"ix":6}},"ao":0,"shapes":[{"ty":"gr","it":[{"ind":0,"ty":"sh","ix":1,"ks":{"a":0,"k":{"i":[[13.35,-3.522],[0,0],[17.43,27.836],[0,0],[40.321,6.149],[0,0],[-2.081,13.649],[-13.649,-2.081],[0,0],[-29.373,-46.909],[0,0],[-10.585,2.793],[0,0],[-3.522,-13.35]],"o":[[0,0],[-31.756,8.378],[0,0],[-21.646,-34.57],[0,0],[-13.649,-2.081],[2.081,-13.649],[0,0],[54.714,8.343],[0,0],[5.81,9.279],[0,0],[13.35,-3.522],[3.522,13.35]],"v":[[256.375,-66.074],[245.254,-63.14],[162.555,-95.856],[141.912,-128.824],[44.306,-192.961],[0.34,-199.665],[-20.606,-228.148],[7.878,-249.094],[51.843,-242.389],[184.29,-155.36],[204.933,-122.392],[232.499,-111.486],[243.62,-114.42],[274.17,-96.624]],"c":true},"ix":2},"nm":"Path 1","mn":"ADBE Vector Shape - Group","hd":false},{"ty":"fl","c":{"a":0,"k":[0.57647061348,0.43137255311,0.239215686917,1],"ix":4},"o":{"a":0,"k":100,"ix":5},"r":1,"bm":0,"nm":"Fill 1","mn":"ADBE Vector Graphic - Fill","hd":false},{"ty":"tr","p":{"a":0,"k":[0,0],"ix":2},"a":{"a":0,"k":[0,0],"ix":1},"s":{"a":0,"k":[100,100],"ix":3},"r":{"a":0,"k":0,"ix":6},"o":{"a":0,"k":100,"ix":7},"sk":{"a":0,"k":0,"ix":4},"sa":{"a":0,"k":0,"ix":5},"nm":"Transform"}],"nm":"Path","np":2,"cix":2,"bm":0,"ix":1,"mn":"ADBE Vector Group","hd":false}],"ip":0,"op":222,"st":19,"bm":0},{"ddd":0,"ind":16,"ty":4,"nm":"l bow","parent":2,"sr":1,"ks":{"o":{"a":0,"k":100,"ix":11},"r":{"a":1,"k":[{"i":{"x":[0.187],"y":[1]},"o":{"x":[0.205],"y":[0.101]},"t":0,"s":[0]},{"i":{"x":[0.622],"y":[1]},"o":{"x":[0.333],"y":[0]},"t":24,"s":[-16]},{"i":{"x":[0.833],"y":[1]},"o":{"x":[0.333],"y":[0]},"t":49,"s":[-16]},{"i":{"x":[0.633],"y":[1]},"o":{"x":[0.298],"y":[0]},"t":51,"s":[6]},{"i":{"x":[0.833],"y":[1]},"o":{"x":[0.31],"y":[0]},"t":52,"s":[4.252]},{"i":{"x":[0.633],"y":[1]},"o":{"x":[0.298],"y":[0]},"t":53,"s":[6]},{"i":{"x":[0.833],"y":[1]},"o":{"x":[0.292],"y":[0]},"t":54,"s":[4.252]},{"i":{"x":[0.633],"y":[1]},"o":{"x":[0.288],"y":[0]},"t":56,"s":[6]},{"i":{"x":[0.842],"y":[1]},"o":{"x":[0.383],"y":[0]},"t":138,"s":[6]},{"i":{"x":[0.833],"y":[0.833]},"o":{"x":[0.167],"y":[0]},"t":166,"s":[6]},{"t":178,"s":[0]}],"ix":10},"p":{"a":0,"k":[-0.946,6.982,0],"ix":2},"a":{"a":0,"k":[-0.946,-225.018,0],"ix":1},"s":{"a":0,"k":[100,100,100],"ix":6}},"ao":0,"shapes":[{"ty":"gr","it":[{"ind":0,"ty":"sh","ix":1,"ks":{"a":0,"k":{"i":[[-13.35,-3.522],[0,0],[-17.43,27.836],[0,0],[-40.321,6.149],[0,0],[2.081,13.649],[13.649,-2.081],[0,0],[29.373,-46.909],[0,0],[10.585,2.793],[0,0],[3.522,-13.35]],"o":[[0,0],[31.756,8.378],[0,0],[21.646,-34.57],[0,0],[13.649,-2.081],[-2.081,-13.649],[0,0],[-54.714,8.343],[0,0],[-5.81,9.279],[0,0],[-13.35,-3.522],[-3.522,13.35]],"v":[[-262.266,-66.074],[-251.145,-63.14],[-168.447,-95.856],[-147.803,-128.824],[-50.197,-192.961],[-6.231,-199.665],[14.714,-228.148],[-13.769,-249.094],[-57.734,-242.389],[-190.181,-155.36],[-210.825,-122.392],[-238.391,-111.486],[-249.511,-114.42],[-280.061,-96.624]],"c":true},"ix":2},"nm":"Path 1","mn":"ADBE Vector Shape - Group","hd":false},{"ty":"fl","c":{"a":0,"k":[0.57647061348,0.43137255311,0.239215686917,1],"ix":4},"o":{"a":0,"k":100,"ix":5},"r":1,"bm":0,"nm":"Fill 1","mn":"ADBE Vector Graphic - Fill","hd":false},{"ty":"tr","p":{"a":0,"k":[0,0],"ix":2},"a":{"a":0,"k":[0,0],"ix":1},"s":{"a":0,"k":[100,100],"ix":3},"r":{"a":0,"k":0,"ix":6},"o":{"a":0,"k":100,"ix":7},"sk":{"a":0,"k":0,"ix":4},"sa":{"a":0,"k":0,"ix":5},"nm":"Transform"}],"nm":"Path-17-Copy","np":2,"cix":2,"bm":0,"ix":1,"mn":"ADBE Vector Group","hd":false}],"ip":0,"op":222,"st":19,"bm":0},{"ddd":0,"ind":19,"ty":4,"nm":"Shield-Copy-16","sr":1,"ks":{"o":{"a":0,"k":100,"ix":11},"r":{"a":0,"k":0,"ix":10},"p":{"a":0,"k":[365,430,0],"ix":2},"a":{"a":0,"k":[0,-20,0],"ix":1},"s":{"a":0,"k":[100,100,100],"ix":6}},"ao":0,"shapes":[{"ty":"gr","it":[{"ind":0,"ty":"sh","ix":1,"ks":{"a":0,"k":{"i":[[-77.32,0],[0,0],[0,-77.32],[0,0],[77.32,0],[0,0],[0,77.32],[0,0]],"o":[[0,0],[77.32,0],[0,0],[0,77.32],[0,0],[-77.32,0],[0,0],[0,-77.32]],"v":[[-225,-450],[225,-450],[365,-310],[365,270],[225,410],[-225,410],[-365,270],[-365,-310]],"c":true},"ix":2},"nm":"Path 1","mn":"ADBE Vector Shape - Group","hd":false},{"ty":"fl","c":{"a":0,"k":[0.478431373835,0.780392169952,0.04705882445,1],"ix":4},"o":{"a":0,"k":100,"ix":5},"r":1,"bm":0,"nm":"Fill 1","mn":"ADBE Vector Graphic - Fill","hd":false},{"ty":"tr","p":{"a":0,"k":[0,0],"ix":2},"a":{"a":0,"k":[0,0],"ix":1},"s":{"a":0,"k":[100,100],"ix":3},"r":{"a":0,"k":0,"ix":6},"o":{"a":0,"k":100,"ix":7},"sk":{"a":0,"k":0,"ix":4},"sa":{"a":0,"k":0,"ix":5},"nm":"Transform"}],"nm":"Shield-Copy-14","np":2,"cix":2,"bm":0,"ix":1,"mn":"ADBE Vector Group","hd":false}],"ip":0,"op":186,"st":0,"bm":0},{"ddd":0,"ind":20,"ty":4,"nm":"Shield-Copy-13","sr":1,"ks":{"o":{"a":0,"k":100,"ix":11},"r":{"a":0,"k":0,"ix":10},"p":{"a":0,"k":[365,450,0],"ix":2},"a":{"a":0,"k":[0,0,0],"ix":1},"s":{"a":0,"k":[100,100,100],"ix":6}},"ao":0,"shapes":[{"ty":"gr","it":[{"ind":0,"ty":"sh","ix":1,"ks":{"a":0,"k":{"i":[[-77.32,0],[0,0],[0,-77.32],[0,0],[77.32,0],[0,0],[0,77.32],[0,0]],"o":[[0,0],[77.32,0],[0,0],[0,77.32],[0,0],[-77.32,0],[0,0],[0,-77.32]],"v":[[-225,-450],[225,-450],[365,-310],[365,310],[225,450],[-225,450],[-365,310],[-365,-310]],"c":true},"ix":2},"nm":"Path 1","mn":"ADBE Vector Shape - Group","hd":false},{"ty":"fl","c":{"a":0,"k":[0.380392163992,0.623529434204,0.035294119269,1],"ix":4},"o":{"a":0,"k":100,"ix":5},"r":1,"bm":0,"nm":"Fill 1","mn":"ADBE Vector Graphic - Fill","hd":false},{"ty":"tr","p":{"a":0,"k":[0,0],"ix":2},"a":{"a":0,"k":[0,0],"ix":1},"s":{"a":0,"k":[100,100],"ix":3},"r":{"a":0,"k":0,"ix":6},"o":{"a":0,"k":100,"ix":7},"sk":{"a":0,"k":0,"ix":4},"sa":{"a":0,"k":0,"ix":5},"nm":"Transform"}],"nm":"Shield-Copy-13","np":2,"cix":2,"bm":0,"ix":1,"mn":"ADBE Vector Group","hd":false}],"ip":0,"op":186,"st":0,"bm":0}],"markers":[{"tm":-9,"cm":"1","dr":0},{"tm":11,"cm":"","dr":0},{"tm":241,"cm":"2","dr":0}]}
