{"v":"5.5.9","fr":60,"ip":0,"op":300,"w":850,"h":850,"nm":"CROP_Infinity Heart","ddd":0,"assets":[{"id":"comp_0","layers":[{"ddd":0,"ind":1,"ty":0,"nm":"Sparkle Particle 2","parent":2,"refId":"comp_1","sr":1,"ks":{"o":{"a":0,"k":100,"ix":11},"r":{"a":0,"k":0,"ix":10},"p":{"a":0,"k":[934,198.35,0],"ix":2},"a":{"a":0,"k":[100,100,0],"ix":1},"s":{"a":0,"k":[225,225,100],"ix":6}},"ao":0,"w":200,"h":200,"ip":65,"op":148,"st":65,"bm":0},{"ddd":0,"ind":2,"ty":0,"nm":"HEART","refId":"comp_2","sr":1,"ks":{"o":{"a":0,"k":100,"ix":11},"r":{"a":0,"k":0,"ix":10},"p":{"s":true,"x":{"a":1,"k":[{"i":{"x":[0.833],"y":[1]},"o":{"x":[0.012],"y":[0]},"t":50,"s":[801]},{"i":{"x":[0.833],"y":[0.833]},"o":{"x":[0.167],"y":[0.167]},"t":100,"s":[801]},{"i":{"x":[0.833],"y":[0.833]},"o":{"x":[0.167],"y":[0.167]},"t":150,"s":[801]},{"i":{"x":[0.988],"y":[1]},"o":{"x":[0.167],"y":[0]},"t":200,"s":[801]},{"t":250,"s":[801]}],"ix":3},"y":{"a":1,"k":[{"i":{"x":[0.603],"y":[1]},"o":{"x":[0.389],"y":[0]},"t":0,"s":[352]},{"i":{"x":[0.603],"y":[1]},"o":{"x":[0.389],"y":[0]},"t":75,"s":[326.46]},{"i":{"x":[0.603],"y":[1]},"o":{"x":[0.389],"y":[0]},"t":150,"s":[352]},{"i":{"x":[0.603],"y":[1]},"o":{"x":[0.389],"y":[0]},"t":225,"s":[326.46]},{"t":300,"s":[352]}],"ix":4}},"a":{"a":0,"k":[801,352,0],"ix":1},"s":{"a":0,"k":[100,100,100],"ix":6}},"ao":0,"w":1600,"h":1600,"ip":0,"op":300,"st":0,"bm":0},{"ddd":0,"ind":3,"ty":0,"nm":"Sparkles","parent":2,"refId":"comp_3","sr":1,"ks":{"o":{"a":0,"k":100,"ix":11},"r":{"a":0,"k":0,"ix":10},"p":{"a":0,"k":[800,843.31,0],"ix":2},"a":{"a":0,"k":[800,800,0],"ix":1},"s":{"a":0,"k":[100,100,100],"ix":6}},"ao":0,"w":1600,"h":1600,"ip":0,"op":100,"st":0,"bm":0},{"ddd":0,"ind":4,"ty":0,"nm":"Sparkles","parent":2,"refId":"comp_3","sr":1,"ks":{"o":{"a":0,"k":100,"ix":11},"r":{"a":0,"k":0,"ix":10},"p":{"a":0,"k":[800,843.31,0],"ix":2},"a":{"a":0,"k":[800,800,0],"ix":1},"s":{"a":0,"k":[100,100,100],"ix":6}},"ao":0,"w":1600,"h":1600,"ip":100,"op":200,"st":100,"bm":0},{"ddd":0,"ind":5,"ty":0,"nm":"Sparkles","parent":2,"refId":"comp_3","sr":1,"ks":{"o":{"a":0,"k":100,"ix":11},"r":{"a":0,"k":0,"ix":10},"p":{"a":0,"k":[800,843.31,0],"ix":2},"a":{"a":0,"k":[800,800,0],"ix":1},"s":{"a":0,"k":[100,100,100],"ix":6}},"ao":0,"w":1600,"h":1600,"ip":200,"op":300,"st":200,"bm":0},{"ddd":0,"ind":6,"ty":4,"nm":"face shield","sr":1,"ks":{"o":{"a":0,"k":39,"ix":11},"r":{"a":0,"k":0,"ix":10},"p":{"a":0,"k":[799.895,885.32,0],"ix":2},"a":{"a":0,"k":[0,0,0],"ix":1},"s":{"a":0,"k":[100,100,100],"ix":6}},"ao":0,"shapes":[{"ty":"gr","it":[{"ind":0,"ty":"sh","ix":1,"ks":{"a":0,"k":{"i":[[-14.35,7.58],[-13.85,0],[-9.49,-4.76],[0,0],[0,-16.55],[0,0],[4.28,-2.83],[19.25,0],[15.26,9.98],[0,0],[0,5.16],[0,0]],"o":[[10.08,-5.32],[12.94,0],[0,0],[14.8,7.43],[0,0],[0,5.13],[-15.05,9.97],[-19.26,0],[0,0],[-4.32,-2.82],[0,0],[0,-16.23]],"v":[[-35.17,-39.52],[0.72,-47.5],[34.36,-40.36],[34.36,-40.36],[58.5,-1.24],[58.5,19.8],[51.65,32.55],[0.2,47.5],[-51.58,32.53],[-51.58,32.53],[-58.5,19.73],[-58.5,-0.81]],"c":true},"ix":2},"nm":"Path 1","mn":"ADBE Vector Shape - Group","hd":false},{"ty":"fl","c":{"a":0,"k":[0.596077978611,0.866666972637,1,1],"ix":4},"o":{"a":0,"k":100,"ix":5},"r":1,"bm":0,"nm":"Fill 1","mn":"ADBE Vector Graphic - Fill","hd":false},{"ty":"tr","p":{"a":0,"k":[0,0],"ix":2},"a":{"a":0,"k":[0,0],"ix":1},"s":{"a":0,"k":[400,400],"ix":3},"r":{"a":0,"k":0,"ix":6},"o":{"a":0,"k":100,"ix":7},"sk":{"a":0,"k":0,"ix":4},"sa":{"a":0,"k":0,"ix":5},"nm":"Transform"}],"nm":"face shield","np":2,"cix":2,"bm":0,"ix":1,"mn":"ADBE Vector Group","hd":false}],"ip":0,"op":300,"st":0,"bm":0},{"ddd":0,"ind":7,"ty":4,"nm":"specular","sr":1,"ks":{"o":{"a":0,"k":100,"ix":11},"r":{"a":0,"k":0,"ix":10},"p":{"a":0,"k":[669.476,780.615,0],"ix":2},"a":{"a":0,"k":[0,0,0],"ix":1},"s":{"a":0,"k":[100,100,100],"ix":6}},"ao":0,"shapes":[{"ty":"gr","it":[{"d":1,"ty":"el","s":{"a":0,"k":[17.369,17.403],"ix":2},"p":{"a":0,"k":[0,0],"ix":3},"nm":"Ellipse Path 1","mn":"ADBE Vector Shape - Ellipse","hd":false},{"ty":"fl","c":{"a":0,"k":[1,1,1,1],"ix":4},"o":{"a":0,"k":100,"ix":5},"r":1,"bm":0,"nm":"Fill 1","mn":"ADBE Vector Graphic - Fill","hd":false},{"ty":"tr","p":{"a":0,"k":[0,0],"ix":2},"a":{"a":0,"k":[0,0],"ix":1},"s":{"a":0,"k":[400,400],"ix":3},"r":{"a":0,"k":0,"ix":6},"o":{"a":0,"k":100,"ix":7},"sk":{"a":0,"k":0,"ix":4},"sa":{"a":0,"k":0,"ix":5},"nm":"Transform"}],"nm":"specular","np":2,"cix":2,"bm":0,"ix":1,"mn":"ADBE Vector Group","hd":false}],"ip":0,"op":300,"st":0,"bm":0},{"ddd":0,"ind":8,"ty":4,"nm":"mask OUTLINE","sr":1,"ks":{"o":{"a":0,"k":100,"ix":11},"r":{"a":0,"k":0,"ix":10},"p":{"a":0,"k":[801.056,886.616,0],"ix":2},"a":{"a":0,"k":[0,0,0],"ix":1},"s":{"a":0,"k":[100,100,100],"ix":6}},"ao":0,"shapes":[{"ty":"gr","it":[{"ind":0,"ty":"sh","ix":1,"ks":{"a":0,"k":{"i":[[-15.2,7.82],[-13.72,0],[-10.03,-5.16],[0,-17.09],[0,0],[4.73,-3.19],[19.85,0],[15.26,10.45],[0,5.65],[0,0]],"o":[[10.03,-5.16],[13.72,0],[15.2,7.82],[0,0],[0,5.7],[-15.53,10.46],[-19.84,0],[-4.67,-3.19],[0,0],[0,-17.09]],"v":[[-35.639,-42.106],[0.001,-49.836],[35.641,-42.106],[60.401,-1.536],[60.401,19.924],[52.831,34.144],[-0.259,49.834],[-52.939,34.154],[-60.399,20.014],[-60.399,-1.536]],"c":true},"ix":2},"nm":"Path 1","mn":"ADBE Vector Shape - Group","hd":false},{"ty":"st","c":{"a":0,"k":[1,1,1,1],"ix":3},"o":{"a":0,"k":100,"ix":4},"w":{"a":0,"k":3.691,"ix":5},"lc":1,"lj":1,"ml":4,"bm":0,"nm":"Stroke 1","mn":"ADBE Vector Graphic - Stroke","hd":false},{"ty":"tr","p":{"a":0,"k":[0,0],"ix":2},"a":{"a":0,"k":[0,0],"ix":1},"s":{"a":0,"k":[400,400],"ix":3},"r":{"a":0,"k":0,"ix":6},"o":{"a":0,"k":100,"ix":7},"sk":{"a":0,"k":0,"ix":4},"sa":{"a":0,"k":0,"ix":5},"nm":"Transform"}],"nm":"mask","np":2,"cix":2,"bm":0,"ix":1,"mn":"ADBE Vector Group","hd":false}],"ip":0,"op":300,"st":0,"bm":0},{"ddd":0,"ind":9,"ty":0,"nm":"Logo-Nametag","refId":"comp_5","sr":1,"ks":{"o":{"a":0,"k":100,"ix":11},"r":{"a":0,"k":0,"ix":10},"p":{"a":0,"k":[800,800,0],"ix":2},"a":{"a":0,"k":[800,800,0],"ix":1},"s":{"a":0,"k":[100,100,100],"ix":6}},"ao":0,"w":1600,"h":1600,"ip":0,"op":800,"st":0,"bm":0},{"ddd":0,"ind":10,"ty":0,"nm":"Beak 02","refId":"comp_6","sr":1,"ks":{"o":{"a":0,"k":100,"ix":11},"r":{"a":0,"k":0,"ix":10},"p":{"a":0,"k":[800,800,0],"ix":2},"a":{"a":0,"k":[800,800,0],"ix":1},"s":{"a":0,"k":[100,100,100],"ix":6}},"ao":0,"w":1600,"h":1600,"ip":0,"op":800,"st":0,"bm":0},{"ddd":0,"ind":11,"ty":4,"nm":"Closed Eyelids","parent":12,"sr":1,"ks":{"o":{"a":1,"k":[{"t":50,"s":[0],"h":1},{"t":90,"s":[100],"h":1},{"t":101,"s":[0],"h":1}],"ix":11},"r":{"a":0,"k":0,"ix":10},"p":{"a":0,"k":[670,957,0],"ix":2},"a":{"a":0,"k":[0,0,0],"ix":1},"s":{"a":0,"k":[100,-100,100],"ix":6}},"ao":0,"shapes":[{"ty":"gr","it":[{"d":1,"ty":"el","s":{"a":0,"k":[120,120],"ix":2},"p":{"a":0,"k":[0,0],"ix":3},"nm":"Ellipse Path 1","mn":"ADBE Vector Shape - Ellipse","hd":false},{"ty":"tm","s":{"a":0,"k":33,"ix":1},"e":{"a":0,"k":66,"ix":2},"o":{"a":0,"k":0,"ix":3},"m":1,"ix":2,"nm":"Trim Paths 1","mn":"ADBE Vector Filter - Trim","hd":false},{"ty":"st","c":{"a":0,"k":[0.3861580643,0.643596813725,0,1],"ix":3},"o":{"a":0,"k":100,"ix":4},"w":{"a":0,"k":22,"ix":5},"lc":2,"lj":1,"ml":4,"bm":0,"nm":"Stroke 1","mn":"ADBE Vector Graphic - Stroke","hd":false},{"ty":"tr","p":{"a":0,"k":[248.637,-6],"ix":2},"a":{"a":0,"k":[0,0],"ix":1},"s":{"a":0,"k":[100,100],"ix":3},"r":{"a":0,"k":0,"ix":6},"o":{"a":0,"k":100,"ix":7},"sk":{"a":0,"k":0,"ix":4},"sa":{"a":0,"k":0,"ix":5},"nm":"Transform"}],"nm":"Group 2","np":3,"cix":2,"bm":0,"ix":1,"mn":"ADBE Vector Group","hd":false},{"ty":"gr","it":[{"d":1,"ty":"el","s":{"a":0,"k":[120,120],"ix":2},"p":{"a":0,"k":[0,0],"ix":3},"nm":"Ellipse Path 1","mn":"ADBE Vector Shape - Ellipse","hd":false},{"ty":"tm","s":{"a":0,"k":33,"ix":1},"e":{"a":0,"k":66,"ix":2},"o":{"a":0,"k":0,"ix":3},"m":1,"ix":2,"nm":"Trim Paths 1","mn":"ADBE Vector Filter - Trim","hd":false},{"ty":"st","c":{"a":0,"k":[0.3861580643,0.643596813725,0,1],"ix":3},"o":{"a":0,"k":100,"ix":4},"w":{"a":0,"k":22,"ix":5},"lc":2,"lj":1,"ml":4,"bm":0,"nm":"Stroke 1","mn":"ADBE Vector Graphic - Stroke","hd":false},{"ty":"tr","p":{"a":0,"k":[10,-6],"ix":2},"a":{"a":0,"k":[0,0],"ix":1},"s":{"a":0,"k":[100,100],"ix":3},"r":{"a":0,"k":0,"ix":6},"o":{"a":0,"k":100,"ix":7},"sk":{"a":0,"k":0,"ix":4},"sa":{"a":0,"k":0,"ix":5},"nm":"Transform"}],"nm":"Group 1","np":3,"cix":2,"bm":0,"ix":2,"mn":"ADBE Vector Group","hd":false}],"ip":0,"op":300,"st":0,"bm":0},{"ddd":0,"ind":12,"ty":0,"nm":"BLINK","refId":"comp_7","sr":1,"ks":{"o":{"a":0,"k":100,"ix":11},"r":{"a":0,"k":0,"ix":10},"p":{"a":0,"k":[800,797,0],"ix":2},"a":{"a":0,"k":[800,800,0],"ix":1},"s":{"a":0,"k":[100,100,100],"ix":6}},"ao":0,"hasMask":true,"masksProperties":[{"inv":false,"mode":"a","pt":{"a":1,"k":[{"i":{"x":0.833,"y":0.833},"o":{"x":0.333,"y":0},"t":83,"s":[{"i":[[0,0],[0,0],[0,0],[0,0],[0,0],[46,0],[0,0],[0,0],[51,0],[0,0],[0,0],[-49,0],[0,0],[0,0],[-52,0],[0,0]],"o":[[0,0],[0,0],[0,0],[0,0],[0,0],[-46,0],[0,0],[0,0],[-51,0],[0,0],[0,0],[49,0],[0,0],[0,0],[52,0],[0,0]],"v":[[1007,772],[543,772],[543,1088],[1007,1088],[1007,1032],[930,1032],[850,1032],[746,1032],[670,1032],[588,1032],[588,825],[669,825],[746,825],[850,825],[931,825],[1007,825]],"c":true}]},{"i":{"x":0.833,"y":0.833},"o":{"x":0.167,"y":0.167},"t":86,"s":[{"i":[[0,0],[0,0],[0,0],[0,0],[0,0],[46,0],[0,0],[0,0],[51,0],[0,0],[0,0],[-49,0],[0,0],[0,0],[-52,0],[0,0]],"o":[[0,0],[0,0],[0,0],[0,0],[0,0],[-46,0],[0,0],[0,0],[-51,0],[0,0],[0,0],[49,0],[0,0],[0,0],[52,0],[0,0]],"v":[[1007,772],[543,772],[543,1088],[1007,1088],[1007,959.261],[930,971.917],[850,959.261],[746,959.261],[670,971.917],[588,959.261],[588,902.512],[669,885.111],[746,902.512],[850,902.512],[931,885.111],[1007,902.512]],"c":true}]},{"i":{"x":0.833,"y":0.833},"o":{"x":0.167,"y":0.167},"t":89,"s":[{"i":[[0,0],[0,0],[0,0],[0,0],[0,0],[46,0],[0,0],[0,0],[51,0],[0,0],[0,0],[-49,0],[0,0],[0,0],[-52,0],[0,0]],"o":[[0,0],[0,0],[0,0],[0,0],[0,0],[-46,0],[0,0],[0,0],[-51,0],[0,0],[0,0],[49,0],[0,0],[0,0],[52,0],[0,0]],"v":[[1007,772],[543,772],[543,1088],[1007,1088],[1007,929],[930,936],[850,929],[746,929],[670,936],[588,929],[588,912],[668.999,896],[746,912],[850,912],[930.999,896],[1007,912]],"c":true}]},{"i":{"x":0.833,"y":0.833},"o":{"x":0.167,"y":0.167},"t":90,"s":[{"i":[[0,0],[0,0],[0,0],[0,0],[0,0],[46,0],[0,0],[0,0],[51,0],[0,0],[0,0],[-49,0],[0,0],[0,0],[-52,0],[0,0]],"o":[[0,0],[0,0],[0,0],[0,0],[0,0],[-46,0],[0,0],[0,0],[-51,0],[0,0],[0,0],[49,0],[0,0],[0,0],[52,0],[0,0]],"v":[[1007,772],[543,772],[543,1088],[1007,1088],[1007,1066],[930.001,1066],[850,1066],[746,1066],[670.001,1066],[588,1066],[588,1050],[668.999,1045],[746,1050],[850,1050],[930.999,1045],[1007,1050]],"c":true}]},{"i":{"x":0.833,"y":0.833},"o":{"x":0.167,"y":0.167},"t":100,"s":[{"i":[[0,0],[0,0],[0,0],[0,0],[0,0],[46,0],[0,0],[0,0],[51,0],[0,0],[0,0],[-49,0],[0,0],[0,0],[-52,0],[0,0]],"o":[[0,0],[0,0],[0,0],[0,0],[0,0],[-46,0],[0,0],[0,0],[-51,0],[0,0],[0,0],[49,0],[0,0],[0,0],[52,0],[0,0]],"v":[[1007,772],[543,772],[543,1088],[1007,1088],[1007,1066],[930.001,1066],[850,1066],[746,1066],[670.001,1066],[588,1066],[588,1050],[668.999,1045],[746,1050],[850,1050],[930.999,1045],[1007,1050]],"c":true}]},{"i":{"x":0.35,"y":1},"o":{"x":0.167,"y":0.167},"t":101,"s":[{"i":[[0,0],[0,0],[0,0],[0,0],[0,0],[46,0],[0,0],[0,0],[51,0],[0,0],[0,0],[-49,0],[0,0],[0,0],[-52,0],[0,0]],"o":[[0,0],[0,0],[0,0],[0,0],[0,0],[-46,0],[0,0],[0,0],[-51,0],[0,0],[0,0],[49,0],[0,0],[0,0],[52,0],[0,0]],"v":[[1007,772],[543,772],[543,1088],[1007,1088],[1007,961.5],[930,969.5],[850,961.5],[746,961.5],[670,969.5],[588,961.5],[588,933],[668.999,919.5],[746,933],[850,933],[931,919.5],[1007,933]],"c":true}]},{"i":{"x":0,"y":1},"o":{"x":0.333,"y":0},"t":105,"s":[{"i":[[0,0],[0,0],[0,0],[0,0],[0,0],[46,0],[0,0],[0,0],[51,0],[0,0],[0,0],[-61.999,0],[0,0],[0,0],[-65.999,0],[0,0]],"o":[[0,0],[0,0],[0,0],[0,0],[0,0],[-46,0],[0,0],[0,0],[-51,0],[0,0],[0,0],[60.001,0],[0,0],[0,0],[58.001,0],[0,0]],"v":[[1007,772],[543,772],[543,1088],[1007,1088],[1007,997],[930,1013],[850,997],[746,997],[670,1013],[588,997],[588,893],[668.999,849],[746,893],[850,893],[930.999,849],[1007,893]],"c":true}]},{"t":106,"s":[{"i":[[0,0],[0,0],[0,0],[0,0],[0,0],[46,0],[0,0],[0,0],[51,0],[0,0],[0,0],[-49,0],[0,0],[0,0],[-52,0],[0,0]],"o":[[0,0],[0,0],[0,0],[0,0],[0,0],[-46,0],[0,0],[0,0],[-51,0],[0,0],[0,0],[49,0],[0,0],[0,0],[52,0],[0,0]],"v":[[1007,772],[543,772],[543,1088],[1007,1088],[1007,1032],[930,1032],[850,1032],[746,1032],[670,1032],[588,1032],[588,825],[669,825],[746,825],[850,825],[931,825],[1007,825]],"c":true}]}],"ix":1},"o":{"a":0,"k":100,"ix":3},"x":{"a":0,"k":0,"ix":4},"nm":"Mask 1"}],"w":1600,"h":1600,"ip":0,"op":800,"st":0,"bm":0},{"ddd":0,"ind":13,"ty":0,"nm":"Pupil R","parent":15,"refId":"comp_8","sr":1,"ks":{"o":{"a":0,"k":100,"ix":11},"r":{"a":0,"k":0,"ix":10},"p":{"a":0,"k":[-105.423,-134.388,0],"ix":2},"a":{"a":0,"k":[800,800,0],"ix":1},"s":{"a":0,"k":[100,100,100],"ix":6}},"ao":0,"w":1600,"h":1600,"ip":0,"op":800,"st":0,"bm":0},{"ddd":0,"ind":14,"ty":0,"nm":"Pupil L","parent":16,"refId":"comp_9","sr":1,"ks":{"o":{"a":0,"k":100,"ix":11},"r":{"a":0,"k":0,"ix":10},"p":{"a":0,"k":[-129.479,-134.388,0],"ix":2},"a":{"a":0,"k":[800,800,0],"ix":1},"s":{"a":0,"k":[100,100,100],"ix":6}},"ao":0,"w":1600,"h":1600,"ip":0,"op":800,"st":0,"bm":0},{"ddd":0,"ind":15,"ty":4,"nm":"eye R","parent":18,"sr":1,"ks":{"o":{"a":0,"k":100,"ix":11},"r":{"a":0,"k":0,"ix":10},"p":{"a":0,"k":[668.423,924.388,0],"ix":2},"a":{"a":0,"k":[0,0,0],"ix":1},"s":{"a":0,"k":[100,100,100],"ix":6}},"ao":0,"shapes":[{"ty":"gr","it":[{"ind":0,"ty":"sh","ix":1,"ks":{"a":0,"k":{"i":[[-10.17,0],[0,0],[0,-10.17],[0,0],[10.17,0],[0,0],[0,10.17],[0,0]],"o":[[0,0],[10.17,0],[0,0],[0,10.17],[0,0],[-10.17,0],[0,0],[0,-10.17]],"v":[[-0.001,-23.995],[-0.001,-23.995],[18.419,-5.575],[18.419,5.575],[-0.001,23.995],[-0.001,23.995],[-18.421,5.575],[-18.421,-5.575]],"c":true},"ix":2},"nm":"Path 1","mn":"ADBE Vector Shape - Group","hd":false},{"ty":"fl","c":{"a":0,"k":[1,1,1,1],"ix":4},"o":{"a":0,"k":100,"ix":5},"r":1,"bm":0,"nm":"Fill 1","mn":"ADBE Vector Graphic - Fill","hd":false},{"ty":"tr","p":{"a":0,"k":[0,0],"ix":2},"a":{"a":0,"k":[0,0],"ix":1},"s":{"a":0,"k":[400,400],"ix":3},"r":{"a":0,"k":0,"ix":6},"o":{"a":0,"k":100,"ix":7},"sk":{"a":0,"k":0,"ix":4},"sa":{"a":0,"k":0,"ix":5},"nm":"Transform"}],"nm":"eye R","np":2,"cix":2,"bm":0,"ix":1,"mn":"ADBE Vector Group","hd":false}],"ip":0,"op":300,"st":0,"bm":0},{"ddd":0,"ind":16,"ty":4,"nm":"eye L","parent":18,"sr":1,"ks":{"o":{"a":0,"k":100,"ix":11},"r":{"a":0,"k":0,"ix":10},"p":{"a":0,"k":[929.479,924.388,0],"ix":2},"a":{"a":0,"k":[0,0,0],"ix":1},"s":{"a":0,"k":[100,100,100],"ix":6}},"ao":0,"shapes":[{"ty":"gr","it":[{"ind":0,"ty":"sh","ix":1,"ks":{"a":0,"k":{"i":[[-10.17,0],[0,0],[0,-10.17],[0,0],[10.17,0],[0,0],[0,10.17],[0,0]],"o":[[0,0],[10.17,0],[0,0],[0,10.17],[0,0],[-10.17,0],[0,0],[0,-10.17]],"v":[[-0.001,-23.995],[-0.001,-23.995],[18.419,-5.575],[18.419,5.575],[-0.001,23.995],[-0.001,23.995],[-18.421,5.575],[-18.421,-5.575]],"c":true},"ix":2},"nm":"Path 1","mn":"ADBE Vector Shape - Group","hd":false},{"ty":"fl","c":{"a":0,"k":[1,1,1,1],"ix":4},"o":{"a":0,"k":100,"ix":5},"r":1,"bm":0,"nm":"Fill 1","mn":"ADBE Vector Graphic - Fill","hd":false},{"ty":"tr","p":{"a":0,"k":[0,0],"ix":2},"a":{"a":0,"k":[0,0],"ix":1},"s":{"a":0,"k":[400,400],"ix":3},"r":{"a":0,"k":0,"ix":6},"o":{"a":0,"k":100,"ix":7},"sk":{"a":0,"k":0,"ix":4},"sa":{"a":0,"k":0,"ix":5},"nm":"Transform"}],"nm":"eye L","np":2,"cix":2,"bm":0,"ix":1,"mn":"ADBE Vector Group","hd":false}],"ip":0,"op":300,"st":0,"bm":0},{"ddd":0,"ind":17,"ty":4,"nm":"mask FILL 2","td":1,"sr":1,"ks":{"o":{"a":0,"k":100,"ix":11},"r":{"a":0,"k":0,"ix":10},"p":{"a":0,"k":[801.056,886.616,0],"ix":2},"a":{"a":0,"k":[0,0,0],"ix":1},"s":{"a":0,"k":[100,100,100],"ix":6}},"ao":0,"shapes":[{"ty":"gr","it":[{"ind":0,"ty":"sh","ix":1,"ks":{"a":0,"k":{"i":[[-15.2,7.82],[-13.72,0],[-10.03,-5.16],[0,-17.09],[0,0],[4.73,-3.19],[19.85,0],[15.26,10.45],[0,5.65],[0,0]],"o":[[10.03,-5.16],[13.72,0],[15.2,7.82],[0,0],[0,5.7],[-15.53,10.46],[-19.84,0],[-4.67,-3.19],[0,0],[0,-17.09]],"v":[[-35.639,-42.106],[0.001,-49.836],[35.641,-42.106],[60.401,-1.536],[60.401,19.924],[52.831,34.144],[-0.259,49.834],[-52.939,34.154],[-60.399,20.014],[-60.399,-1.536]],"c":true},"ix":2},"nm":"Path 1","mn":"ADBE Vector Shape - Group","hd":false},{"ty":"fl","c":{"a":0,"k":[1,0,0,1],"ix":4},"o":{"a":0,"k":100,"ix":5},"r":1,"bm":0,"nm":"Fill 1","mn":"ADBE Vector Graphic - Fill","hd":false},{"ty":"tr","p":{"a":0,"k":[0,0],"ix":2},"a":{"a":0,"k":[0,0],"ix":1},"s":{"a":0,"k":[400,400],"ix":3},"r":{"a":0,"k":0,"ix":6},"o":{"a":0,"k":100,"ix":7},"sk":{"a":0,"k":0,"ix":4},"sa":{"a":0,"k":0,"ix":5},"nm":"Transform"}],"nm":"mask","np":2,"cix":2,"bm":0,"ix":1,"mn":"ADBE Vector Group","hd":false}],"ip":0,"op":300,"st":0,"bm":0},{"ddd":0,"ind":18,"ty":0,"nm":"Eye Mask","tt":1,"refId":"comp_10","sr":1,"ks":{"o":{"a":0,"k":100,"ix":11},"r":{"a":0,"k":0,"ix":10},"p":{"a":0,"k":[800,800,0],"ix":2},"a":{"a":0,"k":[800,800,0],"ix":1},"s":{"a":0,"k":[100,100,100],"ix":6}},"ao":0,"w":1600,"h":1600,"ip":0,"op":800,"st":0,"bm":0},{"ddd":0,"ind":19,"ty":4,"nm":"mask FILL","td":1,"sr":1,"ks":{"o":{"a":0,"k":100,"ix":11},"r":{"a":0,"k":0,"ix":10},"p":{"a":0,"k":[801.056,886.616,0],"ix":2},"a":{"a":0,"k":[0,0,0],"ix":1},"s":{"a":0,"k":[100,100,100],"ix":6}},"ao":0,"shapes":[{"ty":"gr","it":[{"ind":0,"ty":"sh","ix":1,"ks":{"a":0,"k":{"i":[[-15.2,7.82],[-13.72,0],[-10.03,-5.16],[0,-17.09],[0,0],[4.73,-3.19],[19.85,0],[15.26,10.45],[0,5.65],[0,0]],"o":[[10.03,-5.16],[13.72,0],[15.2,7.82],[0,0],[0,5.7],[-15.53,10.46],[-19.84,0],[-4.67,-3.19],[0,0],[0,-17.09]],"v":[[-35.639,-42.106],[0.001,-49.836],[35.641,-42.106],[60.401,-1.536],[60.401,19.924],[52.831,34.144],[-0.259,49.834],[-52.939,34.154],[-60.399,20.014],[-60.399,-1.536]],"c":true},"ix":2},"nm":"Path 1","mn":"ADBE Vector Shape - Group","hd":false},{"ty":"fl","c":{"a":0,"k":[1,0,0,1],"ix":4},"o":{"a":0,"k":100,"ix":5},"r":1,"bm":0,"nm":"Fill 1","mn":"ADBE Vector Graphic - Fill","hd":false},{"ty":"tr","p":{"a":0,"k":[0,0],"ix":2},"a":{"a":0,"k":[0,0],"ix":1},"s":{"a":0,"k":[400,400],"ix":3},"r":{"a":0,"k":0,"ix":6},"o":{"a":0,"k":100,"ix":7},"sk":{"a":0,"k":0,"ix":4},"sa":{"a":0,"k":0,"ix":5},"nm":"Transform"}],"nm":"mask","np":2,"cix":2,"bm":0,"ix":1,"mn":"ADBE Vector Group","hd":false}],"ip":0,"op":300,"st":0,"bm":0},{"ddd":0,"ind":20,"ty":4,"nm":"BODY","tt":1,"sr":1,"ks":{"o":{"a":0,"k":100,"ix":11},"r":{"a":0,"k":0,"ix":10},"p":{"a":0,"k":[800.004,1021.186,0],"ix":2},"a":{"a":0,"k":[0,0,0],"ix":1},"s":{"a":0,"k":[100,100,100],"ix":6}},"ao":0,"shapes":[{"ty":"gr","it":[{"ind":0,"ty":"sh","ix":1,"ks":{"a":0,"k":{"i":[[-2.8,-1.18],[-6.48,0],[-17.13,7.3],[0,0],[-4.9,-11.49],[0,-3.05],[0,0],[37.06,0],[0,0],[0,37.06],[0,0],[-12.49,0]],"o":[[17.47,7.4],[6.43,0],[0,0],[11.49,-4.9],[1.2,2.8],[0,0],[0,37.06],[0,0],[-37.07,0],[0,0],[0,-12.49],[3.03,0]],"v":[[-35.656,-78.084],[0.264,-66.984],[35.614,-77.934],[35.614,-77.934],[65.294,-65.994],[67.104,-57.124],[67.104,12.766],[0.004,79.876],[0.004,79.876],[-67.106,12.766],[-67.106,-57.254],[-44.486,-79.874]],"c":true},"ix":2},"nm":"Path 1","mn":"ADBE Vector Shape - Group","hd":false},{"ty":"fl","c":{"a":0,"k":[0.470587998629,0.784313976765,0,1],"ix":4},"o":{"a":0,"k":100,"ix":5},"r":1,"bm":0,"nm":"Fill 1","mn":"ADBE Vector Graphic - Fill","hd":false},{"ty":"tr","p":{"a":0,"k":[0,0],"ix":2},"a":{"a":0,"k":[0,0],"ix":1},"s":{"a":0,"k":[400,400],"ix":3},"r":{"a":0,"k":0,"ix":6},"o":{"a":0,"k":100,"ix":7},"sk":{"a":0,"k":0,"ix":4},"sa":{"a":0,"k":0,"ix":5},"nm":"Transform"}],"nm":"BODY","np":2,"cix":2,"bm":0,"ix":1,"mn":"ADBE Vector Group","hd":false}],"ip":0,"op":300,"st":0,"bm":0},{"ddd":0,"ind":21,"ty":4,"nm":"mask FILL 3","sr":1,"ks":{"o":{"a":0,"k":100,"ix":11},"r":{"a":0,"k":0,"ix":10},"p":{"a":0,"k":[801.056,886.616,0],"ix":2},"a":{"a":0,"k":[0,0,0],"ix":1},"s":{"a":0,"k":[100,100,100],"ix":6}},"ao":0,"shapes":[{"ty":"gr","it":[{"ind":0,"ty":"sh","ix":1,"ks":{"a":0,"k":{"i":[[-15.2,7.82],[-13.72,0],[-10.03,-5.16],[0,-17.09],[0,0],[4.73,-3.19],[19.85,0],[15.26,10.45],[0,5.65],[0,0]],"o":[[10.03,-5.16],[13.72,0],[15.2,7.82],[0,0],[0,5.7],[-15.53,10.46],[-19.84,0],[-4.67,-3.19],[0,0],[0,-17.09]],"v":[[-35.639,-42.106],[0.001,-49.836],[35.641,-42.106],[60.401,-1.536],[60.401,19.924],[52.831,34.144],[-0.259,49.834],[-52.939,34.154],[-60.399,20.014],[-60.399,-1.536]],"c":true},"ix":2},"nm":"Path 1","mn":"ADBE Vector Shape - Group","hd":false},{"ty":"fl","c":{"a":0,"k":[0.109146978341,0.298141299977,0.538679534314,1],"ix":4},"o":{"a":0,"k":100,"ix":5},"r":1,"bm":0,"nm":"Fill 1","mn":"ADBE Vector Graphic - Fill","hd":false},{"ty":"tr","p":{"a":0,"k":[0,0],"ix":2},"a":{"a":0,"k":[0,0],"ix":1},"s":{"a":0,"k":[400,400],"ix":3},"r":{"a":0,"k":0,"ix":6},"o":{"a":0,"k":100,"ix":7},"sk":{"a":0,"k":0,"ix":4},"sa":{"a":0,"k":0,"ix":5},"nm":"Transform"}],"nm":"mask","np":2,"cix":2,"bm":0,"ix":1,"mn":"ADBE Vector Group","hd":false}],"ip":0,"op":300,"st":0,"bm":0},{"ddd":0,"ind":22,"ty":4,"nm":"stripe","sr":1,"ks":{"o":{"a":0,"k":100,"ix":11},"r":{"a":0,"k":0,"ix":10},"p":{"a":0,"k":[800.004,969.413,0],"ix":2},"a":{"a":0,"k":[0,0,0],"ix":1},"s":{"a":0,"k":[100,100,100],"ix":6}},"ao":0,"shapes":[{"ty":"gr","it":[{"ind":0,"ty":"sh","ix":1,"ks":{"a":0,"k":{"i":[[0,0],[-3.78,0],[-3.77,-0.5],[0,0],[2.91,0],[0,0],[0,2.92]],"o":[[3.77,-0.5],[3.77,0],[0,0],[0,2.92],[0,0],[-2.91,0],[0,0]],"v":[[-11.316,-76.773],[0.004,-77.523],[11.314,-76.773],[11.314,72.247],[6.044,77.527],[-6.046,77.527],[-11.316,72.247]],"c":true},"ix":2},"nm":"Path 1","mn":"ADBE Vector Shape - Group","hd":false},{"ty":"fl","c":{"a":0,"k":[1,1,1,1],"ix":4},"o":{"a":0,"k":100,"ix":5},"r":1,"bm":0,"nm":"Fill 1","mn":"ADBE Vector Graphic - Fill","hd":false},{"ty":"tr","p":{"a":0,"k":[0,0],"ix":2},"a":{"a":0,"k":[0,0],"ix":1},"s":{"a":0,"k":[400,400],"ix":3},"r":{"a":0,"k":0,"ix":6},"o":{"a":0,"k":100,"ix":7},"sk":{"a":0,"k":0,"ix":4},"sa":{"a":0,"k":0,"ix":5},"nm":"Transform"}],"nm":"stripe","np":2,"cix":2,"bm":0,"ix":1,"mn":"ADBE Vector Group","hd":false}],"ip":0,"op":300,"st":0,"bm":0},{"ddd":0,"ind":23,"ty":4,"nm":"TORSO","sr":1,"ks":{"o":{"a":0,"k":100,"ix":11},"r":{"a":0,"k":0,"ix":10},"p":{"a":0,"k":[800.004,1000,0],"ix":2},"a":{"a":0,"k":[0,0,0],"ix":1},"s":{"a":0,"k":[100,100,100],"ix":6}},"ao":0,"shapes":[{"ty":"gr","it":[{"ind":0,"ty":"sh","ix":1,"ks":{"a":0,"k":{"i":[[-20.08,7.99],[-11.29,0],[-11.29,-4.49],[0,0],[0,-21.6],[0,0],[37.06,0],[0,0],[0,37.07],[0,0]],"o":[[11.28,-4.49],[11.28,0],[0,0],[20.07,7.99],[0,0],[0,37.07],[0,0],[-37.07,0],[0,0],[0,-21.6]],"v":[[-33.856,-78.44],[0.004,-85.17],[33.864,-78.44],[33.864,-78.44],[67.104,-29.44],[67.104,18.06],[0.004,85.17],[0.004,85.17],[-67.106,18.06],[-67.106,-29.44]],"c":true},"ix":2},"nm":"Path 1","mn":"ADBE Vector Shape - Group","hd":false},{"ty":"fl","c":{"a":0,"k":[0.188234999776,0.447059005499,0.776471018791,1],"ix":4},"o":{"a":0,"k":100,"ix":5},"r":1,"bm":0,"nm":"Fill 1","mn":"ADBE Vector Graphic - Fill","hd":false},{"ty":"tr","p":{"a":0,"k":[0,0],"ix":2},"a":{"a":0,"k":[0,0],"ix":1},"s":{"a":0,"k":[400,400],"ix":3},"r":{"a":0,"k":0,"ix":6},"o":{"a":0,"k":100,"ix":7},"sk":{"a":0,"k":0,"ix":4},"sa":{"a":0,"k":0,"ix":5},"nm":"Transform"}],"nm":"TORSO","np":2,"cix":2,"bm":0,"ix":1,"mn":"ADBE Vector Group","hd":false}],"ip":0,"op":300,"st":0,"bm":0},{"ddd":0,"ind":24,"ty":4,"nm":"foot L","sr":1,"ks":{"o":{"a":0,"k":100,"ix":11},"r":{"a":0,"k":0,"ix":10},"p":{"a":0,"k":[875.794,1339.626,0],"ix":2},"a":{"a":0,"k":[0,0,0],"ix":1},"s":{"a":0,"k":[100,100,100],"ix":6}},"ao":0,"shapes":[{"ty":"gr","it":[{"ind":0,"ty":"sh","ix":1,"ks":{"a":0,"k":{"i":[[0,4.81],[-4.8,0],[0,0],[0,-4.8],[4.81,0],[0,0]],"o":[[0,-4.8],[0,0],[4.81,0],[0,4.81],[0,0],[-4.8,0]],"v":[[-15.526,-0.002],[-6.826,-8.702],[6.824,-8.702],[15.524,-0.002],[6.824,8.698],[-6.826,8.698]],"c":true},"ix":2},"nm":"Path 1","mn":"ADBE Vector Shape - Group","hd":false},{"ty":"fl","c":{"a":0,"k":[0.137254998088,0.325489997864,0.564706027508,1],"ix":4},"o":{"a":0,"k":100,"ix":5},"r":1,"bm":0,"nm":"Fill 1","mn":"ADBE Vector Graphic - Fill","hd":false},{"ty":"tr","p":{"a":0,"k":[0,0],"ix":2},"a":{"a":0,"k":[0,0],"ix":1},"s":{"a":0,"k":[400,400],"ix":3},"r":{"a":0,"k":0,"ix":6},"o":{"a":0,"k":100,"ix":7},"sk":{"a":0,"k":0,"ix":4},"sa":{"a":0,"k":0,"ix":5},"nm":"Transform"}],"nm":"foot L","np":2,"cix":2,"bm":0,"ix":1,"mn":"ADBE Vector Group","hd":false}],"ip":0,"op":300,"st":0,"bm":0},{"ddd":0,"ind":25,"ty":4,"nm":"foot R","sr":1,"ks":{"o":{"a":0,"k":100,"ix":11},"r":{"a":0,"k":0,"ix":10},"p":{"a":0,"k":[726.319,1339.626,0],"ix":2},"a":{"a":0,"k":[0,0,0],"ix":1},"s":{"a":0,"k":[100,100,100],"ix":6}},"ao":0,"shapes":[{"ty":"gr","it":[{"ind":0,"ty":"sh","ix":1,"ks":{"a":0,"k":{"i":[[0,4.81],[-4.8,0],[0,0],[0,-4.8],[4.81,0],[0,0]],"o":[[0,-4.8],[0,0],[4.81,0],[0,4.81],[0,0],[-4.8,0]],"v":[[-15.526,-0.002],[-6.826,-8.702],[6.824,-8.702],[15.524,-0.002],[6.824,8.698],[-6.826,8.698]],"c":true},"ix":2},"nm":"Path 1","mn":"ADBE Vector Shape - Group","hd":false},{"ty":"fl","c":{"a":0,"k":[0.137254998088,0.325489997864,0.564706027508,1],"ix":4},"o":{"a":0,"k":100,"ix":5},"r":1,"bm":0,"nm":"Fill 1","mn":"ADBE Vector Graphic - Fill","hd":false},{"ty":"tr","p":{"a":0,"k":[0,0],"ix":2},"a":{"a":0,"k":[0,0],"ix":1},"s":{"a":0,"k":[400,400],"ix":3},"r":{"a":0,"k":0,"ix":6},"o":{"a":0,"k":100,"ix":7},"sk":{"a":0,"k":0,"ix":4},"sa":{"a":0,"k":0,"ix":5},"nm":"Transform"}],"nm":"foot R","np":2,"cix":2,"bm":0,"ix":1,"mn":"ADBE Vector Group","hd":false}],"ip":0,"op":300,"st":0,"bm":0},{"ddd":0,"ind":26,"ty":4,"nm":"wing R","sr":1,"ks":{"o":{"a":0,"k":100,"ix":11},"r":{"a":0,"k":0,"ix":10},"p":{"a":0,"k":[529.599,1014.901,0],"ix":2},"a":{"a":0,"k":[0,0,0],"ix":1},"s":{"a":0,"k":[100,100,100],"ix":6}},"ao":0,"shapes":[{"ty":"gr","it":[{"ind":0,"ty":"sh","ix":1,"ks":{"a":0,"k":{"i":[[0,0],[-5.07,1.85],[-16.39,-21.03],[14.47,-21.53],[3.32,4.27]],"o":[[-3.32,-4.26],[24.34,-8.88],[16.39,21.03],[-3.02,4.49],[0,0]],"v":[[-41.683,-33.349],[-38.153,-45.729],[30.327,-25.659],[33.187,45.811],[20.347,46.251]],"c":true},"ix":2},"nm":"Path 1","mn":"ADBE Vector Shape - Group","hd":false},{"ty":"fl","c":{"a":0,"k":[0.188234999776,0.447059005499,0.776471018791,1],"ix":4},"o":{"a":0,"k":100,"ix":5},"r":1,"bm":0,"nm":"Fill 1","mn":"ADBE Vector Graphic - Fill","hd":false},{"ty":"tr","p":{"a":0,"k":[0,0],"ix":2},"a":{"a":0,"k":[0,0],"ix":1},"s":{"a":0,"k":[400,400],"ix":3},"r":{"a":0,"k":0,"ix":6},"o":{"a":0,"k":100,"ix":7},"sk":{"a":0,"k":0,"ix":4},"sa":{"a":0,"k":0,"ix":5},"nm":"Transform"}],"nm":"wing R","np":2,"cix":2,"bm":0,"ix":1,"mn":"ADBE Vector Group","hd":false}],"ip":0,"op":300,"st":0,"bm":0},{"ddd":0,"ind":27,"ty":4,"nm":"wing L","sr":1,"ks":{"o":{"a":0,"k":100,"ix":11},"r":{"a":0,"k":0,"ix":10},"p":{"a":0,"k":[1075.984,1014.901,0],"ix":2},"a":{"a":0,"k":[0,0,0],"ix":1},"s":{"a":0,"k":[100,100,100],"ix":6}},"ao":0,"shapes":[{"ty":"gr","it":[{"ind":0,"ty":"sh","ix":1,"ks":{"a":0,"k":{"i":[[3.33,-4.26],[0,0],[3.01,4.49],[-16.39,21.03],[-24.34,-8.88]],"o":[[0,0],[-3.33,4.27],[-14.48,-21.53],[16.38,-21.03],[5.06,1.85]],"v":[[41.677,-33.349],[-20.343,46.251],[-33.183,45.811],[-30.323,-25.659],[38.157,-45.729]],"c":true},"ix":2},"nm":"Path 1","mn":"ADBE Vector Shape - Group","hd":false},{"ty":"fl","c":{"a":0,"k":[0.188234999776,0.447059005499,0.776471018791,1],"ix":4},"o":{"a":0,"k":100,"ix":5},"r":1,"bm":0,"nm":"Fill 1","mn":"ADBE Vector Graphic - Fill","hd":false},{"ty":"tr","p":{"a":0,"k":[0,0],"ix":2},"a":{"a":0,"k":[0,0],"ix":1},"s":{"a":0,"k":[400,400],"ix":3},"r":{"a":0,"k":0,"ix":6},"o":{"a":0,"k":100,"ix":7},"sk":{"a":0,"k":0,"ix":4},"sa":{"a":0,"k":0,"ix":5},"nm":"Transform"}],"nm":"wing L","np":2,"cix":2,"bm":0,"ix":1,"mn":"ADBE Vector Group","hd":false}],"ip":0,"op":300,"st":0,"bm":0}]},{"id":"comp_1","layers":[{"ddd":0,"ind":1,"ty":4,"nm":"Shape Layer 2","sr":1,"ks":{"o":{"a":1,"k":[{"i":{"x":[0.059],"y":[1]},"o":{"x":[0.333],"y":[0]},"t":0,"s":[0]},{"i":{"x":[0.2],"y":[1]},"o":{"x":[0.131],"y":[0]},"t":5,"s":[100]},{"t":26,"s":[0]}],"ix":11},"r":{"a":1,"k":[{"i":{"x":[0.667],"y":[1]},"o":{"x":[0.333],"y":[0]},"t":0,"s":[108]},{"t":63,"s":[720]}],"ix":10},"p":{"a":0,"k":[100.062,99.844,0],"ix":2},"a":{"a":0,"k":[0.062,-0.156,0],"ix":1},"s":{"a":1,"k":[{"i":{"x":[0.322,0.322,0.667],"y":[1,1,1]},"o":{"x":[0.333,0.333,0.333],"y":[0,0,0]},"t":0,"s":[33,33,100]},{"i":{"x":[0.667,0.667,0.667],"y":[1,1,1]},"o":{"x":[0.652,0.652,0.333],"y":[0,0,0]},"t":7,"s":[150,150,100]},{"t":43,"s":[50,50,100]}],"ix":6}},"ao":0,"shapes":[{"ty":"gr","it":[{"ind":0,"ty":"sh","ix":1,"ks":{"a":0,"k":{"i":[[0,0],[0,0]],"o":[[0,0],[0,0]],"v":[[-5.375,5.75],[5.375,-5.875]],"c":false},"ix":2},"nm":"Path 1","mn":"ADBE Vector Shape - Group","hd":false},{"ty":"st","c":{"a":0,"k":[1,1,1,1],"ix":3},"o":{"a":0,"k":100,"ix":4},"w":{"a":0,"k":2,"ix":5},"lc":2,"lj":1,"ml":4,"bm":0,"nm":"Stroke 1","mn":"ADBE Vector Graphic - Stroke","hd":false},{"ty":"fl","c":{"a":0,"k":[1,1,1,1],"ix":4},"o":{"a":0,"k":100,"ix":5},"r":1,"bm":0,"nm":"Fill 1","mn":"ADBE Vector Graphic - Fill","hd":false},{"ty":"tr","p":{"a":0,"k":[0,0],"ix":2},"a":{"a":0,"k":[0,0],"ix":1},"s":{"a":0,"k":[100,100],"ix":3},"r":{"a":0,"k":0,"ix":6},"o":{"a":0,"k":100,"ix":7},"sk":{"a":0,"k":0,"ix":4},"sa":{"a":0,"k":0,"ix":5},"nm":"Transform"}],"nm":"Shape 1","np":3,"cix":2,"bm":0,"ix":1,"mn":"ADBE Vector Group","hd":false}],"ip":0,"op":83,"st":0,"bm":0},{"ddd":0,"ind":2,"ty":4,"nm":"Shape Layer 1","sr":1,"ks":{"o":{"a":1,"k":[{"i":{"x":[0.059],"y":[1]},"o":{"x":[0.333],"y":[0]},"t":0,"s":[0]},{"i":{"x":[0.2],"y":[1]},"o":{"x":[0.131],"y":[0]},"t":5,"s":[100]},{"t":26,"s":[0]}],"ix":11},"r":{"a":1,"k":[{"i":{"x":[0.667],"y":[1]},"o":{"x":[0.333],"y":[0]},"t":0,"s":[0]},{"t":63,"s":[720]}],"ix":10},"p":{"a":0,"k":[100.062,99.844,0],"ix":2},"a":{"a":0,"k":[0.062,-0.156,0],"ix":1},"s":{"a":1,"k":[{"i":{"x":[0.322,0.322,0.667],"y":[1,1,1]},"o":{"x":[0.333,0.333,0.333],"y":[0,0,0]},"t":0,"s":[33,33,100]},{"i":{"x":[0.667,0.667,0.667],"y":[1,1,1]},"o":{"x":[0.652,0.652,0.333],"y":[0,0,0]},"t":7,"s":[150,150,100]},{"t":43,"s":[50,50,100]}],"ix":6}},"ao":0,"shapes":[{"ty":"gr","it":[{"ind":0,"ty":"sh","ix":1,"ks":{"a":0,"k":{"i":[[0,0],[0,0]],"o":[[0,0],[0,0]],"v":[[-5.375,5.75],[5.375,-5.875]],"c":false},"ix":2},"nm":"Path 1","mn":"ADBE Vector Shape - Group","hd":false},{"ty":"st","c":{"a":0,"k":[1,1,1,1],"ix":3},"o":{"a":0,"k":100,"ix":4},"w":{"a":0,"k":2,"ix":5},"lc":2,"lj":1,"ml":4,"bm":0,"nm":"Stroke 1","mn":"ADBE Vector Graphic - Stroke","hd":false},{"ty":"fl","c":{"a":0,"k":[1,1,1,1],"ix":4},"o":{"a":0,"k":100,"ix":5},"r":1,"bm":0,"nm":"Fill 1","mn":"ADBE Vector Graphic - Fill","hd":false},{"ty":"tr","p":{"a":0,"k":[0,0],"ix":2},"a":{"a":0,"k":[0,0],"ix":1},"s":{"a":0,"k":[100,100],"ix":3},"r":{"a":0,"k":0,"ix":6},"o":{"a":0,"k":100,"ix":7},"sk":{"a":0,"k":0,"ix":4},"sa":{"a":0,"k":0,"ix":5},"nm":"Transform"}],"nm":"Shape 1","np":3,"cix":2,"bm":0,"ix":1,"mn":"ADBE Vector Group","hd":false}],"ip":0,"op":83,"st":0,"bm":0},{"ddd":0,"ind":3,"ty":4,"nm":"sparkle 14","sr":1,"ks":{"o":{"a":1,"k":[{"i":{"x":[0.16],"y":[1]},"o":{"x":[0.163],"y":[0.41]},"t":0,"s":[0]},{"i":{"x":[0.319],"y":[0.762]},"o":{"x":[0.167],"y":[0]},"t":5,"s":[74]},{"i":{"x":[0.682],"y":[0.829]},"o":{"x":[0.388],"y":[0.52]},"t":38.732,"s":[13.434]},{"i":{"x":[0.607],"y":[1]},"o":{"x":[0.295],"y":[0.726]},"t":63,"s":[2.046]},{"t":83,"s":[0]}],"ix":11},"r":{"a":1,"k":[{"i":{"x":[0.549],"y":[0.67]},"o":{"x":[0.333],"y":[0]},"t":0,"s":[0]},{"i":{"x":[0.643],"y":[0.922]},"o":{"x":[0.268],"y":[0.691]},"t":46.988,"s":[235.834]},{"i":{"x":[0.702],"y":[1]},"o":{"x":[0.356],"y":[1.071]},"t":113.855,"s":[331.093]},{"t":150,"s":[334.861]}],"ix":10},"p":{"s":true,"x":{"a":0,"k":100,"ix":3},"y":{"a":0,"k":100,"ix":4}},"a":{"a":0,"k":[0,0,0],"ix":1},"s":{"a":1,"k":[{"i":{"x":[0.667,0.667,0.667],"y":[1,1,1]},"o":{"x":[0.333,0.333,0.333],"y":[0,0,0]},"t":0,"s":[0,0,100]},{"i":{"x":[0.388,0.388,0.833],"y":[0.072,0.072,5.021]},"o":{"x":[0.172,0.172,0.333],"y":[0,0,0]},"t":12.752,"s":[35,35,100]},{"i":{"x":[0.68,0.68,0.7],"y":[1,1,1]},"o":{"x":[0.23,0.23,0.177],"y":[0.905,0.905,-8.082]},"t":37,"s":[14.774,14.774,100]},{"t":83,"s":[0,0,100]}],"ix":6}},"ao":0,"shapes":[{"ty":"gr","it":[{"ind":0,"ty":"sh","ix":1,"ks":{"a":0,"k":{"i":[[0,0],[1.12,-0.65],[0,0],[0.65,1.12],[0,0],[-1.13,0.65],[0,0],[-0.65,-1.13]],"o":[[0.65,1.12],[0,0],[-1.13,0.65],[0,0],[-0.65,-1.13],[0,0],[1.12,-0.65],[0,0]],"v":[[5.652,-0.208],[4.792,3.012],[0.212,5.652],[-3.008,4.792],[-5.648,0.212],[-4.788,-3.008],[-0.208,-5.648],[3.012,-4.788]],"c":true},"ix":2},"nm":"Path 1","mn":"ADBE Vector Shape - Group","hd":false},{"ty":"fl","c":{"a":0,"k":[1,1,1,1],"ix":4},"o":{"a":0,"k":100,"ix":5},"r":1,"bm":0,"nm":"Fill 1","mn":"ADBE Vector Graphic - Fill","hd":false},{"ty":"tr","p":{"a":0,"k":[0,0],"ix":2},"a":{"a":0,"k":[0,0],"ix":1},"s":{"a":0,"k":[600,600],"ix":3},"r":{"a":0,"k":0,"ix":6},"o":{"a":0,"k":100,"ix":7},"sk":{"a":0,"k":0,"ix":4},"sa":{"a":0,"k":0,"ix":5},"nm":"Transform"}],"nm":"Group 1","np":2,"cix":2,"bm":0,"ix":1,"mn":"ADBE Vector Group","hd":false}],"ip":0,"op":83,"st":-270,"bm":0}]},{"id":"comp_2","layers":[{"ddd":0,"ind":1,"ty":4,"nm":"HEART 2","td":1,"sr":1,"ks":{"o":{"a":0,"k":100,"ix":11},"r":{"a":0,"k":0,"ix":10},"p":{"a":0,"k":[798.994,363.464,0],"ix":2},"a":{"a":0,"k":[0,0,0],"ix":1},"s":{"a":0,"k":[100,100,100],"ix":6}},"ao":0,"shapes":[{"ty":"gr","it":[{"ind":0,"ty":"sh","ix":1,"ks":{"a":0,"k":{"i":[[-7.68,0],[0,-16.71],[3.82,-3.14],[0,0],[7.11,6.61],[0.87,1.19],[0,5.13],[-16.71,0],[-5.33,-4.7]],"o":[[16.71,0],[0,6.83],[0,0],[-7.12,6.61],[0,0],[-2.25,-2.95],[0,-16.71],[7.68,0],[5.34,-4.7]],"v":[[20.015,-41.036],[50.275,-10.776],[44.195,3.864],[12.625,36.084],[-12.615,36.074],[-46.755,1.214],[-50.275,-10.776],[-20.015,-41.036],[-0.005,-33.476]],"c":true},"ix":2},"nm":"Path 1","mn":"ADBE Vector Shape - Group","hd":false},{"ty":"st","c":{"a":0,"k":[1,0.494118005037,0.494118005037,1],"ix":3},"o":{"a":0,"k":100,"ix":4},"w":{"a":0,"k":6,"ix":5},"lc":1,"lj":2,"bm":0,"nm":"Stroke 1","mn":"ADBE Vector Graphic - Stroke","hd":false},{"ty":"fl","c":{"a":0,"k":[1,0.294117987156,0.294117987156,1],"ix":4},"o":{"a":0,"k":100,"ix":5},"r":1,"bm":0,"nm":"Fill 1","mn":"ADBE Vector Graphic - Fill","hd":false},{"ty":"tr","p":{"a":0,"k":[0,0],"ix":2},"a":{"a":0,"k":[0,0],"ix":1},"s":{"a":0,"k":[400,400],"ix":3},"r":{"a":0,"k":0,"ix":6},"o":{"a":0,"k":100,"ix":7},"sk":{"a":0,"k":0,"ix":4},"sa":{"a":0,"k":0,"ix":5},"nm":"Transform"}],"nm":"HEART","np":3,"cix":2,"bm":0,"ix":1,"mn":"ADBE Vector Group","hd":false}],"ip":0,"op":300,"st":0,"bm":0},{"ddd":0,"ind":2,"ty":4,"nm":"Shape Layer 1","tt":1,"sr":1,"ks":{"o":{"a":0,"k":66,"ix":11},"r":{"a":0,"k":-45,"ix":10},"p":{"s":true,"x":{"a":1,"k":[{"i":{"x":[0.421],"y":[1]},"o":{"x":[0.597],"y":[0]},"t":50,"s":[705]},{"t":84,"s":[1483]}],"ix":3},"y":{"a":1,"k":[{"i":{"x":[0.833],"y":[1]},"o":{"x":[0.167],"y":[0]},"t":50,"s":[604]},{"t":84,"s":[604]}],"ix":4}},"a":{"a":0,"k":[0,0,0],"ix":1},"s":{"a":0,"k":[100,100,100],"ix":6}},"ao":0,"shapes":[{"ind":0,"ty":"sh","ix":1,"ks":{"a":1,"k":[{"i":{"x":0.391,"y":1},"o":{"x":0.167,"y":0},"t":50,"s":[{"i":[[0,0],[0,0],[0,0],[0,0]],"o":[[0,0],[0,0],[0,0],[0,0]],"v":[[50,-750],[50,50],[-50,50],[-50,-750]],"c":true}]},{"i":{"x":0.833,"y":1},"o":{"x":0.926,"y":0},"t":62,"s":[{"i":[[0,0],[0,0],[0,0],[0,0]],"o":[[0,0],[0,0],[0,0],[0,0]],"v":[[194,-752],[194,48],[-50,50],[-50,-750]],"c":true}]},{"t":84,"s":[{"i":[[0,0],[0,0],[0,0],[0,0]],"o":[[0,0],[0,0],[0,0],[0,0]],"v":[[50,-750],[50,50],[-50,50],[-50,-750]],"c":true}]}],"ix":2},"nm":"Path 1","mn":"ADBE Vector Shape - Group","hd":false},{"ty":"fl","c":{"a":0,"k":[1,1,1,1],"ix":4},"o":{"a":0,"k":100,"ix":5},"r":1,"bm":0,"nm":"Fill 1","mn":"ADBE Vector Graphic - Fill","hd":false}],"ip":0,"op":300,"st":0,"bm":0},{"ddd":0,"ind":3,"ty":4,"nm":"shine BUBBLE","sr":1,"ks":{"o":{"a":0,"k":30,"ix":11},"r":{"a":0,"k":0,"ix":10},"p":{"a":0,"k":[699.826,294.993,0],"ix":2},"a":{"a":0,"k":[0,0,0],"ix":1},"s":{"a":0,"k":[100,100,100],"ix":6}},"ao":0,"shapes":[{"ty":"gr","it":[{"d":1,"ty":"el","s":{"a":0,"k":[20.358,20.694],"ix":2},"p":{"a":0,"k":[0,0],"ix":3},"nm":"Ellipse Path 1","mn":"ADBE Vector Shape - Ellipse","hd":false},{"ty":"fl","c":{"a":0,"k":[1,1,1,1],"ix":4},"o":{"a":0,"k":100,"ix":5},"r":1,"bm":0,"nm":"Fill 1","mn":"ADBE Vector Graphic - Fill","hd":false},{"ty":"tr","p":{"a":0,"k":[0,0],"ix":2},"a":{"a":0,"k":[0,0],"ix":1},"s":{"a":0,"k":[400,400],"ix":3},"r":{"a":0,"k":0,"ix":6},"o":{"a":0,"k":100,"ix":7},"sk":{"a":0,"k":0,"ix":4},"sa":{"a":0,"k":0,"ix":5},"nm":"Transform"}],"nm":"shine BUBBLE","np":2,"cix":2,"bm":0,"ix":1,"mn":"ADBE Vector Group","hd":false}],"ip":0,"op":300,"st":0,"bm":0},{"ddd":0,"ind":4,"ty":4,"nm":"infinity fill 02","sr":1,"ks":{"o":{"a":0,"k":100,"ix":11},"r":{"a":0,"k":0,"ix":10},"p":{"a":0,"k":[849.066,351.32,0],"ix":2},"a":{"a":0,"k":[0,0,0],"ix":1},"s":{"a":0,"k":[100,100,100],"ix":6}},"ao":0,"shapes":[{"ty":"gr","it":[{"ind":0,"ty":"sh","ix":1,"ks":{"a":0,"k":{"i":[[0,0],[-2.34,2.34],[0,0],[0,0],[2.36,2.36],[2.34,-2.34],[0,0],[0,0]],"o":[[2.33,2.35],[0,0],[0,0],[2.36,-2.36],[-2.33,-2.34],[0,0],[0,0],[0,0]],"v":[[-2.991,4.273],[5.479,4.283],[5.489,4.283],[5.489,4.273],[5.489,-4.277],[-2.981,-4.287],[-2.991,-4.277],[-7.261,0.003]],"c":true},"ix":2},"nm":"Path 1","mn":"ADBE Vector Shape - Group","hd":false},{"ty":"fl","c":{"a":0,"k":[1,0.294117987156,0.294117987156,1],"ix":4},"o":{"a":0,"k":100,"ix":5},"r":1,"bm":0,"nm":"Fill 1","mn":"ADBE Vector Graphic - Fill","hd":false},{"ty":"tr","p":{"a":0,"k":[0,0],"ix":2},"a":{"a":0,"k":[0,0],"ix":1},"s":{"a":0,"k":[400,400],"ix":3},"r":{"a":0,"k":0,"ix":6},"o":{"a":0,"k":100,"ix":7},"sk":{"a":0,"k":0,"ix":4},"sa":{"a":0,"k":0,"ix":5},"nm":"Transform"}],"nm":"infinity fill 02","np":2,"cix":2,"bm":0,"ix":1,"mn":"ADBE Vector Group","hd":false}],"ip":0,"op":300,"st":0,"bm":0},{"ddd":0,"ind":5,"ty":4,"nm":"infinity stroke 02","sr":1,"ks":{"o":{"a":0,"k":100,"ix":11},"r":{"a":0,"k":0,"ix":10},"p":{"a":0,"k":[843.698,351.32,0],"ix":2},"a":{"a":0,"k":[0,0,0],"ix":1},"s":{"a":0,"k":[100,100,100],"ix":6}},"ao":0,"shapes":[{"ty":"gr","it":[{"ind":0,"ty":"sh","ix":1,"ks":{"a":0,"k":{"i":[[0,0],[0,0],[0,0],[0,0],[-4.88,-4.89],[4.89,-4.9],[0,0],[0,0],[4.88,4.89],[0,0]],"o":[[0,0],[0,0],[0,0],[4.89,-4.88],[4.89,4.9],[0,0],[0,0],[-4.89,4.88],[0,0],[0,0]],"v":[[-12.82,-2.293],[-6.26,-8.873],[-6.25,-8.883],[-6.24,-8.893],[11.44,-8.873],[11.44,8.867],[11.43,8.877],[11.42,8.887],[-6.26,8.867],[-15.11,-0.003]],"c":true},"ix":2},"nm":"Path 1","mn":"ADBE Vector Shape - Group","hd":false},{"ty":"fl","c":{"a":0,"k":[1,1,1,1],"ix":4},"o":{"a":0,"k":100,"ix":5},"r":1,"bm":0,"nm":"Fill 1","mn":"ADBE Vector Graphic - Fill","hd":false},{"ty":"tr","p":{"a":0,"k":[0,0],"ix":2},"a":{"a":0,"k":[0,0],"ix":1},"s":{"a":0,"k":[400,400],"ix":3},"r":{"a":0,"k":0,"ix":6},"o":{"a":0,"k":100,"ix":7},"sk":{"a":0,"k":0,"ix":4},"sa":{"a":0,"k":0,"ix":5},"nm":"Transform"}],"nm":"infinity stroke 02","np":2,"cix":2,"bm":0,"ix":1,"mn":"ADBE Vector Group","hd":false}],"ip":0,"op":300,"st":0,"bm":0},{"ddd":0,"ind":6,"ty":4,"nm":"infinity fill 01","sr":1,"ks":{"o":{"a":0,"k":100,"ix":11},"r":{"a":0,"k":0,"ix":10},"p":{"a":0,"k":[754.723,351.32,0],"ix":2},"a":{"a":0,"k":[0,0,0],"ix":1},"s":{"a":0,"k":[100,100,100],"ix":6}},"ao":0,"shapes":[{"ty":"gr","it":[{"ind":0,"ty":"sh","ix":1,"ks":{"a":0,"k":{"i":[[0,0],[0,0],[0,0],[2.34,-2.34],[-2.36,-2.36],[0,0],[0,0],[-2.34,2.35],[0,0]],"o":[[0,0],[0,0],[-2.35,-2.34],[-2.36,2.36],[0,0],[0,0],[2.34,2.34],[0,0],[0,0]],"v":[[2.999,-4.277],[2.989,-4.277],[2.989,-4.287],[-5.491,-4.277],[-5.491,4.273],[-5.491,4.283],[-5.481,4.283],[2.999,4.273],[7.259,0.003]],"c":true},"ix":2},"nm":"Path 1","mn":"ADBE Vector Shape - Group","hd":false},{"ty":"fl","c":{"a":0,"k":[1,0.294117987156,0.294117987156,1],"ix":4},"o":{"a":0,"k":100,"ix":5},"r":1,"bm":0,"nm":"Fill 1","mn":"ADBE Vector Graphic - Fill","hd":false},{"ty":"tr","p":{"a":0,"k":[0,0],"ix":2},"a":{"a":0,"k":[0,0],"ix":1},"s":{"a":0,"k":[400,400],"ix":3},"r":{"a":0,"k":0,"ix":6},"o":{"a":0,"k":100,"ix":7},"sk":{"a":0,"k":0,"ix":4},"sa":{"a":0,"k":0,"ix":5},"nm":"Transform"}],"nm":"infinity fill 01","np":2,"cix":2,"bm":0,"ix":1,"mn":"ADBE Vector Group","hd":false}],"ip":0,"op":300,"st":0,"bm":0},{"ddd":0,"ind":7,"ty":4,"nm":"infinity stroke 01","sr":1,"ks":{"o":{"a":0,"k":100,"ix":11},"r":{"a":0,"k":0,"ix":10},"p":{"a":0,"k":[760.092,351.32,0],"ix":2},"a":{"a":0,"k":[0,0,0],"ix":1},"s":{"a":0,"k":[100,100,100],"ix":6}},"ao":0,"shapes":[{"ty":"gr","it":[{"ind":0,"ty":"sh","ix":1,"ks":{"a":0,"k":{"i":[[0,0],[4.89,4.88],[0,0],[0,0],[-4.89,4.9],[-4.89,-4.88],[0,0],[0,0],[0,0]],"o":[[-4.88,4.89],[0,0],[0,0],[-4.89,-4.9],[4.88,-4.89],[0,0],[0,0],[0,0],[0,0]],"v":[[6.26,8.867],[-11.42,8.887],[-11.43,8.877],[-11.44,8.867],[-11.44,-8.873],[6.24,-8.893],[6.25,-8.883],[6.26,-8.873],[15.11,-0.003]],"c":true},"ix":2},"nm":"Path 1","mn":"ADBE Vector Shape - Group","hd":false},{"ty":"fl","c":{"a":0,"k":[1,1,1,1],"ix":4},"o":{"a":0,"k":100,"ix":5},"r":1,"bm":0,"nm":"Fill 1","mn":"ADBE Vector Graphic - Fill","hd":false},{"ty":"tr","p":{"a":0,"k":[0,0],"ix":2},"a":{"a":0,"k":[0,0],"ix":1},"s":{"a":0,"k":[400,400],"ix":3},"r":{"a":0,"k":0,"ix":6},"o":{"a":0,"k":100,"ix":7},"sk":{"a":0,"k":0,"ix":4},"sa":{"a":0,"k":0,"ix":5},"nm":"Transform"}],"nm":"infinity stroke 01","np":2,"cix":2,"bm":0,"ix":1,"mn":"ADBE Vector Group","hd":false}],"ip":0,"op":300,"st":0,"bm":0},{"ddd":0,"ind":8,"ty":4,"nm":"HEART","sr":1,"ks":{"o":{"a":0,"k":100,"ix":11},"r":{"a":0,"k":0,"ix":10},"p":{"a":0,"k":[798.994,363.464,0],"ix":2},"a":{"a":0,"k":[0,0,0],"ix":1},"s":{"a":0,"k":[100,100,100],"ix":6}},"ao":0,"shapes":[{"ty":"gr","it":[{"ind":0,"ty":"sh","ix":1,"ks":{"a":0,"k":{"i":[[-7.68,0],[0,-16.71],[3.82,-3.14],[0,0],[7.11,6.61],[0.87,1.19],[0,5.13],[-16.71,0],[-5.33,-4.7]],"o":[[16.71,0],[0,6.83],[0,0],[-7.12,6.61],[0,0],[-2.25,-2.95],[0,-16.71],[7.68,0],[5.34,-4.7]],"v":[[20.015,-41.036],[50.275,-10.776],[44.195,3.864],[12.625,36.084],[-12.615,36.074],[-46.755,1.214],[-50.275,-10.776],[-20.015,-41.036],[-0.005,-33.476]],"c":true},"ix":2},"nm":"Path 1","mn":"ADBE Vector Shape - Group","hd":false},{"ty":"st","c":{"a":0,"k":[1,0.494118005037,0.494118005037,1],"ix":3},"o":{"a":0,"k":100,"ix":4},"w":{"a":0,"k":6,"ix":5},"lc":1,"lj":2,"bm":0,"nm":"Stroke 1","mn":"ADBE Vector Graphic - Stroke","hd":false},{"ty":"fl","c":{"a":0,"k":[1,0.294117987156,0.294117987156,1],"ix":4},"o":{"a":0,"k":100,"ix":5},"r":1,"bm":0,"nm":"Fill 1","mn":"ADBE Vector Graphic - Fill","hd":false},{"ty":"tr","p":{"a":0,"k":[0,0],"ix":2},"a":{"a":0,"k":[0,0],"ix":1},"s":{"a":0,"k":[400,400],"ix":3},"r":{"a":0,"k":0,"ix":6},"o":{"a":0,"k":100,"ix":7},"sk":{"a":0,"k":0,"ix":4},"sa":{"a":0,"k":0,"ix":5},"nm":"Transform"}],"nm":"HEART","np":3,"cix":2,"bm":0,"ix":1,"mn":"ADBE Vector Group","hd":false}],"ip":0,"op":300,"st":0,"bm":0}]},{"id":"comp_3","layers":[{"ddd":0,"ind":1,"ty":0,"nm":"Sparkle Particle","refId":"comp_4","sr":1,"ks":{"o":{"a":0,"k":66,"ix":11},"r":{"a":0,"k":0,"ix":10},"p":{"a":0,"k":[680.317,93.25,0],"ix":2},"a":{"a":0,"k":[100,100,0],"ix":1},"s":{"a":0,"k":[150,150,100],"ix":6}},"ao":0,"w":200,"h":200,"ip":-6,"op":77,"st":-6,"bm":0},{"ddd":0,"ind":2,"ty":0,"nm":"Sparkle Particle","refId":"comp_4","sr":1,"ks":{"o":{"a":0,"k":66,"ix":11},"r":{"a":0,"k":0,"ix":10},"p":{"a":0,"k":[914.317,484.25,0],"ix":2},"a":{"a":0,"k":[100,100,0],"ix":1},"s":{"a":0,"k":[150,150,100],"ix":6}},"ao":0,"w":200,"h":200,"ip":2,"op":85,"st":2,"bm":0},{"ddd":0,"ind":3,"ty":0,"nm":"Sparkle Particle","refId":"comp_4","sr":1,"ks":{"o":{"a":0,"k":66,"ix":11},"r":{"a":0,"k":0,"ix":10},"p":{"a":0,"k":[507.75,351,0],"ix":2},"a":{"a":0,"k":[100,100,0],"ix":1},"s":{"a":0,"k":[260,260,100],"ix":6}},"ao":0,"w":200,"h":200,"ip":10,"op":93,"st":10,"bm":0},{"ddd":0,"ind":4,"ty":0,"nm":"Sparkle Particle","refId":"comp_4","sr":1,"ks":{"o":{"a":0,"k":66,"ix":11},"r":{"a":0,"k":0,"ix":10},"p":{"a":0,"k":[852.317,78.25,0],"ix":2},"a":{"a":0,"k":[100,100,0],"ix":1},"s":{"a":0,"k":[300,300,100],"ix":6}},"ao":0,"w":200,"h":200,"ip":18,"op":101,"st":18,"bm":0},{"ddd":0,"ind":5,"ty":0,"nm":"Sparkle Particle","refId":"comp_4","sr":1,"ks":{"o":{"a":0,"k":66,"ix":11},"r":{"a":0,"k":0,"ix":10},"p":{"a":0,"k":[1049.75,180.25,0],"ix":2},"a":{"a":0,"k":[100,100,0],"ix":1},"s":{"a":0,"k":[260,260,100],"ix":6}},"ao":0,"w":200,"h":200,"ip":26,"op":109,"st":26,"bm":0},{"ddd":0,"ind":6,"ty":0,"nm":"Sparkle Particle","refId":"comp_4","sr":1,"ks":{"o":{"a":0,"k":66,"ix":11},"r":{"a":0,"k":0,"ix":10},"p":{"a":0,"k":[553.75,180.25,0],"ix":2},"a":{"a":0,"k":[100,100,0],"ix":1},"s":{"a":0,"k":[260,260,100],"ix":6}},"ao":0,"w":200,"h":200,"ip":34,"op":117,"st":34,"bm":0},{"ddd":0,"ind":7,"ty":0,"nm":"Sparkle Particle","refId":"comp_4","sr":1,"ks":{"o":{"a":0,"k":66,"ix":11},"r":{"a":0,"k":0,"ix":10},"p":{"a":0,"k":[647,486.5,0],"ix":2},"a":{"a":0,"k":[100,100,0],"ix":1},"s":{"a":0,"k":[300,300,100],"ix":6}},"ao":0,"w":200,"h":200,"ip":42,"op":125,"st":42,"bm":0},{"ddd":0,"ind":8,"ty":0,"nm":"Sparkle Particle","refId":"comp_4","sr":1,"ks":{"o":{"a":0,"k":66,"ix":11},"r":{"a":0,"k":0,"ix":10},"p":{"a":0,"k":[972.5,394.599,0],"ix":2},"a":{"a":0,"k":[100,100,0],"ix":1},"s":{"a":0,"k":[260,260,100],"ix":6}},"ao":0,"w":200,"h":200,"ip":50,"op":133,"st":50,"bm":0},{"ddd":0,"ind":9,"ty":0,"nm":"Sparkle Particle","refId":"comp_4","sr":1,"ks":{"o":{"a":0,"k":66,"ix":11},"r":{"a":0,"k":0,"ix":10},"p":{"a":0,"k":[732.317,156.25,0],"ix":2},"a":{"a":0,"k":[100,100,0],"ix":1},"s":{"a":0,"k":[150,150,100],"ix":6}},"ao":0,"w":200,"h":200,"ip":0,"op":27,"st":-56,"bm":0},{"ddd":0,"ind":10,"ty":0,"nm":"Sparkle Particle","refId":"comp_4","sr":1,"ks":{"o":{"a":0,"k":66,"ix":11},"r":{"a":0,"k":0,"ix":10},"p":{"a":0,"k":[914.317,484.25,0],"ix":2},"a":{"a":0,"k":[100,100,0],"ix":1},"s":{"a":0,"k":[150,150,100],"ix":6}},"ao":0,"w":200,"h":200,"ip":0,"op":35,"st":-48,"bm":0},{"ddd":0,"ind":11,"ty":0,"nm":"Sparkle Particle","refId":"comp_4","sr":1,"ks":{"o":{"a":0,"k":66,"ix":11},"r":{"a":0,"k":0,"ix":10},"p":{"a":0,"k":[507.75,351,0],"ix":2},"a":{"a":0,"k":[100,100,0],"ix":1},"s":{"a":0,"k":[260,260,100],"ix":6}},"ao":0,"w":200,"h":200,"ip":0,"op":43,"st":-40,"bm":0},{"ddd":0,"ind":12,"ty":0,"nm":"Sparkle Particle","refId":"comp_4","sr":1,"ks":{"o":{"a":0,"k":66,"ix":11},"r":{"a":0,"k":0,"ix":10},"p":{"a":0,"k":[852.317,78.25,0],"ix":2},"a":{"a":0,"k":[100,100,0],"ix":1},"s":{"a":0,"k":[300,300,100],"ix":6}},"ao":0,"w":200,"h":200,"ip":0,"op":51,"st":-32,"bm":0},{"ddd":0,"ind":13,"ty":0,"nm":"Sparkle Particle","refId":"comp_4","sr":1,"ks":{"o":{"a":0,"k":66,"ix":11},"r":{"a":0,"k":0,"ix":10},"p":{"a":0,"k":[1049.75,180.25,0],"ix":2},"a":{"a":0,"k":[100,100,0],"ix":1},"s":{"a":0,"k":[260,260,100],"ix":6}},"ao":0,"w":200,"h":200,"ip":0,"op":59,"st":-24,"bm":0},{"ddd":0,"ind":14,"ty":0,"nm":"Sparkle Particle","refId":"comp_4","sr":1,"ks":{"o":{"a":0,"k":66,"ix":11},"r":{"a":0,"k":0,"ix":10},"p":{"a":0,"k":[553.75,180.25,0],"ix":2},"a":{"a":0,"k":[100,100,0],"ix":1},"s":{"a":0,"k":[260,260,100],"ix":6}},"ao":0,"w":200,"h":200,"ip":0,"op":67,"st":-16,"bm":0},{"ddd":0,"ind":15,"ty":0,"nm":"Sparkle Particle","refId":"comp_4","sr":1,"ks":{"o":{"a":0,"k":66,"ix":11},"r":{"a":0,"k":0,"ix":10},"p":{"a":0,"k":[647,486.5,0],"ix":2},"a":{"a":0,"k":[100,100,0],"ix":1},"s":{"a":0,"k":[300,300,100],"ix":6}},"ao":0,"w":200,"h":200,"ip":0,"op":75,"st":-8,"bm":0},{"ddd":0,"ind":16,"ty":0,"nm":"Sparkle Particle","refId":"comp_4","sr":1,"ks":{"o":{"a":0,"k":66,"ix":11},"r":{"a":0,"k":0,"ix":10},"p":{"a":0,"k":[972.5,394.599,0],"ix":2},"a":{"a":0,"k":[100,100,0],"ix":1},"s":{"a":0,"k":[260,260,100],"ix":6}},"ao":0,"w":200,"h":200,"ip":0,"op":83,"st":0,"bm":0},{"ddd":0,"ind":17,"ty":0,"nm":"Sparkle Particle","refId":"comp_4","sr":1,"ks":{"o":{"a":0,"k":66,"ix":11},"r":{"a":0,"k":0,"ix":10},"p":{"a":0,"k":[728.317,107.75,0],"ix":2},"a":{"a":0,"k":[100,100,0],"ix":1},"s":{"a":0,"k":[150,150,100],"ix":6}},"ao":0,"w":200,"h":200,"ip":44,"op":100,"st":44,"bm":0},{"ddd":0,"ind":18,"ty":0,"nm":"Sparkle Particle","refId":"comp_4","sr":1,"ks":{"o":{"a":0,"k":66,"ix":11},"r":{"a":0,"k":0,"ix":10},"p":{"a":0,"k":[914.317,484.25,0],"ix":2},"a":{"a":0,"k":[100,100,0],"ix":1},"s":{"a":0,"k":[150,150,100],"ix":6}},"ao":0,"w":200,"h":200,"ip":52,"op":100,"st":52,"bm":0},{"ddd":0,"ind":19,"ty":0,"nm":"Sparkle Particle","refId":"comp_4","sr":1,"ks":{"o":{"a":0,"k":66,"ix":11},"r":{"a":0,"k":0,"ix":10},"p":{"a":0,"k":[507.75,351,0],"ix":2},"a":{"a":0,"k":[100,100,0],"ix":1},"s":{"a":0,"k":[260,260,100],"ix":6}},"ao":0,"w":200,"h":200,"ip":60,"op":100,"st":60,"bm":0},{"ddd":0,"ind":20,"ty":0,"nm":"Sparkle Particle","refId":"comp_4","sr":1,"ks":{"o":{"a":0,"k":66,"ix":11},"r":{"a":0,"k":0,"ix":10},"p":{"a":0,"k":[852.317,78.25,0],"ix":2},"a":{"a":0,"k":[100,100,0],"ix":1},"s":{"a":0,"k":[300,300,100],"ix":6}},"ao":0,"w":200,"h":200,"ip":68,"op":100,"st":68,"bm":0},{"ddd":0,"ind":21,"ty":0,"nm":"Sparkle Particle","refId":"comp_4","sr":1,"ks":{"o":{"a":0,"k":66,"ix":11},"r":{"a":0,"k":0,"ix":10},"p":{"a":0,"k":[1049.75,180.25,0],"ix":2},"a":{"a":0,"k":[100,100,0],"ix":1},"s":{"a":0,"k":[260,260,100],"ix":6}},"ao":0,"w":200,"h":200,"ip":76,"op":100,"st":76,"bm":0},{"ddd":0,"ind":22,"ty":0,"nm":"Sparkle Particle","refId":"comp_4","sr":1,"ks":{"o":{"a":0,"k":66,"ix":11},"r":{"a":0,"k":0,"ix":10},"p":{"a":0,"k":[553.75,180.25,0],"ix":2},"a":{"a":0,"k":[100,100,0],"ix":1},"s":{"a":0,"k":[260,260,100],"ix":6}},"ao":0,"w":200,"h":200,"ip":84,"op":100,"st":84,"bm":0},{"ddd":0,"ind":23,"ty":0,"nm":"Sparkle Particle","refId":"comp_4","sr":1,"ks":{"o":{"a":0,"k":66,"ix":11},"r":{"a":0,"k":0,"ix":10},"p":{"a":0,"k":[647,486.5,0],"ix":2},"a":{"a":0,"k":[100,100,0],"ix":1},"s":{"a":0,"k":[300,300,100],"ix":6}},"ao":0,"w":200,"h":200,"ip":92,"op":100,"st":92,"bm":0},{"ddd":0,"ind":24,"ty":0,"nm":"Sparkle Particle","refId":"comp_4","sr":1,"ks":{"o":{"a":0,"k":66,"ix":11},"r":{"a":0,"k":0,"ix":10},"p":{"a":0,"k":[972.5,394.599,0],"ix":2},"a":{"a":0,"k":[100,100,0],"ix":1},"s":{"a":0,"k":[260,260,100],"ix":6}},"ao":0,"w":200,"h":200,"ip":100,"op":100.606060606061,"st":100,"bm":0}]},{"id":"comp_4","layers":[{"ddd":0,"ind":3,"ty":4,"nm":"sparkle 14","sr":1,"ks":{"o":{"a":1,"k":[{"i":{"x":[0.16],"y":[1]},"o":{"x":[0.163],"y":[0.41]},"t":0,"s":[0]},{"i":{"x":[0.319],"y":[0.762]},"o":{"x":[0.167],"y":[0]},"t":5,"s":[74]},{"i":{"x":[0.682],"y":[0.829]},"o":{"x":[0.388],"y":[0.52]},"t":38.732,"s":[13.434]},{"i":{"x":[0.607],"y":[1]},"o":{"x":[0.295],"y":[0.726]},"t":63,"s":[2.046]},{"t":83,"s":[0]}],"ix":11},"r":{"a":1,"k":[{"i":{"x":[0.549],"y":[0.67]},"o":{"x":[0.333],"y":[0]},"t":0,"s":[0]},{"i":{"x":[0.643],"y":[0.922]},"o":{"x":[0.268],"y":[0.691]},"t":46.988,"s":[235.834]},{"i":{"x":[0.702],"y":[1]},"o":{"x":[0.356],"y":[1.071]},"t":113.855,"s":[331.093]},{"t":150,"s":[334.861]}],"ix":10},"p":{"s":true,"x":{"a":0,"k":100,"ix":3},"y":{"a":0,"k":100,"ix":4}},"a":{"a":0,"k":[0,0,0],"ix":1},"s":{"a":1,"k":[{"i":{"x":[0.667,0.667,0.667],"y":[1,1,1]},"o":{"x":[0.333,0.333,0.333],"y":[0,0,0]},"t":0,"s":[0,0,100]},{"i":{"x":[0.388,0.388,0.833],"y":[0.072,0.072,5.021]},"o":{"x":[0.172,0.172,0.333],"y":[0,0,0]},"t":12.752,"s":[35,35,100]},{"i":{"x":[0.68,0.68,0.7],"y":[1,1,1]},"o":{"x":[0.23,0.23,0.177],"y":[0.905,0.905,-8.082]},"t":37,"s":[14.774,14.774,100]},{"t":83,"s":[0,0,100]}],"ix":6}},"ao":0,"shapes":[{"ty":"gr","it":[{"ind":0,"ty":"sh","ix":1,"ks":{"a":0,"k":{"i":[[0,0],[1.12,-0.65],[0,0],[0.65,1.12],[0,0],[-1.13,0.65],[0,0],[-0.65,-1.13]],"o":[[0.65,1.12],[0,0],[-1.13,0.65],[0,0],[-0.65,-1.13],[0,0],[1.12,-0.65],[0,0]],"v":[[5.652,-0.208],[4.792,3.012],[0.212,5.652],[-3.008,4.792],[-5.648,0.212],[-4.788,-3.008],[-0.208,-5.648],[3.012,-4.788]],"c":true},"ix":2},"nm":"Path 1","mn":"ADBE Vector Shape - Group","hd":false},{"ty":"fl","c":{"a":0,"k":[1,1,1,1],"ix":4},"o":{"a":0,"k":100,"ix":5},"r":1,"bm":0,"nm":"Fill 1","mn":"ADBE Vector Graphic - Fill","hd":false},{"ty":"tr","p":{"a":0,"k":[0,0],"ix":2},"a":{"a":0,"k":[0,0],"ix":1},"s":{"a":0,"k":[600,600],"ix":3},"r":{"a":0,"k":0,"ix":6},"o":{"a":0,"k":100,"ix":7},"sk":{"a":0,"k":0,"ix":4},"sa":{"a":0,"k":0,"ix":5},"nm":"Transform"}],"nm":"Group 1","np":2,"cix":2,"bm":0,"ix":1,"mn":"ADBE Vector Group","hd":false}],"ip":0,"op":83,"st":-270,"bm":0}]},{"id":"comp_5","layers":[{"ddd":0,"ind":1,"ty":4,"nm":"logo","sr":1,"ks":{"o":{"a":0,"k":100,"ix":11},"r":{"a":0,"k":0,"ix":10},"p":{"a":0,"k":[659.225,1175.232,0],"ix":2},"a":{"a":0,"k":[0,0,0],"ix":1},"s":{"a":0,"k":[100,100,100],"ix":6}},"ao":0,"shapes":[{"ty":"gr","it":[{"ind":0,"ty":"sh","ix":1,"ks":{"a":0,"k":{"i":[[0.36,0.03],[0,0],[0.53,-0.05],[0,0],[0.13,0.63],[0,0],[-0.22,-0.54],[0.04,-0.2],[0,0],[0.1,0]],"o":[[0,0],[-0.12,-0.52],[0,0],[-0.24,-0.59],[0,0],[0.54,-0.22],[0.08,0.19],[0,0],[-0.1,0],[-0.37,0]],"v":[[2.78,6.504],[1.35,0.234],[0.22,-0.586],[-5.87,-0.016],[-6.43,-1.846],[4.98,-6.476],[6.35,-5.896],[6.41,-5.306],[4.17,6.554],[3.88,6.554]],"c":true},"ix":2},"nm":"Path 1","mn":"ADBE Vector Shape - Group","hd":false},{"ty":"st","c":{"a":0,"k":[0.137254998088,0.325489997864,0.564706027508,1],"ix":3},"o":{"a":0,"k":100,"ix":4},"w":{"a":0,"k":2,"ix":5},"lc":1,"lj":1,"ml":4,"bm":0,"nm":"Stroke 1","mn":"ADBE Vector Graphic - Stroke","hd":false},{"ty":"fl","c":{"a":0,"k":[0.137254998088,0.325489997864,0.564706027508,1],"ix":4},"o":{"a":0,"k":100,"ix":5},"r":1,"bm":0,"nm":"Fill 1","mn":"ADBE Vector Graphic - Fill","hd":false},{"ty":"tr","p":{"a":0,"k":[0,0],"ix":2},"a":{"a":0,"k":[0,0],"ix":1},"s":{"a":0,"k":[400,400],"ix":3},"r":{"a":0,"k":0,"ix":6},"o":{"a":0,"k":100,"ix":7},"sk":{"a":0,"k":0,"ix":4},"sa":{"a":0,"k":0,"ix":5},"nm":"Transform"}],"nm":"logo","np":3,"cix":2,"bm":0,"ix":1,"mn":"ADBE Vector Group","hd":false}],"ip":0,"op":3600,"st":0,"bm":0},{"ddd":0,"ind":2,"ty":4,"nm":"logo fill","sr":1,"ks":{"o":{"a":0,"k":100,"ix":11},"r":{"a":0,"k":0,"ix":10},"p":{"a":0,"k":[674.739,1159.266,0],"ix":2},"a":{"a":0,"k":[0,0,0],"ix":1},"s":{"a":0,"k":[100,100,100],"ix":6}},"ao":0,"shapes":[{"ty":"gr","it":[{"ind":0,"ty":"sh","ix":1,"ks":{"a":0,"k":{"i":[[-5.82,0],[0,5.82],[5.81,0],[0,-5.83]],"o":[[5.81,0],[0,-5.83],[-5.82,0],[0,5.82]],"v":[[0.004,10.543],[10.524,0.003],[0.004,-10.547],[-10.526,0.003]],"c":true},"ix":2},"nm":"Path 1","mn":"ADBE Vector Shape - Group","hd":false},{"ty":"fl","c":{"a":0,"k":[1,1,1,1],"ix":4},"o":{"a":0,"k":100,"ix":5},"r":1,"bm":0,"nm":"Fill 1","mn":"ADBE Vector Graphic - Fill","hd":false},{"ty":"tr","p":{"a":0,"k":[0,0],"ix":2},"a":{"a":0,"k":[0,0],"ix":1},"s":{"a":0,"k":[400,400],"ix":3},"r":{"a":0,"k":0,"ix":6},"o":{"a":0,"k":100,"ix":7},"sk":{"a":0,"k":0,"ix":4},"sa":{"a":0,"k":0,"ix":5},"nm":"Transform"}],"nm":"logo fill","np":2,"cix":2,"bm":0,"ix":1,"mn":"ADBE Vector Group","hd":false}],"ip":0,"op":3600,"st":0,"bm":0},{"ddd":0,"ind":3,"ty":4,"nm":"logo BG","sr":1,"ks":{"o":{"a":0,"k":100,"ix":11},"r":{"a":0,"k":0,"ix":10},"p":{"a":0,"k":[674.739,1159.266,0],"ix":2},"a":{"a":0,"k":[0,0,0],"ix":1},"s":{"a":0,"k":[100,100,100],"ix":6}},"ao":0,"shapes":[{"ty":"gr","it":[{"ind":0,"ty":"sh","ix":1,"ks":{"a":0,"k":{"i":[[7.56,0],[0,7.57],[-7.56,0],[0,-7.57]],"o":[[-7.56,0],[0,-7.57],[7.56,0],[0,7.57]],"v":[[0,13.709],[-13.69,-0.001],[0,-13.711],[13.69,-0.001]],"c":true},"ix":2},"nm":"Path 1","mn":"ADBE Vector Shape - Group","hd":false},{"ty":"fl","c":{"a":0,"k":[0.137254998088,0.325489997864,0.564706027508,1],"ix":4},"o":{"a":0,"k":100,"ix":5},"r":1,"bm":0,"nm":"Fill 1","mn":"ADBE Vector Graphic - Fill","hd":false},{"ty":"tr","p":{"a":0,"k":[0,0],"ix":2},"a":{"a":0,"k":[0,0],"ix":1},"s":{"a":0,"k":[400,400],"ix":3},"r":{"a":0,"k":0,"ix":6},"o":{"a":0,"k":100,"ix":7},"sk":{"a":0,"k":0,"ix":4},"sa":{"a":0,"k":0,"ix":5},"nm":"Transform"}],"nm":"logo BG","np":2,"cix":2,"bm":0,"ix":1,"mn":"ADBE Vector Group","hd":false}],"ip":0,"op":3600,"st":0,"bm":0},{"ddd":0,"ind":4,"ty":4,"nm":"nametag","sr":1,"ks":{"o":{"a":0,"k":100,"ix":11},"r":{"a":0,"k":0,"ix":10},"p":{"a":0,"k":[932.637,1136.062,0],"ix":2},"a":{"a":0,"k":[0,0,0],"ix":1},"s":{"a":0,"k":[100,100,100],"ix":6}},"ao":0,"shapes":[{"ty":"gr","it":[{"ind":0,"ty":"sh","ix":1,"ks":{"a":0,"k":{"i":[[-2.62,0],[0,0],[0,-2.62],[2.62,0],[0,0],[0,2.62]],"o":[[0,0],[2.62,0],[0,2.62],[0,0],[-2.62,0],[0,-2.62]],"v":[[-8.671,-4.746],[8.679,-4.746],[13.419,0.004],[8.679,4.744],[-8.671,4.744],[-13.421,0.004]],"c":true},"ix":2},"nm":"Path 1","mn":"ADBE Vector Shape - Group","hd":false},{"ty":"fl","c":{"a":0,"k":[0.137254998088,0.325489997864,0.564706027508,1],"ix":4},"o":{"a":0,"k":100,"ix":5},"r":1,"bm":0,"nm":"Fill 1","mn":"ADBE Vector Graphic - Fill","hd":false},{"ty":"tr","p":{"a":0,"k":[0,0],"ix":2},"a":{"a":0,"k":[0,0],"ix":1},"s":{"a":0,"k":[400,400],"ix":3},"r":{"a":0,"k":0,"ix":6},"o":{"a":0,"k":100,"ix":7},"sk":{"a":0,"k":0,"ix":4},"sa":{"a":0,"k":0,"ix":5},"nm":"Transform"}],"nm":"nametag","np":2,"cix":2,"bm":0,"ix":1,"mn":"ADBE Vector Group","hd":false}],"ip":0,"op":3600,"st":0,"bm":0}]},{"id":"comp_6","layers":[{"ddd":0,"ind":1,"ty":4,"nm":"beak SHINE","sr":1,"ks":{"o":{"a":0,"k":100,"ix":11},"r":{"a":0,"k":0,"ix":10},"p":{"a":0,"k":[800.004,963.742,0],"ix":2},"a":{"a":0,"k":[0,0,0],"ix":1},"s":{"a":0,"k":[100,100,100],"ix":6}},"ao":0,"shapes":[{"ty":"gr","it":[{"ind":0,"ty":"sh","ix":1,"ks":{"a":0,"k":{"i":[[1.48,-0.59],[0.39,0.97],[-0.97,0.38],[-2.38,-0.95],[0.38,-0.96],[0.97,0.39]],"o":[[-0.97,0.39],[-0.38,-0.96],[2.38,-0.95],[0.97,0.38],[-0.39,0.97],[-1.48,-0.59]],"v":[[-2.201,2.037],[-4.651,0.977],[-3.591,-1.463],[3.589,-1.463],[4.649,0.977],[2.199,2.037]],"c":true},"ix":2},"nm":"Path 1","mn":"ADBE Vector Shape - Group","hd":false},{"ty":"fl","c":{"a":0,"k":[1,0.870588004589,0,1],"ix":4},"o":{"a":0,"k":100,"ix":5},"r":1,"bm":0,"nm":"Fill 1","mn":"ADBE Vector Graphic - Fill","hd":false},{"ty":"tr","p":{"a":0,"k":[0,0],"ix":2},"a":{"a":0,"k":[0,0],"ix":1},"s":{"a":0,"k":[400,400],"ix":3},"r":{"a":0,"k":0,"ix":6},"o":{"a":0,"k":100,"ix":7},"sk":{"a":0,"k":0,"ix":4},"sa":{"a":0,"k":0,"ix":5},"nm":"Transform"}],"nm":"beak SHINE","np":2,"cix":2,"bm":0,"ix":1,"mn":"ADBE Vector Group","hd":false}],"ip":0,"op":3600,"st":0,"bm":0},{"ddd":0,"ind":2,"ty":4,"nm":"beak TOP","sr":1,"ks":{"o":{"a":0,"k":100,"ix":11},"r":{"a":0,"k":0,"ix":10},"p":{"a":0,"k":[801.056,969.798,0],"ix":2},"a":{"a":0,"k":[0,0,0],"ix":1},"s":{"a":0,"k":[100,100,100],"ix":6}},"ao":0,"shapes":[{"ty":"gr","it":[{"ind":0,"ty":"sh","ix":1,"ks":{"a":0,"k":{"i":[[0,0],[-6.9,0],[-1.11,-6.02],[0,0],[0,0]],"o":[[1.1,-6.02],[6.15,0],[0,0],[0,0],[0,0]],"v":[[-13.158,4.967],[0.372,-5.733],[13.162,4.967],[13.162,5.737],[-13.158,5.737]],"c":true},"ix":2},"nm":"Path 1","mn":"ADBE Vector Shape - Group","hd":false},{"ty":"fl","c":{"a":0,"k":[1,0.760783970356,0,1],"ix":4},"o":{"a":0,"k":100,"ix":5},"r":1,"bm":0,"nm":"Fill 1","mn":"ADBE Vector Graphic - Fill","hd":false},{"ty":"tr","p":{"a":0,"k":[0,0],"ix":2},"a":{"a":0,"k":[0,0],"ix":1},"s":{"a":0,"k":[400,400],"ix":3},"r":{"a":0,"k":0,"ix":6},"o":{"a":0,"k":100,"ix":7},"sk":{"a":0,"k":0,"ix":4},"sa":{"a":0,"k":0,"ix":5},"nm":"Transform"}],"nm":"beak TOP","np":2,"cix":2,"bm":0,"ix":1,"mn":"ADBE Vector Group","hd":false}],"ip":0,"op":3600,"st":0,"bm":0},{"ddd":0,"ind":3,"ty":4,"nm":"beak FILL","sr":1,"ks":{"o":{"a":0,"k":100,"ix":11},"r":{"a":0,"k":0,"ix":10},"p":{"a":0,"k":[799.895,995.32,0],"ix":2},"a":{"a":0,"k":[0,0,0],"ix":1},"s":{"a":0,"k":[100,100,100],"ix":6}},"ao":0,"shapes":[{"ty":"gr","it":[{"ind":0,"ty":"sh","ix":1,"ks":{"a":0,"k":{"i":[[0,0],[0,-4.14],[0,0],[4.14,0],[0,4.14],[0,0],[-4.14,0]],"o":[[4.14,0],[0,0],[0,4.14],[-4.14,0],[0,0],[0,-4.14],[0,0]],"v":[[0,-12],[7.5,-4.5],[7.5,4.5],[0,12],[-7.5,4.5],[-7.5,-4.5],[0,-12]],"c":true},"ix":2},"nm":"Path 1","mn":"ADBE Vector Shape - Group","hd":false},{"ty":"fl","c":{"a":0,"k":[0.721569001675,0.427451014519,0,1],"ix":4},"o":{"a":0,"k":100,"ix":5},"r":1,"bm":0,"nm":"Fill 1","mn":"ADBE Vector Graphic - Fill","hd":false},{"ty":"tr","p":{"a":0,"k":[0,0],"ix":2},"a":{"a":0,"k":[0,0],"ix":1},"s":{"a":0,"k":[400,400],"ix":3},"r":{"a":0,"k":0,"ix":6},"o":{"a":0,"k":100,"ix":7},"sk":{"a":0,"k":0,"ix":4},"sa":{"a":0,"k":0,"ix":5},"nm":"Transform"}],"nm":"beak FILL","np":2,"cix":2,"bm":0,"ix":1,"mn":"ADBE Vector Group","hd":false}],"ip":0,"op":3600,"st":0,"bm":0},{"ddd":0,"ind":4,"ty":4,"nm":"beak BOTTOM","sr":1,"ks":{"o":{"a":0,"k":100,"ix":11},"r":{"a":0,"k":0,"ix":10},"p":{"a":0,"k":[799.895,1005.32,0],"ix":2},"a":{"a":0,"k":[0,0,0],"ix":1},"s":{"a":0,"k":[100,100,100],"ix":6}},"ao":0,"shapes":[{"ty":"gr","it":[{"ind":0,"ty":"sh","ix":1,"ks":{"a":0,"k":{"i":[[-5.25,0],[0,0],[0,-5.25],[0,0],[5.25,0],[0,0],[0,5.25],[0,0]],"o":[[0,0],[5.25,0],[0,0],[0,5.25],[0,0],[-5.25,0],[0,0],[0,-5.25]],"v":[[0,-14.5],[0,-14.5],[9.5,-5],[9.5,5],[0,14.5],[0,14.5],[-9.5,5],[-9.5,-5]],"c":true},"ix":2},"nm":"Path 1","mn":"ADBE Vector Shape - Group","hd":false},{"ty":"fl","c":{"a":0,"k":[0.956862986088,0.564706027508,0,1],"ix":4},"o":{"a":0,"k":100,"ix":5},"r":1,"bm":0,"nm":"Fill 1","mn":"ADBE Vector Graphic - Fill","hd":false},{"ty":"tr","p":{"a":0,"k":[0,0],"ix":2},"a":{"a":0,"k":[0,0],"ix":1},"s":{"a":0,"k":[400,400],"ix":3},"r":{"a":0,"k":0,"ix":6},"o":{"a":0,"k":100,"ix":7},"sk":{"a":0,"k":0,"ix":4},"sa":{"a":0,"k":0,"ix":5},"nm":"Transform"}],"nm":"beak BOTTOM","np":2,"cix":2,"bm":0,"ix":1,"mn":"ADBE Vector Group","hd":false}],"ip":0,"op":3600,"st":0,"bm":0}]},{"id":"comp_7","layers":[{"ddd":0,"ind":1,"ty":4,"nm":"eye R 2","sr":1,"ks":{"o":{"a":0,"k":100,"ix":11},"r":{"a":0,"k":0,"ix":10},"p":{"a":0,"k":[668.423,930.388,0],"ix":2},"a":{"a":0,"k":[0,0,0],"ix":1},"s":{"a":0,"k":[105,105,100],"ix":6}},"ao":0,"shapes":[{"ty":"gr","it":[{"ind":0,"ty":"sh","ix":1,"ks":{"a":0,"k":{"i":[[-10.17,0],[0,0],[0,-10.17],[0,0],[10.17,0],[0,0],[0,10.17],[0,0]],"o":[[0,0],[10.17,0],[0,0],[0,10.17],[0,0],[-10.17,0],[0,0],[0,-10.17]],"v":[[-0.001,-23.995],[-0.001,-23.995],[18.419,-5.575],[18.419,5.575],[-0.001,23.995],[-0.001,23.995],[-18.421,5.575],[-18.421,-5.575]],"c":true},"ix":2},"nm":"Path 1","mn":"ADBE Vector Shape - Group","hd":false},{"ty":"fl","c":{"a":0,"k":[0.556862745098,0.878431372549,0,1],"ix":4},"o":{"a":0,"k":100,"ix":5},"r":1,"bm":0,"nm":"Fill 1","mn":"ADBE Vector Graphic - Fill","hd":false},{"ty":"tr","p":{"a":0,"k":[0,0],"ix":2},"a":{"a":0,"k":[0,0],"ix":1},"s":{"a":0,"k":[400,400],"ix":3},"r":{"a":0,"k":0,"ix":6},"o":{"a":0,"k":100,"ix":7},"sk":{"a":0,"k":0,"ix":4},"sa":{"a":0,"k":0,"ix":5},"nm":"Transform"}],"nm":"eye R","np":2,"cix":2,"bm":0,"ix":1,"mn":"ADBE Vector Group","hd":false}],"ip":0,"op":3600,"st":0,"bm":0},{"ddd":0,"ind":2,"ty":4,"nm":"eye L 2","sr":1,"ks":{"o":{"a":0,"k":100,"ix":11},"r":{"a":0,"k":0,"ix":10},"p":{"a":0,"k":[929.479,930.388,0],"ix":2},"a":{"a":0,"k":[0,0,0],"ix":1},"s":{"a":0,"k":[105,105,100],"ix":6}},"ao":0,"shapes":[{"ty":"gr","it":[{"ind":0,"ty":"sh","ix":1,"ks":{"a":0,"k":{"i":[[-10.17,0],[0,0],[0,-10.17],[0,0],[10.17,0],[0,0],[0,10.17],[0,0]],"o":[[0,0],[10.17,0],[0,0],[0,10.17],[0,0],[-10.17,0],[0,0],[0,-10.17]],"v":[[-0.001,-23.995],[-0.001,-23.995],[18.419,-5.575],[18.419,5.575],[-0.001,23.995],[-0.001,23.995],[-18.421,5.575],[-18.421,-5.575]],"c":true},"ix":2},"nm":"Path 1","mn":"ADBE Vector Shape - Group","hd":false},{"ty":"fl","c":{"a":0,"k":[0.556862745098,0.878431372549,0,1],"ix":4},"o":{"a":0,"k":100,"ix":5},"r":1,"bm":0,"nm":"Fill 1","mn":"ADBE Vector Graphic - Fill","hd":false},{"ty":"tr","p":{"a":0,"k":[0,0],"ix":2},"a":{"a":0,"k":[0,0],"ix":1},"s":{"a":0,"k":[400,400],"ix":3},"r":{"a":0,"k":0,"ix":6},"o":{"a":0,"k":100,"ix":7},"sk":{"a":0,"k":0,"ix":4},"sa":{"a":0,"k":0,"ix":5},"nm":"Transform"}],"nm":"eye L","np":2,"cix":2,"bm":0,"ix":1,"mn":"ADBE Vector Group","hd":false}],"ip":0,"op":3600,"st":0,"bm":0}]},{"id":"comp_8","layers":[{"ddd":0,"ind":1,"ty":4,"nm":"pupil SHINE L","sr":1,"ks":{"o":{"a":0,"k":100,"ix":11},"r":{"a":0,"k":0,"ix":10},"p":{"a":0,"k":[884.215,872.636,0],"ix":2},"a":{"a":0,"k":[0,0,0],"ix":1},"s":{"a":0,"k":[100,100,100],"ix":6}},"ao":0,"shapes":[{"ty":"gr","it":[{"ind":0,"ty":"sh","ix":1,"ks":{"a":0,"k":{"i":[[-0.41,-0.254],[0,-1.992],[3.052,0],[0.343,0.067],[-0.986,2.653]],"o":[[1.575,0.976],[0,3.058],[-0.363,0],[-0.272,-0.053],[0.934,-2.514]],"v":[[2.902,-4.713],[5.526,0],[0,5.537],[-1.06,5.436],[-0.142,-0.208]],"c":true},"ix":2},"nm":"Path 1","mn":"ADBE Vector Shape - Group","hd":false},{"ty":"fl","c":{"a":0,"k":[1,1,1,1],"ix":4},"o":{"a":0,"k":100,"ix":5},"r":1,"bm":0,"nm":"Fill 1","mn":"ADBE Vector Graphic - Fill","hd":false},{"ty":"tr","p":{"a":0,"k":[0,0],"ix":2},"a":{"a":0,"k":[0,0],"ix":1},"s":{"a":0,"k":[400,400],"ix":3},"r":{"a":0,"k":0,"ix":6},"o":{"a":0,"k":100,"ix":7},"sk":{"a":0,"k":0,"ix":4},"sa":{"a":0,"k":0,"ix":5},"nm":"Transform"}],"nm":"pupil SHINE L","np":2,"cix":2,"bm":0,"ix":1,"mn":"ADBE Vector Group","hd":false}],"ip":0,"op":3600,"st":0,"bm":0},{"ddd":0,"ind":2,"ty":4,"nm":"pupil L","sr":1,"ks":{"o":{"a":0,"k":100,"ix":11},"r":{"a":0,"k":0,"ix":10},"p":{"a":0,"k":[917.9,906.388,0],"ix":2},"a":{"a":0,"k":[0,0,0],"ix":1},"s":{"a":0,"k":[100,100,100],"ix":6}},"ao":0,"shapes":[{"ty":"gr","it":[{"ind":0,"ty":"sh","ix":1,"ks":{"a":0,"k":{"i":[[-4.79,0],[0,0],[0,-4.79],[0,0],[4.8,0],[0,0],[0,4.8],[0,0]],"o":[[0,0],[4.8,0],[0,0],[0,4.8],[0,0],[-4.79,0],[0,0],[0,-4.79]],"v":[[-0.004,-13.448],[-0.004,-13.448],[8.686,-4.768],[8.686,4.762],[-0.004,13.452],[-0.004,13.452],[-8.684,4.762],[-8.684,-4.768]],"c":true},"ix":2},"nm":"Path 1","mn":"ADBE Vector Shape - Group","hd":false},{"ty":"fl","c":{"a":0,"k":[0.294117987156,0.294117987156,0.294117987156,1],"ix":4},"o":{"a":0,"k":100,"ix":5},"r":1,"bm":0,"nm":"Fill 1","mn":"ADBE Vector Graphic - Fill","hd":false},{"ty":"tr","p":{"a":0,"k":[0,0],"ix":2},"a":{"a":0,"k":[0,0],"ix":1},"s":{"a":0,"k":[400,400],"ix":3},"r":{"a":0,"k":0,"ix":6},"o":{"a":0,"k":100,"ix":7},"sk":{"a":0,"k":0,"ix":4},"sa":{"a":0,"k":0,"ix":5},"nm":"Transform"}],"nm":"pupil L","np":2,"cix":2,"bm":0,"ix":1,"mn":"ADBE Vector Group","hd":false}],"ip":0,"op":3600,"st":0,"bm":0}]},{"id":"comp_9","layers":[{"ddd":0,"ind":1,"ty":4,"nm":"pupil SHINE L","sr":1,"ks":{"o":{"a":0,"k":100,"ix":11},"r":{"a":0,"k":0,"ix":10},"p":{"a":0,"k":[884.215,872.636,0],"ix":2},"a":{"a":0,"k":[0,0,0],"ix":1},"s":{"a":0,"k":[100,100,100],"ix":6}},"ao":0,"shapes":[{"ty":"gr","it":[{"ind":0,"ty":"sh","ix":1,"ks":{"a":0,"k":{"i":[[-0.41,-0.254],[0,-1.992],[3.052,0],[0.343,0.067],[-0.986,2.653]],"o":[[1.575,0.976],[0,3.058],[-0.363,0],[-0.272,-0.053],[0.934,-2.514]],"v":[[2.902,-4.713],[5.526,0],[0,5.537],[-1.06,5.436],[-0.142,-0.208]],"c":true},"ix":2},"nm":"Path 1","mn":"ADBE Vector Shape - Group","hd":false},{"ty":"fl","c":{"a":0,"k":[1,1,1,1],"ix":4},"o":{"a":0,"k":100,"ix":5},"r":1,"bm":0,"nm":"Fill 1","mn":"ADBE Vector Graphic - Fill","hd":false},{"ty":"tr","p":{"a":0,"k":[0,0],"ix":2},"a":{"a":0,"k":[0,0],"ix":1},"s":{"a":0,"k":[400,400],"ix":3},"r":{"a":0,"k":0,"ix":6},"o":{"a":0,"k":100,"ix":7},"sk":{"a":0,"k":0,"ix":4},"sa":{"a":0,"k":0,"ix":5},"nm":"Transform"}],"nm":"pupil SHINE L","np":2,"cix":2,"bm":0,"ix":1,"mn":"ADBE Vector Group","hd":false}],"ip":0,"op":3600,"st":0,"bm":0},{"ddd":0,"ind":2,"ty":4,"nm":"pupil L","sr":1,"ks":{"o":{"a":0,"k":100,"ix":11},"r":{"a":0,"k":0,"ix":10},"p":{"a":0,"k":[917.9,906.388,0],"ix":2},"a":{"a":0,"k":[0,0,0],"ix":1},"s":{"a":0,"k":[100,100,100],"ix":6}},"ao":0,"shapes":[{"ty":"gr","it":[{"ind":0,"ty":"sh","ix":1,"ks":{"a":0,"k":{"i":[[-4.79,0],[0,0],[0,-4.79],[0,0],[4.8,0],[0,0],[0,4.8],[0,0]],"o":[[0,0],[4.8,0],[0,0],[0,4.8],[0,0],[-4.79,0],[0,0],[0,-4.79]],"v":[[-0.004,-13.448],[-0.004,-13.448],[8.686,-4.768],[8.686,4.762],[-0.004,13.452],[-0.004,13.452],[-8.684,4.762],[-8.684,-4.768]],"c":true},"ix":2},"nm":"Path 1","mn":"ADBE Vector Shape - Group","hd":false},{"ty":"fl","c":{"a":0,"k":[0.294117987156,0.294117987156,0.294117987156,1],"ix":4},"o":{"a":0,"k":100,"ix":5},"r":1,"bm":0,"nm":"Fill 1","mn":"ADBE Vector Graphic - Fill","hd":false},{"ty":"tr","p":{"a":0,"k":[0,0],"ix":2},"a":{"a":0,"k":[0,0],"ix":1},"s":{"a":0,"k":[400,400],"ix":3},"r":{"a":0,"k":0,"ix":6},"o":{"a":0,"k":100,"ix":7},"sk":{"a":0,"k":0,"ix":4},"sa":{"a":0,"k":0,"ix":5},"nm":"Transform"}],"nm":"pupil L","np":2,"cix":2,"bm":0,"ix":1,"mn":"ADBE Vector Group","hd":false}],"ip":0,"op":3600,"st":0,"bm":0}]},{"id":"comp_10","layers":[{"ddd":0,"ind":1,"ty":4,"nm":"brow L","sr":1,"ks":{"o":{"a":0,"k":100,"ix":11},"r":{"a":0,"k":0,"ix":10},"p":{"a":0,"k":[885.687,809.848,0],"ix":2},"a":{"a":0,"k":[0,0,0],"ix":1},"s":{"a":0,"k":[100,100,100],"ix":6}},"ao":0,"shapes":[{"ty":"gr","it":[{"ind":0,"ty":"sh","ix":1,"ks":{"a":0,"k":{"i":[[0,0],[-0.79,-1.37],[5.23,-5.81],[6.94,3.09],[-1.06,1.17]],"o":[[1.06,-1.17],[3.79,6.59],[-5.22,5.81],[-1.44,-0.65],[0,0]],"v":[[7.147,-13.213],[10.897,-12.823],[8.597,8.017],[-11.853,12.477],[-12.633,8.787]],"c":true},"ix":2},"nm":"Path 1","mn":"ADBE Vector Shape - Group","hd":false},{"ty":"fl","c":{"a":0,"k":[0.55686300993,0.878431022167,0,1],"ix":4},"o":{"a":0,"k":100,"ix":5},"r":1,"bm":0,"nm":"Fill 1","mn":"ADBE Vector Graphic - Fill","hd":false},{"ty":"tr","p":{"a":0,"k":[0,0],"ix":2},"a":{"a":0,"k":[0,0],"ix":1},"s":{"a":0,"k":[400,400],"ix":3},"r":{"a":0,"k":0,"ix":6},"o":{"a":0,"k":100,"ix":7},"sk":{"a":0,"k":0,"ix":4},"sa":{"a":0,"k":0,"ix":5},"nm":"Transform"}],"nm":"brow L","np":2,"cix":2,"bm":0,"ix":1,"mn":"ADBE Vector Group","hd":false}],"ip":0,"op":3600,"st":0,"bm":0},{"ddd":0,"ind":2,"ty":4,"nm":"brow L 2","sr":1,"ks":{"o":{"a":0,"k":100,"ix":11},"r":{"a":0,"k":0,"ix":10},"p":{"a":0,"k":[925.687,830.942,0],"ix":2},"a":{"a":0,"k":[0,0,0],"ix":1},"s":{"a":0,"k":[100,100,100],"ix":6}},"ao":0,"shapes":[{"ty":"gr","it":[{"ind":0,"ty":"sh","ix":1,"ks":{"a":0,"k":{"i":[[0,0],[-0.79,-1.37],[5.23,-5.81],[6.94,3.09],[-1.06,1.17]],"o":[[1.06,-1.17],[3.79,6.59],[-5.22,5.81],[-1.44,-0.65],[0,0]],"v":[[7.147,-13.213],[10.897,-12.823],[8.597,8.017],[-11.853,12.477],[-12.633,8.787]],"c":true},"ix":2},"nm":"Path 1","mn":"ADBE Vector Shape - Group","hd":false},{"ty":"fl","c":{"a":0,"k":[0.55686300993,0.878431022167,0,1],"ix":4},"o":{"a":0,"k":100,"ix":5},"r":1,"bm":0,"nm":"Fill 1","mn":"ADBE Vector Graphic - Fill","hd":false},{"ty":"tr","p":{"a":0,"k":[0,0],"ix":2},"a":{"a":0,"k":[0,0],"ix":1},"s":{"a":0,"k":[400,400],"ix":3},"r":{"a":0,"k":0,"ix":6},"o":{"a":0,"k":100,"ix":7},"sk":{"a":0,"k":0,"ix":4},"sa":{"a":0,"k":0,"ix":5},"nm":"Transform"}],"nm":"brow L","np":2,"cix":2,"bm":0,"ix":1,"mn":"ADBE Vector Group","hd":false}],"ip":0,"op":3600,"st":0,"bm":0},{"ddd":0,"ind":3,"ty":4,"nm":"brow R 2","sr":1,"ks":{"o":{"a":0,"k":100,"ix":11},"r":{"a":0,"k":0,"ix":10},"p":{"a":0,"k":[673.04,830.942,0],"ix":2},"a":{"a":0,"k":[0,0,0],"ix":1},"s":{"a":0,"k":[100,100,100],"ix":6}},"ao":0,"shapes":[{"ty":"gr","it":[{"ind":0,"ty":"sh","ix":1,"ks":{"a":0,"k":{"i":[[-1.06,-1.17],[0,0],[1.44,-0.65],[5.23,5.81],[-3.8,6.59]],"o":[[0,0],[1.06,1.17],[-6.95,3.09],[-5.22,-5.81],[0.79,-1.37]],"v":[[-7.143,-13.213],[12.637,8.787],[11.857,12.477],[-8.603,8.017],[-10.893,-12.823]],"c":true},"ix":2},"nm":"Path 1","mn":"ADBE Vector Shape - Group","hd":false},{"ty":"fl","c":{"a":0,"k":[0.55686300993,0.878431022167,0,1],"ix":4},"o":{"a":0,"k":100,"ix":5},"r":1,"bm":0,"nm":"Fill 1","mn":"ADBE Vector Graphic - Fill","hd":false},{"ty":"tr","p":{"a":0,"k":[0,0],"ix":2},"a":{"a":0,"k":[0,0],"ix":1},"s":{"a":0,"k":[400,400],"ix":3},"r":{"a":0,"k":0,"ix":6},"o":{"a":0,"k":100,"ix":7},"sk":{"a":0,"k":0,"ix":4},"sa":{"a":0,"k":0,"ix":5},"nm":"Transform"}],"nm":"brow R","np":2,"cix":2,"bm":0,"ix":1,"mn":"ADBE Vector Group","hd":false}],"ip":0,"op":3600,"st":0,"bm":0},{"ddd":0,"ind":4,"ty":4,"nm":"brow R","sr":1,"ks":{"o":{"a":0,"k":100,"ix":11},"r":{"a":0,"k":0,"ix":10},"p":{"a":0,"k":[715.173,809.886,0],"ix":2},"a":{"a":0,"k":[0,0,0],"ix":1},"s":{"a":0,"k":[100,100,100],"ix":6}},"ao":0,"shapes":[{"ty":"gr","it":[{"ind":0,"ty":"sh","ix":1,"ks":{"a":0,"k":{"i":[[-1.06,-1.18],[0,0],[1.45,-0.64],[5.22,5.8],[-3.8,6.59]],"o":[[0,0],[1.06,1.18],[-6.94,3.09],[-5.22,-5.81],[0.79,-1.37]],"v":[[-7.567,-13.206],[12.623,8.774],[11.843,12.464],[-8.597,8.014],[-10.887,-12.816]],"c":true},"ix":2},"nm":"Path 1","mn":"ADBE Vector Shape - Group","hd":false},{"ty":"fl","c":{"a":0,"k":[0.55686300993,0.878431022167,0,1],"ix":4},"o":{"a":0,"k":100,"ix":5},"r":1,"bm":0,"nm":"Fill 1","mn":"ADBE Vector Graphic - Fill","hd":false},{"ty":"tr","p":{"a":0,"k":[0,0],"ix":2},"a":{"a":0,"k":[0,0],"ix":1},"s":{"a":0,"k":[400,400],"ix":3},"r":{"a":0,"k":0,"ix":6},"o":{"a":0,"k":100,"ix":7},"sk":{"a":0,"k":0,"ix":4},"sa":{"a":0,"k":0,"ix":5},"nm":"Transform"}],"nm":"brow R","np":2,"cix":2,"bm":0,"ix":1,"mn":"ADBE Vector Group","hd":false}],"ip":0,"op":3600,"st":0,"bm":0},{"ddd":0,"ind":5,"ty":4,"nm":"eye mask L","sr":1,"ks":{"o":{"a":0,"k":100,"ix":11},"r":{"a":0,"k":0,"ix":10},"p":{"a":0,"k":[930.531,931.442,0],"ix":2},"a":{"a":0,"k":[0,0,0],"ix":1},"s":{"a":0,"k":[100,100,100],"ix":6}},"ao":0,"shapes":[{"ty":"gr","it":[{"ind":0,"ty":"sh","ix":1,"ks":{"a":0,"k":{"i":[[-0.07,0],[0,0],[0,-13.88],[0,0],[13.87,0],[0,0],[0.11,13.79],[0,0],[-13.87,0.11]],"o":[[0,0],[13.87,0],[0,0],[0,13.87],[0,0],[-13.8,0],[0,0],[-0.11,-13.87],[0.07,0]],"v":[[-0.933,-34.279],[0.937,-34.279],[26.057,-9.159],[26.057,9.161],[0.937,34.281],[-0.793,34.281],[-25.913,9.361],[-26.053,-8.969],[-1.133,-34.279]],"c":true},"ix":2},"nm":"Path 1","mn":"ADBE Vector Shape - Group","hd":false},{"ty":"fl","c":{"a":0,"k":[0.55686300993,0.878431022167,0,1],"ix":4},"o":{"a":0,"k":100,"ix":5},"r":1,"bm":0,"nm":"Fill 1","mn":"ADBE Vector Graphic - Fill","hd":false},{"ty":"tr","p":{"a":0,"k":[0,0],"ix":2},"a":{"a":0,"k":[0,0],"ix":1},"s":{"a":0,"k":[400,400],"ix":3},"r":{"a":0,"k":0,"ix":6},"o":{"a":0,"k":100,"ix":7},"sk":{"a":0,"k":0,"ix":4},"sa":{"a":0,"k":0,"ix":5},"nm":"Transform"}],"nm":"eye mask L","np":2,"cix":2,"bm":0,"ix":1,"mn":"ADBE Vector Group","hd":false}],"ip":0,"op":3600,"st":0,"bm":0},{"ddd":0,"ind":6,"ty":4,"nm":"eye mask R","sr":1,"ks":{"o":{"a":0,"k":100,"ix":11},"r":{"a":0,"k":0,"ix":10},"p":{"a":0,"k":[671.581,933.552,0],"ix":2},"a":{"a":0,"k":[0,0,0],"ix":1},"s":{"a":0,"k":[100,100,100],"ix":6}},"ao":0,"shapes":[{"ty":"gr","it":[{"ind":0,"ty":"sh","ix":1,"ks":{"a":0,"k":{"i":[[-13.88,0],[0,0],[0,-13.88],[0,0],[13.87,0],[0,0],[0,13.87],[0,0]],"o":[[0,0],[13.87,0],[0,0],[0,13.87],[0,0],[-13.88,0],[0,0],[0,-13.88]],"v":[[-0.933,-34.279],[0.937,-34.279],[26.057,-9.159],[26.057,9.161],[0.937,34.281],[-0.933,34.281],[-26.053,9.161],[-26.053,-9.159]],"c":true},"ix":2},"nm":"Path 1","mn":"ADBE Vector Shape - Group","hd":false},{"ty":"fl","c":{"a":0,"k":[0.55686300993,0.878431022167,0,1],"ix":4},"o":{"a":0,"k":100,"ix":5},"r":1,"bm":0,"nm":"Fill 1","mn":"ADBE Vector Graphic - Fill","hd":false},{"ty":"tr","p":{"a":0,"k":[0,0],"ix":2},"a":{"a":0,"k":[0,0],"ix":1},"s":{"a":0,"k":[400,400],"ix":3},"r":{"a":0,"k":0,"ix":6},"o":{"a":0,"k":100,"ix":7},"sk":{"a":0,"k":0,"ix":4},"sa":{"a":0,"k":0,"ix":5},"nm":"Transform"}],"nm":"eye mask R","np":2,"cix":2,"bm":0,"ix":1,"mn":"ADBE Vector Group","hd":false}],"ip":0,"op":3600,"st":0,"bm":0},{"ddd":0,"ind":7,"ty":4,"nm":"eye mask M","sr":1,"ks":{"o":{"a":0,"k":100,"ix":11},"r":{"a":0,"k":0,"ix":10},"p":{"a":0,"k":[800.004,914.567,0],"ix":2},"a":{"a":0,"k":[0,0,0],"ix":1},"s":{"a":0,"k":[100,100,100],"ix":6}},"ao":0,"shapes":[{"ty":"gr","it":[{"ind":0,"ty":"sh","ix":1,"ks":{"a":0,"k":{"i":[[-0.07,16.1],[-6.61,7.46],[0,0.13],[17.16,-0.08]],"o":[[6.74,7.46],[0,17.42],[0,-0.08],[-0.07,-12.7]],"v":[[-12.845,-21.592],[12.895,-21.622],[12.895,21.618],[-12.845,21.618]],"c":true},"ix":2},"nm":"Path 1","mn":"ADBE Vector Shape - Group","hd":false},{"ty":"fl","c":{"a":0,"k":[0.55686300993,0.878431022167,0,1],"ix":4},"o":{"a":0,"k":100,"ix":5},"r":1,"bm":0,"nm":"Fill 1","mn":"ADBE Vector Graphic - Fill","hd":false},{"ty":"tr","p":{"a":0,"k":[0,0],"ix":2},"a":{"a":0,"k":[0,0],"ix":1},"s":{"a":0,"k":[400,400],"ix":3},"r":{"a":0,"k":0,"ix":6},"o":{"a":0,"k":100,"ix":7},"sk":{"a":0,"k":0,"ix":4},"sa":{"a":0,"k":0,"ix":5},"nm":"Transform"}],"nm":"eye mask M","np":2,"cix":2,"bm":0,"ix":1,"mn":"ADBE Vector Group","hd":false}],"ip":0,"op":3600,"st":0,"bm":0}]}],"layers":[{"ddd":0,"ind":3,"ty":0,"nm":"ANIM_Infinity Heart","refId":"comp_0","sr":1,"ks":{"o":{"a":0,"k":100,"ix":11},"r":{"a":0,"k":0,"ix":10},"p":{"a":0,"k":[425,425,0],"ix":2},"a":{"a":0,"k":[800,800,0],"ix":1},"s":{"a":0,"k":[50,50,100],"ix":6}},"ao":0,"w":1600,"h":1600,"ip":0,"op":300,"st":0,"bm":0}],"markers":[]}
