{"v":"5.3.4","fr":60,"ip":39,"op":876,"w":153,"h":233,"nm":"ANIMATION - EXPORT","ddd":0,"assets":[{"id":"comp_0","layers":[{"ddd":0,"ind":2,"ty":3,"nm":"Tracksuit Move NULL","sr":1,"ks":{"o":{"a":0,"k":0,"ix":11},"r":{"a":0,"k":0,"ix":10},"p":{"a":0,"k":[498.5,463,0],"ix":2},"a":{"a":0,"k":[0,0,0],"ix":1},"s":{"a":0,"k":[21,21,100],"ix":6}},"ao":0,"ip":0,"op":3600,"st":0,"bm":0},{"ddd":0,"ind":3,"ty":4,"nm":"pull string L","parent":2,"sr":1,"ks":{"o":{"a":0,"k":100,"ix":11},"r":{"a":1,"k":[{"i":{"x":[0.667],"y":[1]},"o":{"x":[0.081],"y":[0.309]},"n":["0p667_1_0p081_0p309"],"t":47.5,"s":[24.408],"e":[-71.363]},{"i":{"x":[0.667],"y":[1]},"o":{"x":[0.333],"y":[0]},"n":["0p667_1_0p333_0"],"t":55,"s":[-71.363],"e":[-28.856]},{"i":{"x":[0.667],"y":[1]},"o":{"x":[0.333],"y":[0]},"n":["0p667_1_0p333_0"],"t":67.5,"s":[-28.856],"e":[-48.087]},{"i":{"x":[0.667],"y":[1]},"o":{"x":[0.333],"y":[0]},"n":["0p667_1_0p333_0"],"t":77.5,"s":[-48.087],"e":[-43.405]},{"i":{"x":[0.667],"y":[1]},"o":{"x":[0.333],"y":[0]},"n":["0p667_1_0p333_0"],"t":87.5,"s":[-43.405],"e":[-43.405]},{"i":{"x":[0.667],"y":[1]},"o":{"x":[0.333],"y":[0]},"n":["0p667_1_0p333_0"],"t":232.5,"s":[-43.405],"e":[-52.345]},{"i":{"x":[0.667],"y":[1]},"o":{"x":[0.333],"y":[0]},"n":["0p667_1_0p333_0"],"t":242.5,"s":[-52.345],"e":[-41.161]},{"i":{"x":[0.667],"y":[1]},"o":{"x":[0.333],"y":[0]},"n":["0p667_1_0p333_0"],"t":252.5,"s":[-41.161],"e":[-43.405]},{"i":{"x":[0.833],"y":[1]},"o":{"x":[0.333],"y":[0]},"n":["0p833_1_0p333_0"],"t":262.5,"s":[-43.405],"e":[-43.405]},{"i":{"x":[0.667],"y":[1]},"o":{"x":[0.167],"y":[0]},"n":["0p667_1_0p167_0"],"t":455,"s":[-43.405],"e":[-32.537]},{"i":{"x":[0.667],"y":[1]},"o":{"x":[0.333],"y":[0]},"n":["0p667_1_0p333_0"],"t":470,"s":[-32.537],"e":[-47.086]},{"i":{"x":[0.667],"y":[1]},"o":{"x":[0.333],"y":[0]},"n":["0p667_1_0p333_0"],"t":485,"s":[-47.086],"e":[-42.961]},{"i":{"x":[0.667],"y":[1]},"o":{"x":[0.333],"y":[0]},"n":["0p667_1_0p333_0"],"t":500,"s":[-42.961],"e":[-43.405]},{"i":{"x":[0.667],"y":[1]},"o":{"x":[0.167],"y":[0]},"n":["0p667_1_0p167_0"],"t":515,"s":[-43.405],"e":[-43.405]},{"i":{"x":[0.667],"y":[1]},"o":{"x":[0.333],"y":[0]},"n":["0p667_1_0p333_0"],"t":750,"s":[-43.405],"e":[-37.765]},{"i":{"x":[0.667],"y":[1]},"o":{"x":[0.333],"y":[0]},"n":["0p667_1_0p333_0"],"t":760,"s":[-37.765],"e":[-45.516]},{"i":{"x":[0.667],"y":[1]},"o":{"x":[0.333],"y":[0]},"n":["0p667_1_0p333_0"],"t":770,"s":[-45.516],"e":[-43.405]},{"t":780}],"ix":10},"p":{"a":0,"k":[202.625,204.625,0],"ix":2},"a":{"a":0,"k":[0.257,-113.926,0],"ix":1},"s":{"a":0,"k":[100,100,100],"ix":6}},"ao":0,"shapes":[{"ty":"gr","it":[{"ind":0,"ty":"sh","ix":1,"ks":{"a":0,"k":{"i":[[-4.14,0],[0,-4.14],[0,0],[4.14,0],[0,4.14],[0,0]],"o":[[4.14,0],[0,0],[0,4.14],[-4.14,0],[0,0],[0,-4.14]],"v":[[0,-26.5],[7.5,-19],[7.5,19],[0,26.5],[-7.5,19],[-7.5,-19]],"c":true},"ix":2},"nm":"Path 1","mn":"ADBE Vector Shape - Group","hd":false},{"ty":"fl","c":{"a":0,"k":[1,1,1,1],"ix":4},"o":{"a":0,"k":100,"ix":5},"r":1,"nm":"Fill 1","mn":"ADBE Vector Graphic - Fill","hd":false},{"ty":"tr","p":{"a":0,"k":[0,0],"ix":2},"a":{"a":0,"k":[0,0],"ix":1},"s":{"a":0,"k":[600,600],"ix":3},"r":{"a":0,"k":0,"ix":6},"o":{"a":0,"k":100,"ix":7},"sk":{"a":0,"k":0,"ix":4},"sa":{"a":0,"k":0,"ix":5},"nm":"Transform"}],"nm":"Group 1","np":2,"cix":2,"ix":1,"mn":"ADBE Vector Group","hd":false}],"ip":0,"op":3600,"st":0,"bm":0},{"ddd":0,"ind":4,"ty":4,"nm":"pull string R","parent":2,"sr":1,"ks":{"o":{"a":0,"k":100,"ix":11},"r":{"a":1,"k":[{"i":{"x":[0.667],"y":[1]},"o":{"x":[0.081],"y":[0.309]},"n":["0p667_1_0p081_0p309"],"t":52.5,"s":[24.408],"e":[-71.363]},{"i":{"x":[0.667],"y":[1]},"o":{"x":[0.333],"y":[0]},"n":["0p667_1_0p333_0"],"t":60,"s":[-71.363],"e":[-28.856]},{"i":{"x":[0.667],"y":[1]},"o":{"x":[0.333],"y":[0]},"n":["0p667_1_0p333_0"],"t":72.5,"s":[-28.856],"e":[-48.087]},{"i":{"x":[0.667],"y":[1]},"o":{"x":[0.333],"y":[0]},"n":["0p667_1_0p333_0"],"t":82.5,"s":[-48.087],"e":[-43.405]},{"i":{"x":[0.667],"y":[1]},"o":{"x":[0.333],"y":[0]},"n":["0p667_1_0p333_0"],"t":92.5,"s":[-43.405],"e":[-43.405]},{"i":{"x":[0.667],"y":[1]},"o":{"x":[0.333],"y":[0]},"n":["0p667_1_0p333_0"],"t":238,"s":[-43.405],"e":[-52.345]},{"i":{"x":[0.667],"y":[1]},"o":{"x":[0.333],"y":[0]},"n":["0p667_1_0p333_0"],"t":247.5,"s":[-52.345],"e":[-41.161]},{"i":{"x":[0.667],"y":[1]},"o":{"x":[0.333],"y":[0]},"n":["0p667_1_0p333_0"],"t":257.5,"s":[-41.161],"e":[-43.405]},{"i":{"x":[0.833],"y":[1]},"o":{"x":[0.333],"y":[0]},"n":["0p833_1_0p333_0"],"t":267.5,"s":[-43.405],"e":[-43.405]},{"i":{"x":[0.667],"y":[1]},"o":{"x":[0.167],"y":[0]},"n":["0p667_1_0p167_0"],"t":460,"s":[-43.405],"e":[-32.537]},{"i":{"x":[0.667],"y":[1]},"o":{"x":[0.333],"y":[0]},"n":["0p667_1_0p333_0"],"t":475,"s":[-32.537],"e":[-47.086]},{"i":{"x":[0.667],"y":[1]},"o":{"x":[0.333],"y":[0]},"n":["0p667_1_0p333_0"],"t":490,"s":[-47.086],"e":[-42.961]},{"i":{"x":[0.667],"y":[1]},"o":{"x":[0.333],"y":[0]},"n":["0p667_1_0p333_0"],"t":505,"s":[-42.961],"e":[-43.405]},{"i":{"x":[0.667],"y":[1]},"o":{"x":[0.167],"y":[0]},"n":["0p667_1_0p167_0"],"t":520,"s":[-43.405],"e":[-43.405]},{"i":{"x":[0.667],"y":[1]},"o":{"x":[0.333],"y":[0]},"n":["0p667_1_0p333_0"],"t":755,"s":[-43.405],"e":[-37.765]},{"i":{"x":[0.667],"y":[1]},"o":{"x":[0.333],"y":[0]},"n":["0p667_1_0p333_0"],"t":765,"s":[-37.765],"e":[-45.516]},{"i":{"x":[0.667],"y":[1]},"o":{"x":[0.333],"y":[0]},"n":["0p667_1_0p333_0"],"t":775,"s":[-45.516],"e":[-43.405]},{"t":785}],"ix":10},"p":{"a":0,"k":[-193.375,204.625,0],"ix":2},"a":{"a":0,"k":[0.257,-113.926,0],"ix":1},"s":{"a":0,"k":[100,100,100],"ix":6}},"ao":0,"shapes":[{"ty":"gr","it":[{"ind":0,"ty":"sh","ix":1,"ks":{"a":0,"k":{"i":[[-4.14,0],[0,-4.14],[0,0],[4.14,0],[0,4.14],[0,0]],"o":[[4.14,0],[0,0],[0,4.14],[-4.14,0],[0,0],[0,-4.14]],"v":[[0,-26.5],[7.5,-19],[7.5,19],[0,26.5],[-7.5,19],[-7.5,-19]],"c":true},"ix":2},"nm":"Path 1","mn":"ADBE Vector Shape - Group","hd":false},{"ty":"fl","c":{"a":0,"k":[1,1,1,1],"ix":4},"o":{"a":0,"k":100,"ix":5},"r":1,"nm":"Fill 1","mn":"ADBE Vector Graphic - Fill","hd":false},{"ty":"tr","p":{"a":0,"k":[0,0],"ix":2},"a":{"a":0,"k":[0,0],"ix":1},"s":{"a":0,"k":[600,600],"ix":3},"r":{"a":0,"k":0,"ix":6},"o":{"a":0,"k":100,"ix":7},"sk":{"a":0,"k":0,"ix":4},"sa":{"a":0,"k":0,"ix":5},"nm":"Transform"}],"nm":"Group 1","np":2,"cix":2,"ix":1,"mn":"ADBE Vector Group","hd":false}],"ip":0,"op":3600,"st":0,"bm":0},{"ddd":0,"ind":5,"ty":0,"nm":"Tracksuit","parent":2,"refId":"comp_1","sr":1,"ks":{"o":{"a":0,"k":100,"ix":11},"r":{"a":0,"k":0,"ix":10},"p":{"a":0,"k":[0,0,0],"ix":2},"a":{"a":0,"k":[1065,960,0],"ix":1},"s":{"a":0,"k":[100,100,100],"ix":6}},"ao":0,"w":2130,"h":1920,"ip":0,"op":3600,"st":0,"bm":0},{"ddd":0,"ind":8,"ty":3,"nm":"Features Control NULL","parent":31,"sr":1,"ks":{"o":{"a":0,"k":0,"ix":11},"r":{"a":0,"k":0,"ix":10},"p":{"s":true,"x":{"a":0,"k":159.173,"ix":3},"y":{"a":0,"k":155.667,"ix":4}},"a":{"a":0,"k":[0,0,0],"ix":1},"s":{"a":0,"k":[100,100,100],"ix":6}},"ao":0,"ip":0,"op":1000,"st":0,"bm":0},{"ddd":0,"ind":10,"ty":0,"nm":"Blinks","parent":8,"refId":"comp_2","sr":1,"ks":{"o":{"a":0,"k":100,"ix":11},"r":{"a":0,"k":0,"ix":10},"p":{"a":0,"k":[0,89,0],"ix":2},"a":{"a":0,"k":[300,300,0],"ix":1},"s":{"a":0,"k":[100,100,100],"ix":6}},"ao":0,"hasMask":true,"masksProperties":[{"inv":false,"mode":"a","pt":{"a":1,"k":[{"t":0,"s":[{"i":[[0,0],[0,0],[0,0],[0,-2],[0,0],[0,0],[67,0],[0,0],[61.5,0],[0,0],[0,0],[-67,0],[0,0],[-70.5,0],[0,0],[0,0]],"o":[[0,0],[0,0],[0,0],[0,2],[0,0],[0,0],[-63.5,0],[0,0],[-69.5,0],[0,0],[0,0],[69,0],[0,0],[77.5,0],[0,0],[0,0]],"v":[[483,78],[124.5,91],[124.5,334],[485.5,334],[485.5,196.5],[438.5,196.5],[371,261],[303.5,196.5],[226,265],[158.5,196.5],[159.5,179.5],[225.5,127.5],[302,179.5],[370,123],[438.5,179.5],[483,179.5]],"c":true}],"h":1},{"t":50,"s":[{"i":[[0,0],[0,0],[0,0],[0,-2],[0,0],[0,0],[67,0],[0,0],[61.5,0],[0,0],[0,0],[-51,0],[0,0],[-49,0],[0,0],[0,0]],"o":[[0,0],[0,0],[0,0],[0,2],[0,0],[0,0],[-63.5,0],[0,0],[-69.5,0],[0,0],[0,0],[46,0],[0,0],[56.5,0],[0,0],[0,0]],"v":[[483,78],[124.5,91],[124.5,334],[485.5,334],[485.5,196.5],[438.5,196.5],[371,219.5],[303.5,196.5],[226,223.5],[158.5,196.5],[159.5,179.5],[225.5,167],[302,188],[377,165],[438.5,179.5],[483,179.5]],"c":true}],"h":1},{"t":52.5,"s":[{"i":[[0,0],[0,0],[0,0],[0,-2],[0,0],[0,0],[75.5,0],[0,0],[61.5,0],[0,0],[0,0],[-66.5,0],[0,0],[-49,0],[0,0],[0,0]],"o":[[0,0],[0,0],[0,0],[0,2],[0,0],[0,0],[-63.5,0],[0,0],[-69.5,0],[0,0],[0,0],[67,0],[0,0],[72,0],[0,0],[0,0]],"v":[[483,78],[124.5,91],[124.5,334],[485.5,334],[485.5,196.5],[438.5,196.5],[371,283],[303.5,196.5],[226,285],[158.5,196.5],[159.5,179.5],[223.5,277.5],[302,179.5],[370.5,267.5],[438.5,179.5],[483,179.5]],"c":true}],"h":1},{"t":57.5,"s":[{"i":[[0,0],[0,0],[0,0],[0,-2],[0,0],[0,0],[67,0],[0,0],[61.5,0],[0,0],[0,0],[-50.958,2.059],[0,0],[-49,0],[0,0],[0,0]],"o":[[0,0],[0,0],[0,0],[0,2],[0,0],[0,0],[-63.5,0],[0,0],[-58,0],[0,0],[0,0],[49.5,-2],[0,0],[56.5,0],[0,0],[0,0]],"v":[[483,78],[124.5,91],[124.5,334],[485.5,334],[485.5,196.5],[438.5,196.5],[371,221.5],[303.5,215],[226,228.5],[158.5,207.5],[159.5,199.5],[223.5,189],[302,198],[372.001,186],[438.5,192],[483,179.5]],"c":true}],"h":1},{"t":60,"s":[{"i":[[0,0],[0,0],[0,0],[0,-2],[0,0],[0,0],[67,0],[0,0],[61.5,0],[0,0],[0,0],[-67,0],[0,0],[-70.5,0],[0,0],[0,0]],"o":[[0,0],[0,0],[0,0],[0,2],[0,0],[0,0],[-63.5,0],[0,0],[-69.5,0],[0,0],[0,0],[69,0],[0,0],[77.5,0],[0,0],[0,0]],"v":[[483,78],[124.5,91],[124.5,334],[485.5,334],[485.5,196.5],[438.5,196.5],[371,261],[303.5,196.5],[226,265],[158.5,196.5],[159.5,179.5],[225.5,154.5],[302,179.5],[370,150],[438.5,179.5],[483,179.5]],"c":true}],"h":1},{"t":62.5,"s":[{"i":[[0,0],[0,0],[0,0],[0,-2],[0,0],[0,0],[67,0],[0,0],[61.5,0],[0,0],[0,0],[-67,0],[0,0],[-70.5,0],[0,0],[0,0]],"o":[[0,0],[0,0],[0,0],[0,2],[0,0],[0,0],[-63.5,0],[0,0],[-69.5,0],[0,0],[0,0],[69,0],[0,0],[77.5,0],[0,0],[0,0]],"v":[[483,78],[124.5,91],[124.5,334],[485.5,334],[485.5,196.5],[438.5,196.5],[371,261],[303.5,196.5],[226,265],[158.5,196.5],[159.5,179.5],[225.5,127.5],[302,179.5],[370,123],[438.5,179.5],[483,179.5]],"c":true}],"h":1},{"t":95,"s":[{"i":[[0,0],[0,0],[0,0],[0,-2],[0,0],[0,0],[67,0],[0,0],[61.5,0],[0,0],[0,0],[-51,0],[0,0],[-49,0],[0,0],[0,0]],"o":[[0,0],[0,0],[0,0],[0,2],[0,0],[0,0],[-63.5,0],[0,0],[-69.5,0],[0,0],[0,0],[46,0],[0,0],[56.5,0],[0,0],[0,0]],"v":[[483,78],[124.5,91],[124.5,334],[485.5,334],[485.5,196.5],[438.5,196.5],[371,261],[303.5,196.5],[226,265],[158.5,196.5],[159.5,179.5],[225.5,153],[302,179.5],[377,151],[438.5,179.5],[483,179.5]],"c":true}],"h":1},{"t":97.5,"s":[{"i":[[0,0],[0,0],[0,0],[0,-2],[0,0],[0,0],[75.5,0],[0,0],[61.5,0],[0,0],[0,0],[-66.5,0],[0,0],[-49,0],[0,0],[0,0]],"o":[[0,0],[0,0],[0,0],[0,2],[0,0],[0,0],[-63.5,0],[0,0],[-69.5,0],[0,0],[0,0],[67,0],[0,0],[72,0],[0,0],[0,0]],"v":[[483,78],[124.5,91],[124.5,334],[485.5,334],[485.5,196.5],[438.5,196.5],[371,283],[303.5,196.5],[226,285],[158.5,196.5],[159.5,179.5],[223.5,277.5],[302,179.5],[370.5,267.5],[438.5,179.5],[483,179.5]],"c":true}],"h":1},{"t":102.5,"s":[{"i":[[0,0],[0,0],[0,0],[0,-2],[0,0],[0,0],[67,0],[0,0],[61.5,0],[0,0],[0,0],[-51,0],[0,0],[-49,0],[0,0],[0,0]],"o":[[0,0],[0,0],[0,0],[0,2],[0,0],[0,0],[-63.5,0],[0,0],[-69.5,0],[0,0],[0,0],[46,0],[0,0],[56.5,0],[0,0],[0,0]],"v":[[483,78],[124.5,91],[124.5,334],[485.5,334],[485.5,196.5],[438.5,196.5],[371,227.5],[303.5,215],[226,228.5],[158.5,196.5],[159.5,179.5],[223.5,145],[302,198],[372,142],[438.5,179.5],[483,179.5]],"c":true}],"h":1},{"t":105,"s":[{"i":[[0,0],[0,0],[0,0],[0,-2],[0,0],[0,0],[67,0],[0,0],[61.5,0],[0,0],[0,0],[-67,0],[0,0],[-70.5,0],[0,0],[0,0]],"o":[[0,0],[0,0],[0,0],[0,2],[0,0],[0,0],[-63.5,0],[0,0],[-69.5,0],[0,0],[0,0],[69,0],[0,0],[77.5,0],[0,0],[0,0]],"v":[[483,78],[124.5,91],[124.5,334],[485.5,334],[485.5,196.5],[438.5,196.5],[371,261],[303.5,196.5],[226,265],[158.5,196.5],[159.5,179.5],[225.5,127.5],[302,179.5],[370,123],[438.5,179.5],[483,179.5]],"c":true}],"h":1},{"t":155,"s":[{"i":[[0,0],[0,0],[0,0],[0,-2],[0,0],[0,0],[67,0],[0,0],[61.5,0],[0,0],[0,0],[-51,0],[0,0],[-49,0],[0,0],[0,0]],"o":[[0,0],[0,0],[0,0],[0,2],[0,0],[0,0],[-63.5,0],[0,0],[-69.5,0],[0,0],[0,0],[46,0],[0,0],[56.5,0],[0,0],[0,0]],"v":[[483,78],[124.5,91],[124.5,334],[485.5,334],[485.5,196.5],[438.5,196.5],[371,261],[303.5,196.5],[226,265],[158.5,196.5],[159.5,179.5],[225.5,153],[302,179.5],[377,151],[438.5,179.5],[483,179.5]],"c":true}],"h":1},{"t":157.5,"s":[{"i":[[0,0],[0,0],[0,0],[0,-2],[0,0],[0,0],[75.5,0],[0,0],[61.5,0],[0,0],[0,0],[-66.5,0],[0,0],[-49,0],[0,0],[0,0]],"o":[[0,0],[0,0],[0,0],[0,2],[0,0],[0,0],[-63.5,0],[0,0],[-69.5,0],[0,0],[0,0],[67,0],[0,0],[72,0],[0,0],[0,0]],"v":[[483,78],[124.5,91],[124.5,334],[485.5,334],[485.5,196.5],[438.5,196.5],[371,283],[303.5,196.5],[226,285],[158.5,196.5],[159.5,179.5],[223.5,277.5],[302,179.5],[370.5,267.5],[438.5,179.5],[483,179.5]],"c":true}],"h":1},{"t":162.5,"s":[{"i":[[0,0],[0,0],[0,0],[0,-2],[0,0],[0,0],[67,0],[0,0],[61.5,0],[0,0],[0,0],[-51,0],[0,0],[-49,0],[0,0],[0,0]],"o":[[0,0],[0,0],[0,0],[0,2],[0,0],[0,0],[-63.5,0],[0,0],[-69.5,0],[0,0],[0,0],[46,0],[0,0],[56.5,0],[0,0],[0,0]],"v":[[483,78],[124.5,91],[124.5,334],[485.5,334],[485.5,196.5],[438.5,196.5],[371,227.5],[303.5,215],[226,228.5],[158.5,196.5],[159.5,179.5],[223.5,145],[302,198],[372,142],[438.5,179.5],[483,179.5]],"c":true}],"h":1},{"t":165,"s":[{"i":[[0,0],[0,0],[0,0],[0,-2],[0,0],[0,0],[67,0],[0,0],[61.5,0],[0,0],[0,0],[-67,0],[0,0],[-70.5,0],[0,0],[0,0]],"o":[[0,0],[0,0],[0,0],[0,2],[0,0],[0,0],[-63.5,0],[0,0],[-69.5,0],[0,0],[0,0],[69,0],[0,0],[77.5,0],[0,0],[0,0]],"v":[[483,78],[124.5,91],[124.5,334],[485.5,334],[485.5,196.5],[438.5,196.5],[371,261],[303.5,196.5],[226,265],[158.5,196.5],[159.5,179.5],[225.5,127.5],[302,179.5],[370,123],[438.5,179.5],[483,179.5]],"c":true}],"h":1},{"t":250,"s":[{"i":[[0,0],[0,0],[0,0],[0,-2],[0,0],[0,0],[67,0],[0,0],[61.5,0],[0,0],[0,0],[-51,0],[0,0],[-49,0],[0,0],[0,0]],"o":[[0,0],[0,0],[0,0],[0,2],[0,0],[0,0],[-63.5,0],[0,0],[-69.5,0],[0,0],[0,0],[46,0],[0,0],[56.5,0],[0,0],[0,0]],"v":[[483,78],[124.5,91],[124.5,334],[485.5,334],[485.5,196.5],[438.5,196.5],[371,261],[303.5,196.5],[226,265],[158.5,196.5],[159.5,179.5],[225.5,153],[302,179.5],[377,151],[438.5,179.5],[483,179.5]],"c":true}],"h":1},{"t":252.5,"s":[{"i":[[0,0],[0,0],[0,0],[0,-2],[0,0],[0,0],[75.5,0],[0,0],[61.5,0],[0,0],[0,0],[-66.5,0],[0,0],[-49,0],[0,0],[0,0]],"o":[[0,0],[0,0],[0,0],[0,2],[0,0],[0,0],[-63.5,0],[0,0],[-69.5,0],[0,0],[0,0],[67,0],[0,0],[72,0],[0,0],[0,0]],"v":[[483,78],[124.5,91],[124.5,334],[485.5,334],[485.5,196.5],[438.5,196.5],[371,283],[303.5,196.5],[226,285],[158.5,196.5],[159.5,179.5],[223.5,277.5],[302,179.5],[370.5,267.5],[438.5,179.5],[483,179.5]],"c":true}],"h":1},{"t":257.5,"s":[{"i":[[0,0],[0,0],[0,0],[0,-2],[0,0],[0,0],[67,0],[0,0],[61.5,0],[0,0],[0,0],[-51,0],[0,0],[-49,0],[0,0],[0,0]],"o":[[0,0],[0,0],[0,0],[0,2],[0,0],[0,0],[-63.5,0],[0,0],[-69.5,0],[0,0],[0,0],[46,0],[0,0],[56.5,0],[0,0],[0,0]],"v":[[483,78],[124.5,91],[124.5,334],[485.5,334],[485.5,196.5],[438.5,196.5],[371,227.5],[303.5,215],[226,228.5],[158.5,196.5],[159.5,179.5],[223.5,145],[302,198],[372,142],[438.5,179.5],[483,179.5]],"c":true}],"h":1},{"t":260,"s":[{"i":[[0,0],[0,0],[0,0],[0,-2],[0,0],[0,0],[67,0],[0,0],[61.5,0],[0,0],[0,0],[-67,0],[0,0],[-70.5,0],[0,0],[0,0]],"o":[[0,0],[0,0],[0,0],[0,2],[0,0],[0,0],[-63.5,0],[0,0],[-69.5,0],[0,0],[0,0],[69,0],[0,0],[77.5,0],[0,0],[0,0]],"v":[[483,78],[124.5,91],[124.5,334],[485.5,334],[485.5,196.5],[438.5,196.5],[371,261],[303.5,196.5],[226,265],[158.5,196.5],[159.5,179.5],[225.5,127.5],[302,179.5],[370,123],[438.5,179.5],[483,179.5]],"c":true}],"h":1},{"t":447.5,"s":[{"i":[[0,0],[0,0],[0,0],[0,-2],[0,0],[0,0],[67,0],[0,0],[61.5,0],[0,0],[0,0],[-51,0],[0,0],[-49,0],[0,0],[0,0]],"o":[[0,0],[0,0],[0,0],[0,2],[0,0],[0,0],[-63.5,0],[0,0],[-69.5,0],[0,0],[0,0],[46,0],[0,0],[56.5,0],[0,0],[0,0]],"v":[[483,78],[124.5,91],[124.5,334],[485.5,334],[485.5,196.5],[438.5,196.5],[371,261],[303.5,196.5],[226,265],[158.5,196.5],[159.5,179.5],[225.5,153],[302,179.5],[377,151],[438.5,179.5],[483,179.5]],"c":true}],"h":1},{"t":450,"s":[{"i":[[0,0],[0,0],[0,0],[0,-2],[0,0],[0,0],[75.5,0],[0,0],[61.5,0],[0,0],[0,0],[-66.5,0],[0,0],[-49,0],[0,0],[0,0]],"o":[[0,0],[0,0],[0,0],[0,2],[0,0],[0,0],[-63.5,0],[0,0],[-69.5,0],[0,0],[0,0],[67,0],[0,0],[72,0],[0,0],[0,0]],"v":[[483,78],[124.5,91],[124.5,334],[485.5,334],[485.5,196.5],[438.5,196.5],[371,283],[303.5,196.5],[226,285],[158.5,196.5],[159.5,179.5],[223.5,277.5],[302,179.5],[370.5,267.5],[438.5,179.5],[483,179.5]],"c":true}],"h":1},{"t":455,"s":[{"i":[[0,0],[0,0],[0,0],[0,-2],[0,0],[0,0],[67,0],[0,0],[61.5,0],[0,0],[0,0],[-51,0],[0,0],[-49,0],[0,0],[0,0]],"o":[[0,0],[0,0],[0,0],[0,2],[0,0],[0,0],[-63.5,0],[0,0],[-69.5,0],[0,0],[0,0],[46,0],[0,0],[56.5,0],[0,0],[0,0]],"v":[[483,78],[124.5,91],[124.5,334],[485.5,334],[485.5,196.5],[438.5,196.5],[371,227.5],[303.5,215],[226,228.5],[158.5,196.5],[159.5,179.5],[223.5,145],[302,198],[372,142],[438.5,179.5],[483,179.5]],"c":true}],"h":1},{"t":457.5,"s":[{"i":[[0,0],[0,0],[0,0],[0,-2],[0,0],[0,0],[67,0],[0,0],[61.5,0],[0,0],[0,0],[-67,0],[0,0],[-70.5,0],[0,0],[0,0]],"o":[[0,0],[0,0],[0,0],[0,2],[0,0],[0,0],[-63.5,0],[0,0],[-69.5,0],[0,0],[0,0],[69,0],[0,0],[77.5,0],[0,0],[0,0]],"v":[[483,78],[124.5,91],[124.5,334],[485.5,334],[485.5,196.5],[438.5,196.5],[371,261],[303.5,196.5],[226,265],[158.5,196.5],[159.5,179.5],[225.5,127.5],[302,179.5],[370,123],[438.5,179.5],[483,179.5]],"c":true}],"h":1},{"t":537.5,"s":[{"i":[[0,0],[0,0],[0,0],[0,-2],[0,0],[0,0],[67,0],[0,0],[61.5,0],[0,0],[0,0],[-51,0],[0,0],[-49,0],[0,0],[0,0]],"o":[[0,0],[0,0],[0,0],[0,2],[0,0],[0,0],[-63.5,0],[0,0],[-69.5,0],[0,0],[0,0],[46,0],[0,0],[56.5,0],[0,0],[0,0]],"v":[[483,78],[124.5,91],[124.5,334],[485.5,334],[485.5,196.5],[438.5,196.5],[371,261],[303.5,196.5],[226,265],[158.5,196.5],[159.5,179.5],[225.5,153],[302,179.5],[377,151],[438.5,179.5],[483,179.5]],"c":true}],"h":1},{"t":540,"s":[{"i":[[0,0],[0,0],[0,0],[0,-2],[0,0],[0,0],[75.5,0],[0,0],[61.5,0],[0,0],[0,0],[-66.5,0],[0,0],[-49,0],[0,0],[0,0]],"o":[[0,0],[0,0],[0,0],[0,2],[0,0],[0,0],[-63.5,0],[0,0],[-69.5,0],[0,0],[0,0],[67,0],[0,0],[72,0],[0,0],[0,0]],"v":[[483,78],[124.5,91],[124.5,334],[485.5,334],[485.5,196.5],[438.5,196.5],[371,283],[303.5,196.5],[226,285],[158.5,196.5],[159.5,179.5],[223.5,277.5],[302,179.5],[370.5,267.5],[438.5,179.5],[483,179.5]],"c":true}],"h":1},{"t":545,"s":[{"i":[[0,0],[0,0],[0,0],[0,-2],[0,0],[0,0],[67,0],[0,0],[61.5,0],[0,0],[0,0],[-51,0],[0,0],[-49,0],[0,0],[0,0]],"o":[[0,0],[0,0],[0,0],[0,2],[0,0],[0,0],[-63.5,0],[0,0],[-69.5,0],[0,0],[0,0],[46,0],[0,0],[56.5,0],[0,0],[0,0]],"v":[[483,78],[124.5,91],[124.5,334],[485.5,334],[485.5,196.5],[438.5,196.5],[371,227.5],[303.5,215],[226,228.5],[158.5,196.5],[159.5,179.5],[223.5,145],[302,198],[372,142],[438.5,179.5],[483,179.5]],"c":true}],"h":1},{"t":547.5,"s":[{"i":[[0,0],[0,0],[0,0],[0,-2],[0,0],[0,0],[67,0],[0,0],[61.5,0],[0,0],[0,0],[-67,0],[0,0],[-70.5,0],[0,0],[0,0]],"o":[[0,0],[0,0],[0,0],[0,2],[0,0],[0,0],[-63.5,0],[0,0],[-69.5,0],[0,0],[0,0],[69,0],[0,0],[77.5,0],[0,0],[0,0]],"v":[[483,78],[124.5,91],[124.5,334],[485.5,334],[485.5,196.5],[438.5,196.5],[371,261],[303.5,196.5],[226,265],[158.5,196.5],[159.5,179.5],[225.5,127.5],[302,179.5],[370,123],[438.5,179.5],[483,179.5]],"c":true}],"h":1},{"t":760,"s":[{"i":[[0,0],[0,0],[0,0],[0,-2],[0,0],[0,0],[67,0],[0,0],[61.5,0],[0,0],[0,0],[-51,0],[0,0],[-49,0],[0,0],[0,0]],"o":[[0,0],[0,0],[0,0],[0,2],[0,0],[0,0],[-63.5,0],[0,0],[-69.5,0],[0,0],[0,0],[46,0],[0,0],[56.5,0],[0,0],[0,0]],"v":[[483,78],[124.5,91],[124.5,334],[485.5,334],[485.5,196.5],[438.5,196.5],[371,261],[303.5,196.5],[226,265],[158.5,196.5],[159.5,179.5],[225.5,153],[302,179.5],[377,151],[438.5,179.5],[483,179.5]],"c":true}],"h":1},{"t":762.5,"s":[{"i":[[0,0],[0,0],[0,0],[0,-2],[0,0],[0,0],[75.5,0],[0,0],[61.5,0],[0,0],[0,0],[-66.5,0],[0,0],[-49,0],[0,0],[0,0]],"o":[[0,0],[0,0],[0,0],[0,2],[0,0],[0,0],[-63.5,0],[0,0],[-69.5,0],[0,0],[0,0],[67,0],[0,0],[72,0],[0,0],[0,0]],"v":[[483,78],[124.5,91],[124.5,334],[485.5,334],[485.5,196.5],[438.5,196.5],[371,283],[303.5,196.5],[226,285],[158.5,196.5],[159.5,179.5],[223.5,277.5],[302,179.5],[370.5,267.5],[438.5,179.5],[483,179.5]],"c":true}],"h":1},{"t":767.5,"s":[{"i":[[0,0],[0,0],[0,0],[0,-2],[0,0],[0,0],[67,0],[0,0],[61.5,0],[0,0],[0,0],[-51,0],[0,0],[-49,0],[0,0],[0,0]],"o":[[0,0],[0,0],[0,0],[0,2],[0,0],[0,0],[-63.5,0],[0,0],[-69.5,0],[0,0],[0,0],[46,0],[0,0],[56.5,0],[0,0],[0,0]],"v":[[483,78],[124.5,91],[124.5,334],[485.5,334],[485.5,196.5],[438.5,196.5],[371,227.5],[303.5,215],[226,228.5],[158.5,196.5],[159.5,179.5],[223.5,145],[302,198],[372,142],[438.5,179.5],[483,179.5]],"c":true}],"h":1},{"t":770,"s":[{"i":[[0,0],[0,0],[0,0],[0,-2],[0,0],[0,0],[67,0],[0,0],[61.5,0],[0,0],[0,0],[-67,0],[0,0],[-70.5,0],[0,0],[0,0]],"o":[[0,0],[0,0],[0,0],[0,2],[0,0],[0,0],[-63.5,0],[0,0],[-69.5,0],[0,0],[0,0],[69,0],[0,0],[77.5,0],[0,0],[0,0]],"v":[[483,78],[124.5,91],[124.5,334],[485.5,334],[485.5,196.5],[438.5,196.5],[371,261],[303.5,196.5],[226,265],[158.5,196.5],[159.5,179.5],[225.5,127.5],[302,179.5],[370,123],[438.5,179.5],[483,179.5]],"c":true}],"h":1},{"t":880,"s":[{"i":[[0,0],[0,0],[0,0],[0,-2],[0,0],[0,0],[67,0],[0,0],[61.5,0],[0,0],[0,0],[-51,0],[0,0],[-49,0],[0,0],[0,0]],"o":[[0,0],[0,0],[0,0],[0,2],[0,0],[0,0],[-63.5,0],[0,0],[-69.5,0],[0,0],[0,0],[46,0],[0,0],[56.5,0],[0,0],[0,0]],"v":[[483,78],[124.5,91],[124.5,334],[485.5,334],[485.5,196.5],[438.5,196.5],[371,261],[303.5,196.5],[226,265],[158.5,196.5],[159.5,179.5],[225.5,153],[302,179.5],[377,151],[438.5,179.5],[483,179.5]],"c":true}],"h":1},{"t":882.5,"s":[{"i":[[0,0],[0,0],[0,0],[0,-2],[0,0],[0,0],[75.5,0],[0,0],[61.5,0],[0,0],[0,0],[-66.5,0],[0,0],[-49,0],[0,0],[0,0]],"o":[[0,0],[0,0],[0,0],[0,2],[0,0],[0,0],[-63.5,0],[0,0],[-69.5,0],[0,0],[0,0],[67,0],[0,0],[72,0],[0,0],[0,0]],"v":[[483,78],[124.5,91],[124.5,334],[485.5,334],[485.5,196.5],[438.5,196.5],[371,283],[303.5,196.5],[226,285],[158.5,196.5],[159.5,179.5],[223.5,277.5],[302,179.5],[370.5,267.5],[438.5,179.5],[483,179.5]],"c":true}],"h":1},{"t":887.5,"s":[{"i":[[0,0],[0,0],[0,0],[0,-2],[0,0],[0,0],[67,0],[0,0],[61.5,0],[0,0],[0,0],[-51,0],[0,0],[-49,0],[0,0],[0,0]],"o":[[0,0],[0,0],[0,0],[0,2],[0,0],[0,0],[-63.5,0],[0,0],[-69.5,0],[0,0],[0,0],[46,0],[0,0],[56.5,0],[0,0],[0,0]],"v":[[483,78],[124.5,91],[124.5,334],[485.5,334],[485.5,196.5],[438.5,196.5],[371,227.5],[303.5,215],[226,228.5],[158.5,196.5],[159.5,179.5],[223.5,145],[302,198],[372,142],[438.5,179.5],[483,179.5]],"c":true}],"h":1},{"t":890,"s":[{"i":[[0,0],[0,0],[0,0],[0,-2],[0,0],[0,0],[67,0],[0,0],[61.5,0],[0,0],[0,0],[-67,0],[0,0],[-70.5,0],[0,0],[0,0]],"o":[[0,0],[0,0],[0,0],[0,2],[0,0],[0,0],[-63.5,0],[0,0],[-69.5,0],[0,0],[0,0],[69,0],[0,0],[77.5,0],[0,0],[0,0]],"v":[[483,78],[124.5,91],[124.5,334],[485.5,334],[485.5,196.5],[438.5,196.5],[371,261],[303.5,196.5],[226,265],[158.5,196.5],[159.5,179.5],[225.5,127.5],[302,179.5],[370,123],[438.5,179.5],[483,179.5]],"c":true}],"h":1}],"ix":1},"o":{"a":0,"k":100,"ix":3},"x":{"a":0,"k":0,"ix":4},"nm":"Mask 1"}],"w":600,"h":600,"ip":0,"op":2000,"st":0,"bm":0},{"ddd":0,"ind":11,"ty":4,"nm":"cheek R","parent":21,"sr":1,"ks":{"o":{"a":1,"k":[{"t":0,"s":[0],"h":1},{"t":102.5,"s":[100],"h":1},{"t":252.5,"s":[0],"h":1},{"t":455,"s":[100],"h":1},{"t":765,"s":[0],"h":1}],"ix":11},"r":{"a":0,"k":0,"ix":10},"p":{"a":0,"k":[40.232,95.679,0],"ix":2},"a":{"a":0,"k":[48.98,32.098,0],"ix":1},"s":{"a":0,"k":[100,100,100],"ix":6}},"ao":0,"shapes":[{"ty":"gr","it":[{"ind":0,"ty":"sh","ix":1,"ks":{"a":0,"k":{"i":[[-19.78,-9],[0,0],[25.84,5.29],[0,0]],"o":[[0,0],[-17.41,-7.93],[0,0],[28.06,5.75]],"v":[[78.16,22.09],[64.9,51.22],[0,31.35],[6.42,0]],"c":true},"ix":2},"nm":"Path 1","mn":"ADBE Vector Shape - Group","hd":false},{"ty":"fl","c":{"a":0,"k":[0.55686300993,0.878431022167,0,1],"ix":4},"o":{"a":0,"k":100,"ix":5},"r":1,"nm":"Fill 1","mn":"ADBE Vector Graphic - Fill","hd":false},{"ty":"tr","p":{"a":0,"k":[0,0],"ix":2},"a":{"a":0,"k":[0,0],"ix":1},"s":{"a":0,"k":[125.333,125.333],"ix":3},"r":{"a":0,"k":0,"ix":6},"o":{"a":0,"k":100,"ix":7},"sk":{"a":0,"k":0,"ix":4},"sa":{"a":0,"k":0,"ix":5},"nm":"Transform"}],"nm":"Group 1","np":2,"cix":2,"ix":1,"mn":"ADBE Vector Group","hd":false}],"ip":0,"op":1000,"st":0,"bm":0},{"ddd":0,"ind":12,"ty":4,"nm":"cheek L","parent":20,"sr":1,"ks":{"o":{"a":1,"k":[{"t":0,"s":[0],"h":1},{"t":102.5,"s":[100],"h":1},{"t":252.5,"s":[0],"h":1},{"t":455,"s":[100],"h":1},{"t":765,"s":[0],"h":1}],"ix":11},"r":{"a":0,"k":0,"ix":10},"p":{"a":0,"k":[50.484,95.849,0],"ix":2},"a":{"a":0,"k":[48.429,32.844,0],"ix":1},"s":{"a":0,"k":[100,100,100],"ix":6}},"ao":0,"shapes":[{"ty":"gr","it":[{"ind":0,"ty":"sh","ix":1,"ks":{"a":0,"k":{"i":[[-21.38,3.97],[0,0],[24.21,-10.48],[0,0]],"o":[[0,0],[-18.81,3.5],[0,0],[26.28,-11.38]],"v":[[71.44,0],[77.28,31.46],[12.72,52.41],[0,23.05]],"c":true},"ix":2},"nm":"Path 1","mn":"ADBE Vector Shape - Group","hd":false},{"ty":"fl","c":{"a":0,"k":[0.55686300993,0.878431022167,0,1],"ix":4},"o":{"a":0,"k":100,"ix":5},"r":1,"nm":"Fill 1","mn":"ADBE Vector Graphic - Fill","hd":false},{"ty":"tr","p":{"a":0,"k":[0,0],"ix":2},"a":{"a":0,"k":[0,0],"ix":1},"s":{"a":0,"k":[125.333,125.333],"ix":3},"r":{"a":0,"k":0,"ix":6},"o":{"a":0,"k":100,"ix":7},"sk":{"a":0,"k":0,"ix":4},"sa":{"a":0,"k":0,"ix":5},"nm":"Transform"}],"nm":"Group 1","np":2,"cix":2,"ix":1,"mn":"ADBE Vector Group","hd":false}],"ip":0,"op":1000,"st":0,"bm":0},{"ddd":0,"ind":13,"ty":0,"nm":"beak TOP","parent":8,"refId":"comp_3","sr":1,"ks":{"o":{"a":0,"k":100,"ix":11},"r":{"a":0,"k":0,"ix":10},"p":{"a":0,"k":[-0.25,0,0],"ix":2},"a":{"a":0,"k":[48,40,0],"ix":1},"s":{"a":0,"k":[100,100,100],"ix":6}},"ao":0,"w":96,"h":80,"ip":0,"op":2000,"st":0,"bm":0},{"ddd":0,"ind":14,"ty":0,"nm":"Beak BOTTOM","parent":8,"refId":"comp_4","sr":1,"ks":{"o":{"a":0,"k":100,"ix":11},"r":{"a":0,"k":0,"ix":10},"p":{"a":0,"k":[0,8.5,0],"ix":2},"a":{"a":0,"k":[44,37.5,0],"ix":1},"s":{"a":1,"k":[{"i":{"x":[0.833,0.833,0.833],"y":[1,1,1]},"o":{"x":[0.167,0.167,0.167],"y":[0,0,0]},"n":["0p833_1_0p167_0","0p833_1_0p167_0","0p833_1_0p167_0"],"t":0,"s":[100,100,100],"e":[100,100,100]},{"i":{"x":[0.659,0.659,0.659],"y":[1,1,1]},"o":{"x":[0.167,0.167,0.167],"y":[0,0,0]},"n":["0p659_1_0p167_0","0p659_1_0p167_0","0p659_1_0p167_0"],"t":52.5,"s":[100,100,100],"e":[100,100,100]},{"i":{"x":[0.654,0.654,0.654],"y":[1,1,1]},"o":{"x":[0.311,0.311,0.311],"y":[0,0,0]},"n":["0p654_1_0p311_0","0p654_1_0p311_0","0p654_1_0p311_0"],"t":62.5,"s":[100,100,100],"e":[100,100,100]},{"i":{"x":[0.667,0.667,0.667],"y":[1,1,1]},"o":{"x":[0.333,0.333,0.333],"y":[0,0,0]},"n":["0p667_1_0p333_0","0p667_1_0p333_0","0p667_1_0p333_0"],"t":95,"s":[100,100,100],"e":[100,104,100]},{"i":{"x":[0.667,0.667,0.667],"y":[1,1.002,1]},"o":{"x":[0.334,0.334,0.334],"y":[0,0,0]},"n":["0p667_1_0p334_0","0p667_1p002_0p334_0","0p667_1_0p334_0"],"t":97.5,"s":[100,104,100],"e":[100,66,100]},{"i":{"x":[0.667,0.667,0.667],"y":[1,1,1]},"o":{"x":[0.335,0.335,0.335],"y":[0,0.005,0]},"n":["0p667_1_0p335_0","0p667_1_0p335_0p005","0p667_1_0p335_0"],"t":100,"s":[100,66,100],"e":[100,102.709,100]},{"i":{"x":[0.667,0.667,0.667],"y":[1,1,1]},"o":{"x":[0.333,0.333,0.333],"y":[0,0,0]},"n":["0p667_1_0p333_0","0p667_1_0p333_0","0p667_1_0p333_0"],"t":105,"s":[100,102.709,100],"e":[100,100,100]},{"i":{"x":[0.811,0.811,0.811],"y":[1,1,1]},"o":{"x":[0.333,0.333,0.333],"y":[0,0,0]},"n":["0p811_1_0p333_0","0p811_1_0p333_0","0p811_1_0p333_0"],"t":110,"s":[100,100,100],"e":[100,100,100]},{"i":{"x":[0.667,0.667,0.667],"y":[1,1,1]},"o":{"x":[0.167,0.167,0.167],"y":[0,0,0]},"n":["0p667_1_0p167_0","0p667_1_0p167_0","0p667_1_0p167_0"],"t":157.5,"s":[100,100,100],"e":[100,100,100]},{"i":{"x":[0.667,0.667,0.667],"y":[1,1,1]},"o":{"x":[0.333,0.333,0.333],"y":[0,0,0]},"n":["0p667_1_0p333_0","0p667_1_0p333_0","0p667_1_0p333_0"],"t":232,"s":[100,100,100],"e":[100,100,100]},{"i":{"x":[0.667,0.667,0.667],"y":[1,1,1]},"o":{"x":[0.333,0.333,0.333],"y":[0,0,0]},"n":["0p667_1_0p333_0","0p667_1_0p333_0","0p667_1_0p333_0"],"t":239,"s":[100,100,100],"e":[100,118,100]},{"i":{"x":[0.667,0.667,0.667],"y":[1,1,1]},"o":{"x":[0.333,0.333,0.333],"y":[0,0,0]},"n":["0p667_1_0p333_0","0p667_1_0p333_0","0p667_1_0p333_0"],"t":240,"s":[100,118,100],"e":[100,100,100]},{"i":{"x":[0.667,0.667,0.667],"y":[1,1,1]},"o":{"x":[0.333,0.333,0.333],"y":[0,0,0]},"n":["0p667_1_0p333_0","0p667_1_0p333_0","0p667_1_0p333_0"],"t":242.5,"s":[100,100,100],"e":[100,100,100]},{"i":{"x":[0.667,0.667,0.667],"y":[1,1,1]},"o":{"x":[0.333,0.333,0.333],"y":[0,0,0]},"n":["0p667_1_0p333_0","0p667_1_0p333_0","0p667_1_0p333_0"],"t":445,"s":[100,100,100],"e":[100,90,100]},{"i":{"x":[0.667,0.667,0.667],"y":[1,1,1]},"o":{"x":[0.333,0.333,0.333],"y":[0,0,0]},"n":["0p667_1_0p333_0","0p667_1_0p333_0","0p667_1_0p333_0"],"t":450,"s":[100,90,100],"e":[100,102,100]},{"i":{"x":[0.667,0.667,0.667],"y":[1,1,1]},"o":{"x":[0.333,0.333,0.333],"y":[0,0,0]},"n":["0p667_1_0p333_0","0p667_1_0p333_0","0p667_1_0p333_0"],"t":454,"s":[100,102,100],"e":[100,100,100]},{"i":{"x":[0.667,0.667,0.667],"y":[1,1,1]},"o":{"x":[0.333,0.333,0.333],"y":[0,0,0]},"n":["0p667_1_0p333_0","0p667_1_0p333_0","0p667_1_0p333_0"],"t":458,"s":[100,100,100],"e":[100,100,100]},{"i":{"x":[0.833,0.833,0.833],"y":[1,1,1]},"o":{"x":[0.333,0.333,0.333],"y":[0,0,0]},"n":["0p833_1_0p333_0","0p833_1_0p333_0","0p833_1_0p333_0"],"t":467.5,"s":[100,100,100],"e":[100,100,100]},{"i":{"x":[0.566,0.566,0.566],"y":[1,1,1]},"o":{"x":[0.165,0.165,0.165],"y":[0,0,0]},"n":["0p566_1_0p165_0","0p566_1_0p165_0","0p566_1_0p165_0"],"t":684,"s":[100,100,100],"e":[100,121,100]},{"i":{"x":[0.231,0.035,0.839],"y":[1,1,1]},"o":{"x":[0.195,0.4,0.4],"y":[0,0,0]},"n":["0p231_1_0p195_0","0p035_1_0p4_0","0p839_1_0p4_0"],"t":685,"s":[100,121,100],"e":[100,100,100]},{"t":692}],"ix":6}},"ao":0,"w":88,"h":116,"ip":0,"op":2000,"st":0,"bm":0},{"ddd":0,"ind":15,"ty":0,"nm":"Chest Feathers","parent":31,"refId":"comp_5","sr":1,"ks":{"o":{"a":0,"k":100,"ix":11},"r":{"a":0,"k":0,"ix":10},"p":{"a":0,"k":[159.173,304.667,0],"ix":2},"a":{"a":0,"k":[70.5,39,0],"ix":1},"s":{"a":0,"k":[100,100,100],"ix":6}},"ao":0,"w":141,"h":78,"ip":0,"op":2000,"st":0,"bm":0},{"ddd":0,"ind":16,"ty":4,"nm":"pupil shine R","parent":19,"sr":1,"ks":{"o":{"a":0,"k":100,"ix":11},"r":{"a":0,"k":0,"ix":10},"p":{"a":0,"k":[3.133,11.907,0],"ix":2},"a":{"a":0,"k":[0,0,0],"ix":1},"s":{"a":0,"k":[100,100,100],"ix":6}},"ao":0,"hasMask":true,"masksProperties":[{"inv":false,"mode":"a","pt":{"a":0,"k":{"i":[[22.967,0],[0,-23],[-24.794,0],[0,10.5]],"o":[[-22.967,0],[0,16.25],[18.53,0],[0,-15.5]],"v":[[18.773,-13.767],[-5.238,21.233],[19.034,53.733],[40.435,23.233]],"c":true},"ix":1},"o":{"a":0,"k":100,"ix":3},"x":{"a":0,"k":0,"ix":4},"nm":"Mask 1"}],"shapes":[{"ty":"gr","it":[{"d":1,"ty":"el","s":{"a":0,"k":[21,21],"ix":2},"p":{"a":0,"k":[0,0],"ix":3},"nm":"Ellipse Path 1","mn":"ADBE Vector Shape - Ellipse","hd":false},{"ty":"fl","c":{"a":0,"k":[1,1,1,1],"ix":4},"o":{"a":0,"k":100,"ix":5},"r":1,"nm":"Fill 1","mn":"ADBE Vector Graphic - Fill","hd":false},{"ty":"tr","p":{"a":0,"k":[0,0],"ix":2},"a":{"a":0,"k":[0,0],"ix":1},"s":{"a":0,"k":[125.333,125.333],"ix":3},"r":{"a":0,"k":0,"ix":6},"o":{"a":0,"k":100,"ix":7},"sk":{"a":0,"k":0,"ix":4},"sa":{"a":0,"k":0,"ix":5},"nm":"Transform"}],"nm":"pupil shine R","np":2,"cix":2,"ix":1,"mn":"ADBE Vector Group","hd":false}],"ip":0,"op":1000,"st":0,"bm":0},{"ddd":0,"ind":17,"ty":4,"nm":"pupil shine L","parent":18,"sr":1,"ks":{"o":{"a":0,"k":100,"ix":11},"r":{"a":0,"k":0,"ix":10},"p":{"a":0,"k":[0.627,11.907,0],"ix":2},"a":{"a":0,"k":[0,0,0],"ix":1},"s":{"a":0,"k":[100,100,100],"ix":6}},"ao":0,"hasMask":true,"masksProperties":[{"inv":false,"mode":"a","pt":{"a":0,"k":{"i":[[22.967,0],[0,-23],[-24.794,0],[0,10.5]],"o":[[-22.967,0],[0,16.25],[18.53,0],[0,-15.5]],"v":[[21.773,-13.767],[-2.238,21.233],[22.034,53.733],[43.435,23.233]],"c":true},"ix":1},"o":{"a":0,"k":100,"ix":3},"x":{"a":0,"k":0,"ix":4},"nm":"Mask 1"}],"shapes":[{"ty":"gr","it":[{"d":1,"ty":"el","s":{"a":0,"k":[21,21],"ix":2},"p":{"a":0,"k":[0,0],"ix":3},"nm":"Ellipse Path 1","mn":"ADBE Vector Shape - Ellipse","hd":false},{"ty":"fl","c":{"a":0,"k":[1,1,1,1],"ix":4},"o":{"a":0,"k":100,"ix":5},"r":1,"nm":"Fill 1","mn":"ADBE Vector Graphic - Fill","hd":false},{"ty":"tr","p":{"a":0,"k":[0,0],"ix":2},"a":{"a":0,"k":[0,0],"ix":1},"s":{"a":0,"k":[125.333,125.333],"ix":3},"r":{"a":0,"k":0,"ix":6},"o":{"a":0,"k":100,"ix":7},"sk":{"a":0,"k":0,"ix":4},"sa":{"a":0,"k":0,"ix":5},"nm":"Transform"}],"nm":"pupil shine L","np":2,"cix":2,"ix":1,"mn":"ADBE Vector Group","hd":false}],"ip":0,"op":1000,"st":0,"bm":0},{"ddd":0,"ind":18,"ty":4,"nm":"pupil L","parent":20,"sr":1,"ks":{"o":{"a":0,"k":100,"ix":11},"r":{"a":0,"k":0,"ix":10},"p":{"a":1,"k":[{"t":0,"s":[36.973,57.027,0],"h":1},{"t":90,"s":[36.973,54.527,0],"h":1},{"t":132.5,"s":[36.973,57.027,0],"h":1},{"t":167.5,"s":[36.973,57.027,0],"h":1},{"t":220,"s":[36.973,55.527,0],"h":1},{"t":320,"s":[33.973,55.527,0],"h":1},{"t":345,"s":[37.973,55.527,0],"h":1},{"t":382.5,"s":[36.973,55.527,0],"h":1},{"t":437.5,"s":[36.973,57.027,0],"h":1},{"t":470,"s":[38.973,54.527,0],"h":1},{"t":512.5,"s":[35.973,53.527,0],"h":1},{"t":607.5,"s":[36.973,55.527,0],"h":1},{"t":645,"s":[36.973,55.527,0],"h":1},{"t":680,"s":[35.973,52.527,0],"h":1},{"t":762.5,"s":[37.973,54.527,0],"h":1},{"t":800,"s":[36.973,57.027,0],"h":1},{"t":875,"s":[36.973,57.027,0],"h":1},{"t":907.5,"s":[35.973,57.027,0],"h":1},{"t":967.5,"s":[36.973,57.027,0],"h":1}],"ix":2},"a":{"a":0,"k":[20.68,31.96,0],"ix":1},"s":{"a":0,"k":[100,100,100],"ix":6}},"ao":0,"shapes":[{"ty":"gr","it":[{"ind":0,"ty":"sh","ix":1,"ks":{"a":0,"k":{"i":[[-9.11,0],[0,-9.11],[0,0],[9.11,0],[0,9.11],[0,0]],"o":[[9.11,0],[0,0],[0,9.11],[-9.11,0],[0,0],[0,-9.11]],"v":[[16.5,0],[33,16.5],[33,34.5],[16.5,51],[0,34.5],[0,16.5]],"c":true},"ix":2},"nm":"Path 1","mn":"ADBE Vector Shape - Group","hd":false},{"ty":"fl","c":{"a":0,"k":[0.294117987156,0.294117987156,0.294117987156,1],"ix":4},"o":{"a":0,"k":100,"ix":5},"r":1,"nm":"Fill 1","mn":"ADBE Vector Graphic - Fill","hd":false},{"ty":"tr","p":{"a":0,"k":[0,0],"ix":2},"a":{"a":0,"k":[0,0],"ix":1},"s":{"a":0,"k":[125.333,125.333],"ix":3},"r":{"a":0,"k":0,"ix":6},"o":{"a":0,"k":100,"ix":7},"sk":{"a":0,"k":0,"ix":4},"sa":{"a":0,"k":0,"ix":5},"nm":"Transform"}],"nm":"Group 1","np":2,"cix":2,"ix":1,"mn":"ADBE Vector Group","hd":false}],"ip":0,"op":1000,"st":0,"bm":0},{"ddd":0,"ind":19,"ty":4,"nm":"pupil R","parent":21,"sr":1,"ks":{"o":{"a":0,"k":100,"ix":11},"r":{"a":0,"k":0,"ix":10},"p":{"a":1,"k":[{"t":0,"s":[50.76,57.027,0],"h":1},{"t":90,"s":[50.76,54.527,0],"h":1},{"t":132.5,"s":[50.76,57.027,0],"h":1},{"t":167.5,"s":[50.76,57.027,0],"h":1},{"t":220,"s":[50.76,55.527,0],"h":1},{"t":320,"s":[47.76,55.527,0],"h":1},{"t":345,"s":[51.76,55.527,0],"h":1},{"t":382.5,"s":[50.76,55.527,0],"h":1},{"t":437.5,"s":[50.76,57.027,0],"h":1},{"t":470,"s":[52.76,54.527,0],"h":1},{"t":512.5,"s":[49.76,53.527,0],"h":1},{"t":607.5,"s":[50.76,55.527,0],"h":1},{"t":645,"s":[50.76,55.527,0],"h":1},{"t":680,"s":[49.76,52.527,0],"h":1},{"t":762.5,"s":[51.76,54.527,0],"h":1},{"t":800,"s":[50.76,57.027,0],"h":1},{"t":875,"s":[50.76,57.027,0],"h":1},{"t":907.5,"s":[49.76,57.027,0],"h":1},{"t":967.5,"s":[50.76,57.027,0],"h":1}],"ix":2},"a":{"a":0,"k":[20.68,31.96,0],"ix":1},"s":{"a":0,"k":[100,100,100],"ix":6}},"ao":0,"shapes":[{"ty":"gr","it":[{"ind":0,"ty":"sh","ix":1,"ks":{"a":0,"k":{"i":[[-9.11,0],[0,-9.11],[0,0],[9.11,0],[0,9.11],[0,0]],"o":[[9.11,0],[0,0],[0,9.11],[-9.11,0],[0,0],[0,-9.11]],"v":[[16.5,0],[33,16.5],[33,34.5],[16.5,51],[0,34.5],[0,16.5]],"c":true},"ix":2},"nm":"Path 1","mn":"ADBE Vector Shape - Group","hd":false},{"ty":"fl","c":{"a":0,"k":[0.294117987156,0.294117987156,0.294117987156,1],"ix":4},"o":{"a":0,"k":100,"ix":5},"r":1,"nm":"Fill 1","mn":"ADBE Vector Graphic - Fill","hd":false},{"ty":"tr","p":{"a":0,"k":[0,0],"ix":2},"a":{"a":0,"k":[0,0],"ix":1},"s":{"a":0,"k":[125.333,125.333],"ix":3},"r":{"a":0,"k":0,"ix":6},"o":{"a":0,"k":100,"ix":7},"sk":{"a":0,"k":0,"ix":4},"sa":{"a":0,"k":0,"ix":5},"nm":"Transform"}],"nm":"Group 1","np":2,"cix":2,"ix":1,"mn":"ADBE Vector Group","hd":false}],"ip":0,"op":1000,"st":0,"bm":0},{"ddd":0,"ind":20,"ty":4,"nm":"eye L","parent":8,"sr":1,"ks":{"o":{"a":0,"k":100,"ix":11},"r":{"a":0,"k":0,"ix":10},"p":{"a":0,"k":[77.707,-19.68,0],"ix":2},"a":{"a":0,"k":[43.867,57.027,0],"ix":1},"s":{"a":0,"k":[100,100,100],"ix":6}},"ao":0,"shapes":[{"ty":"gr","it":[{"ind":0,"ty":"sh","ix":1,"ks":{"a":0,"k":{"i":[[-19.33,0],[0,-19.33],[0,0],[19.33,0],[0,19.33],[0,0]],"o":[[19.33,0],[0,0],[0,19.33],[-19.33,0],[0,0],[0,-19.33]],"v":[[35,0],[70,35],[70,56],[35,91],[0,56],[0,35]],"c":true},"ix":2},"nm":"Path 1","mn":"ADBE Vector Shape - Group","hd":false},{"ty":"fl","c":{"a":0,"k":[1,1,1,1],"ix":4},"o":{"a":0,"k":100,"ix":5},"r":1,"nm":"Fill 1","mn":"ADBE Vector Graphic - Fill","hd":false},{"ty":"tr","p":{"a":0,"k":[0,0],"ix":2},"a":{"a":0,"k":[0,0],"ix":1},"s":{"a":0,"k":[125.333,125.333],"ix":3},"r":{"a":0,"k":0,"ix":6},"o":{"a":0,"k":100,"ix":7},"sk":{"a":0,"k":0,"ix":4},"sa":{"a":0,"k":0,"ix":5},"nm":"Transform"}],"nm":"Group 1","np":2,"cix":2,"ix":1,"mn":"ADBE Vector Group","hd":false}],"ip":0,"op":1000,"st":0,"bm":0},{"ddd":0,"ind":21,"ty":4,"nm":"eye R","parent":8,"sr":1,"ks":{"o":{"a":0,"k":100,"ix":11},"r":{"a":0,"k":0,"ix":10},"p":{"a":0,"k":[-77.707,-19.68,0],"ix":2},"a":{"a":0,"k":[43.867,57.027,0],"ix":1},"s":{"a":0,"k":[100,100,100],"ix":6}},"ao":0,"shapes":[{"ty":"gr","it":[{"ind":0,"ty":"sh","ix":1,"ks":{"a":0,"k":{"i":[[-19.33,0],[0,-19.33],[0,0],[19.33,0],[0,19.33],[0,0]],"o":[[19.33,0],[0,0],[0,19.33],[-19.33,0],[0,0],[0,-19.33]],"v":[[35,0],[70,35],[70,56],[35,91],[0,56],[0,35]],"c":true},"ix":2},"nm":"Path 1","mn":"ADBE Vector Shape - Group","hd":false},{"ty":"fl","c":{"a":0,"k":[1,1,1,1],"ix":4},"o":{"a":0,"k":100,"ix":5},"r":1,"nm":"Fill 1","mn":"ADBE Vector Graphic - Fill","hd":false},{"ty":"tr","p":{"a":0,"k":[0,0],"ix":2},"a":{"a":0,"k":[0,0],"ix":1},"s":{"a":0,"k":[125.333,125.333],"ix":3},"r":{"a":0,"k":0,"ix":6},"o":{"a":0,"k":100,"ix":7},"sk":{"a":0,"k":0,"ix":4},"sa":{"a":0,"k":0,"ix":5},"nm":"Transform"}],"nm":"Group 1","np":2,"cix":2,"ix":1,"mn":"ADBE Vector Group","hd":false}],"ip":0,"op":1000,"st":0,"bm":0},{"ddd":0,"ind":22,"ty":4,"nm":"brow L","parent":8,"sr":1,"ks":{"o":{"a":0,"k":100,"ix":11},"r":{"a":0,"k":0,"ix":10},"p":{"a":0,"k":[75.131,-79.206,0],"ix":2},"a":{"a":0,"k":[31.515,33.233,0],"ix":1},"s":{"a":0,"k":[100,100,100],"ix":6}},"ao":0,"shapes":[{"ty":"gr","it":[{"ind":0,"ty":"sh","ix":1,"ks":{"a":0,"k":{"i":[[0,0],[-1.5,-2.6],[9.93,-11.02],[13.19,5.86],[-2.01,2.23]],"o":[[2.01,-2.24],[7.22,12.49],[-9.93,11.02],[-2.74,-1.22],[0,0]],"v":[[38.72,1.47],[45.84,2.21],[41.48,41.71],[2.62,50.17],[1.14,43.17]],"c":true},"ix":2},"nm":"Path 1","mn":"ADBE Vector Shape - Group","hd":false},{"ty":"fl","c":{"a":0,"k":[0.55686300993,0.878431022167,0,1],"ix":4},"o":{"a":0,"k":100,"ix":5},"r":1,"nm":"Fill 1","mn":"ADBE Vector Graphic - Fill","hd":false},{"ty":"tr","p":{"a":0,"k":[0,0],"ix":2},"a":{"a":0,"k":[0,0],"ix":1},"s":{"a":0,"k":[125.333,125.333],"ix":3},"r":{"a":0,"k":0,"ix":6},"o":{"a":0,"k":100,"ix":7},"sk":{"a":0,"k":0,"ix":4},"sa":{"a":0,"k":0,"ix":5},"nm":"Transform"}],"nm":"Group 1","np":2,"cix":2,"ix":1,"mn":"ADBE Vector Group","hd":false}],"ip":0,"op":1000,"st":0,"bm":0},{"ddd":0,"ind":23,"ty":4,"nm":"brow L","parent":8,"sr":1,"ks":{"o":{"a":0,"k":100,"ix":11},"r":{"a":0,"k":0,"ix":10},"p":{"a":0,"k":[51.318,-91.74,0],"ix":2},"a":{"a":0,"k":[31.515,33.233,0],"ix":1},"s":{"a":0,"k":[100,100,100],"ix":6}},"ao":0,"shapes":[{"ty":"gr","it":[{"ind":0,"ty":"sh","ix":1,"ks":{"a":0,"k":{"i":[[0,0],[-1.5,-2.6],[9.93,-11.02],[13.19,5.86],[-2.01,2.23]],"o":[[2.01,-2.24],[7.22,12.49],[-9.93,11.02],[-2.74,-1.22],[0,0]],"v":[[38.72,1.47],[45.84,2.21],[41.48,41.71],[2.62,50.17],[1.14,43.17]],"c":true},"ix":2},"nm":"Path 1","mn":"ADBE Vector Shape - Group","hd":false},{"ty":"fl","c":{"a":0,"k":[0.55686300993,0.878431022167,0,1],"ix":4},"o":{"a":0,"k":100,"ix":5},"r":1,"nm":"Fill 1","mn":"ADBE Vector Graphic - Fill","hd":false},{"ty":"tr","p":{"a":0,"k":[0,0],"ix":2},"a":{"a":0,"k":[0,0],"ix":1},"s":{"a":0,"k":[125.333,125.333],"ix":3},"r":{"a":0,"k":0,"ix":6},"o":{"a":0,"k":100,"ix":7},"sk":{"a":0,"k":0,"ix":4},"sa":{"a":0,"k":0,"ix":5},"nm":"Transform"}],"nm":"Group 1","np":2,"cix":2,"ix":1,"mn":"ADBE Vector Group","hd":false}],"ip":0,"op":1000,"st":0,"bm":0},{"ddd":0,"ind":24,"ty":4,"nm":"brow R","parent":8,"sr":1,"ks":{"o":{"a":0,"k":100,"ix":11},"r":{"a":0,"k":0,"ix":10},"p":{"a":0,"k":[-75.133,-79.206,0],"ix":2},"a":{"a":0,"k":[31.513,33.233,0],"ix":1},"s":{"a":0,"k":[100,100,100],"ix":6}},"ao":0,"shapes":[{"ty":"gr","it":[{"ind":0,"ty":"sh","ix":1,"ks":{"a":0,"k":{"i":[[-2.02,-2.24],[0,0],[2.75,-1.22],[9.92,11.02],[-7.22,12.49]],"o":[[0,0],[2.02,2.23],[-13.19,5.86],[-9.93,-11.02],[1.5,-2.6]],"v":[[11.57,1.47],[49.14,43.17],[47.66,50.17],[8.81,41.71],[4.45,2.21]],"c":true},"ix":2},"nm":"Path 1","mn":"ADBE Vector Shape - Group","hd":false},{"ty":"fl","c":{"a":0,"k":[0.55686300993,0.878431022167,0,1],"ix":4},"o":{"a":0,"k":100,"ix":5},"r":1,"nm":"Fill 1","mn":"ADBE Vector Graphic - Fill","hd":false},{"ty":"tr","p":{"a":0,"k":[0,0],"ix":2},"a":{"a":0,"k":[0,0],"ix":1},"s":{"a":0,"k":[125.333,125.333],"ix":3},"r":{"a":0,"k":0,"ix":6},"o":{"a":0,"k":100,"ix":7},"sk":{"a":0,"k":0,"ix":4},"sa":{"a":0,"k":0,"ix":5},"nm":"Transform"}],"nm":"Group 1","np":2,"cix":2,"ix":1,"mn":"ADBE Vector Group","hd":false}],"ip":0,"op":1000,"st":0,"bm":0},{"ddd":0,"ind":25,"ty":4,"nm":"brow R","parent":8,"sr":1,"ks":{"o":{"a":0,"k":100,"ix":11},"r":{"a":0,"k":0,"ix":10},"p":{"a":0,"k":[-50.048,-91.72,0],"ix":2},"a":{"a":0,"k":[31.494,33.214,0],"ix":1},"s":{"a":0,"k":[100,100,100],"ix":6}},"ao":0,"shapes":[{"ty":"gr","it":[{"ind":0,"ty":"sh","ix":1,"ks":{"a":0,"k":{"i":[[-2.02,-2.24],[0,0],[2.74,-1.22],[9.92,11.01],[-7.22,12.49]],"o":[[0,0],[2.01,2.23],[-13.19,5.86],[-9.93,-11.01],[1.5,-2.6]],"v":[[10.76,1.47],[49.12,43.14],[47.64,50.14],[8.8,41.69],[4.45,2.21]],"c":true},"ix":2},"nm":"Path 1","mn":"ADBE Vector Shape - Group","hd":false},{"ty":"fl","c":{"a":0,"k":[0.55686300993,0.878431022167,0,1],"ix":4},"o":{"a":0,"k":100,"ix":5},"r":1,"nm":"Fill 1","mn":"ADBE Vector Graphic - Fill","hd":false},{"ty":"tr","p":{"a":0,"k":[0,0],"ix":2},"a":{"a":0,"k":[0,0],"ix":1},"s":{"a":0,"k":[125.333,125.333],"ix":3},"r":{"a":0,"k":0,"ix":6},"o":{"a":0,"k":100,"ix":7},"sk":{"a":0,"k":0,"ix":4},"sa":{"a":0,"k":0,"ix":5},"nm":"Transform"}],"nm":"Group 1","np":2,"cix":2,"ix":1,"mn":"ADBE Vector Group","hd":false}],"ip":0,"op":1000,"st":0,"bm":0},{"ddd":0,"ind":26,"ty":4,"nm":"eye mask L","parent":8,"sr":1,"ks":{"o":{"a":0,"k":100,"ix":11},"r":{"a":0,"k":0,"ix":10},"p":{"a":0,"k":[78.332,-21.56,0],"ix":2},"a":{"a":0,"k":[62.039,78.96,0],"ix":1},"s":{"a":0,"k":[100,100,100],"ix":6}},"ao":0,"shapes":[{"ty":"gr","it":[{"ind":0,"ty":"sh","ix":1,"ks":{"a":0,"k":{"i":[[-0.13,0],[0,0],[0,-26.31],[0,0],[26.31,0],[0,0],[0.21,26.16],[0,0],[-26.3,0.21]],"o":[[0,0],[26.31,0],[0,0],[0,26.31],[0,0],[-26.16,0],[0,0],[-0.21,-26.3],[0.12,0]],"v":[[47.63,0],[51.37,0],[99,47.63],[99,78.37],[51.37,126],[47.87,126],[0.24,78.75],[0,48],[47.25,0]],"c":true},"ix":2},"nm":"Path 1","mn":"ADBE Vector Shape - Group","hd":false},{"ty":"fl","c":{"a":0,"k":[0.55686300993,0.878431022167,0,1],"ix":4},"o":{"a":0,"k":100,"ix":5},"r":1,"nm":"Fill 1","mn":"ADBE Vector Graphic - Fill","hd":false},{"ty":"tr","p":{"a":0,"k":[0,0],"ix":2},"a":{"a":0,"k":[0,0],"ix":1},"s":{"a":0,"k":[125.333,125.333],"ix":3},"r":{"a":0,"k":0,"ix":6},"o":{"a":0,"k":100,"ix":7},"sk":{"a":0,"k":0,"ix":4},"sa":{"a":0,"k":0,"ix":5},"nm":"Transform"}],"nm":"Group 1","np":2,"cix":2,"ix":1,"mn":"ADBE Vector Group","hd":false}],"ip":0,"op":1000,"st":0,"bm":0},{"ddd":0,"ind":27,"ty":4,"nm":"eye mask R","parent":8,"sr":1,"ks":{"o":{"a":0,"k":100,"ix":11},"r":{"a":0,"k":0,"ix":10},"p":{"a":0,"k":[-75.827,-20.307,0],"ix":2},"a":{"a":0,"k":[62.04,78.96,0],"ix":1},"s":{"a":0,"k":[100,100,100],"ix":6}},"ao":0,"shapes":[{"ty":"gr","it":[{"ind":0,"ty":"sh","ix":1,"ks":{"a":0,"k":{"i":[[-26.31,0],[0,0],[0,-26.31],[0,0],[26.31,0],[0,0],[0,26.31],[0,0]],"o":[[0,0],[26.31,0],[0,0],[0,26.31],[0,0],[-26.31,0],[0,0],[0,-26.31]],"v":[[47.63,0],[51.37,0],[99,47.63],[99,78.37],[51.37,126],[47.63,126],[0,78.37],[0,47.63]],"c":true},"ix":2},"nm":"Path 1","mn":"ADBE Vector Shape - Group","hd":false},{"ty":"fl","c":{"a":0,"k":[0.55686300993,0.878431022167,0,1],"ix":4},"o":{"a":0,"k":100,"ix":5},"r":1,"nm":"Fill 1","mn":"ADBE Vector Graphic - Fill","hd":false},{"ty":"tr","p":{"a":0,"k":[0,0],"ix":2},"a":{"a":0,"k":[0,0],"ix":1},"s":{"a":0,"k":[125.333,125.333],"ix":3},"r":{"a":0,"k":0,"ix":6},"o":{"a":0,"k":100,"ix":7},"sk":{"a":0,"k":0,"ix":4},"sa":{"a":0,"k":0,"ix":5},"nm":"Transform"}],"nm":"Group 1","np":2,"cix":2,"ix":1,"mn":"ADBE Vector Group","hd":false}],"ip":0,"op":1000,"st":0,"bm":0},{"ddd":0,"ind":28,"ty":4,"nm":"eye mask M","parent":8,"sr":1,"ks":{"o":{"a":0,"k":100,"ix":11},"r":{"a":0,"k":0,"ix":10},"p":{"a":0,"k":[0.633,-29.079,0],"ix":2},"a":{"a":0,"k":[30.713,51.387,0],"ix":1},"s":{"a":0,"k":[100,100,100],"ix":6}},"ao":0,"shapes":[{"ty":"gr","it":[{"ind":0,"ty":"sh","ix":1,"ks":{"a":0,"k":{"i":[[-0.18,45.8],[-12.56,14.14],[0,0.25],[0,0]],"o":[[12.81,14.15],[0,33.02],[0,-0.25],[0,0]],"v":[[0.09,0.06],[49,0],[49,82],[0.09,82]],"c":true},"ix":2},"nm":"Path 1","mn":"ADBE Vector Shape - Group","hd":false},{"ty":"fl","c":{"a":0,"k":[0.55686300993,0.878431022167,0,1],"ix":4},"o":{"a":0,"k":100,"ix":5},"r":1,"nm":"Fill 1","mn":"ADBE Vector Graphic - Fill","hd":false},{"ty":"tr","p":{"a":0,"k":[0,0],"ix":2},"a":{"a":0,"k":[0,0],"ix":1},"s":{"a":0,"k":[125.333,125.333],"ix":3},"r":{"a":0,"k":0,"ix":6},"o":{"a":0,"k":100,"ix":7},"sk":{"a":0,"k":0,"ix":4},"sa":{"a":0,"k":0,"ix":5},"nm":"Transform"}],"nm":"Group 1","np":2,"cix":2,"ix":1,"mn":"ADBE Vector Group","hd":false}],"ip":0,"op":1000,"st":0,"bm":0},{"ddd":0,"ind":29,"ty":4,"nm":"Mask","parent":31,"sr":1,"ks":{"o":{"a":0,"k":0,"ix":11},"r":{"a":0,"k":0,"ix":10},"p":{"a":0,"k":[159.37,188.473,0],"ix":2},"a":{"a":0,"k":[84.863,101.347,0],"ix":1},"s":{"a":0,"k":[188,188,100],"ix":6}},"ao":0,"shapes":[{"ty":"gr","it":[{"ind":0,"ty":"sh","ix":1,"ks":{"a":0,"k":{"i":[[-3.96,-1.17],[-15.59,0],[-9.65,7.59],[-14.64,-18.63],[0,-9.61],[0,0],[70.31,0],[0,70.3],[0,0],[-23.69,0]],"o":[[52.56,15.57],[8.91,0],[18.63,-14.64],[5.94,7.56],[0,0],[0,70.3],[-70.3,0],[0,0],[0,-23.69],[4.13,0]],"v":[[55.09,1.77],[157.33,25.13],[185.18,13.75],[245.42,20.98],[254.59,47.48],[254.59,176.75],[127.29,304.04],[0,176.75],[0,42.9],[42.9,0]],"c":true},"ix":2},"nm":"Path 1","mn":"ADBE Vector Shape - Group","hd":false},{"ty":"fl","c":{"a":0,"k":[0.470587998629,0.784313976765,0,1],"ix":4},"o":{"a":0,"k":100,"ix":5},"r":1,"nm":"Fill 1","mn":"ADBE Vector Graphic - Fill","hd":false},{"ty":"tr","p":{"a":0,"k":[0,0],"ix":2},"a":{"a":0,"k":[0,0],"ix":1},"s":{"a":0,"k":[66.667,66.667],"ix":3},"r":{"a":0,"k":0,"ix":6},"o":{"a":0,"k":100,"ix":7},"sk":{"a":0,"k":0,"ix":4},"sa":{"a":0,"k":0,"ix":5},"nm":"Transform"}],"nm":"Group 1","np":2,"cix":2,"ix":1,"mn":"ADBE Vector Group","hd":false}],"ip":0,"op":1000,"st":0,"bm":0},{"ddd":0,"ind":30,"ty":0,"nm":"HEADBAND","parent":2,"refId":"comp_6","sr":1,"ks":{"o":{"a":0,"k":100,"ix":11},"r":{"a":0,"k":0,"ix":10},"p":{"a":0,"k":[0,0,0],"ix":2},"a":{"a":0,"k":[1065,960,0],"ix":1},"s":{"a":0,"k":[100,100,100],"ix":6}},"ao":0,"w":2130,"h":1920,"ip":0,"op":3600,"st":0,"bm":0},{"ddd":0,"ind":31,"ty":4,"nm":"HEAD","sr":1,"ks":{"o":{"a":0,"k":100,"ix":11},"r":{"a":0,"k":0,"ix":10},"p":{"a":0,"k":[500.627,610.213,0],"ix":2},"a":{"a":0,"k":[159.8,354.88,0],"ix":1},"s":{"a":0,"k":[100,100,100],"ix":6}},"ao":0,"shapes":[{"ty":"gr","it":[{"ind":0,"ty":"sh","ix":1,"ks":{"a":0,"k":{"i":[[-5.29,-2.24],[-12.32,0],[-32.63,13.88],[-9.28,-21.8],[0,-5.77],[0,0],[70.42,0],[0,70.42],[0,0],[-23.69,0]],"o":[[33.27,14.07],[12.24,0],[21.8,-9.28],[2.26,5.31],[0,0],[0,70.42],[-70.42,0],[0,0],[0,-23.69],[5.74,0]],"v":[[59.61,3.39],[128,24.5],[195.3,3.67],[251.57,26.34],[255,43.14],[255,175.5],[127.5,303],[0,175.5],[0,42.9],[42.9,0]],"c":true},"ix":2},"nm":"Path 1","mn":"ADBE Vector Shape - Group","hd":false},{"ty":"fl","c":{"a":0,"k":[0.470587998629,0.784313976765,0,1],"ix":4},"o":{"a":0,"k":100,"ix":5},"r":1,"nm":"Fill 1","mn":"ADBE Vector Graphic - Fill","hd":false},{"ty":"tr","p":{"a":0,"k":[0,0],"ix":2},"a":{"a":0,"k":[0,0],"ix":1},"s":{"a":0,"k":[125.333,125.333],"ix":3},"r":{"a":0,"k":0,"ix":6},"o":{"a":0,"k":100,"ix":7},"sk":{"a":0,"k":0,"ix":4},"sa":{"a":0,"k":0,"ix":5},"nm":"Transform"}],"nm":"Group 1","np":2,"cix":2,"ix":1,"mn":"ADBE Vector Group","hd":false}],"ip":0,"op":1000,"st":0,"bm":0},{"ddd":0,"ind":32,"ty":4,"nm":"foot R","sr":1,"ks":{"o":{"a":0,"k":100,"ix":11},"r":{"a":0,"k":0,"ix":10},"p":{"a":0,"k":[347.717,624.434,0],"ix":2},"a":{"a":0,"k":[32.596,31.791,0],"ix":1},"s":{"a":0,"k":[100,100,100],"ix":6}},"ao":0,"shapes":[{"ty":"gr","it":[{"ind":0,"ty":"sh","ix":1,"ks":{"a":0,"k":{"i":[[-6.21,6.66],[-6.66,-6.21],[0,0],[6.22,-6.66],[6.67,6.21],[0,0]],"o":[[6.22,-6.67],[0,0],[6.66,6.22],[-6.21,6.67],[0,0],[-6.67,-6.22]],"v":[[4.43,5.25],[27.75,4.43],[46.77,22.16],[47.58,45.48],[24.26,46.3],[5.25,28.57]],"c":true},"ix":2},"nm":"Path 1","mn":"ADBE Vector Shape - Group","hd":false},{"ty":"fl","c":{"a":0,"k":[0.956862986088,0.564706027508,0,1],"ix":4},"o":{"a":0,"k":100,"ix":5},"r":1,"nm":"Fill 1","mn":"ADBE Vector Graphic - Fill","hd":false},{"ty":"tr","p":{"a":0,"k":[0,0],"ix":2},"a":{"a":0,"k":[0,0],"ix":1},"s":{"a":0,"k":[125.333,125.333],"ix":3},"r":{"a":0,"k":0,"ix":6},"o":{"a":0,"k":100,"ix":7},"sk":{"a":0,"k":0,"ix":4},"sa":{"a":0,"k":0,"ix":5},"nm":"Transform"}],"nm":"Group 1","np":2,"cix":2,"ix":1,"mn":"ADBE Vector Group","hd":false}],"ip":0,"op":1000,"st":0,"bm":0},{"ddd":0,"ind":33,"ty":4,"nm":"wing L","parent":31,"sr":1,"ks":{"o":{"a":0,"k":100,"ix":11},"r":{"a":1,"k":[{"i":{"x":[0.667],"y":[1]},"o":{"x":[0.167],"y":[0]},"n":["0p667_1_0p167_0"],"t":-5,"s":[140],"e":[140]},{"i":{"x":[0.667],"y":[1]},"o":{"x":[0.333],"y":[0]},"n":["0p667_1_0p333_0"],"t":35,"s":[140],"e":[-8.624]},{"i":{"x":[0.667],"y":[1]},"o":{"x":[0.333],"y":[0]},"n":["0p667_1_0p333_0"],"t":45,"s":[-8.624],"e":[4.756]},{"i":{"x":[0.626],"y":[1]},"o":{"x":[0.333],"y":[0]},"n":["0p626_1_0p333_0"],"t":55,"s":[4.756],"e":[0]},{"i":{"x":[0.667],"y":[1]},"o":{"x":[0.167],"y":[0]},"n":["0p667_1_0p167_0"],"t":65,"s":[0],"e":[0]},{"i":{"x":[0.667],"y":[1]},"o":{"x":[0.333],"y":[0]},"n":["0p667_1_0p333_0"],"t":92.5,"s":[0],"e":[18.448]},{"i":{"x":[0.667],"y":[1]},"o":{"x":[0.333],"y":[0]},"n":["0p667_1_0p333_0"],"t":100,"s":[18.448],"e":[0]},{"i":{"x":[0.667],"y":[1]},"o":{"x":[0.333],"y":[0]},"n":["0p667_1_0p333_0"],"t":107.5,"s":[0],"e":[18.448]},{"i":{"x":[0.667],"y":[1]},"o":{"x":[0.333],"y":[0]},"n":["0p667_1_0p333_0"],"t":115,"s":[18.448],"e":[0]},{"i":{"x":[0.667],"y":[1]},"o":{"x":[0.333],"y":[0]},"n":["0p667_1_0p333_0"],"t":122.5,"s":[0],"e":[18.448]},{"i":{"x":[0.667],"y":[1]},"o":{"x":[0.333],"y":[0]},"n":["0p667_1_0p333_0"],"t":130,"s":[18.448],"e":[0]},{"i":{"x":[0.667],"y":[1]},"o":{"x":[0.333],"y":[0]},"n":["0p667_1_0p333_0"],"t":137.5,"s":[0],"e":[18.448]},{"i":{"x":[0.667],"y":[1]},"o":{"x":[0.333],"y":[0]},"n":["0p667_1_0p333_0"],"t":145,"s":[18.448],"e":[0]},{"i":{"x":[0.667],"y":[1]},"o":{"x":[0.333],"y":[0]},"n":["0p667_1_0p333_0"],"t":152.5,"s":[0],"e":[18.448]},{"i":{"x":[0.667],"y":[1]},"o":{"x":[0.333],"y":[0]},"n":["0p667_1_0p333_0"],"t":160,"s":[18.448],"e":[0]},{"i":{"x":[0.667],"y":[1]},"o":{"x":[0.333],"y":[0]},"n":["0p667_1_0p333_0"],"t":167.5,"s":[0],"e":[18.448]},{"i":{"x":[0.667],"y":[1]},"o":{"x":[0.333],"y":[0]},"n":["0p667_1_0p333_0"],"t":175,"s":[18.448],"e":[0]},{"i":{"x":[0.667],"y":[1]},"o":{"x":[0.333],"y":[0]},"n":["0p667_1_0p333_0"],"t":182.5,"s":[0],"e":[18.448]},{"i":{"x":[0.667],"y":[1]},"o":{"x":[0.333],"y":[0]},"n":["0p667_1_0p333_0"],"t":190,"s":[18.448],"e":[0]},{"i":{"x":[0.667],"y":[1]},"o":{"x":[0.333],"y":[0]},"n":["0p667_1_0p333_0"],"t":197.5,"s":[0],"e":[18.448]},{"i":{"x":[0.667],"y":[1]},"o":{"x":[0.333],"y":[0]},"n":["0p667_1_0p333_0"],"t":205,"s":[18.448],"e":[0]},{"i":{"x":[0.667],"y":[1]},"o":{"x":[0.333],"y":[0]},"n":["0p667_1_0p333_0"],"t":212.5,"s":[0],"e":[18.448]},{"i":{"x":[0.667],"y":[1]},"o":{"x":[0.333],"y":[0]},"n":["0p667_1_0p333_0"],"t":220,"s":[18.448],"e":[0]},{"i":{"x":[0.681],"y":[0.387]},"o":{"x":[0.346],"y":[0]},"n":["0p681_0p387_0p346_0"],"t":227.5,"s":[0],"e":[6.107]},{"i":{"x":[0.788],"y":[0.865]},"o":{"x":[0.429],"y":[0.267]},"n":["0p788_0p865_0p429_0p267"],"t":232.5,"s":[6.107],"e":[53.148]},{"i":{"x":[0.667],"y":[1]},"o":{"x":[0.191],"y":[0.91]},"n":["0p667_1_0p191_0p91"],"t":245,"s":[53.148],"e":[61.917]},{"i":{"x":[0.667],"y":[1]},"o":{"x":[0.167],"y":[0]},"n":["0p667_1_0p167_0"],"t":262.5,"s":[61.917],"e":[60.602]},{"i":{"x":[0.667],"y":[1]},"o":{"x":[0.167],"y":[0]},"n":["0p667_1_0p167_0"],"t":277.5,"s":[60.602],"e":[60.602]},{"i":{"x":[0.667],"y":[1]},"o":{"x":[0.333],"y":[0]},"n":["0p667_1_0p333_0"],"t":440,"s":[60.602],"e":[68.578]},{"i":{"x":[0.667],"y":[1]},"o":{"x":[0.54],"y":[0]},"n":["0p667_1_0p54_0"],"t":450,"s":[68.578],"e":[0]},{"i":{"x":[0.667],"y":[1]},"o":{"x":[0.333],"y":[0]},"n":["0p667_1_0p333_0"],"t":462.5,"s":[0],"e":[18.448]},{"i":{"x":[0.667],"y":[1]},"o":{"x":[0.333],"y":[0]},"n":["0p667_1_0p333_0"],"t":470,"s":[18.448],"e":[0]},{"i":{"x":[0.667],"y":[1]},"o":{"x":[0.333],"y":[0]},"n":["0p667_1_0p333_0"],"t":477.5,"s":[0],"e":[18.448]},{"i":{"x":[0.667],"y":[1]},"o":{"x":[0.333],"y":[0]},"n":["0p667_1_0p333_0"],"t":485,"s":[18.448],"e":[0]},{"i":{"x":[0.667],"y":[1]},"o":{"x":[0.333],"y":[0]},"n":["0p667_1_0p333_0"],"t":492.5,"s":[0],"e":[18.448]},{"i":{"x":[0.667],"y":[1]},"o":{"x":[0.333],"y":[0]},"n":["0p667_1_0p333_0"],"t":500,"s":[18.448],"e":[0]},{"i":{"x":[0.667],"y":[1]},"o":{"x":[0.333],"y":[0]},"n":["0p667_1_0p333_0"],"t":507.5,"s":[0],"e":[18.448]},{"i":{"x":[0.667],"y":[1]},"o":{"x":[0.333],"y":[0]},"n":["0p667_1_0p333_0"],"t":515,"s":[18.448],"e":[0]},{"i":{"x":[0.667],"y":[1]},"o":{"x":[0.333],"y":[0]},"n":["0p667_1_0p333_0"],"t":522.5,"s":[0],"e":[18.448]},{"i":{"x":[0.667],"y":[1]},"o":{"x":[0.333],"y":[0]},"n":["0p667_1_0p333_0"],"t":530,"s":[18.448],"e":[0]},{"i":{"x":[0.667],"y":[1]},"o":{"x":[0.333],"y":[0]},"n":["0p667_1_0p333_0"],"t":537.5,"s":[0],"e":[18.448]},{"i":{"x":[0.667],"y":[1]},"o":{"x":[0.333],"y":[0]},"n":["0p667_1_0p333_0"],"t":545,"s":[18.448],"e":[0]},{"i":{"x":[0.667],"y":[1]},"o":{"x":[0.333],"y":[0]},"n":["0p667_1_0p333_0"],"t":552.5,"s":[0],"e":[18.448]},{"i":{"x":[0.667],"y":[1]},"o":{"x":[0.333],"y":[0]},"n":["0p667_1_0p333_0"],"t":560,"s":[18.448],"e":[0]},{"i":{"x":[0.667],"y":[1]},"o":{"x":[0.333],"y":[0]},"n":["0p667_1_0p333_0"],"t":567.5,"s":[0],"e":[18.448]},{"i":{"x":[0.667],"y":[1]},"o":{"x":[0.333],"y":[0]},"n":["0p667_1_0p333_0"],"t":575,"s":[18.448],"e":[0]},{"i":{"x":[0.667],"y":[1]},"o":{"x":[0.333],"y":[0]},"n":["0p667_1_0p333_0"],"t":582.5,"s":[0],"e":[18.448]},{"i":{"x":[0.667],"y":[1]},"o":{"x":[0.333],"y":[0]},"n":["0p667_1_0p333_0"],"t":590,"s":[18.448],"e":[0]},{"i":{"x":[0.667],"y":[1]},"o":{"x":[0.333],"y":[0]},"n":["0p667_1_0p333_0"],"t":597.5,"s":[0],"e":[18.448]},{"i":{"x":[0.667],"y":[1]},"o":{"x":[0.333],"y":[0]},"n":["0p667_1_0p333_0"],"t":605,"s":[18.448],"e":[0]},{"i":{"x":[0.667],"y":[1]},"o":{"x":[0.333],"y":[0]},"n":["0p667_1_0p333_0"],"t":612.5,"s":[0],"e":[18.448]},{"i":{"x":[0.667],"y":[1]},"o":{"x":[0.333],"y":[0]},"n":["0p667_1_0p333_0"],"t":620,"s":[18.448],"e":[0]},{"i":{"x":[0.667],"y":[1]},"o":{"x":[0.333],"y":[0]},"n":["0p667_1_0p333_0"],"t":627.5,"s":[0],"e":[18.448]},{"i":{"x":[0.667],"y":[1]},"o":{"x":[0.333],"y":[0]},"n":["0p667_1_0p333_0"],"t":635,"s":[18.448],"e":[0]},{"i":{"x":[0.667],"y":[1]},"o":{"x":[0.333],"y":[0]},"n":["0p667_1_0p333_0"],"t":642.5,"s":[0],"e":[18.448]},{"i":{"x":[0.667],"y":[1]},"o":{"x":[0.333],"y":[0]},"n":["0p667_1_0p333_0"],"t":650,"s":[18.448],"e":[0]},{"i":{"x":[0.667],"y":[1]},"o":{"x":[0.333],"y":[0]},"n":["0p667_1_0p333_0"],"t":657.5,"s":[0],"e":[18.448]},{"i":{"x":[0.667],"y":[1]},"o":{"x":[0.333],"y":[0]},"n":["0p667_1_0p333_0"],"t":665,"s":[18.448],"e":[0]},{"i":{"x":[0.667],"y":[1]},"o":{"x":[0.333],"y":[0]},"n":["0p667_1_0p333_0"],"t":672.5,"s":[0],"e":[18.448]},{"i":{"x":[0.667],"y":[1]},"o":{"x":[0.333],"y":[0]},"n":["0p667_1_0p333_0"],"t":680,"s":[18.448],"e":[0]},{"i":{"x":[0.667],"y":[1]},"o":{"x":[0.333],"y":[0]},"n":["0p667_1_0p333_0"],"t":687.5,"s":[0],"e":[18.448]},{"i":{"x":[0.667],"y":[1]},"o":{"x":[0.333],"y":[0]},"n":["0p667_1_0p333_0"],"t":695,"s":[18.448],"e":[0]},{"i":{"x":[0.667],"y":[1]},"o":{"x":[0.333],"y":[0]},"n":["0p667_1_0p333_0"],"t":702.5,"s":[0],"e":[18.448]},{"i":{"x":[0.667],"y":[1]},"o":{"x":[0.333],"y":[0]},"n":["0p667_1_0p333_0"],"t":710,"s":[18.448],"e":[0]},{"i":{"x":[0.667],"y":[1]},"o":{"x":[0.333],"y":[0]},"n":["0p667_1_0p333_0"],"t":717.5,"s":[0],"e":[18.448]},{"i":{"x":[0.667],"y":[1]},"o":{"x":[0.333],"y":[0]},"n":["0p667_1_0p333_0"],"t":725,"s":[18.448],"e":[0]},{"i":{"x":[0.667],"y":[1]},"o":{"x":[0.333],"y":[0]},"n":["0p667_1_0p333_0"],"t":732.5,"s":[0],"e":[18.448]},{"i":{"x":[0.681],"y":[1.303]},"o":{"x":[0.333],"y":[0]},"n":["0p681_1p303_0p333_0"],"t":740,"s":[18.448],"e":[6.107]},{"i":{"x":[0.788],"y":[0.865]},"o":{"x":[0.429],"y":[0.267]},"n":["0p788_0p865_0p429_0p267"],"t":745,"s":[6.107],"e":[53.148]},{"i":{"x":[0.667],"y":[1]},"o":{"x":[0.191],"y":[0.91]},"n":["0p667_1_0p191_0p91"],"t":757.5,"s":[53.148],"e":[61.917]},{"i":{"x":[0.667],"y":[1]},"o":{"x":[0.167],"y":[0]},"n":["0p667_1_0p167_0"],"t":775,"s":[61.917],"e":[60.602]},{"t":790}],"ix":10},"p":{"a":0,"k":[223.013,193.102,0],"ix":2},"a":{"a":0,"k":[71.359,91.582,0],"ix":1},"s":{"a":1,"k":[{"i":{"x":[0.667,0.667,0.667],"y":[1,1,1]},"o":{"x":[0.167,0.167,0.167],"y":[0,0,16.667]},"n":["0p667_1_0p167_0","0p667_1_0p167_0","0p667_1_0p167_16p667"],"t":0,"s":[0,0,100],"e":[0,0,100]},{"i":{"x":[0.455,0.455,0.667],"y":[1,1,1]},"o":{"x":[0.653,0.653,0.333],"y":[0,0,0]},"n":["0p455_1_0p653_0","0p455_1_0p653_0","0p667_1_0p333_0"],"t":30,"s":[0,0,100],"e":[100,100,100]},{"i":{"x":[0.833,0.833,0.833],"y":[1,1,1]},"o":{"x":[0.167,0.167,0.167],"y":[0,0,0]},"n":["0p833_1_0p167_0","0p833_1_0p167_0","0p833_1_0p167_0"],"t":45,"s":[100,100,100],"e":[100,100,100]},{"t":427.5}],"ix":6}},"ao":0,"shapes":[{"ty":"gr","it":[{"ind":0,"ty":"sh","ix":1,"ks":{"a":0,"k":{"i":[[0,0],[0.72,-10.22],[49.08,-12.22],[26.12,41.75],[-9.95,2.48]],"o":[[9.95,-2.48],[-3.42,49.1],[-49.08,12.21],[-5.43,-8.68],[0,0]],"v":[[197.24,0.46],[215.96,16.14],[128.31,119.52],[2.3,69.31],[11.46,46.69]],"c":true},"ix":2},"nm":"Path 1","mn":"ADBE Vector Shape - Group","hd":false},{"ty":"fl","c":{"a":0,"k":[1,0.870588295133,0,1],"ix":4},"o":{"a":0,"k":100,"ix":5},"r":1,"nm":"Fill 1","mn":"ADBE Vector Graphic - Fill","hd":false},{"ty":"tr","p":{"a":0,"k":[0,0],"ix":2},"a":{"a":0,"k":[0,0],"ix":1},"s":{"a":0,"k":[125.333,125.333],"ix":3},"r":{"a":0,"k":0,"ix":6},"o":{"a":0,"k":100,"ix":7},"sk":{"a":0,"k":0,"ix":4},"sa":{"a":0,"k":0,"ix":5},"nm":"Transform"}],"nm":"Group 1","np":2,"cix":2,"ix":1,"mn":"ADBE Vector Group","hd":false}],"ip":0,"op":1000,"st":0,"bm":0}]},{"id":"comp_1","layers":[{"ddd":0,"ind":1,"ty":4,"nm":"zipper","sr":1,"ks":{"o":{"a":0,"k":100,"ix":11},"r":{"a":0,"k":0,"ix":10},"p":{"a":0,"k":[1068,1395,0],"ix":2},"a":{"a":0,"k":[0,0,0],"ix":1},"s":{"a":0,"k":[100,100,100],"ix":6}},"ao":0,"shapes":[{"ty":"gr","it":[{"ind":0,"ty":"sh","ix":1,"ks":{"a":0,"k":{"i":[[0,0],[0,0],[0,0],[0,0]],"o":[[0,0],[0,0],[0,0],[0,0]],"v":[[-7,-50.5],[7,-50.5],[7,50.5],[-7,50.5]],"c":true},"ix":2},"nm":"Path 1","mn":"ADBE Vector Shape - Group","hd":false},{"ty":"fl","c":{"a":0,"k":[1,1,1,1],"ix":4},"o":{"a":0,"k":100,"ix":5},"r":1,"nm":"Fill 1","mn":"ADBE Vector Graphic - Fill","hd":false},{"ty":"tr","p":{"a":0,"k":[0,0],"ix":2},"a":{"a":0,"k":[0,0],"ix":1},"s":{"a":0,"k":[600,600],"ix":3},"r":{"a":0,"k":0,"ix":6},"o":{"a":0,"k":100,"ix":7},"sk":{"a":0,"k":0,"ix":4},"sa":{"a":0,"k":0,"ix":5},"nm":"Transform"}],"nm":"Group 1","np":2,"cix":2,"ix":1,"mn":"ADBE Vector Group","hd":false}],"ip":0,"op":3600,"st":0,"bm":0},{"ddd":0,"ind":2,"ty":4,"nm":"tracksuit","sr":1,"ks":{"o":{"a":0,"k":100,"ix":11},"r":{"a":0,"k":0,"ix":10},"p":{"a":0,"k":[1057.368,1620.551,0],"ix":2},"a":{"a":0,"k":[0,0,0],"ix":1},"s":{"a":0,"k":[100,100,100],"ix":6}},"ao":0,"shapes":[{"ty":"gr","it":[{"ind":0,"ty":"sh","ix":1,"ks":{"a":0,"k":{"i":[[-0.47,0],[0,0],[0,-1.1],[0.3,-0.36],[0,0],[0.59,0],[0,0],[0.38,0.45],[0,0],[-0.84,0.71]],"o":[[0,0],[1.1,0],[0,0.47],[0,0],[-0.38,0.45],[0,0],[-0.59,0],[0,0],[-0.71,-0.85],[0.36,-0.3]],"v":[[-99.5,-12.5],[99.5,-12.5],[101.5,-10.5],[101.03,-9.21],[83.42,11.79],[81.89,12.5],[-81.89,12.5],[-83.42,11.79],[-101.03,-9.21],[-100.79,-12.03]],"c":true},"ix":2},"nm":"Path 1","mn":"ADBE Vector Shape - Group","hd":false},{"ty":"fl","c":{"a":0,"k":[1,0.782608985901,0,1],"ix":4},"o":{"a":0,"k":100,"ix":5},"r":1,"nm":"Fill 1","mn":"ADBE Vector Graphic - Fill","hd":false},{"ty":"tr","p":{"a":0,"k":[0,0],"ix":2},"a":{"a":0,"k":[0,0],"ix":1},"s":{"a":0,"k":[600,600],"ix":3},"r":{"a":0,"k":0,"ix":6},"o":{"a":0,"k":100,"ix":7},"sk":{"a":0,"k":0,"ix":4},"sa":{"a":0,"k":0,"ix":5},"nm":"Transform"}],"nm":"Group 1","np":2,"cix":2,"ix":1,"mn":"ADBE Vector Group","hd":false}],"ip":0,"op":3600,"st":0,"bm":0},{"ddd":0,"ind":3,"ty":4,"nm":"tracksuit","sr":1,"ks":{"o":{"a":0,"k":100,"ix":11},"r":{"a":0,"k":0,"ix":10},"p":{"a":0,"k":[1498.254,1035.898,0],"ix":2},"a":{"a":0,"k":[0,0,0],"ix":1},"s":{"a":0,"k":[100,100,100],"ix":6}},"ao":0,"shapes":[{"ty":"gr","it":[{"ind":0,"ty":"sh","ix":1,"ks":{"a":0,"k":{"i":[[0,0],[-0.83,-0.17],[0.55,-2.7],[0,0],[2.38,0],[0,0],[0,2.76],[0,0],[-2.09,0.66]],"o":[[0.81,-0.25],[2.71,0.55],[0,0],[-0.47,2.34],[0,0],[-2.76,0],[0,0],[0,-2.18],[0,0]],"v":[[58.211,-33.12],[60.701,-33.25],[64.611,-27.36],[53.101,29.34],[48.201,33.35],[-59.709,33.35],[-64.709,28.35],[-64.709,9.02],[-61.199,4.25]],"c":true},"ix":2},"nm":"Path 1","mn":"ADBE Vector Shape - Group","hd":false},{"ty":"fl","c":{"a":0,"k":[1,0.870588004589,0,1],"ix":4},"o":{"a":0,"k":100,"ix":5},"r":1,"nm":"Fill 1","mn":"ADBE Vector Graphic - Fill","hd":false},{"ty":"tr","p":{"a":0,"k":[0,0],"ix":2},"a":{"a":0,"k":[0,0],"ix":1},"s":{"a":0,"k":[600,600],"ix":3},"r":{"a":0,"k":0,"ix":6},"o":{"a":0,"k":100,"ix":7},"sk":{"a":0,"k":0,"ix":4},"sa":{"a":0,"k":0,"ix":5},"nm":"Transform"}],"nm":"Group 1","np":2,"cix":2,"ix":1,"mn":"ADBE Vector Group","hd":false}],"ip":0,"op":3600,"st":0,"bm":0},{"ddd":0,"ind":4,"ty":4,"nm":"tracksuit","sr":1,"ks":{"o":{"a":0,"k":100,"ix":11},"r":{"a":0,"k":0,"ix":10},"p":{"a":0,"k":[637.746,1035.898,0],"ix":2},"a":{"a":0,"k":[0,0,0],"ix":1},"s":{"a":0,"k":[100,100,100],"ix":6}},"ao":0,"shapes":[{"ty":"gr","it":[{"ind":0,"ty":"sh","ix":1,"ks":{"a":0,"k":{"i":[[-0.8,-0.25],[0,0],[0,-2.18],[0,0],[2.76,0],[0,0],[0.47,2.34],[0,0],[-2.71,0.55]],"o":[[0,0],[2.09,0.66],[0,0],[0,2.76],[0,0],[-2.38,0],[0,0],[-0.55,-2.7],[0.82,-0.17]],"v":[[-58.219,-33.12],[61.201,4.25],[64.711,9.02],[64.711,28.35],[59.711,33.35],[-48.199,33.35],[-53.099,29.34],[-64.609,-27.36],[-60.699,-33.25]],"c":true},"ix":2},"nm":"Path 1","mn":"ADBE Vector Shape - Group","hd":false},{"ty":"fl","c":{"a":0,"k":[1,0.870588004589,0,1],"ix":4},"o":{"a":0,"k":100,"ix":5},"r":1,"nm":"Fill 1","mn":"ADBE Vector Graphic - Fill","hd":false},{"ty":"tr","p":{"a":0,"k":[0,0],"ix":2},"a":{"a":0,"k":[0,0],"ix":1},"s":{"a":0,"k":[600,600],"ix":3},"r":{"a":0,"k":0,"ix":6},"o":{"a":0,"k":100,"ix":7},"sk":{"a":0,"k":0,"ix":4},"sa":{"a":0,"k":0,"ix":5},"nm":"Transform"}],"nm":"Group 1","np":2,"cix":2,"ix":1,"mn":"ADBE Vector Group","hd":false}],"ip":0,"op":3600,"st":0,"bm":0},{"ddd":0,"ind":5,"ty":4,"nm":"tracksuit","sr":1,"ks":{"o":{"a":0,"k":100,"ix":11},"r":{"a":0,"k":0,"ix":10},"p":{"a":0,"k":[1064.525,1302.963,0],"ix":2},"a":{"a":0,"k":[0,0,0],"ix":1},"s":{"a":0,"k":[100,100,100],"ix":6}},"ao":0,"shapes":[{"ty":"gr","it":[{"ind":0,"ty":"sh","ix":1,"ks":{"a":0,"k":{"i":[[0,0],[0,0],[33.81,-23.19],[0,0],[0,44.1],[0,0],[0,0],[-10.77,3.27],[0,0]],"o":[[0,0],[0,44.1],[0,0],[-33.8,-23.19],[0,0],[0,0],[10.77,3.25],[0,0],[0,0]],"v":[[130.134,-65.664],[130.134,-40.544],[74.154,65.666],[-74.156,65.666],[-130.136,-40.544],[-130.136,-65.264],[-16.716,-31.044],[16.324,-31.074],[130.134,-65.664]],"c":true},"ix":2},"nm":"Path 1","mn":"ADBE Vector Shape - Group","hd":false},{"ty":"fl","c":{"a":0,"k":[1,0.870588004589,0,1],"ix":4},"o":{"a":0,"k":100,"ix":5},"r":1,"nm":"Fill 1","mn":"ADBE Vector Graphic - Fill","hd":false},{"ty":"tr","p":{"a":0,"k":[0,0],"ix":2},"a":{"a":0,"k":[0,0],"ix":1},"s":{"a":0,"k":[600,600],"ix":3},"r":{"a":0,"k":0,"ix":6},"o":{"a":0,"k":100,"ix":7},"sk":{"a":0,"k":0,"ix":4},"sa":{"a":0,"k":0,"ix":5},"nm":"Transform"}],"nm":"Group 1","np":2,"cix":2,"ix":1,"mn":"ADBE Vector Group","hd":false}],"ip":0,"op":3600,"st":0,"bm":0}]},{"id":"comp_2","layers":[{"ddd":0,"ind":1,"ty":4,"nm":"eye L 2","sr":1,"ks":{"o":{"a":0,"k":100,"ix":11},"r":{"a":0,"k":0,"ix":10},"p":{"a":0,"k":[377.707,191.32,0],"ix":2},"a":{"a":0,"k":[43.867,57.027,0],"ix":1},"s":{"a":0,"k":[108,108,100],"ix":6}},"ao":0,"shapes":[{"ty":"gr","it":[{"ind":0,"ty":"sh","ix":1,"ks":{"a":0,"k":{"i":[[-19.33,0],[0,-19.33],[0,0],[19.33,0],[0,19.33],[0,0]],"o":[[19.33,0],[0,0],[0,19.33],[-19.33,0],[0,0],[0,-19.33]],"v":[[35,0],[70,35],[70,56],[35,91],[0,56],[0,35]],"c":true},"ix":2},"nm":"Path 1","mn":"ADBE Vector Shape - Group","hd":false},{"ty":"fl","c":{"a":0,"k":[0.556862745098,0.878431432387,0,1],"ix":4},"o":{"a":0,"k":100,"ix":5},"r":1,"nm":"Fill 1","mn":"ADBE Vector Graphic - Fill","hd":false},{"ty":"tr","p":{"a":0,"k":[0,0],"ix":2},"a":{"a":0,"k":[0,0],"ix":1},"s":{"a":0,"k":[125.333,125.333],"ix":3},"r":{"a":0,"k":0,"ix":6},"o":{"a":0,"k":100,"ix":7},"sk":{"a":0,"k":0,"ix":4},"sa":{"a":0,"k":0,"ix":5},"nm":"Transform"}],"nm":"Group 1","np":2,"cix":2,"ix":1,"mn":"ADBE Vector Group","hd":false}],"ip":0,"op":2000,"st":0,"bm":0},{"ddd":0,"ind":2,"ty":4,"nm":"eye R 2","sr":1,"ks":{"o":{"a":0,"k":100,"ix":11},"r":{"a":0,"k":0,"ix":10},"p":{"a":0,"k":[222.293,191.32,0],"ix":2},"a":{"a":0,"k":[43.867,57.027,0],"ix":1},"s":{"a":0,"k":[108,108,100],"ix":6}},"ao":0,"shapes":[{"ty":"gr","it":[{"ind":0,"ty":"sh","ix":1,"ks":{"a":0,"k":{"i":[[-19.33,0],[0,-19.33],[0,0],[19.33,0],[0,19.33],[0,0]],"o":[[19.33,0],[0,0],[0,19.33],[-19.33,0],[0,0],[0,-19.33]],"v":[[35,0],[70,35],[70,56],[35,91],[0,56],[0,35]],"c":true},"ix":2},"nm":"Path 1","mn":"ADBE Vector Shape - Group","hd":false},{"ty":"fl","c":{"a":0,"k":[0.556862745098,0.878431432387,0,1],"ix":4},"o":{"a":0,"k":100,"ix":5},"r":1,"nm":"Fill 1","mn":"ADBE Vector Graphic - Fill","hd":false},{"ty":"tr","p":{"a":0,"k":[0,0],"ix":2},"a":{"a":0,"k":[0,0],"ix":1},"s":{"a":0,"k":[125.333,125.333],"ix":3},"r":{"a":0,"k":0,"ix":6},"o":{"a":0,"k":100,"ix":7},"sk":{"a":0,"k":0,"ix":4},"sa":{"a":0,"k":0,"ix":5},"nm":"Transform"}],"nm":"Group 1","np":2,"cix":2,"ix":1,"mn":"ADBE Vector Group","hd":false}],"ip":0,"op":2000,"st":0,"bm":0}]},{"id":"comp_3","layers":[{"ddd":0,"ind":1,"ty":4,"nm":"beak shine ","sr":1,"ks":{"o":{"a":0,"k":100,"ix":11},"r":{"a":0,"k":0,"ix":10},"p":{"a":0,"k":[47.436,35.857,0],"ix":2},"a":{"a":0,"k":[11.377,5.105,0],"ix":1},"s":{"a":0,"k":[100,100,100],"ix":6}},"ao":0,"shapes":[{"ty":"gr","it":[{"ind":0,"ty":"sh","ix":1,"ks":{"a":0,"k":{"i":[[2.88,-1.04],[0.67,1.85],[-1.85,0.67],[-4.46,-1.63],[0.67,-1.86],[1.86,0.68]],"o":[[-1.86,0.68],[-0.68,-1.86],[4.46,-1.63],[1.85,0.67],[-0.68,1.85],[-2.87,-1.04]],"v":[[4.8,7.93],[0.22,5.8],[2.35,1.22],[15.8,1.22],[17.94,5.8],[13.35,7.93]],"c":true},"ix":2},"nm":"Path 1","mn":"ADBE Vector Shape - Group","hd":false},{"ty":"fl","c":{"a":0,"k":[1,0.869565010071,0,1],"ix":4},"o":{"a":0,"k":100,"ix":5},"r":1,"nm":"Fill 1","mn":"ADBE Vector Graphic - Fill","hd":false},{"ty":"tr","p":{"a":0,"k":[0,0],"ix":2},"a":{"a":0,"k":[0,0],"ix":1},"s":{"a":0,"k":[125.333,125.333],"ix":3},"r":{"a":0,"k":0,"ix":6},"o":{"a":0,"k":100,"ix":7},"sk":{"a":0,"k":0,"ix":4},"sa":{"a":0,"k":0,"ix":5},"nm":"Transform"}],"nm":"Group 1","np":2,"cix":2,"ix":1,"mn":"ADBE Vector Group","hd":false}],"ip":0,"op":2000,"st":0,"bm":0},{"ddd":0,"ind":2,"ty":4,"nm":"beak TOP","sr":1,"ks":{"o":{"a":0,"k":100,"ix":11},"r":{"a":0,"k":0,"ix":10},"p":{"a":0,"k":[48.066,42.747,0],"ix":2},"a":{"a":0,"k":[31.333,16.293,0],"ix":1},"s":{"a":0,"k":[100,100,100],"ix":6}},"ao":0,"shapes":[{"ty":"gr","it":[{"ind":0,"ty":"sh","ix":1,"ks":{"a":0,"k":{"i":[[0.13,0.48],[-13.11,0],[-2.1,-11.42],[0,0],[0,0],[0,0]],"o":[[2.1,-11.42],[11.69,0],[-0.13,0.48],[0,0],[0,0],[0,0]],"v":[[0,20.29],[25.71,0],[50,20.29],[50,21.74],[25,26],[0,21.74]],"c":true},"ix":2},"nm":"Path 1","mn":"ADBE Vector Shape - Group","hd":false},{"ty":"fl","c":{"a":0,"k":[1,0.760783970356,0,1],"ix":4},"o":{"a":0,"k":100,"ix":5},"r":1,"nm":"Fill 1","mn":"ADBE Vector Graphic - Fill","hd":false},{"ty":"tr","p":{"a":0,"k":[0,0],"ix":2},"a":{"a":0,"k":[0,0],"ix":1},"s":{"a":0,"k":[125.333,125.333],"ix":3},"r":{"a":0,"k":0,"ix":6},"o":{"a":0,"k":100,"ix":7},"sk":{"a":0,"k":0,"ix":4},"sa":{"a":0,"k":0,"ix":5},"nm":"Transform"}],"nm":"Group 1","np":2,"cix":2,"ix":1,"mn":"ADBE Vector Group","hd":false}],"ip":0,"op":2000,"st":0,"bm":0}]},{"id":"comp_4","layers":[{"ddd":0,"ind":1,"ty":4,"nm":"beak BOTTOM 2","sr":1,"ks":{"o":{"a":1,"k":[{"t":0,"s":[100],"h":1},{"t":102.5,"s":[0],"h":1},{"t":240,"s":[100],"h":1},{"t":450,"s":[0],"h":1},{"t":685,"s":[100],"h":1}],"ix":11},"r":{"a":0,"k":0,"ix":10},"p":{"a":0,"k":[44.035,26.08,0],"ix":2},"a":{"a":0,"k":[22.56,41.36,0],"ix":1},"s":{"a":0,"k":[100,100,100],"ix":6}},"ao":0,"shapes":[{"ty":"gr","it":[{"ind":0,"ty":"sh","ix":1,"ks":{"a":0,"k":{"i":[[0,0],[13.736,0.048],[0,9.94]],"o":[[0,9.94],[-14.603,-0.051],[0,0]],"v":[[35.98,45.207],[18,66],[-0.02,45.207]],"c":true},"ix":2},"nm":"Path 1","mn":"ADBE Vector Shape - Group","hd":false},{"ty":"fl","c":{"a":0,"k":[0.956862986088,0.564706027508,0,1],"ix":4},"o":{"a":0,"k":100,"ix":5},"r":1,"nm":"Fill 1","mn":"ADBE Vector Graphic - Fill","hd":false},{"ty":"tr","p":{"a":0,"k":[0,0],"ix":2},"a":{"a":0,"k":[0,0],"ix":1},"s":{"a":0,"k":[125.333,125.333],"ix":3},"r":{"a":0,"k":0,"ix":6},"o":{"a":0,"k":100,"ix":7},"sk":{"a":0,"k":0,"ix":4},"sa":{"a":0,"k":0,"ix":5},"nm":"Transform"}],"nm":"Group 1","np":2,"cix":2,"ix":1,"mn":"ADBE Vector Group","hd":false}],"ip":0,"op":2000,"st":0,"bm":0},{"ddd":0,"ind":2,"ty":4,"nm":"beak FILL","sr":1,"ks":{"o":{"a":1,"k":[{"t":0,"s":[0],"h":1},{"t":102.5,"s":[100],"h":1},{"t":240,"s":[0],"h":1},{"t":450,"s":[100],"h":1},{"t":685,"s":[0],"h":1}],"ix":11},"r":{"a":0,"k":0,"ix":10},"p":{"a":0,"k":[44.035,58.573,0],"ix":2},"a":{"a":0,"k":[17.547,30.08,0],"ix":1},"s":{"a":0,"k":[100,100,100],"ix":6}},"ao":0,"shapes":[{"ty":"gr","it":[{"ind":0,"ty":"sh","ix":1,"ks":{"a":0,"k":{"i":[[-7.73,0],[0,-7.73],[0,0],[7.73,0],[0,7.73],[0,0]],"o":[[7.73,0],[0,0],[0,7.73],[-7.73,0],[0,0],[0,-7.73]],"v":[[14,0],[28,14],[28,34],[14,48],[0,34],[0,14]],"c":true},"ix":2},"nm":"Path 1","mn":"ADBE Vector Shape - Group","hd":false},{"ty":"fl","c":{"a":0,"k":[0.721087992191,0.425559997559,0,1],"ix":4},"o":{"a":0,"k":100,"ix":5},"r":1,"nm":"Fill 1","mn":"ADBE Vector Graphic - Fill","hd":false},{"ty":"tr","p":{"a":0,"k":[0,0],"ix":2},"a":{"a":0,"k":[0,0],"ix":1},"s":{"a":0,"k":[125.333,125.333],"ix":3},"r":{"a":0,"k":0,"ix":6},"o":{"a":0,"k":100,"ix":7},"sk":{"a":0,"k":0,"ix":4},"sa":{"a":0,"k":0,"ix":5},"nm":"Transform"}],"nm":"Group 1","np":2,"cix":2,"ix":1,"mn":"ADBE Vector Group","hd":false}],"ip":0,"op":2000,"st":0,"bm":0},{"ddd":0,"ind":3,"ty":4,"nm":"beak BOTTOM","sr":1,"ks":{"o":{"a":1,"k":[{"t":0,"s":[0],"h":1},{"t":102.5,"s":[100],"h":1},{"t":240,"s":[0],"h":1},{"t":450,"s":[100],"h":1},{"t":685,"s":[0],"h":1}],"ix":11},"r":{"a":0,"k":0,"ix":10},"p":{"a":0,"k":[44.035,61.08,0],"ix":2},"a":{"a":0,"k":[22.56,41.36,0],"ix":1},"s":{"a":0,"k":[100,100,100],"ix":6}},"ao":0,"shapes":[{"ty":"gr","it":[{"ind":0,"ty":"sh","ix":1,"ks":{"a":0,"k":{"i":[[-9.94,0],[0,-9.94],[0,0],[9.94,0],[0,9.94],[0,0]],"o":[[9.94,0],[0,0],[0,9.94],[-9.94,0],[0,0],[0,-9.94]],"v":[[18,0],[36,18],[36,48],[18,66],[0,48],[0,18]],"c":true},"ix":2},"nm":"Path 1","mn":"ADBE Vector Shape - Group","hd":false},{"ty":"fl","c":{"a":0,"k":[0.956862986088,0.564706027508,0,1],"ix":4},"o":{"a":0,"k":100,"ix":5},"r":1,"nm":"Fill 1","mn":"ADBE Vector Graphic - Fill","hd":false},{"ty":"tr","p":{"a":0,"k":[0,0],"ix":2},"a":{"a":0,"k":[0,0],"ix":1},"s":{"a":0,"k":[125.333,125.333],"ix":3},"r":{"a":0,"k":0,"ix":6},"o":{"a":0,"k":100,"ix":7},"sk":{"a":0,"k":0,"ix":4},"sa":{"a":0,"k":0,"ix":5},"nm":"Transform"}],"nm":"Group 1","np":2,"cix":2,"ix":1,"mn":"ADBE Vector Group","hd":false}],"ip":0,"op":2000,"st":0,"bm":0}]},{"id":"comp_5","layers":[{"ddd":0,"ind":1,"ty":4,"nm":"chest feather 03","sr":1,"ks":{"o":{"a":0,"k":100,"ix":11},"r":{"a":0,"k":0,"ix":10},"p":{"a":0,"k":[69.725,57.978,0],"ix":2},"a":{"a":0,"k":[23.285,9.845,0],"ix":1},"s":{"a":0,"k":[100,100,100],"ix":6}},"ao":0,"shapes":[{"ty":"gr","it":[{"ind":0,"ty":"sh","ix":1,"ks":{"a":0,"k":{"i":[[-1.72,0],[0,0],[0.53,-1.54],[8.48,0],[2.54,7.43]],"o":[[0,0],[1.72,0],[-2.55,7.44],[-8.47,0.01],[-0.54,-1.55]],"v":[[2.54,0.01],[34.62,0],[37.03,3.13],[18.57,15.71],[0.13,3.15]],"c":true},"ix":2},"nm":"Path 1","mn":"ADBE Vector Shape - Group","hd":false},{"ty":"fl","c":{"a":0,"k":[0.55686300993,0.878431022167,0,1],"ix":4},"o":{"a":0,"k":100,"ix":5},"r":1,"nm":"Fill 1","mn":"ADBE Vector Graphic - Fill","hd":false},{"ty":"tr","p":{"a":0,"k":[0,0],"ix":2},"a":{"a":0,"k":[0,0],"ix":1},"s":{"a":0,"k":[125.333,125.333],"ix":3},"r":{"a":0,"k":0,"ix":6},"o":{"a":0,"k":100,"ix":7},"sk":{"a":0,"k":0,"ix":4},"sa":{"a":0,"k":0,"ix":5},"nm":"Transform"}],"nm":"Group 1","np":2,"cix":2,"ix":1,"mn":"ADBE Vector Group","hd":false}],"ip":0,"op":2000,"st":0,"bm":0},{"ddd":0,"ind":2,"ty":4,"nm":"chest feather 02","sr":1,"ks":{"o":{"a":0,"k":100,"ix":11},"r":{"a":0,"k":0,"ix":10},"p":{"a":0,"k":[104.818,24.138,0],"ix":2},"a":{"a":0,"k":[23.285,9.845,0],"ix":1},"s":{"a":0,"k":[100,100,100],"ix":6}},"ao":0,"shapes":[{"ty":"gr","it":[{"ind":0,"ty":"sh","ix":1,"ks":{"a":0,"k":{"i":[[-1.72,0],[0,0],[0.53,-1.54],[8.48,0],[2.54,7.43]],"o":[[0,0],[1.72,0],[-2.55,7.44],[-8.47,0.01],[-0.54,-1.55]],"v":[[2.54,0.01],[34.62,0],[37.03,3.13],[18.57,15.71],[0.13,3.15]],"c":true},"ix":2},"nm":"Path 1","mn":"ADBE Vector Shape - Group","hd":false},{"ty":"fl","c":{"a":0,"k":[0.55686300993,0.878431022167,0,1],"ix":4},"o":{"a":0,"k":100,"ix":5},"r":1,"nm":"Fill 1","mn":"ADBE Vector Graphic - Fill","hd":false},{"ty":"tr","p":{"a":0,"k":[0,0],"ix":2},"a":{"a":0,"k":[0,0],"ix":1},"s":{"a":0,"k":[125.333,125.333],"ix":3},"r":{"a":0,"k":0,"ix":6},"o":{"a":0,"k":100,"ix":7},"sk":{"a":0,"k":0,"ix":4},"sa":{"a":0,"k":0,"ix":5},"nm":"Transform"}],"nm":"Group 1","np":2,"cix":2,"ix":1,"mn":"ADBE Vector Group","hd":false}],"ip":0,"op":2000,"st":0,"bm":0},{"ddd":0,"ind":3,"ty":4,"nm":"chest feather 01","sr":1,"ks":{"o":{"a":0,"k":100,"ix":11},"r":{"a":0,"k":0,"ix":10},"p":{"a":0,"k":[34.631,24.138,0],"ix":2},"a":{"a":0,"k":[23.285,9.845,0],"ix":1},"s":{"a":0,"k":[100,100,100],"ix":6}},"ao":0,"shapes":[{"ty":"gr","it":[{"ind":0,"ty":"sh","ix":1,"ks":{"a":0,"k":{"i":[[-1.72,0],[0,0],[0.53,-1.54],[8.48,0],[2.54,7.43]],"o":[[0,0],[1.72,0],[-2.55,7.44],[-8.47,0.01],[-0.54,-1.55]],"v":[[2.54,0.01],[34.62,0],[37.03,3.13],[18.57,15.71],[0.13,3.15]],"c":true},"ix":2},"nm":"Path 1","mn":"ADBE Vector Shape - Group","hd":false},{"ty":"fl","c":{"a":0,"k":[0.55686300993,0.878431022167,0,1],"ix":4},"o":{"a":0,"k":100,"ix":5},"r":1,"nm":"Fill 1","mn":"ADBE Vector Graphic - Fill","hd":false},{"ty":"tr","p":{"a":0,"k":[0,0],"ix":2},"a":{"a":0,"k":[0,0],"ix":1},"s":{"a":0,"k":[125.333,125.333],"ix":3},"r":{"a":0,"k":0,"ix":6},"o":{"a":0,"k":100,"ix":7},"sk":{"a":0,"k":0,"ix":4},"sa":{"a":0,"k":0,"ix":5},"nm":"Transform"}],"nm":"Group 1","np":2,"cix":2,"ix":1,"mn":"ADBE Vector Group","hd":false}],"ip":0,"op":2000,"st":0,"bm":0}]},{"id":"comp_6","layers":[{"ddd":0,"ind":1,"ty":4,"nm":"headband","sr":1,"ks":{"o":{"a":0,"k":100,"ix":11},"r":{"a":0,"k":0,"ix":10},"p":{"a":0,"k":[1066.368,225.551,0],"ix":2},"a":{"a":0,"k":[0,0,0],"ix":1},"s":{"a":0,"k":[100,100,100],"ix":6}},"ao":0,"shapes":[{"ty":"gr","it":[{"ind":0,"ty":"sh","ix":1,"ks":{"a":0,"k":{"i":[[0,0],[0,0],[0,0],[0,0]],"o":[[0,0],[0,0],[0,0],[0,0]],"v":[[-135,-9],[135,-9],[135,9],[-135,9]],"c":true},"ix":2},"nm":"Path 1","mn":"ADBE Vector Shape - Group","hd":false},{"ty":"fl","c":{"a":0,"k":[1,1,1,1],"ix":4},"o":{"a":0,"k":100,"ix":5},"r":1,"nm":"Fill 1","mn":"ADBE Vector Graphic - Fill","hd":false},{"ty":"tr","p":{"a":0,"k":[0,0],"ix":2},"a":{"a":0,"k":[0,0],"ix":1},"s":{"a":0,"k":[600,600],"ix":3},"r":{"a":0,"k":0,"ix":6},"o":{"a":0,"k":100,"ix":7},"sk":{"a":0,"k":0,"ix":4},"sa":{"a":0,"k":0,"ix":5},"nm":"Transform"}],"nm":"Group 1","np":2,"cix":2,"ix":1,"mn":"ADBE Vector Group","hd":false}],"ip":0,"op":3600,"st":0,"bm":0},{"ddd":0,"ind":2,"ty":4,"nm":"headband","sr":1,"ks":{"o":{"a":0,"k":100,"ix":11},"r":{"a":0,"k":0,"ix":10},"p":{"a":0,"k":[1066.368,228.551,0],"ix":2},"a":{"a":0,"k":[0,0,0],"ix":1},"s":{"a":0,"k":[100,100,100],"ix":6}},"ao":0,"shapes":[{"ty":"gr","it":[{"ind":0,"ty":"sh","ix":1,"ks":{"a":0,"k":{"i":[[-2.76,0],[0,0],[0,-2.76],[0,0],[2.76,0],[0,0],[0,2.76],[0,0]],"o":[[0,0],[2.76,0],[0,0],[0,2.76],[0,0],[-2.76,0],[0,0],[0,-2.76]],"v":[[-130,-23.5],[130,-23.5],[135,-18.5],[135,18.5],[130,23.5],[-130,23.5],[-135,18.5],[-135,-18.5]],"c":true},"ix":2},"nm":"Path 1","mn":"ADBE Vector Shape - Group","hd":false},{"ty":"fl","c":{"a":0,"k":[1,0.869565010071,0,1],"ix":4},"o":{"a":0,"k":100,"ix":5},"r":1,"nm":"Fill 1","mn":"ADBE Vector Graphic - Fill","hd":false},{"ty":"tr","p":{"a":0,"k":[0,0],"ix":2},"a":{"a":0,"k":[0,0],"ix":1},"s":{"a":0,"k":[600,600],"ix":3},"r":{"a":0,"k":0,"ix":6},"o":{"a":0,"k":100,"ix":7},"sk":{"a":0,"k":0,"ix":4},"sa":{"a":0,"k":0,"ix":5},"nm":"Transform"}],"nm":"Group 1","np":2,"cix":2,"ix":1,"mn":"ADBE Vector Group","hd":false}],"ip":0,"op":3600,"st":0,"bm":0}]}],"layers":[{"ddd":0,"ind":1,"ty":3,"nm":"POSITION NULL","sr":1,"ks":{"o":{"a":0,"k":0,"ix":11},"r":{"a":0,"k":0,"ix":10},"p":{"a":0,"k":[211.5,57,0],"ix":2},"a":{"a":0,"k":[0,0,0],"ix":1},"s":{"a":0,"k":[100,100,100],"ix":6}},"ao":0,"ip":0,"op":875,"st":0,"bm":0},{"ddd":0,"ind":2,"ty":0,"nm":"Duo - Happy - WORKOUT","parent":1,"refId":"comp_0","sr":1,"ks":{"o":{"a":0,"k":100,"ix":11},"r":{"a":1,"k":[{"i":{"x":[0.667],"y":[1]},"o":{"x":[0.333],"y":[0]},"n":["0p667_1_0p333_0"],"t":35,"s":[-23],"e":[49.615]},{"i":{"x":[0.667],"y":[1]},"o":{"x":[0.333],"y":[0]},"n":["0p667_1_0p333_0"],"t":52.5,"s":[49.615],"e":[47.443]},{"i":{"x":[0.667],"y":[1]},"o":{"x":[0.333],"y":[0]},"n":["0p667_1_0p333_0"],"t":65,"s":[47.443],"e":[47.69]},{"i":{"x":[0.667],"y":[1]},"o":{"x":[0.333],"y":[0]},"n":["0p667_1_0p333_0"],"t":82.5,"s":[47.69],"e":[48.94]},{"i":{"x":[0.667],"y":[1]},"o":{"x":[0.333],"y":[0]},"n":["0p667_1_0p333_0"],"t":90,"s":[48.94],"e":[43.861]},{"i":{"x":[0.667],"y":[1]},"o":{"x":[0.333],"y":[0]},"n":["0p667_1_0p333_0"],"t":102.5,"s":[43.861],"e":[44.611]},{"i":{"x":[0.683],"y":[1]},"o":{"x":[0.168],"y":[0]},"n":["0p683_1_0p168_0"],"t":110,"s":[44.611],"e":[44.611]},{"i":{"x":[0.667],"y":[1]},"o":{"x":[0.333],"y":[0]},"n":["0p667_1_0p333_0"],"t":237.5,"s":[44.611],"e":[42.382]},{"i":{"x":[0.667],"y":[1]},"o":{"x":[0.333],"y":[0]},"n":["0p667_1_0p333_0"],"t":260,"s":[42.382],"e":[42.611]},{"i":{"x":[0.667],"y":[1]},"o":{"x":[0.16],"y":[0]},"n":["0p667_1_0p16_0"],"t":277.5,"s":[42.611],"e":[42.611]},{"i":{"x":[0.667],"y":[1]},"o":{"x":[0.333],"y":[0]},"n":["0p667_1_0p333_0"],"t":437.5,"s":[42.611],"e":[42.551]},{"i":{"x":[0.667],"y":[1]},"o":{"x":[0.333],"y":[0]},"n":["0p667_1_0p333_0"],"t":447.5,"s":[42.551],"e":[44.611]},{"i":{"x":[0.683],"y":[1]},"o":{"x":[0.167],"y":[0]},"n":["0p683_1_0p167_0"],"t":467.5,"s":[44.611],"e":[44.611]},{"i":{"x":[0.667],"y":[1]},"o":{"x":[0.333],"y":[0]},"n":["0p667_1_0p333_0"],"t":750,"s":[44.611],"e":[42.382]},{"i":{"x":[0.667],"y":[1]},"o":{"x":[0.333],"y":[0]},"n":["0p667_1_0p333_0"],"t":772.5,"s":[42.382],"e":[42.611]},{"t":790}],"ix":10},"p":{"s":true,"x":{"a":1,"k":[{"i":{"x":[0.667],"y":[1]},"o":{"x":[0.167],"y":[0]},"n":["0p667_1_0p167_0"],"t":0,"s":[-306.243],"e":[-306.243]},{"i":{"x":[0.667],"y":[1]},"o":{"x":[0.333],"y":[0]},"n":["0p667_1_0p333_0"],"t":30,"s":[-306.243],"e":[-197.252]},{"i":{"x":[0.667],"y":[1]},"o":{"x":[0.333],"y":[0]},"n":["0p667_1_0p333_0"],"t":47.5,"s":[-197.252],"e":[-204.469]},{"i":{"x":[0.676],"y":[1]},"o":{"x":[0.167],"y":[0]},"n":["0p676_1_0p167_0"],"t":60,"s":[-204.469],"e":[-204.469]},{"i":{"x":[0.667],"y":[1]},"o":{"x":[0.333],"y":[0]},"n":["0p667_1_0p333_0"],"t":232.5,"s":[-204.469],"e":[-205.469]},{"i":{"x":[0.833],"y":[1]},"o":{"x":[0.167],"y":[0]},"n":["0p833_1_0p167_0"],"t":255,"s":[-205.469],"e":[-205.469]},{"i":{"x":[0.667],"y":[1]},"o":{"x":[0.167],"y":[0]},"n":["0p667_1_0p167_0"],"t":272.5,"s":[-205.469],"e":[-205.469]},{"i":{"x":[0.667],"y":[1]},"o":{"x":[0.333],"y":[0]},"n":["0p667_1_0p333_0"],"t":440,"s":[-205.469],"e":[-205.496]},{"i":{"x":[0.556],"y":[1]},"o":{"x":[0.585],"y":[0]},"n":["0p556_1_0p585_0"],"t":450,"s":[-205.496],"e":[-204.469]},{"i":{"x":[0.676],"y":[1]},"o":{"x":[0.167],"y":[0]},"n":["0p676_1_0p167_0"],"t":470,"s":[-204.469],"e":[-204.469]},{"i":{"x":[0.667],"y":[1]},"o":{"x":[0.333],"y":[0]},"n":["0p667_1_0p333_0"],"t":745,"s":[-204.469],"e":[-205.469]},{"i":{"x":[0.833],"y":[1]},"o":{"x":[0.167],"y":[0]},"n":["0p833_1_0p167_0"],"t":767.5,"s":[-205.469],"e":[-205.469]},{"t":785}],"ix":3},"y":{"a":1,"k":[{"i":{"x":[0.667],"y":[1]},"o":{"x":[0.333],"y":[0]},"n":["0p667_1_0p333_0"],"t":85,"s":[84.5],"e":[86.26]},{"i":{"x":[0.667],"y":[1]},"o":{"x":[0.333],"y":[0]},"n":["0p667_1_0p333_0"],"t":95,"s":[86.26],"e":[83.687]},{"i":{"x":[0.667],"y":[1]},"o":{"x":[0.333],"y":[0]},"n":["0p667_1_0p333_0"],"t":102.5,"s":[83.687],"e":[84.5]},{"i":{"x":[0.679],"y":[1]},"o":{"x":[0.167],"y":[0]},"n":["0p679_1_0p167_0"],"t":110,"s":[84.5],"e":[84.5]},{"i":{"x":[0.667],"y":[1]},"o":{"x":[0.333],"y":[0]},"n":["0p667_1_0p333_0"],"t":232.5,"s":[84.5],"e":[89.5]},{"i":{"x":[0.833],"y":[1]},"o":{"x":[0.167],"y":[0]},"n":["0p833_1_0p167_0"],"t":255,"s":[89.5],"e":[89.5]},{"i":{"x":[0.667],"y":[1]},"o":{"x":[0.167],"y":[0]},"n":["0p667_1_0p167_0"],"t":272.5,"s":[89.5],"e":[89.5]},{"i":{"x":[0.667],"y":[1]},"o":{"x":[0.333],"y":[0]},"n":["0p667_1_0p333_0"],"t":440,"s":[89.5],"e":[89.7]},{"i":{"x":[0.408],"y":[1]},"o":{"x":[0.613],"y":[0]},"n":["0p408_1_0p613_0"],"t":450,"s":[89.7],"e":[84.5]},{"i":{"x":[0.679],"y":[1]},"o":{"x":[0.167],"y":[0]},"n":["0p679_1_0p167_0"],"t":470,"s":[84.5],"e":[84.5]},{"i":{"x":[0.667],"y":[1]},"o":{"x":[0.333],"y":[0]},"n":["0p667_1_0p333_0"],"t":745,"s":[84.5],"e":[89.5]},{"i":{"x":[0.833],"y":[1]},"o":{"x":[0.167],"y":[0]},"n":["0p833_1_0p167_0"],"t":767.5,"s":[89.5],"e":[89.5]},{"t":785}],"ix":4}},"a":{"a":0,"k":[500,530.414,0],"ix":1},"s":{"a":1,"k":[{"i":{"x":[0.667,0.667,0.667],"y":[1,1,1]},"o":{"x":[0.167,0.167,0.167],"y":[0,0,0]},"n":["0p667_1_0p167_0","0p667_1_0p167_0","0p667_1_0p167_0"],"t":0,"s":[31,31,100],"e":[31,31,100]},{"i":{"x":[0.667,0.667,0.667],"y":[1,1,1]},"o":{"x":[0.692,0.667,0.333],"y":[0,0,0]},"n":["0p667_1_0p692_0","0p667_1_0p667_0","0p667_1_0p333_0"],"t":37.5,"s":[31,31,100],"e":[34,28,100]},{"i":{"x":[0.667,0.667,0.667],"y":[1,1,1]},"o":{"x":[0.333,0.333,0.333],"y":[0,0,0]},"n":["0p667_1_0p333_0","0p667_1_0p333_0","0p667_1_0p333_0"],"t":45,"s":[34,28,100],"e":[29.014,33,100]},{"i":{"x":[0.332,0.294,0.667],"y":[1,1,1]},"o":{"x":[0.333,0.333,0.333],"y":[0,0,0]},"n":["0p332_1_0p333_0","0p294_1_0p333_0","0p667_1_0p333_0"],"t":52.5,"s":[29.014,33,100],"e":[31,31,100]},{"i":{"x":[0.788,0.788,0.788],"y":[1,1,1]},"o":{"x":[0.3,0.3,0.3],"y":[0,0,0]},"n":["0p788_1_0p3_0","0p788_1_0p3_0","0p788_1_0p3_0"],"t":60,"s":[31,31,100],"e":[31,31,100]},{"i":{"x":[0.744,0.744,0.744],"y":[1,1,1]},"o":{"x":[0.16,0.16,0.16],"y":[0,0,0]},"n":["0p744_1_0p16_0","0p744_1_0p16_0","0p744_1_0p16_0"],"t":272.5,"s":[31,31,100],"e":[31,31,100]},{"i":{"x":[0.746,0.746,0.746],"y":[1,1,1]},"o":{"x":[0.407,0.407,0.407],"y":[0,0,0]},"n":["0p746_1_0p407_0","0p746_1_0p407_0","0p746_1_0p407_0"],"t":440,"s":[31,31,100],"e":[31,31,100]},{"i":{"x":[0.697,0.697,0.697],"y":[1,1,1]},"o":{"x":[0.167,0.167,0.167],"y":[0,0,0]},"n":["0p697_1_0p167_0","0p697_1_0p167_0","0p697_1_0p167_0"],"t":450,"s":[31,31,100],"e":[31,31,100]},{"i":{"x":[0.788,0.788,0.788],"y":[1,1,1]},"o":{"x":[0.167,0.167,0.167],"y":[0,0,0]},"n":["0p788_1_0p167_0","0p788_1_0p167_0","0p788_1_0p167_0"],"t":470,"s":[31,31,100],"e":[31,31,100]},{"t":785}],"ix":6}},"ao":0,"w":1000,"h":1000,"ip":0,"op":1000,"st":0,"bm":0}],"markers":[{"tm":0,"cm":"START","dr":0},{"tm":39,"cm":"Trim Start","dr":0},{"tm":438,"cm":"50% of Timeline - End Loop Begin\r","dr":0},{"tm":876,"cm":"END","dr":0}]}
