{"v":"5.7.4","fr":60,"ip":0,"op":200,"w":379,"h":446,"nm":"Legendary_Intro_EXPORT","ddd":0,"assets":[{"id":"comp_0","layers":[{"ddd":0,"ind":2,"ty":4,"nm":"Dot","parent":14,"sr":1,"ks":{"o":{"a":0,"k":100,"ix":11},"r":{"a":0,"k":0,"ix":10},"p":{"a":0,"k":[-72.359,0.781,0],"ix":2,"l":2},"a":{"a":0,"k":[0,0,0],"ix":1,"l":2},"s":{"a":0,"k":[100,100,100],"ix":6,"l":2}},"ao":0,"shapes":[{"ty":"gr","it":[{"ind":0,"ty":"sh","ix":1,"ks":{"a":0,"k":{"i":[[0,0],[0.757,-0.901],[2.347,1.393],[0,0],[-2.862,0],[0,-2.862]],"o":[[0,1.269],[-3.802,-1.699],[0,0],[0,-2.862],[2.862,0],[0,0]],"v":[[5.182,3.565],[3.969,6.898],[-5.182,2.267],[-5.182,-1.716],[0,-6.898],[5.182,-1.716]],"c":true},"ix":2},"nm":"Path 1","mn":"ADBE Vector Shape - Group","hd":false},{"ty":"fl","c":{"a":0,"k":[0.690555632114,0.670937538147,0.941666722298,1],"ix":4},"o":{"a":0,"k":100,"ix":5},"r":1,"bm":0,"nm":"Fill 1","mn":"ADBE Vector Graphic - Fill","hd":false},{"ty":"tr","p":{"a":0,"k":[0,0],"ix":2},"a":{"a":0,"k":[0,0],"ix":1},"s":{"a":0,"k":[100,100],"ix":3},"r":{"a":0,"k":0,"ix":6},"o":{"a":0,"k":100,"ix":7},"sk":{"a":0,"k":0,"ix":4},"sa":{"a":0,"k":0,"ix":5},"nm":"Transform"}],"nm":"Dot","np":2,"cix":2,"bm":0,"ix":1,"mn":"ADBE Vector Group","hd":false}],"ip":0,"op":300,"st":0,"bm":0},{"ddd":0,"ind":3,"ty":4,"nm":"Dot","parent":14,"sr":1,"ks":{"o":{"a":0,"k":100,"ix":11},"r":{"a":0,"k":0,"ix":10},"p":{"a":0,"k":[-51.043,12.299,0],"ix":2,"l":2},"a":{"a":0,"k":[0,0,0],"ix":1,"l":2},"s":{"a":0,"k":[100,100,100],"ix":6,"l":2}},"ao":0,"shapes":[{"ty":"gr","it":[{"ind":0,"ty":"sh","ix":1,"ks":{"a":0,"k":{"i":[[0,-2.862],[0,0],[3.107,1.159],[-2.563,0]],"o":[[0,0],[-3.763,-1.278],[0.417,-2.444],[2.862,0]],"v":[[5.145,1.203],[5.145,3.98],[-5.145,0.324],[-0.037,-3.98]],"c":true},"ix":2},"nm":"Path 1","mn":"ADBE Vector Shape - Group","hd":false},{"ty":"fl","c":{"a":0,"k":[0.690555632114,0.670937538147,0.941666722298,1],"ix":4},"o":{"a":0,"k":100,"ix":5},"r":1,"bm":0,"nm":"Fill 1","mn":"ADBE Vector Graphic - Fill","hd":false},{"ty":"tr","p":{"a":0,"k":[0,0],"ix":2},"a":{"a":0,"k":[0,0],"ix":1},"s":{"a":0,"k":[100,100],"ix":3},"r":{"a":0,"k":0,"ix":6},"o":{"a":0,"k":100,"ix":7},"sk":{"a":0,"k":0,"ix":4},"sa":{"a":0,"k":0,"ix":5},"nm":"Transform"}],"nm":"Dot","np":2,"cix":2,"bm":0,"ix":1,"mn":"ADBE Vector Group","hd":false}],"ip":0,"op":300,"st":0,"bm":0},{"ddd":0,"ind":4,"ty":4,"nm":"Dot","parent":14,"sr":1,"ks":{"o":{"a":0,"k":100,"ix":11},"r":{"a":0,"k":0,"ix":10},"p":{"a":0,"k":[-5.182,11.383,0],"ix":2,"l":2},"a":{"a":0,"k":[0,0,0],"ix":1,"l":2},"s":{"a":0,"k":[100,100,100],"ix":6,"l":2}},"ao":0,"shapes":[{"ty":"gr","it":[{"ind":0,"ty":"sh","ix":1,"ks":{"a":0,"k":{"i":[[0,0],[-3.13,1.164],[0,0],[2.862,0],[0,-2.862]],"o":[[3.789,-1.283],[0,0],[0,-2.862],[-2.862,0],[0,0]],"v":[[-5.182,5.043],[5.182,1.374],[5.182,0.14],[0,-5.043],[-5.182,0.14]],"c":true},"ix":2},"nm":"Path 1","mn":"ADBE Vector Shape - Group","hd":false},{"ty":"fl","c":{"a":0,"k":[0.690555632114,0.670937538147,0.941666722298,1],"ix":4},"o":{"a":0,"k":100,"ix":5},"r":1,"bm":0,"nm":"Fill 1","mn":"ADBE Vector Graphic - Fill","hd":false},{"ty":"tr","p":{"a":0,"k":[0,0],"ix":2},"a":{"a":0,"k":[0,0],"ix":1},"s":{"a":0,"k":[100,100],"ix":3},"r":{"a":0,"k":0,"ix":6},"o":{"a":0,"k":100,"ix":7},"sk":{"a":0,"k":0,"ix":4},"sa":{"a":0,"k":0,"ix":5},"nm":"Transform"}],"nm":"Dot","np":2,"cix":2,"bm":0,"ix":1,"mn":"ADBE Vector Group","hd":false}],"ip":0,"op":300,"st":0,"bm":0},{"ddd":0,"ind":5,"ty":4,"nm":"Dot","parent":14,"sr":1,"ks":{"o":{"a":0,"k":100,"ix":11},"r":{"a":0,"k":0,"ix":10},"p":{"a":0,"k":[14.584,-7.595,0],"ix":2,"l":2},"a":{"a":0,"k":[0,0,0],"ix":1,"l":2},"s":{"a":0,"k":[100,100,100],"ix":6,"l":2}},"ao":0,"shapes":[{"ty":"gr","it":[{"ind":0,"ty":"sh","ix":1,"ks":{"a":0,"k":{"i":[[0.042,0.266],[4.284,-2.098],[-2.797,0],[0,2.862],[0,0]],"o":[[-2.624,2.074],[0.102,2.772],[2.862,0],[0,0],[0,-0.278]],"v":[[5.117,-5.641],[-5.181,0.653],[-0.002,5.641],[5.181,0.458],[5.181,-4.823]],"c":true},"ix":2},"nm":"Path 1","mn":"ADBE Vector Shape - Group","hd":false},{"ty":"fl","c":{"a":0,"k":[0.690555632114,0.670937538147,0.941666722298,1],"ix":4},"o":{"a":0,"k":100,"ix":5},"r":1,"bm":0,"nm":"Fill 1","mn":"ADBE Vector Graphic - Fill","hd":false},{"ty":"tr","p":{"a":0,"k":[0,0],"ix":2},"a":{"a":0,"k":[0,0],"ix":1},"s":{"a":0,"k":[100,100],"ix":3},"r":{"a":0,"k":0,"ix":6},"o":{"a":0,"k":100,"ix":7},"sk":{"a":0,"k":0,"ix":4},"sa":{"a":0,"k":0,"ix":5},"nm":"Transform"}],"nm":"Dot","np":2,"cix":2,"bm":0,"ix":1,"mn":"ADBE Vector Group","hd":false}],"ip":0,"op":300,"st":0,"bm":0},{"ddd":0,"ind":14,"ty":4,"nm":"Mantle L","parent":61,"sr":1,"ks":{"o":{"a":0,"k":100,"ix":11},"r":{"a":0,"k":0,"ix":10},"p":{"a":0,"k":[28.015,16.054,0],"ix":2,"l":2},"a":{"a":0,"k":[0,0,0],"ix":1,"l":2},"s":{"a":0,"k":[100,100,100],"ix":6,"l":2}},"ao":0,"shapes":[{"ty":"gr","it":[{"ind":0,"ty":"sh","ix":1,"ks":{"a":0,"k":{"i":[[0.786,-0.281],[32.005,-6.401],[-1.75,-2.495],[-2.671,0.877],[0.369,3.848]],"o":[[-6.008,7.412],[2.099,4.424],[1.615,2.302],[36.919,-12.121],[-0.589,-6.148]],"v":[[24.21,-17.884],[-29.316,4.741],[-23.262,15.212],[-14.67,17.567],[29.303,-5.365]],"c":true},"ix":2},"nm":"Path 1","mn":"ADBE Vector Shape - Group","hd":false},{"ty":"fl","c":{"a":0,"k":[0.802898645401,0.787500023842,1,1],"ix":4},"o":{"a":0,"k":100,"ix":5},"r":1,"bm":0,"nm":"Fill 1","mn":"ADBE Vector Graphic - Fill","hd":false},{"ty":"tr","p":{"a":0,"k":[0,0],"ix":2},"a":{"a":0,"k":[0,0],"ix":1},"s":{"a":0,"k":[100,100],"ix":3},"r":{"a":0,"k":0,"ix":6},"o":{"a":0,"k":100,"ix":7},"sk":{"a":0,"k":0,"ix":4},"sa":{"a":0,"k":0,"ix":5},"nm":"Transform"}],"nm":"Mantle L","np":2,"cix":2,"bm":0,"ix":1,"mn":"ADBE Vector Group","hd":false}],"ip":0,"op":300,"st":0,"bm":0},{"ddd":0,"ind":15,"ty":4,"nm":"Mantle R","parent":61,"sr":1,"ks":{"o":{"a":0,"k":100,"ix":11},"r":{"a":0,"k":0,"ix":10},"p":{"a":0,"k":[-27.812,16.054,0],"ix":2,"l":2},"a":{"a":0,"k":[0,0,0],"ix":1,"l":2},"s":{"a":0,"k":[100,100,100],"ix":6,"l":2}},"ao":0,"shapes":[{"ty":"gr","it":[{"ind":0,"ty":"sh","ix":1,"ks":{"a":0,"k":{"i":[[-0.786,-0.281],[-32.005,-6.401],[1.75,-2.495],[2.671,0.877],[-0.369,3.848]],"o":[[6.008,7.412],[-2.099,4.424],[-1.615,2.302],[-36.919,-12.121],[0.589,-6.148]],"v":[[-24.21,-17.884],[29.316,4.741],[23.262,15.212],[14.67,17.567],[-29.303,-5.365]],"c":true},"ix":2},"nm":"Path 1","mn":"ADBE Vector Shape - Group","hd":false},{"ty":"fl","c":{"a":0,"k":[0.802898645401,0.787500023842,1,1],"ix":4},"o":{"a":0,"k":100,"ix":5},"r":1,"bm":0,"nm":"Fill 1","mn":"ADBE Vector Graphic - Fill","hd":false},{"ty":"tr","p":{"a":0,"k":[0,0],"ix":2},"a":{"a":0,"k":[0,0],"ix":1},"s":{"a":0,"k":[100,100],"ix":3},"r":{"a":0,"k":0,"ix":6},"o":{"a":0,"k":100,"ix":7},"sk":{"a":0,"k":0,"ix":4},"sa":{"a":0,"k":0,"ix":5},"nm":"Transform"}],"nm":"Mantle R","np":2,"cix":2,"bm":0,"ix":1,"mn":"ADBE Vector Group","hd":false}],"ip":0,"op":300,"st":0,"bm":0},{"ddd":0,"ind":16,"ty":0,"nm":"Cape Sparkle","parent":21,"refId":"comp_1","sr":1,"ks":{"o":{"a":1,"k":[{"i":{"x":[0.833],"y":[1]},"o":{"x":[0.167],"y":[0]},"t":27,"s":[0]},{"i":{"x":[0.667],"y":[1]},"o":{"x":[0.167],"y":[0]},"t":52,"s":[100]},{"t":90,"s":[0]}],"ix":11},"r":{"a":0,"k":0.877,"ix":10},"p":{"a":0,"k":[-62.116,82.384,0],"ix":2,"l":2},"a":{"a":0,"k":[189.5,410.5,0],"ix":1,"l":2},"s":{"a":0,"k":[-100,100,100],"ix":6,"l":2}},"ao":0,"w":379,"h":821,"ip":27,"op":327,"st":27,"bm":0},{"ddd":0,"ind":17,"ty":0,"nm":"Cape Sparkle","parent":25,"refId":"comp_1","sr":1,"ks":{"o":{"a":1,"k":[{"i":{"x":[0.833],"y":[1]},"o":{"x":[0.167],"y":[0]},"t":0,"s":[0]},{"i":{"x":[0.667],"y":[1]},"o":{"x":[0.167],"y":[0]},"t":44,"s":[100]},{"t":110,"s":[0]}],"ix":11},"r":{"a":0,"k":167.002,"ix":10},"p":{"a":0,"k":[17.383,-52.926,0],"ix":2,"l":2},"a":{"a":0,"k":[189.5,410.5,0],"ix":1,"l":2},"s":{"a":0,"k":[-100,100,100],"ix":6,"l":2}},"ao":0,"w":379,"h":821,"ip":0,"op":300,"st":0,"bm":0},{"ddd":0,"ind":18,"ty":0,"nm":"Cape Sparkle","parent":25,"refId":"comp_1","sr":1,"ks":{"o":{"a":1,"k":[{"i":{"x":[0.833],"y":[1]},"o":{"x":[0.333],"y":[0]},"t":6,"s":[100]},{"i":{"x":[0.833],"y":[1]},"o":{"x":[0.167],"y":[0]},"t":36,"s":[0]},{"i":{"x":[0.667],"y":[1]},"o":{"x":[0.167],"y":[0]},"t":78,"s":[0]},{"i":{"x":[0.667],"y":[1]},"o":{"x":[0.167],"y":[0]},"t":110,"s":[100]},{"t":165,"s":[100]}],"ix":11},"r":{"a":0,"k":167.002,"ix":10},"p":{"a":0,"k":[25.596,-63.615,0],"ix":2,"l":2},"a":{"a":0,"k":[189.5,410.5,0],"ix":1,"l":2},"s":{"a":0,"k":[-100,100,100],"ix":6,"l":2}},"ao":0,"w":379,"h":821,"ip":0,"op":300,"st":0,"bm":0},{"ddd":0,"ind":19,"ty":0,"nm":"Cape Sparkle","parent":23,"refId":"comp_1","sr":1,"ks":{"o":{"a":1,"k":[{"i":{"x":[0.833],"y":[1]},"o":{"x":[0.333],"y":[0]},"t":1,"s":[100]},{"i":{"x":[0.833],"y":[1]},"o":{"x":[0.167],"y":[0]},"t":31,"s":[0]},{"i":{"x":[0.667],"y":[1]},"o":{"x":[0.167],"y":[0]},"t":73,"s":[0]},{"i":{"x":[0.667],"y":[1]},"o":{"x":[0.167],"y":[0]},"t":105,"s":[100]},{"t":160,"s":[100]}],"ix":11},"r":{"a":0,"k":7.948,"ix":10},"p":{"a":0,"k":[-66.686,75.441,0],"ix":2,"l":2},"a":{"a":0,"k":[189.5,410.5,0],"ix":1,"l":2},"s":{"a":0,"k":[-100,100,100],"ix":6,"l":2}},"ao":0,"w":379,"h":821,"ip":-5,"op":295,"st":-5,"bm":0},{"ddd":0,"ind":20,"ty":0,"nm":"Cape Sparkle","parent":23,"refId":"comp_1","sr":1,"ks":{"o":{"a":1,"k":[{"i":{"x":[0.648],"y":[0.91]},"o":{"x":[0.305],"y":[0]},"t":-8,"s":[100]},{"i":{"x":[0.833],"y":[1]},"o":{"x":[0.397],"y":[-81.154]},"t":0,"s":[0]},{"i":{"x":[0.667],"y":[1]},"o":{"x":[0.167],"y":[0]},"t":64,"s":[0]},{"i":{"x":[0.667],"y":[1]},"o":{"x":[0.167],"y":[0]},"t":96,"s":[100]},{"i":{"x":[0.833],"y":[1]},"o":{"x":[0.167],"y":[0]},"t":151,"s":[100]},{"t":179,"s":[0]}],"ix":11},"r":{"a":0,"k":7.948,"ix":10},"p":{"a":0,"k":[-45.168,83.558,0],"ix":2,"l":2},"a":{"a":0,"k":[189.5,410.5,0],"ix":1,"l":2},"s":{"a":0,"k":[-100,100,100],"ix":6,"l":2}},"ao":0,"w":379,"h":821,"ip":-14,"op":286,"st":-14,"bm":0},{"ddd":0,"ind":21,"ty":3,"nm":"Fuzz L NULL 2","parent":60,"sr":1,"ks":{"o":{"a":0,"k":0,"ix":11},"r":{"a":1,"k":[{"i":{"x":[0.878],"y":[0.68]},"o":{"x":[0.532],"y":[0]},"t":-29,"s":[0]},{"i":{"x":[0.498],"y":[1]},"o":{"x":[0.14],"y":[0.252]},"t":0,"s":[-4.486]},{"i":{"x":[0.833],"y":[0.775]},"o":{"x":[0.372],"y":[0]},"t":60,"s":[-18]},{"i":{"x":[0.667],"y":[1]},"o":{"x":[0.167],"y":[0.141]},"t":106,"s":[-12.485]},{"i":{"x":[0.837],"y":[0.578]},"o":{"x":[0.345],"y":[0]},"t":171,"s":[0]},{"t":200,"s":[-4.486]}],"ix":10},"p":{"a":0,"k":[30.5,8.798,0],"ix":2,"l":2},"a":{"a":0,"k":[0,0,0],"ix":1,"l":2},"s":{"a":0,"k":[-100,100,100],"ix":6,"l":2}},"ao":0,"ip":0,"op":300,"st":0,"bm":0},{"ddd":0,"ind":23,"ty":3,"nm":"Fuzz L NULL 5","parent":60,"sr":1,"ks":{"o":{"a":0,"k":0,"ix":11},"r":{"a":1,"k":[{"i":{"x":[0.719],"y":[0.812]},"o":{"x":[0.396],"y":[0]},"t":-18,"s":[0]},{"i":{"x":[0.517],"y":[1]},"o":{"x":[0.135],"y":[0.136]},"t":0,"s":[-1.437]},{"i":{"x":[0.425],"y":[1]},"o":{"x":[0.447],"y":[0]},"t":52,"s":[-4.712]},{"i":{"x":[0.729],"y":[0.185]},"o":{"x":[0.167],"y":[0]},"t":149,"s":[0]},{"t":200,"s":[-1.437]}],"ix":10},"p":{"a":0,"k":[31.5,9.798,0],"ix":2,"l":2},"a":{"a":0,"k":[0,0,0],"ix":1,"l":2},"s":{"a":0,"k":[-100,100,100],"ix":6,"l":2}},"ao":0,"ip":0,"op":300,"st":0,"bm":0},{"ddd":0,"ind":24,"ty":3,"nm":"Fuzz L NULL 4","parent":23,"sr":1,"ks":{"o":{"a":0,"k":0,"ix":11},"r":{"a":1,"k":[{"i":{"x":[0.615],"y":[0.969]},"o":{"x":[0.384],"y":[0]},"t":-18,"s":[0]},{"i":{"x":[0.699],"y":[-0.04]},"o":{"x":[0.303],"y":[-0.238]},"t":0,"s":[7.918]},{"i":{"x":[0.833],"y":[1]},"o":{"x":[0.248],"y":[0.358]},"t":70,"s":[4.799]},{"i":{"x":[0.615],"y":[0.855]},"o":{"x":[0.612],"y":[0]},"t":115,"s":[0]},{"i":{"x":[0.634],"y":[1]},"o":{"x":[0.303],"y":[0.647]},"t":200,"s":[7.918]},{"i":{"x":[0.699],"y":[0.365]},"o":{"x":[0.381],"y":[0]},"t":210,"s":[8.082]},{"i":{"x":[0.524],"y":[1]},"o":{"x":[0.248],"y":[0.477]},"t":255,"s":[4.799]},{"t":315,"s":[0]}],"ix":10},"p":{"a":0,"k":[-2,37.5,0],"ix":2,"l":2},"a":{"a":0,"k":[0,0,0],"ix":1,"l":2},"s":{"a":0,"k":[100,100,100],"ix":6,"l":2}},"ao":0,"ip":0,"op":300,"st":0,"bm":0},{"ddd":0,"ind":25,"ty":4,"nm":"Fuzz L 02","parent":24,"sr":1,"ks":{"o":{"a":0,"k":100,"ix":11},"r":{"a":1,"k":[{"i":{"x":[0.679],"y":[0.406]},"o":{"x":[0.353],"y":[0]},"t":-18,"s":[189.781]},{"i":{"x":[0.583],"y":[0.974]},"o":{"x":[0.298],"y":[0.342]},"t":0,"s":[187.481]},{"i":{"x":[0.839],"y":[0.852]},"o":{"x":[0.332],"y":[-0.032]},"t":52,"s":[176.784]},{"i":{"x":[0.667],"y":[1]},"o":{"x":[0.3],"y":[0.602]},"t":129,"s":[186.991]},{"i":{"x":[0.679],"y":[0.175]},"o":{"x":[0.167],"y":[0]},"t":175,"s":[189.781]},{"t":200,"s":[187.481]}],"ix":10},"p":{"s":true,"x":{"a":0,"k":-27.94,"ix":3},"y":{"a":0,"k":28.495,"ix":4}},"a":{"a":0,"k":[25.574,-3.64,0],"ix":1,"l":2},"s":{"a":0,"k":[100,100,100],"ix":6,"l":2}},"ao":0,"shapes":[{"ty":"gr","it":[{"ind":0,"ty":"sh","ix":1,"ks":{"a":1,"k":[{"i":{"x":0.833,"y":0.833},"o":{"x":0.333,"y":0},"t":-18,"s":[{"i":[[0,0],[-10.042,1.29],[-5.688,-0.303]],"o":[[6.255,-2.434],[10.296,-1.323],[0,0]],"v":[[-26.109,3.2],[-0.475,-2.565],[26.109,-3.2]],"c":false}]},{"i":{"x":0.48,"y":1},"o":{"x":0.167,"y":0.167},"t":0,"s":[{"i":[[0,0],[-10.042,1.29],[-5.604,0.17]],"o":[[6.377,-1.781],[10.296,-1.323],[0,0]],"v":[[-25.985,3.481],[-0.233,-1.387],[26.042,-3.227]],"c":false}]},{"i":{"x":0,"y":0.977},"o":{"x":0.485,"y":0},"t":52,"s":[{"i":[[0,0],[-10.042,1.29],[-5.275,2.014]],"o":[[6.852,0.762],[10.296,-1.323],[0,0]],"v":[[-25.502,4.572],[0.707,3.2],[25.779,-3.328]],"c":false}]},{"i":{"x":0.833,"y":0.833},"o":{"x":0.333,"y":0},"t":175,"s":[{"i":[[0,0],[-10.042,1.29],[-5.688,-0.303]],"o":[[6.255,-2.434],[10.296,-1.323],[0,0]],"v":[[-26.109,3.2],[-0.475,-2.565],[26.109,-3.2]],"c":false}]},{"i":{"x":0.833,"y":1},"o":{"x":0.167,"y":0.167},"t":200,"s":[{"i":[[0,0],[-10.042,1.29],[-5.604,0.17]],"o":[[6.377,-1.781],[10.296,-1.323],[0,0]],"v":[[-25.985,3.481],[-0.233,-1.387],[26.042,-3.227]],"c":false}]},{"t":271,"s":[{"i":[[0,0],[-10.042,1.29],[-5.275,2.014]],"o":[[6.852,0.762],[10.296,-1.323],[0,0]],"v":[[-25.502,4.572],[0.707,3.2],[25.779,-3.328]],"c":false}]}],"ix":2},"nm":"Path 1","mn":"ADBE Vector Shape - Group","hd":false},{"ty":"st","c":{"a":0,"k":[0.853140175343,0.841666698456,1,1],"ix":3},"o":{"a":0,"k":100,"ix":4},"w":{"a":0,"k":13.812,"ix":5},"lc":2,"lj":2,"bm":0,"nm":"Stroke 1","mn":"ADBE Vector Graphic - Stroke","hd":false},{"ty":"tr","p":{"a":0,"k":[0,0],"ix":2},"a":{"a":0,"k":[0,0],"ix":1},"s":{"a":0,"k":[100,100],"ix":3},"r":{"a":0,"k":0,"ix":6},"o":{"a":0,"k":100,"ix":7},"sk":{"a":0,"k":0,"ix":4},"sa":{"a":0,"k":0,"ix":5},"nm":"Transform"}],"nm":"Fuzz R","np":2,"cix":2,"bm":0,"ix":1,"mn":"ADBE Vector Group","hd":false}],"ip":0,"op":300,"st":0,"bm":0},{"ddd":0,"ind":26,"ty":4,"nm":"Cape L 02","parent":23,"sr":1,"ks":{"o":{"a":0,"k":100,"ix":11},"r":{"a":0,"k":0,"ix":10},"p":{"a":0,"k":[0.837,1.013,0],"ix":2,"l":2},"a":{"a":0,"k":[-27.163,-92.987,0],"ix":1,"l":2},"s":{"a":0,"k":[100,100,100],"ix":6,"l":2}},"ao":0,"hasMask":true,"masksProperties":[{"inv":false,"mode":"a","pt":{"a":1,"k":[{"i":{"x":0.833,"y":0.833},"o":{"x":0.333,"y":0},"t":-18,"s":[{"i":[[0,0],[0,0],[0,0],[0,0]],"o":[[0,0],[0,0],[0,0],[0,0]],"v":[[-57.35,-107.685],[-72.903,-29.318],[-3.715,-22.05],[3.609,-88.721]],"c":true}]},{"i":{"x":0.833,"y":1},"o":{"x":0.167,"y":0.167},"t":0,"s":[{"i":[[0,0],[0,0],[0,0],[0,0]],"o":[[0,0],[0,0],[0,0],[0,0]],"v":[[-58.994,-108.519],[-74.766,-31.48],[-3.926,-23.583],[3.609,-88.721]],"c":true}]},{"i":{"x":0.833,"y":1},"o":{"x":0.167,"y":0},"t":39,"s":[{"i":[[0,0],[0,0],[0,0],[0,0]],"o":[[0,0],[0,0],[0,0],[0,0]],"v":[[-65.602,-111.871],[-82.257,-40.169],[-4.773,-29.744],[3.609,-88.721]],"c":true}]},{"i":{"x":0.833,"y":0.833},"o":{"x":0.167,"y":0},"t":124,"s":[{"i":[[0,0],[0,0],[0,0],[0,0]],"o":[[0,0],[0,0],[0,0],[0,0]],"v":[[-65.602,-111.871],[-66.478,-29.489],[-0.986,-25.747],[3.609,-88.721]],"c":true}]},{"t":200,"s":[{"i":[[0,0],[0,0],[0,0],[0,0]],"o":[[0,0],[0,0],[0,0],[0,0]],"v":[[-58.994,-108.519],[-74.766,-31.48],[-3.926,-23.583],[3.609,-88.721]],"c":true}]}],"ix":1},"o":{"a":0,"k":100,"ix":3},"x":{"a":0,"k":0,"ix":4},"nm":"Mask 1"}],"shapes":[{"ind":0,"ty":"sh","ix":1,"ks":{"a":1,"k":[{"i":{"x":0.833,"y":0.838},"o":{"x":0,"y":0},"t":-20,"s":[{"i":[[1,-2.25],[1.384,-18.239],[0,0]],"o":[[-1,2.25],[-1.384,18.239],[0,0]],"v":[[-24.578,-107.066],[-34.649,-59.633],[-33,-23.25]],"c":false}]},{"i":{"x":0.624,"y":0.995},"o":{"x":0.222,"y":0.216},"t":0,"s":[{"i":[[1,-2.25],[1.384,-18.239],[0,0]],"o":[[-1,2.25],[-1.384,18.239],[0,0]],"v":[[-24.578,-107.066],[-32.125,-58.696],[-33,-23.25]],"c":false}]},{"i":{"x":0.667,"y":1},"o":{"x":0.307,"y":0.004},"t":39,"s":[{"i":[[1,-2.25],[1.384,-18.239],[0,0]],"o":[[-1,2.25],[-1.384,18.239],[0,0]],"v":[[-24.578,-107.066],[-34.649,-59.633],[-33,-23.25]],"c":false}]},{"i":{"x":0.805,"y":0.999},"o":{"x":0.49,"y":0},"t":140,"s":[{"i":[[1,-2.25],[1.384,-18.239],[0,0]],"o":[[-1,2.25],[-1.384,18.239],[0,0]],"v":[[-24.578,-107.066],[-27.673,-56.59],[-33,-23.25]],"c":false}]},{"t":199,"s":[{"i":[[1,-2.25],[1.384,-18.239],[0,0]],"o":[[-1,2.25],[-1.384,18.239],[0,0]],"v":[[-24.578,-107.066],[-32.125,-58.696],[-33,-23.25]],"c":false}]}],"ix":2},"nm":"Path 1","mn":"ADBE Vector Shape - Group","hd":false},{"ty":"tm","s":{"a":0,"k":0,"ix":1},"e":{"a":0,"k":100,"ix":2},"o":{"a":0,"k":0,"ix":3},"m":1,"ix":2,"nm":"Trim Paths 1","mn":"ADBE Vector Filter - Trim","hd":false},{"ty":"st","c":{"a":0,"k":[0.415686304429,0.407843167174,0.792156922583,1],"ix":3},"o":{"a":0,"k":100,"ix":4},"w":{"a":0,"k":51,"ix":5},"lc":1,"lj":1,"ml":4,"bm":0,"nm":"Stroke 1","mn":"ADBE Vector Graphic - Stroke","hd":false}],"ip":0,"op":300,"st":0,"bm":0},{"ddd":0,"ind":27,"ty":0,"nm":"Cape Sparkle","parent":32,"refId":"comp_1","sr":1,"ks":{"o":{"a":1,"k":[{"i":{"x":[0.667],"y":[1]},"o":{"x":[0.167],"y":[0]},"t":-5,"s":[0]},{"i":{"x":[0.833],"y":[1]},"o":{"x":[0.167],"y":[0]},"t":17,"s":[100]},{"i":{"x":[0.833],"y":[1]},"o":{"x":[0.167],"y":[0]},"t":67,"s":[100]},{"t":91,"s":[0]}],"ix":11},"r":{"a":0,"k":-11.647,"ix":10},"p":{"a":0,"k":[44.135,71.189,0],"ix":2,"l":2},"a":{"a":0,"k":[189.5,410.5,0],"ix":1,"l":2},"s":{"a":0,"k":[100,100,100],"ix":6,"l":2}},"ao":0,"w":379,"h":821,"ip":-5,"op":295,"st":-5,"bm":0},{"ddd":0,"ind":28,"ty":0,"nm":"Cape Sparkle","parent":31,"refId":"comp_1","sr":1,"ks":{"o":{"a":1,"k":[{"i":{"x":[0.667],"y":[1]},"o":{"x":[0.167],"y":[0]},"t":0,"s":[0]},{"i":{"x":[0.833],"y":[1]},"o":{"x":[0.167],"y":[0]},"t":22,"s":[100]},{"i":{"x":[0.833],"y":[1]},"o":{"x":[0.167],"y":[0]},"t":72,"s":[100]},{"t":96,"s":[0]}],"ix":11},"r":{"a":0,"k":-9.999,"ix":10},"p":{"a":0,"k":[32.261,73.595,0],"ix":2,"l":2},"a":{"a":0,"k":[189.5,410.5,0],"ix":1,"l":2},"s":{"a":0,"k":[100,100,100],"ix":6,"l":2}},"ao":0,"w":379,"h":821,"ip":0,"op":300,"st":0,"bm":0},{"ddd":0,"ind":29,"ty":0,"nm":"Cape Sparkle","parent":32,"refId":"comp_1","sr":1,"ks":{"o":{"a":1,"k":[{"i":{"x":[0.833],"y":[1]},"o":{"x":[0.333],"y":[0]},"t":0,"s":[100]},{"i":{"x":[0.833],"y":[1]},"o":{"x":[0.167],"y":[0]},"t":30,"s":[0]},{"i":{"x":[0.667],"y":[1]},"o":{"x":[0.167],"y":[0]},"t":72,"s":[0]},{"i":{"x":[0.667],"y":[1]},"o":{"x":[0.167],"y":[0]},"t":104,"s":[100]},{"t":159,"s":[100]}],"ix":11},"r":{"a":0,"k":-9.999,"ix":10},"p":{"a":0,"k":[60.678,67.025,0],"ix":2,"l":2},"a":{"a":0,"k":[189.5,410.5,0],"ix":1,"l":2},"s":{"a":0,"k":[100,100,100],"ix":6,"l":2}},"ao":0,"w":379,"h":821,"ip":-6,"op":294,"st":-6,"bm":0},{"ddd":0,"ind":30,"ty":0,"nm":"Cape Sparkle","parent":31,"refId":"comp_1","sr":1,"ks":{"o":{"a":1,"k":[{"i":{"x":[0.833],"y":[1]},"o":{"x":[0.333],"y":[0]},"t":0,"s":[100]},{"i":{"x":[0.833],"y":[1]},"o":{"x":[0.167],"y":[0]},"t":22,"s":[0]},{"i":{"x":[0.667],"y":[1]},"o":{"x":[0.167],"y":[0]},"t":64,"s":[0]},{"t":96,"s":[100]}],"ix":11},"r":{"a":0,"k":-9.999,"ix":10},"p":{"a":0,"k":[43.442,85.136,0],"ix":2,"l":2},"a":{"a":0,"k":[189.5,410.5,0],"ix":1,"l":2},"s":{"a":0,"k":[100,100,100],"ix":6,"l":2}},"ao":0,"w":379,"h":821,"ip":0,"op":300,"st":0,"bm":0},{"ddd":0,"ind":31,"ty":3,"nm":"Fuzz R NULL 3","parent":60,"sr":1,"ks":{"o":{"a":0,"k":0,"ix":11},"r":{"a":1,"k":[{"i":{"x":[0.542],"y":[1]},"o":{"x":[0.473],"y":[0]},"t":0,"s":[1.34]},{"i":{"x":[0.425],"y":[1]},"o":{"x":[0.41],"y":[0]},"t":77,"s":[7.909]},{"t":200,"s":[1.34]}],"ix":10},"p":{"a":0,"k":[-31.5,9.798,0],"ix":2,"l":2},"a":{"a":0,"k":[0,0,0],"ix":1,"l":2},"s":{"a":0,"k":[100,100,100],"ix":6,"l":2}},"ao":0,"ip":0,"op":300,"st":0,"bm":0},{"ddd":0,"ind":32,"ty":3,"nm":"Fuzz R NULL 2","parent":31,"sr":1,"ks":{"o":{"a":0,"k":0,"ix":11},"r":{"a":1,"k":[{"i":{"x":[0.546],"y":[1]},"o":{"x":[0.599],"y":[0]},"t":0,"s":[0]},{"i":{"x":[0.699],"y":[0.365]},"o":{"x":[0.381],"y":[0]},"t":95,"s":[8.082]},{"i":{"x":[0.524],"y":[1]},"o":{"x":[0.248],"y":[0.477]},"t":140,"s":[4.799]},{"t":200,"s":[0]}],"ix":10},"p":{"a":0,"k":[-2,37.5,0],"ix":2,"l":2},"a":{"a":0,"k":[0,0,0],"ix":1,"l":2},"s":{"a":0,"k":[100,100,100],"ix":6,"l":2}},"ao":0,"ip":0,"op":300,"st":0,"bm":0},{"ddd":0,"ind":33,"ty":4,"nm":"Fuzz R 2","parent":32,"sr":1,"ks":{"o":{"a":0,"k":100,"ix":11},"r":{"a":1,"k":[{"i":{"x":[0.564],"y":[1]},"o":{"x":[0.333],"y":[0]},"t":0,"s":[189.781]},{"i":{"x":[0.799],"y":[0.831]},"o":{"x":[0.354],"y":[0]},"t":77,"s":[175.751]},{"i":{"x":[0.667],"y":[1]},"o":{"x":[0.3],"y":[0.699]},"t":154,"s":[187.297]},{"t":200,"s":[189.781]}],"ix":10},"p":{"s":true,"x":{"a":0,"k":-27.94,"ix":3},"y":{"a":0,"k":28.495,"ix":4}},"a":{"a":0,"k":[25.574,-3.64,0],"ix":1,"l":2},"s":{"a":0,"k":[100,100,100],"ix":6,"l":2}},"ao":0,"shapes":[{"ty":"gr","it":[{"ind":0,"ty":"sh","ix":1,"ks":{"a":1,"k":[{"i":{"x":0.48,"y":1},"o":{"x":0.333,"y":0},"t":0,"s":[{"i":[[0,0],[-10.042,1.29],[-5.688,-0.303]],"o":[[6.255,-2.434],[10.296,-1.323],[0,0]],"v":[[-26.109,3.2],[-0.475,-2.565],[26.109,-3.2]],"c":false}]},{"i":{"x":0,"y":0.977},"o":{"x":0.485,"y":0},"t":77,"s":[{"i":[[0,0],[-10.042,1.29],[-5.275,2.014]],"o":[[6.852,0.762],[10.296,-1.323],[0,0]],"v":[[-25.502,4.572],[0.707,3.2],[25.779,-3.328]],"c":false}]},{"i":{"x":0.833,"y":1},"o":{"x":0.333,"y":0},"t":200,"s":[{"i":[[0,0],[-10.042,1.29],[-5.688,-0.303]],"o":[[6.255,-2.434],[10.296,-1.323],[0,0]],"v":[[-26.109,3.2],[-0.475,-2.565],[26.109,-3.2]],"c":false}]},{"t":271,"s":[{"i":[[0,0],[-10.042,1.29],[-5.275,2.014]],"o":[[6.852,0.762],[10.296,-1.323],[0,0]],"v":[[-25.502,4.572],[0.707,3.2],[25.779,-3.328]],"c":false}]}],"ix":2},"nm":"Path 1","mn":"ADBE Vector Shape - Group","hd":false},{"ty":"st","c":{"a":0,"k":[0.853140175343,0.841666698456,1,1],"ix":3},"o":{"a":0,"k":100,"ix":4},"w":{"a":0,"k":13.812,"ix":5},"lc":2,"lj":2,"bm":0,"nm":"Stroke 1","mn":"ADBE Vector Graphic - Stroke","hd":false},{"ty":"tr","p":{"a":0,"k":[0,0],"ix":2},"a":{"a":0,"k":[0,0],"ix":1},"s":{"a":0,"k":[100,100],"ix":3},"r":{"a":0,"k":0,"ix":6},"o":{"a":0,"k":100,"ix":7},"sk":{"a":0,"k":0,"ix":4},"sa":{"a":0,"k":0,"ix":5},"nm":"Transform"}],"nm":"Fuzz R","np":2,"cix":2,"bm":0,"ix":1,"mn":"ADBE Vector Group","hd":false}],"ip":0,"op":300,"st":0,"bm":0},{"ddd":0,"ind":34,"ty":4,"nm":"Cape R 02","parent":31,"sr":1,"ks":{"o":{"a":0,"k":100,"ix":11},"r":{"a":0,"k":0,"ix":10},"p":{"a":0,"k":[0.837,1.013,0],"ix":2,"l":2},"a":{"a":0,"k":[-27.163,-92.987,0],"ix":1,"l":2},"s":{"a":0,"k":[100,100,100],"ix":6,"l":2}},"ao":0,"hasMask":true,"masksProperties":[{"inv":false,"mode":"a","pt":{"a":1,"k":[{"i":{"x":0.833,"y":0.833},"o":{"x":0.333,"y":0},"t":-24,"s":[{"i":[[0,0],[0,0],[0,0],[0,0]],"o":[[0,0],[0,0],[0,0],[0,0]],"v":[[-57.35,-107.685],[-72.903,-29.318],[-3.715,-22.05],[3.609,-88.721]],"c":true}]},{"i":{"x":0.833,"y":0.999},"o":{"x":0.167,"y":0.167},"t":40,"s":[{"i":[[0,0],[0,0],[0,0],[0,0]],"o":[[0,0],[0,0],[0,0],[0,0]],"v":[[-65.602,-111.871],[-81.904,-25.102],[-4.76,-29.73],[3.609,-88.721]],"c":true}]},{"i":{"x":0.223,"y":1},"o":{"x":0.174,"y":0.001},"t":93,"s":[{"i":[[0,0],[0,0],[0,0],[0,0]],"o":[[0,0],[0,0],[0,0],[0,0]],"v":[[-65.602,-111.871],[-67.869,-32.329],[-0.403,-36.42],[3.609,-88.721]],"c":true}]},{"t":200,"s":[{"i":[[0,0],[0,0],[0,0],[0,0]],"o":[[0,0],[0,0],[0,0],[0,0]],"v":[[-57.35,-107.685],[-72.903,-29.318],[-3.715,-22.05],[3.609,-88.721]],"c":true}]}],"ix":1},"o":{"a":0,"k":100,"ix":3},"x":{"a":0,"k":0,"ix":4},"nm":"Mask 1"}],"shapes":[{"ind":0,"ty":"sh","ix":1,"ks":{"a":1,"k":[{"i":{"x":0.341,"y":0.978},"o":{"x":0,"y":0},"t":0,"s":[{"i":[[1,-2.25],[1.382,-18.458],[0,0]],"o":[[-1,2.25],[-1.448,18.914],[0,0]],"v":[[-27.201,-93.26],[-31.833,-59.303],[-32.78,-12.536]],"c":false}]},{"i":{"x":0.667,"y":1},"o":{"x":0.333,"y":0.011},"t":40,"s":[{"i":[[1,-2.25],[2.414,-17.682],[0,0]],"o":[[-1,2.25],[-3.113,22.797],[0,0]],"v":[[-25.598,-101.7],[-34.694,-61.541],[-32.592,-22.459]],"c":false}]},{"i":{"x":0,"y":1},"o":{"x":0.333,"y":0},"t":133,"s":[{"i":[[1,-2.25],[1.788,-22.374],[0,0]],"o":[[-1,2.25],[-6.953,35.624],[0,0]],"v":[[-26.097,-99.073],[-28.623,-62.001],[-48.438,-7.654]],"c":false}]},{"i":{"x":1,"y":1},"o":{"x":0.797,"y":0},"t":159,"s":[{"i":[[1,-2.25],[1.34,-23.097],[0,0]],"o":[[-1,2.25],[-6.877,41.407],[0,0]],"v":[[-26.158,-98.747],[-27.888,-62.102],[-40.671,-10.579]],"c":false}]},{"t":200,"s":[{"i":[[1,-2.25],[1.382,-18.458],[0,0]],"o":[[-1,2.25],[-1.448,18.914],[0,0]],"v":[[-27.201,-93.26],[-31.833,-59.303],[-32.78,-12.536]],"c":false}]}],"ix":2},"nm":"Path 1","mn":"ADBE Vector Shape - Group","hd":false},{"ty":"tm","s":{"a":0,"k":0,"ix":1},"e":{"a":0,"k":100,"ix":2},"o":{"a":0,"k":0,"ix":3},"m":1,"ix":2,"nm":"Trim Paths 1","mn":"ADBE Vector Filter - Trim","hd":false},{"ty":"st","c":{"a":0,"k":[0.415686304429,0.407843167174,0.792156922583,1],"ix":3},"o":{"a":0,"k":100,"ix":4},"w":{"a":0,"k":51,"ix":5},"lc":1,"lj":1,"ml":4,"bm":0,"nm":"Stroke 1","mn":"ADBE Vector Graphic - Stroke","hd":false}],"ip":0,"op":300,"st":0,"bm":0},{"ddd":0,"ind":35,"ty":3,"nm":"Cloak NULL","parent":61,"sr":1,"ks":{"o":{"a":0,"k":0,"ix":11},"r":{"a":0,"k":0,"ix":10},"p":{"a":0,"k":[-0.045,22.614,0],"ix":2,"l":2},"a":{"a":0,"k":[0,0,0],"ix":1,"l":2},"s":{"a":1,"k":[{"i":{"x":[0.667,0.667,0.667],"y":[1,1,1]},"o":{"x":[0.333,0.333,0.333],"y":[0,0,0]},"t":0,"s":[100,100,100]},{"i":{"x":[0.667,0.667,0.667],"y":[1,1,1]},"o":{"x":[0.333,0.333,0.333],"y":[0,0,0]},"t":51,"s":[103,103,100]},{"i":{"x":[0.667,0.667,0.667],"y":[1,1,1]},"o":{"x":[0.333,0.333,0.333],"y":[0,0,0]},"t":122,"s":[98,98,100]},{"t":200,"s":[100,100,100]}],"ix":6,"l":2}},"ao":0,"ip":0,"op":300,"st":0,"bm":0},{"ddd":0,"ind":40,"ty":4,"nm":"Eye Sparkle L","parent":50,"sr":1,"ks":{"o":{"a":0,"k":100,"ix":11},"r":{"a":0,"k":0,"ix":10},"p":{"a":0,"k":[-5.05,2.481,0],"ix":2,"l":2},"a":{"a":0,"k":[0,0,0],"ix":1,"l":2},"s":{"a":1,"k":[{"i":{"x":[0.659,0.659,0.659],"y":[0.474,0.474,1]},"o":{"x":[0.297,0.297,0.297],"y":[0,0,0]},"t":-10,"s":[100,100,100]},{"i":{"x":[0.815,0.815,0.815],"y":[1,1,1]},"o":{"x":[0.425,0.425,0.425],"y":[0.471,0.471,0]},"t":-5,"s":[104.179,104.179,100]},{"i":{"x":[0.667,0.667,0.667],"y":[1,1,1]},"o":{"x":[0.167,0.167,0.167],"y":[0,0,0]},"t":0,"s":[110,110,100]},{"i":{"x":[0.833,0.833,0.833],"y":[1,1,1]},"o":{"x":[0.333,0.333,0.333],"y":[0,0,0]},"t":10,"s":[100,100,100]},{"i":{"x":[0.667,0.667,0.667],"y":[1,1,1]},"o":{"x":[0.167,0.167,0.167],"y":[0,0,0]},"t":20,"s":[110,110,100]},{"i":{"x":[0.833,0.833,0.833],"y":[1,1,1]},"o":{"x":[0.333,0.333,0.333],"y":[0,0,0]},"t":30,"s":[100,100,100]},{"i":{"x":[0.667,0.667,0.667],"y":[1,1,1]},"o":{"x":[0.167,0.167,0.167],"y":[0,0,0]},"t":40,"s":[110,110,100]},{"i":{"x":[0.833,0.833,0.833],"y":[1,1,1]},"o":{"x":[0.333,0.333,0.333],"y":[0,0,0]},"t":50,"s":[100,100,100]},{"i":{"x":[0.667,0.667,0.667],"y":[1,1,1]},"o":{"x":[0.167,0.167,0.167],"y":[0,0,0]},"t":60,"s":[110,110,100]},{"i":{"x":[0.833,0.833,0.833],"y":[1,1,1]},"o":{"x":[0.333,0.333,0.333],"y":[0,0,0]},"t":70,"s":[100,100,100]},{"i":{"x":[0.667,0.667,0.667],"y":[1,1,1]},"o":{"x":[0.167,0.167,0.167],"y":[0,0,0]},"t":80,"s":[110,110,100]},{"i":{"x":[0.833,0.833,0.833],"y":[1,1,1]},"o":{"x":[0.333,0.333,0.333],"y":[0,0,0]},"t":90,"s":[100,100,100]},{"i":{"x":[0.667,0.667,0.667],"y":[1,1,1]},"o":{"x":[0.167,0.167,0.167],"y":[0,0,0]},"t":100,"s":[110,110,100]},{"i":{"x":[0.833,0.833,0.833],"y":[1,1,1]},"o":{"x":[0.333,0.333,0.333],"y":[0,0,0]},"t":110,"s":[100,100,100]},{"i":{"x":[0.667,0.667,0.667],"y":[1,1,1]},"o":{"x":[0.167,0.167,0.167],"y":[0,0,0]},"t":120,"s":[110,110,100]},{"i":{"x":[0.833,0.833,0.833],"y":[1,1,1]},"o":{"x":[0.333,0.333,0.333],"y":[0,0,0]},"t":130,"s":[100,100,100]},{"i":{"x":[0.667,0.667,0.667],"y":[1,1,1]},"o":{"x":[0.167,0.167,0.167],"y":[0,0,0]},"t":140,"s":[110,110,100]},{"i":{"x":[0.833,0.833,0.833],"y":[1,1,1]},"o":{"x":[0.333,0.333,0.333],"y":[0,0,0]},"t":150,"s":[100,100,100]},{"i":{"x":[0.667,0.667,0.667],"y":[1,1,1]},"o":{"x":[0.167,0.167,0.167],"y":[0,0,0]},"t":160,"s":[110,110,100]},{"i":{"x":[0.833,0.833,0.833],"y":[1,1,1]},"o":{"x":[0.333,0.333,0.333],"y":[0,0,0]},"t":170,"s":[100,100,100]},{"i":{"x":[0.667,0.667,0.667],"y":[1,1,1]},"o":{"x":[0.167,0.167,0.167],"y":[0,0,0]},"t":180,"s":[110,110,100]},{"i":{"x":[0.815,0.815,0.815],"y":[1,1,1]},"o":{"x":[0.167,0.167,0.167],"y":[0,0,0]},"t":190,"s":[100,100,100]},{"t":200,"s":[110,110,100]}],"ix":6,"l":2}},"ao":0,"shapes":[{"ty":"gr","it":[{"ind":0,"ty":"sh","ix":1,"ks":{"a":0,"k":{"i":[[0,0],[0,0],[0,0],[0,0]],"o":[[0,0],[0,0],[0,0],[0,0]],"v":[[2.144,0],[0,-2.144],[-2.144,0],[0,2.144]],"c":true},"ix":2},"nm":"Path 1","mn":"ADBE Vector Shape - Group","hd":false},{"ty":"fl","c":{"a":0,"k":[1,1,1,1],"ix":4},"o":{"a":0,"k":100,"ix":5},"r":1,"bm":0,"nm":"Fill 1","mn":"ADBE Vector Graphic - Fill","hd":false},{"ty":"tr","p":{"a":0,"k":[0,0],"ix":2},"a":{"a":0,"k":[0,0],"ix":1},"s":{"a":0,"k":[100,100],"ix":3},"r":{"a":0,"k":0,"ix":6},"o":{"a":0,"k":100,"ix":7},"sk":{"a":0,"k":0,"ix":4},"sa":{"a":0,"k":0,"ix":5},"nm":"Transform"}],"nm":"Eye Sparkle L","np":2,"cix":2,"bm":0,"ix":1,"mn":"ADBE Vector Group","hd":false}],"ip":0,"op":300,"st":0,"bm":0},{"ddd":0,"ind":41,"ty":4,"nm":"Eye Highlight L","parent":50,"sr":1,"ks":{"o":{"a":0,"k":100,"ix":11},"r":{"a":0,"k":0,"ix":10},"p":{"a":0,"k":[2.586,-2.17,0],"ix":2,"l":2},"a":{"a":0,"k":[0,0,0],"ix":1,"l":2},"s":{"a":1,"k":[{"i":{"x":[0.833,0.833,0.833],"y":[1,1,1]},"o":{"x":[0.167,0.167,0.167],"y":[0,0,0]},"t":-5,"s":[100,100,100]},{"i":{"x":[0.667,0.667,0.667],"y":[1,1,1]},"o":{"x":[0.167,0.167,0.167],"y":[0,0,0]},"t":0,"s":[110,110,100]},{"i":{"x":[0.833,0.833,0.833],"y":[1,1,1]},"o":{"x":[0.333,0.333,0.333],"y":[0,0,0]},"t":10,"s":[100,100,100]},{"i":{"x":[0.667,0.667,0.667],"y":[1,1,1]},"o":{"x":[0.167,0.167,0.167],"y":[0,0,0]},"t":20,"s":[110,110,100]},{"i":{"x":[0.833,0.833,0.833],"y":[1,1,1]},"o":{"x":[0.333,0.333,0.333],"y":[0,0,0]},"t":30,"s":[100,100,100]},{"i":{"x":[0.667,0.667,0.667],"y":[1,1,1]},"o":{"x":[0.167,0.167,0.167],"y":[0,0,0]},"t":40,"s":[110,110,100]},{"i":{"x":[0.833,0.833,0.833],"y":[1,1,1]},"o":{"x":[0.333,0.333,0.333],"y":[0,0,0]},"t":50,"s":[100,100,100]},{"i":{"x":[0.667,0.667,0.667],"y":[1,1,1]},"o":{"x":[0.167,0.167,0.167],"y":[0,0,0]},"t":60,"s":[110,110,100]},{"i":{"x":[0.833,0.833,0.833],"y":[1,1,1]},"o":{"x":[0.333,0.333,0.333],"y":[0,0,0]},"t":70,"s":[100,100,100]},{"i":{"x":[0.667,0.667,0.667],"y":[1,1,1]},"o":{"x":[0.167,0.167,0.167],"y":[0,0,0]},"t":80,"s":[110,110,100]},{"i":{"x":[0.833,0.833,0.833],"y":[1,1,1]},"o":{"x":[0.333,0.333,0.333],"y":[0,0,0]},"t":90,"s":[100,100,100]},{"i":{"x":[0.667,0.667,0.667],"y":[1,1,1]},"o":{"x":[0.167,0.167,0.167],"y":[0,0,0]},"t":100,"s":[110,110,100]},{"i":{"x":[0.833,0.833,0.833],"y":[1,1,1]},"o":{"x":[0.333,0.333,0.333],"y":[0,0,0]},"t":110,"s":[100,100,100]},{"i":{"x":[0.667,0.667,0.667],"y":[1,1,1]},"o":{"x":[0.167,0.167,0.167],"y":[0,0,0]},"t":120,"s":[110,110,100]},{"i":{"x":[0.833,0.833,0.833],"y":[1,1,1]},"o":{"x":[0.333,0.333,0.333],"y":[0,0,0]},"t":130,"s":[100,100,100]},{"i":{"x":[0.667,0.667,0.667],"y":[1,1,1]},"o":{"x":[0.167,0.167,0.167],"y":[0,0,0]},"t":140,"s":[110,110,100]},{"i":{"x":[0.833,0.833,0.833],"y":[1,1,1]},"o":{"x":[0.333,0.333,0.333],"y":[0,0,0]},"t":150,"s":[100,100,100]},{"i":{"x":[0.667,0.667,0.667],"y":[1,1,1]},"o":{"x":[0.167,0.167,0.167],"y":[0,0,0]},"t":160,"s":[110,110,100]},{"i":{"x":[0.833,0.833,0.833],"y":[1,1,1]},"o":{"x":[0.333,0.333,0.333],"y":[0,0,0]},"t":170,"s":[100,100,100]},{"i":{"x":[0.667,0.667,0.667],"y":[1,1,1]},"o":{"x":[0.167,0.167,0.167],"y":[0,0,0]},"t":180,"s":[110,110,100]},{"i":{"x":[0.833,0.833,0.833],"y":[1,1,1]},"o":{"x":[0.167,0.167,0.167],"y":[0,0,0]},"t":190,"s":[100,100,100]},{"t":200,"s":[110,110,100]}],"ix":6,"l":2}},"ao":0,"shapes":[{"ty":"gr","it":[{"ind":0,"ty":"sh","ix":1,"ks":{"a":0,"k":{"i":[[-1.43,1.948],[1.948,1.43],[1.43,-1.948],[-1.948,-1.43]],"o":[[1.43,-1.948],[-1.948,-1.43],[-1.43,1.948],[1.948,1.43]],"v":[[3.108,2.418],[2.171,-3.699],[-2.095,-1.32],[-3.009,3.356]],"c":true},"ix":2},"nm":"Path 1","mn":"ADBE Vector Shape - Group","hd":false},{"ty":"fl","c":{"a":0,"k":[0.839215695858,0.831372559071,0.996078431606,1],"ix":4},"o":{"a":0,"k":100,"ix":5},"r":1,"bm":0,"nm":"Fill 1","mn":"ADBE Vector Graphic - Fill","hd":false},{"ty":"tr","p":{"a":0,"k":[0,0],"ix":2},"a":{"a":0,"k":[0,0],"ix":1},"s":{"a":0,"k":[100,100],"ix":3},"r":{"a":0,"k":0,"ix":6},"o":{"a":0,"k":100,"ix":7},"sk":{"a":0,"k":0,"ix":4},"sa":{"a":0,"k":0,"ix":5},"nm":"Transform"}],"nm":"Eye Highlight L","np":2,"cix":2,"bm":0,"ix":1,"mn":"ADBE Vector Group","hd":false}],"ip":0,"op":300,"st":0,"bm":0},{"ddd":0,"ind":42,"ty":4,"nm":"Eye Shine L","parent":50,"sr":1,"ks":{"o":{"a":0,"k":100,"ix":11},"r":{"a":0,"k":0,"ix":10},"p":{"a":0,"k":[-5.05,-8.141,0],"ix":2,"l":2},"a":{"a":0,"k":[0,0,0],"ix":1,"l":2},"s":{"a":1,"k":[{"i":{"x":[0.659,0.659,0.659],"y":[0.474,0.474,1]},"o":{"x":[0.297,0.297,0.297],"y":[0,0,0]},"t":-5,"s":[100,100,100]},{"i":{"x":[0.815,0.815,0.815],"y":[1,1,1]},"o":{"x":[0.425,0.425,0.425],"y":[0.471,0.471,0]},"t":0,"s":[104.179,104.179,100]},{"i":{"x":[0.667,0.667,0.667],"y":[1,1,1]},"o":{"x":[0.167,0.167,0.167],"y":[0,0,0]},"t":5,"s":[110,110,100]},{"i":{"x":[0.833,0.833,0.833],"y":[1,1,1]},"o":{"x":[0.333,0.333,0.333],"y":[0,0,0]},"t":15,"s":[100,100,100]},{"i":{"x":[0.667,0.667,0.667],"y":[1,1,1]},"o":{"x":[0.167,0.167,0.167],"y":[0,0,0]},"t":25,"s":[110,110,100]},{"i":{"x":[0.833,0.833,0.833],"y":[1,1,1]},"o":{"x":[0.333,0.333,0.333],"y":[0,0,0]},"t":35,"s":[100,100,100]},{"i":{"x":[0.667,0.667,0.667],"y":[1,1,1]},"o":{"x":[0.167,0.167,0.167],"y":[0,0,0]},"t":45,"s":[110,110,100]},{"i":{"x":[0.833,0.833,0.833],"y":[1,1,1]},"o":{"x":[0.333,0.333,0.333],"y":[0,0,0]},"t":55,"s":[100,100,100]},{"i":{"x":[0.667,0.667,0.667],"y":[1,1,1]},"o":{"x":[0.167,0.167,0.167],"y":[0,0,0]},"t":65,"s":[110,110,100]},{"i":{"x":[0.833,0.833,0.833],"y":[1,1,1]},"o":{"x":[0.333,0.333,0.333],"y":[0,0,0]},"t":75,"s":[100,100,100]},{"i":{"x":[0.667,0.667,0.667],"y":[1,1,1]},"o":{"x":[0.167,0.167,0.167],"y":[0,0,0]},"t":85,"s":[110,110,100]},{"i":{"x":[0.833,0.833,0.833],"y":[1,1,1]},"o":{"x":[0.333,0.333,0.333],"y":[0,0,0]},"t":95,"s":[100,100,100]},{"i":{"x":[0.667,0.667,0.667],"y":[1,1,1]},"o":{"x":[0.167,0.167,0.167],"y":[0,0,0]},"t":105,"s":[110,110,100]},{"i":{"x":[0.833,0.833,0.833],"y":[1,1,1]},"o":{"x":[0.333,0.333,0.333],"y":[0,0,0]},"t":115,"s":[100,100,100]},{"i":{"x":[0.667,0.667,0.667],"y":[1,1,1]},"o":{"x":[0.167,0.167,0.167],"y":[0,0,0]},"t":125,"s":[110,110,100]},{"i":{"x":[0.833,0.833,0.833],"y":[1,1,1]},"o":{"x":[0.333,0.333,0.333],"y":[0,0,0]},"t":135,"s":[100,100,100]},{"i":{"x":[0.667,0.667,0.667],"y":[1,1,1]},"o":{"x":[0.167,0.167,0.167],"y":[0,0,0]},"t":145,"s":[110,110,100]},{"i":{"x":[0.833,0.833,0.833],"y":[1,1,1]},"o":{"x":[0.333,0.333,0.333],"y":[0,0,0]},"t":155,"s":[100,100,100]},{"i":{"x":[0.667,0.667,0.667],"y":[1,1,1]},"o":{"x":[0.167,0.167,0.167],"y":[0,0,0]},"t":165,"s":[110,110,100]},{"i":{"x":[0.833,0.833,0.833],"y":[1,1,1]},"o":{"x":[0.333,0.333,0.333],"y":[0,0,0]},"t":175,"s":[100,100,100]},{"i":{"x":[0.667,0.667,0.667],"y":[1,1,1]},"o":{"x":[0.167,0.167,0.167],"y":[0,0,0]},"t":185,"s":[110,110,100]},{"i":{"x":[0.659,0.659,0.659],"y":[1,1,1]},"o":{"x":[0.167,0.167,0.167],"y":[0,0,0]},"t":195,"s":[100,100,100]},{"t":200,"s":[104.179,104.179,100]}],"ix":6,"l":2}},"ao":0,"shapes":[{"ty":"gr","it":[{"ind":0,"ty":"sh","ix":1,"ks":{"a":0,"k":{"i":[[-2.975,0],[0,2.975],[2.975,0],[0,-2.975]],"o":[[2.975,0],[0,-2.975],[-2.975,0],[0,2.975]],"v":[[0,5.387],[5.387,0],[0,-5.387],[-5.387,0]],"c":true},"ix":2},"nm":"Path 1","mn":"ADBE Vector Shape - Group","hd":false},{"ty":"fl","c":{"a":0,"k":[1,1,1,1],"ix":4},"o":{"a":0,"k":100,"ix":5},"r":1,"bm":0,"nm":"Fill 1","mn":"ADBE Vector Graphic - Fill","hd":false},{"ty":"tr","p":{"a":0,"k":[0,0],"ix":2},"a":{"a":0,"k":[0,0],"ix":1},"s":{"a":0,"k":[100,100],"ix":3},"r":{"a":0,"k":0,"ix":6},"o":{"a":0,"k":100,"ix":7},"sk":{"a":0,"k":0,"ix":4},"sa":{"a":0,"k":0,"ix":5},"nm":"Transform"}],"nm":"Eye Shine L","np":2,"cix":2,"bm":0,"ix":1,"mn":"ADBE Vector Group","hd":false}],"ip":0,"op":300,"st":0,"bm":0},{"ddd":0,"ind":43,"ty":4,"nm":"Eye Sparkle R","parent":51,"sr":1,"ks":{"o":{"a":0,"k":100,"ix":11},"r":{"a":0,"k":0,"ix":10},"p":{"a":0,"k":[-5.482,2.481,0],"ix":2,"l":2},"a":{"a":0,"k":[0,0,0],"ix":1,"l":2},"s":{"a":1,"k":[{"i":{"x":[0.833,0.833,0.833],"y":[1,1,1]},"o":{"x":[0.333,0.333,0.333],"y":[0,0,0]},"t":-10,"s":[100,100,100]},{"i":{"x":[0.667,0.667,0.667],"y":[1,1,1]},"o":{"x":[0.167,0.167,0.167],"y":[0,0,0]},"t":0,"s":[110,110,100]},{"i":{"x":[0.833,0.833,0.833],"y":[1,1,1]},"o":{"x":[0.333,0.333,0.333],"y":[0,0,0]},"t":10,"s":[100,100,100]},{"i":{"x":[0.667,0.667,0.667],"y":[1,1,1]},"o":{"x":[0.167,0.167,0.167],"y":[0,0,0]},"t":20,"s":[110,110,100]},{"i":{"x":[0.833,0.833,0.833],"y":[1,1,1]},"o":{"x":[0.333,0.333,0.333],"y":[0,0,0]},"t":30,"s":[100,100,100]},{"i":{"x":[0.667,0.667,0.667],"y":[1,1,1]},"o":{"x":[0.167,0.167,0.167],"y":[0,0,0]},"t":40,"s":[110,110,100]},{"i":{"x":[0.833,0.833,0.833],"y":[1,1,1]},"o":{"x":[0.333,0.333,0.333],"y":[0,0,0]},"t":50,"s":[100,100,100]},{"i":{"x":[0.667,0.667,0.667],"y":[1,1,1]},"o":{"x":[0.167,0.167,0.167],"y":[0,0,0]},"t":60,"s":[110,110,100]},{"i":{"x":[0.833,0.833,0.833],"y":[1,1,1]},"o":{"x":[0.333,0.333,0.333],"y":[0,0,0]},"t":70,"s":[100,100,100]},{"i":{"x":[0.667,0.667,0.667],"y":[1,1,1]},"o":{"x":[0.167,0.167,0.167],"y":[0,0,0]},"t":80,"s":[110,110,100]},{"i":{"x":[0.833,0.833,0.833],"y":[1,1,1]},"o":{"x":[0.333,0.333,0.333],"y":[0,0,0]},"t":90,"s":[100,100,100]},{"i":{"x":[0.667,0.667,0.667],"y":[1,1,1]},"o":{"x":[0.167,0.167,0.167],"y":[0,0,0]},"t":100,"s":[110,110,100]},{"i":{"x":[0.833,0.833,0.833],"y":[1,1,1]},"o":{"x":[0.333,0.333,0.333],"y":[0,0,0]},"t":110,"s":[100,100,100]},{"i":{"x":[0.667,0.667,0.667],"y":[1,1,1]},"o":{"x":[0.167,0.167,0.167],"y":[0,0,0]},"t":120,"s":[110,110,100]},{"i":{"x":[0.833,0.833,0.833],"y":[1,1,1]},"o":{"x":[0.333,0.333,0.333],"y":[0,0,0]},"t":130,"s":[100,100,100]},{"i":{"x":[0.667,0.667,0.667],"y":[1,1,1]},"o":{"x":[0.167,0.167,0.167],"y":[0,0,0]},"t":140,"s":[110,110,100]},{"i":{"x":[0.833,0.833,0.833],"y":[1,1,1]},"o":{"x":[0.333,0.333,0.333],"y":[0,0,0]},"t":150,"s":[100,100,100]},{"i":{"x":[0.667,0.667,0.667],"y":[1,1,1]},"o":{"x":[0.167,0.167,0.167],"y":[0,0,0]},"t":160,"s":[110,110,100]},{"i":{"x":[0.833,0.833,0.833],"y":[1,1,1]},"o":{"x":[0.333,0.333,0.333],"y":[0,0,0]},"t":170,"s":[100,100,100]},{"i":{"x":[0.667,0.667,0.667],"y":[1,1,1]},"o":{"x":[0.167,0.167,0.167],"y":[0,0,0]},"t":180,"s":[110,110,100]},{"i":{"x":[0.833,0.833,0.833],"y":[1,1,1]},"o":{"x":[0.167,0.167,0.167],"y":[0,0,0]},"t":190,"s":[100,100,100]},{"t":200,"s":[110,110,100]}],"ix":6,"l":2}},"ao":0,"shapes":[{"ty":"gr","it":[{"ind":0,"ty":"sh","ix":1,"ks":{"a":0,"k":{"i":[[0,0],[0,0],[0,0],[0,0]],"o":[[0,0],[0,0],[0,0],[0,0]],"v":[[2.144,0],[0,-2.144],[-2.144,0],[0,2.144]],"c":true},"ix":2},"nm":"Path 1","mn":"ADBE Vector Shape - Group","hd":false},{"ty":"fl","c":{"a":0,"k":[1,1,1,1],"ix":4},"o":{"a":0,"k":100,"ix":5},"r":1,"bm":0,"nm":"Fill 1","mn":"ADBE Vector Graphic - Fill","hd":false},{"ty":"tr","p":{"a":0,"k":[0,0],"ix":2},"a":{"a":0,"k":[0,0],"ix":1},"s":{"a":0,"k":[100,100],"ix":3},"r":{"a":0,"k":0,"ix":6},"o":{"a":0,"k":100,"ix":7},"sk":{"a":0,"k":0,"ix":4},"sa":{"a":0,"k":0,"ix":5},"nm":"Transform"}],"nm":"Eye Sparkle R","np":2,"cix":2,"bm":0,"ix":1,"mn":"ADBE Vector Group","hd":false}],"ip":0,"op":300,"st":0,"bm":0},{"ddd":0,"ind":44,"ty":4,"nm":"Eye Highlight R","parent":51,"sr":1,"ks":{"o":{"a":0,"k":100,"ix":11},"r":{"a":0,"k":0,"ix":10},"p":{"a":0,"k":[2.747,-2.17,0],"ix":2,"l":2},"a":{"a":0,"k":[0,0,0],"ix":1,"l":2},"s":{"a":1,"k":[{"i":{"x":[0.833,0.833,0.833],"y":[1,1,1]},"o":{"x":[0.167,0.167,0.167],"y":[0,0,0]},"t":0,"s":[100,100,100]},{"i":{"x":[0.667,0.667,0.667],"y":[1,1,1]},"o":{"x":[0.167,0.167,0.167],"y":[0,0,0]},"t":5,"s":[110,110,100]},{"i":{"x":[0.833,0.833,0.833],"y":[1,1,1]},"o":{"x":[0.333,0.333,0.333],"y":[0,0,0]},"t":15,"s":[100,100,100]},{"i":{"x":[0.667,0.667,0.667],"y":[1,1,1]},"o":{"x":[0.167,0.167,0.167],"y":[0,0,0]},"t":25,"s":[110,110,100]},{"i":{"x":[0.833,0.833,0.833],"y":[1,1,1]},"o":{"x":[0.333,0.333,0.333],"y":[0,0,0]},"t":35,"s":[100,100,100]},{"i":{"x":[0.667,0.667,0.667],"y":[1,1,1]},"o":{"x":[0.167,0.167,0.167],"y":[0,0,0]},"t":45,"s":[110,110,100]},{"i":{"x":[0.833,0.833,0.833],"y":[1,1,1]},"o":{"x":[0.333,0.333,0.333],"y":[0,0,0]},"t":55,"s":[100,100,100]},{"i":{"x":[0.667,0.667,0.667],"y":[1,1,1]},"o":{"x":[0.167,0.167,0.167],"y":[0,0,0]},"t":65,"s":[110,110,100]},{"i":{"x":[0.833,0.833,0.833],"y":[1,1,1]},"o":{"x":[0.333,0.333,0.333],"y":[0,0,0]},"t":75,"s":[100,100,100]},{"i":{"x":[0.667,0.667,0.667],"y":[1,1,1]},"o":{"x":[0.167,0.167,0.167],"y":[0,0,0]},"t":85,"s":[110,110,100]},{"i":{"x":[0.833,0.833,0.833],"y":[1,1,1]},"o":{"x":[0.333,0.333,0.333],"y":[0,0,0]},"t":95,"s":[100,100,100]},{"i":{"x":[0.667,0.667,0.667],"y":[1,1,1]},"o":{"x":[0.167,0.167,0.167],"y":[0,0,0]},"t":105,"s":[110,110,100]},{"i":{"x":[0.833,0.833,0.833],"y":[1,1,1]},"o":{"x":[0.333,0.333,0.333],"y":[0,0,0]},"t":115,"s":[100,100,100]},{"i":{"x":[0.667,0.667,0.667],"y":[1,1,1]},"o":{"x":[0.167,0.167,0.167],"y":[0,0,0]},"t":125,"s":[110,110,100]},{"i":{"x":[0.833,0.833,0.833],"y":[1,1,1]},"o":{"x":[0.333,0.333,0.333],"y":[0,0,0]},"t":135,"s":[100,100,100]},{"i":{"x":[0.667,0.667,0.667],"y":[1,1,1]},"o":{"x":[0.167,0.167,0.167],"y":[0,0,0]},"t":145,"s":[110,110,100]},{"i":{"x":[0.833,0.833,0.833],"y":[1,1,1]},"o":{"x":[0.333,0.333,0.333],"y":[0,0,0]},"t":155,"s":[100,100,100]},{"i":{"x":[0.667,0.667,0.667],"y":[1,1,1]},"o":{"x":[0.167,0.167,0.167],"y":[0,0,0]},"t":165,"s":[110,110,100]},{"i":{"x":[0.833,0.833,0.833],"y":[1,1,1]},"o":{"x":[0.333,0.333,0.333],"y":[0,0,0]},"t":175,"s":[100,100,100]},{"i":{"x":[0.667,0.667,0.667],"y":[1,1,1]},"o":{"x":[0.167,0.167,0.167],"y":[0,0,0]},"t":185,"s":[110,110,100]},{"i":{"x":[0.833,0.833,0.833],"y":[1,1,1]},"o":{"x":[0.167,0.167,0.167],"y":[0,0,0]},"t":195,"s":[100,100,100]},{"t":200,"s":[100,100,100]}],"ix":6,"l":2}},"ao":0,"shapes":[{"ty":"gr","it":[{"ind":0,"ty":"sh","ix":1,"ks":{"a":0,"k":{"i":[[-1.43,1.948],[1.948,1.43],[1.43,-1.948],[-1.948,-1.43]],"o":[[1.43,-1.948],[-1.948,-1.43],[-1.43,1.948],[1.948,1.43]],"v":[[3.108,2.418],[2.171,-3.699],[-2.095,-1.32],[-3.009,3.356]],"c":true},"ix":2},"nm":"Path 1","mn":"ADBE Vector Shape - Group","hd":false},{"ty":"fl","c":{"a":0,"k":[0.884002804756,0.874940514565,1,1],"ix":4},"o":{"a":0,"k":100,"ix":5},"r":1,"bm":0,"nm":"Fill 1","mn":"ADBE Vector Graphic - Fill","hd":false},{"ty":"tr","p":{"a":0,"k":[0,0],"ix":2},"a":{"a":0,"k":[0,0],"ix":1},"s":{"a":0,"k":[100,100],"ix":3},"r":{"a":0,"k":0,"ix":6},"o":{"a":0,"k":100,"ix":7},"sk":{"a":0,"k":0,"ix":4},"sa":{"a":0,"k":0,"ix":5},"nm":"Transform"}],"nm":"Eye Highlight R","np":2,"cix":2,"bm":0,"ix":1,"mn":"ADBE Vector Group","hd":false}],"ip":0,"op":300,"st":0,"bm":0},{"ddd":0,"ind":45,"ty":4,"nm":"Eye Shine R","parent":51,"sr":1,"ks":{"o":{"a":0,"k":100,"ix":11},"r":{"a":0,"k":0,"ix":10},"p":{"a":0,"k":[-5.241,-8.438,0],"ix":2,"l":2},"a":{"a":0,"k":[0,0,0],"ix":1,"l":2},"s":{"a":1,"k":[{"i":{"x":[0.833,0.833,0.833],"y":[1,1,1]},"o":{"x":[0.333,0.333,0.333],"y":[0,0,0]},"t":0,"s":[100,100,100]},{"i":{"x":[0.667,0.667,0.667],"y":[1,1,1]},"o":{"x":[0.167,0.167,0.167],"y":[0,0,0]},"t":10,"s":[110,110,100]},{"i":{"x":[0.833,0.833,0.833],"y":[1,1,1]},"o":{"x":[0.333,0.333,0.333],"y":[0,0,0]},"t":20,"s":[100,100,100]},{"i":{"x":[0.667,0.667,0.667],"y":[1,1,1]},"o":{"x":[0.167,0.167,0.167],"y":[0,0,0]},"t":30,"s":[110,110,100]},{"i":{"x":[0.833,0.833,0.833],"y":[1,1,1]},"o":{"x":[0.333,0.333,0.333],"y":[0,0,0]},"t":40,"s":[100,100,100]},{"i":{"x":[0.667,0.667,0.667],"y":[1,1,1]},"o":{"x":[0.167,0.167,0.167],"y":[0,0,0]},"t":50,"s":[110,110,100]},{"i":{"x":[0.833,0.833,0.833],"y":[1,1,1]},"o":{"x":[0.333,0.333,0.333],"y":[0,0,0]},"t":60,"s":[100,100,100]},{"i":{"x":[0.667,0.667,0.667],"y":[1,1,1]},"o":{"x":[0.167,0.167,0.167],"y":[0,0,0]},"t":70,"s":[110,110,100]},{"i":{"x":[0.833,0.833,0.833],"y":[1,1,1]},"o":{"x":[0.333,0.333,0.333],"y":[0,0,0]},"t":80,"s":[100,100,100]},{"i":{"x":[0.667,0.667,0.667],"y":[1,1,1]},"o":{"x":[0.167,0.167,0.167],"y":[0,0,0]},"t":90,"s":[110,110,100]},{"i":{"x":[0.833,0.833,0.833],"y":[1,1,1]},"o":{"x":[0.333,0.333,0.333],"y":[0,0,0]},"t":100,"s":[100,100,100]},{"i":{"x":[0.667,0.667,0.667],"y":[1,1,1]},"o":{"x":[0.167,0.167,0.167],"y":[0,0,0]},"t":110,"s":[110,110,100]},{"i":{"x":[0.833,0.833,0.833],"y":[1,1,1]},"o":{"x":[0.333,0.333,0.333],"y":[0,0,0]},"t":120,"s":[100,100,100]},{"i":{"x":[0.667,0.667,0.667],"y":[1,1,1]},"o":{"x":[0.167,0.167,0.167],"y":[0,0,0]},"t":130,"s":[110,110,100]},{"i":{"x":[0.833,0.833,0.833],"y":[1,1,1]},"o":{"x":[0.333,0.333,0.333],"y":[0,0,0]},"t":140,"s":[100,100,100]},{"i":{"x":[0.667,0.667,0.667],"y":[1,1,1]},"o":{"x":[0.167,0.167,0.167],"y":[0,0,0]},"t":150,"s":[110,110,100]},{"i":{"x":[0.833,0.833,0.833],"y":[1,1,1]},"o":{"x":[0.333,0.333,0.333],"y":[0,0,0]},"t":160,"s":[100,100,100]},{"i":{"x":[0.667,0.667,0.667],"y":[1,1,1]},"o":{"x":[0.167,0.167,0.167],"y":[0,0,0]},"t":170,"s":[110,110,100]},{"i":{"x":[0.833,0.833,0.833],"y":[1,1,1]},"o":{"x":[0.333,0.333,0.333],"y":[0,0,0]},"t":180,"s":[100,100,100]},{"i":{"x":[0.667,0.667,0.667],"y":[1,1,1]},"o":{"x":[0.167,0.167,0.167],"y":[0,0,0]},"t":190,"s":[110,110,100]},{"t":200,"s":[100,100,100]}],"ix":6,"l":2}},"ao":0,"shapes":[{"ty":"gr","it":[{"ind":0,"ty":"sh","ix":1,"ks":{"a":0,"k":{"i":[[-3.139,0],[0,3.139],[3.139,0],[0,-3.139]],"o":[[3.139,0],[0,-3.139],[-3.139,0],[0,3.139]],"v":[[0,5.684],[5.684,0],[0,-5.684],[-5.684,0]],"c":true},"ix":2},"nm":"Path 1","mn":"ADBE Vector Shape - Group","hd":false},{"ty":"fl","c":{"a":0,"k":[1,1,1,1],"ix":4},"o":{"a":0,"k":100,"ix":5},"r":1,"bm":0,"nm":"Fill 1","mn":"ADBE Vector Graphic - Fill","hd":false},{"ty":"tr","p":{"a":0,"k":[0,0],"ix":2},"a":{"a":0,"k":[0,0],"ix":1},"s":{"a":0,"k":[100,100],"ix":3},"r":{"a":0,"k":0,"ix":6},"o":{"a":0,"k":100,"ix":7},"sk":{"a":0,"k":0,"ix":4},"sa":{"a":0,"k":0,"ix":5},"nm":"Transform"}],"nm":"Eye Shine R","np":2,"cix":2,"bm":0,"ix":1,"mn":"ADBE Vector Group","hd":false}],"ip":0,"op":300,"st":0,"bm":0},{"ddd":0,"ind":46,"ty":4,"nm":"Beak Shine","parent":47,"sr":1,"ks":{"o":{"a":0,"k":100,"ix":11},"r":{"a":0,"k":0,"ix":10},"p":{"a":0,"k":[-0.118,-1.933,0],"ix":2,"l":2},"a":{"a":0,"k":[0,0,0],"ix":1,"l":2},"s":{"a":0,"k":[100,100,100],"ix":6,"l":2}},"ao":0,"shapes":[{"ty":"gr","it":[{"ind":0,"ty":"sh","ix":1,"ks":{"a":0,"k":{"i":[[0,0],[0.677,-0.292]],"o":[[-1.396,-0.501],[0,0]],"v":[[1.967,0.151],[-1.967,0.151]],"c":false},"ix":2},"nm":"Path 1","mn":"ADBE Vector Shape - Group","hd":false},{"ty":"st","c":{"a":0,"k":[0.734789013863,0.75819003582,1,1],"ix":3},"o":{"a":0,"k":100,"ix":4},"w":{"a":0,"k":3.027,"ix":5},"lc":2,"lj":2,"bm":0,"nm":"Stroke 1","mn":"ADBE Vector Graphic - Stroke","hd":false},{"ty":"tr","p":{"a":0,"k":[0,0],"ix":2},"a":{"a":0,"k":[0,0],"ix":1},"s":{"a":0,"k":[100,100],"ix":3},"r":{"a":0,"k":0,"ix":6},"o":{"a":0,"k":100,"ix":7},"sk":{"a":0,"k":0,"ix":4},"sa":{"a":0,"k":0,"ix":5},"nm":"Transform"}],"nm":"Beak Shine","np":2,"cix":2,"bm":0,"ix":1,"mn":"ADBE Vector Group","hd":false}],"ip":0,"op":300,"st":0,"bm":0},{"ddd":0,"ind":47,"ty":4,"nm":"Beak top","parent":58,"sr":1,"ks":{"o":{"a":0,"k":100,"ix":11},"r":{"a":0,"k":0,"ix":10},"p":{"a":0,"k":[-0.49,12.177,0],"ix":2,"l":2},"a":{"a":0,"k":[0,0,0],"ix":1,"l":2},"s":{"a":0,"k":[100,100,100],"ix":6,"l":2}},"ao":0,"shapes":[{"ty":"gr","it":[{"ind":0,"ty":"sh","ix":1,"ks":{"a":0,"k":{"i":[[0,0],[0.088,0.342],[4.867,0],[1.158,-4.506],[-0.351,-0.039],[0,0]],"o":[[0.351,-0.039],[-1.158,-4.506],[-4.867,0],[-0.088,0.342],[0,0],[0,0]],"v":[[9.607,3.739],[10.114,3.028],[0,-4.808],[-10.114,3.028],[-9.607,3.739],[0,4.808]],"c":true},"ix":2},"nm":"Path 1","mn":"ADBE Vector Shape - Group","hd":false},{"ty":"fl","c":{"a":0,"k":[0.447289049625,0.494787633419,1,1],"ix":4},"o":{"a":0,"k":100,"ix":5},"r":1,"bm":0,"nm":"Fill 1","mn":"ADBE Vector Graphic - Fill","hd":false},{"ty":"tr","p":{"a":0,"k":[0,0],"ix":2},"a":{"a":0,"k":[0,0],"ix":1},"s":{"a":0,"k":[100,100],"ix":3},"r":{"a":0,"k":0,"ix":6},"o":{"a":0,"k":100,"ix":7},"sk":{"a":0,"k":0,"ix":4},"sa":{"a":0,"k":0,"ix":5},"nm":"Transform"}],"nm":"Beak top","np":2,"cix":2,"bm":0,"ix":1,"mn":"ADBE Vector Group","hd":false}],"ip":0,"op":300,"st":0,"bm":0},{"ddd":0,"ind":48,"ty":4,"nm":"Mouth","parent":49,"sr":1,"ks":{"o":{"a":0,"k":100,"ix":11},"r":{"a":0,"k":0,"ix":10},"p":{"a":0,"k":[0,-1.383,0],"ix":2,"l":2},"a":{"a":0,"k":[0,0,0],"ix":1,"l":2},"s":{"a":0,"k":[100,100,100],"ix":6,"l":2}},"ao":0,"shapes":[{"ty":"gr","it":[{"ind":0,"ty":"sh","ix":1,"ks":{"a":0,"k":{"i":[[3.21,0],[0,-3.21],[0,0],[-3.21,0],[0,3.21],[0,0]],"o":[[-3.21,0],[0,0],[0,3.21],[3.21,0],[0,0],[0,-3.21]],"v":[[0,-10.884],[-5.811,-5.072],[-5.811,5.072],[0,10.884],[5.811,5.072],[5.811,-5.072]],"c":true},"ix":2},"nm":"Path 1","mn":"ADBE Vector Shape - Group","hd":false},{"ty":"fl","c":{"a":0,"k":[0.133333340287,0.129411771894,0.317647069693,1],"ix":4},"o":{"a":0,"k":100,"ix":5},"r":1,"bm":0,"nm":"Fill 1","mn":"ADBE Vector Graphic - Fill","hd":false},{"ty":"tr","p":{"a":0,"k":[0,0],"ix":2},"a":{"a":0,"k":[0,0],"ix":1},"s":{"a":0,"k":[100,100],"ix":3},"r":{"a":0,"k":0,"ix":6},"o":{"a":0,"k":100,"ix":7},"sk":{"a":0,"k":0,"ix":4},"sa":{"a":0,"k":0,"ix":5},"nm":"Transform"}],"nm":"Mouth","np":2,"cix":2,"bm":0,"ix":1,"mn":"ADBE Vector Group","hd":false}],"ip":0,"op":300,"st":0,"bm":0},{"ddd":0,"ind":49,"ty":4,"nm":"Beak bot","parent":47,"sr":1,"ks":{"o":{"a":0,"k":100,"ix":11},"r":{"a":0,"k":0,"ix":10},"p":{"a":0,"k":[-0.136,10.335,0],"ix":2,"l":2},"a":{"a":0,"k":[0,0,0],"ix":1,"l":2},"s":{"a":0,"k":[100,100,100],"ix":6,"l":2}},"ao":0,"shapes":[{"ty":"gr","it":[{"ind":0,"ty":"sh","ix":1,"ks":{"a":0,"k":{"i":[[3.814,0],[0,-3.814],[0,0],[-3.814,0],[0,3.814],[0,0]],"o":[[-3.814,0],[0,0],[0,3.814],[3.814,0],[0,0],[0,-3.814]],"v":[[0,-15.144],[-6.906,-8.237],[-6.906,8.237],[0,15.144],[6.906,8.237],[6.906,-8.237]],"c":true},"ix":2},"nm":"Path 1","mn":"ADBE Vector Shape - Group","hd":false},{"ty":"rd","nm":"Round Corners 1","r":{"a":0,"k":6.906,"ix":1},"ix":2,"mn":"ADBE Vector Filter - RC","hd":false},{"ty":"fl","c":{"a":0,"k":[0.248619824648,0.287654787302,0.691015601158,1],"ix":4},"o":{"a":0,"k":100,"ix":5},"r":1,"bm":0,"nm":"Fill 1","mn":"ADBE Vector Graphic - Fill","hd":false},{"ty":"tr","p":{"a":0,"k":[0,0],"ix":2},"a":{"a":0,"k":[0,0],"ix":1},"s":{"a":0,"k":[100,100],"ix":3},"r":{"a":0,"k":0,"ix":6},"o":{"a":0,"k":100,"ix":7},"sk":{"a":0,"k":0,"ix":4},"sa":{"a":0,"k":0,"ix":5},"nm":"Transform"}],"nm":"Beak bot","np":3,"cix":2,"bm":0,"ix":1,"mn":"ADBE Vector Group","hd":false}],"ip":0,"op":300,"st":0,"bm":0},{"ddd":0,"ind":50,"ty":4,"nm":"Pupil L","parent":52,"sr":1,"ks":{"o":{"a":0,"k":100,"ix":11},"r":{"a":0,"k":0,"ix":10},"p":{"a":0,"k":[-1.908,-2.358,0],"ix":2,"l":2},"a":{"a":0,"k":[0,0,0],"ix":1,"l":2},"s":{"a":0,"k":[100,100,100],"ix":6,"l":2}},"ao":0,"shapes":[{"ty":"gr","it":[{"ind":0,"ty":"sh","ix":1,"ks":{"a":0,"k":{"i":[[7.671,0],[0,-7.671],[0,0],[-7.671,0],[0,7.671],[0,0]],"o":[[-7.671,0],[0,0],[0,7.671],[7.671,0],[0,0],[0,-7.671]],"v":[[0,-14.122],[-13.889,-0.233],[-13.889,0.233],[0,14.122],[13.889,0.233],[13.889,-0.233]],"c":true},"ix":2},"nm":"Path 1","mn":"ADBE Vector Shape - Group","hd":false},{"ty":"fl","c":{"a":0,"k":[0.159768238664,0.154673501849,0.399218738079,1],"ix":4},"o":{"a":0,"k":100,"ix":5},"r":1,"bm":0,"nm":"Fill 1","mn":"ADBE Vector Graphic - Fill","hd":false},{"ty":"tr","p":{"a":0,"k":[0,0],"ix":2},"a":{"a":0,"k":[0,0],"ix":1},"s":{"a":0,"k":[100,100],"ix":3},"r":{"a":0,"k":0,"ix":6},"o":{"a":0,"k":100,"ix":7},"sk":{"a":0,"k":0,"ix":4},"sa":{"a":0,"k":0,"ix":5},"nm":"Transform"}],"nm":"Pupil L","np":2,"cix":2,"bm":0,"ix":1,"mn":"ADBE Vector Group","hd":false}],"ip":0,"op":300,"st":0,"bm":0},{"ddd":0,"ind":51,"ty":4,"nm":"Pupil R","parent":53,"sr":1,"ks":{"o":{"a":0,"k":100,"ix":11},"r":{"a":0,"k":0,"ix":10},"p":{"a":0,"k":[1.536,-2.358,0],"ix":2,"l":2},"a":{"a":0,"k":[0,0,0],"ix":1,"l":2},"s":{"a":0,"k":[100,100,100],"ix":6,"l":2}},"ao":0,"shapes":[{"ty":"gr","it":[{"ind":0,"ty":"sh","ix":1,"ks":{"a":0,"k":{"i":[[7.671,0],[0,-7.671],[0,0],[-7.671,0],[0,7.671],[0,0]],"o":[[-7.671,0],[0,0],[0,7.671],[7.671,0],[0,0],[0,-7.671]],"v":[[0,-14.122],[-13.889,-0.233],[-13.889,0.233],[0,14.122],[13.889,0.233],[13.889,-0.233]],"c":true},"ix":2},"nm":"Path 1","mn":"ADBE Vector Shape - Group","hd":false},{"ty":"fl","c":{"a":0,"k":[0.159768238664,0.154673501849,0.399218738079,1],"ix":4},"o":{"a":0,"k":100,"ix":5},"r":1,"bm":0,"nm":"Fill 1","mn":"ADBE Vector Graphic - Fill","hd":false},{"ty":"tr","p":{"a":0,"k":[0,0],"ix":2},"a":{"a":0,"k":[0,0],"ix":1},"s":{"a":0,"k":[100,100],"ix":3},"r":{"a":0,"k":0,"ix":6},"o":{"a":0,"k":100,"ix":7},"sk":{"a":0,"k":0,"ix":4},"sa":{"a":0,"k":0,"ix":5},"nm":"Transform"}],"nm":"Pupil R","np":2,"cix":2,"bm":0,"ix":1,"mn":"ADBE Vector Group","hd":false}],"ip":0,"op":300,"st":0,"bm":0},{"ddd":0,"ind":52,"ty":4,"nm":"Eye L","parent":58,"sr":1,"ks":{"o":{"a":0,"k":100,"ix":11},"r":{"a":0,"k":0,"ix":10},"p":{"a":0,"k":[24.995,1.77,0],"ix":2,"l":2},"a":{"a":0,"k":[0,0,0],"ix":1,"l":2},"s":{"a":0,"k":[100,100,100],"ix":6,"l":2}},"ao":0,"shapes":[{"ty":"gr","it":[{"ind":0,"ty":"sh","ix":1,"ks":{"a":0,"k":{"i":[[9.8,0],[0,-9.8],[0,0],[-9.8,0],[0,9.8],[0,0]],"o":[[-9.8,0],[0,0],[0,9.8],[9.8,0],[0,0],[0,-9.8]],"v":[[0,-18.614],[-17.744,-0.87],[-17.744,0.87],[0,18.614],[17.744,0.87],[17.744,-0.87]],"c":true},"ix":2},"nm":"Path 1","mn":"ADBE Vector Shape - Group","hd":false},{"ty":"fl","c":{"a":0,"k":[0.827450990677,0.819607853889,0.992156863213,1],"ix":4},"o":{"a":0,"k":100,"ix":5},"r":1,"bm":0,"nm":"Fill 1","mn":"ADBE Vector Graphic - Fill","hd":false},{"ty":"tr","p":{"a":0,"k":[0,0],"ix":2},"a":{"a":0,"k":[0,0],"ix":1},"s":{"a":0,"k":[100,100],"ix":3},"r":{"a":0,"k":0,"ix":6},"o":{"a":0,"k":100,"ix":7},"sk":{"a":0,"k":0,"ix":4},"sa":{"a":0,"k":0,"ix":5},"nm":"Transform"}],"nm":"Eye L","np":2,"cix":2,"bm":0,"ix":1,"mn":"ADBE Vector Group","hd":false}],"ip":0,"op":300,"st":0,"bm":0},{"ddd":0,"ind":53,"ty":4,"nm":"Eye R","parent":58,"sr":1,"ks":{"o":{"a":0,"k":100,"ix":11},"r":{"a":0,"k":0,"ix":10},"p":{"a":0,"k":[-25.498,1.77,0],"ix":2,"l":2},"a":{"a":0,"k":[0,0,0],"ix":1,"l":2},"s":{"a":0,"k":[100,100,100],"ix":6,"l":2}},"ao":0,"shapes":[{"ty":"gr","it":[{"ind":0,"ty":"sh","ix":1,"ks":{"a":0,"k":{"i":[[9.8,0],[0,-9.8],[0,0],[-9.8,0],[0,9.8],[0,0]],"o":[[-9.8,0],[0,0],[0,9.8],[9.8,0],[0,0],[0,-9.8]],"v":[[0,-18.614],[-17.744,-0.87],[-17.744,0.87],[0,18.614],[17.744,0.87],[17.744,-0.87]],"c":true},"ix":2},"nm":"Path 1","mn":"ADBE Vector Shape - Group","hd":false},{"ty":"fl","c":{"a":0,"k":[0.827450990677,0.819607853889,0.992156863213,1],"ix":4},"o":{"a":0,"k":100,"ix":5},"r":1,"bm":0,"nm":"Fill 1","mn":"ADBE Vector Graphic - Fill","hd":false},{"ty":"tr","p":{"a":0,"k":[0,0],"ix":2},"a":{"a":0,"k":[0,0],"ix":1},"s":{"a":0,"k":[100,100],"ix":3},"r":{"a":0,"k":0,"ix":6},"o":{"a":0,"k":100,"ix":7},"sk":{"a":0,"k":0,"ix":4},"sa":{"a":0,"k":0,"ix":5},"nm":"Transform"}],"nm":"Eye R","np":2,"cix":2,"bm":0,"ix":1,"mn":"ADBE Vector Group","hd":false}],"ip":0,"op":300,"st":0,"bm":0},{"ddd":0,"ind":54,"ty":4,"nm":"Mask","parent":58,"sr":1,"ks":{"o":{"a":0,"k":100,"ix":11},"r":{"a":0,"k":0,"ix":10},"p":{"a":0,"k":[-0.607,-2.855,0],"ix":2,"l":2},"a":{"a":0,"k":[0,0,0],"ix":1,"l":2},"s":{"a":0,"k":[100,100,100],"ix":6,"l":2}},"ao":0,"shapes":[{"ty":"gr","it":[{"ind":0,"ty":"sh","ix":1,"ks":{"a":0,"k":{"i":[[5.765,5.503],[0,0],[0.609,-1.035],[-0.49,-3.025],[0.052,-0.008],[0,0],[0.573,-0.973],[-0.437,-2.819],[0,-7.094],[0,0],[-11.534,0],[-3.281,7.236],[-1.395,0.004],[-1.671,-0.004],[-8.476,0],[0,11.534],[0,0],[5.169,3.801],[1.514,2.631],[0.827,-0.92],[0,0],[1.527,2.654],[0.827,-0.92],[0,0],[0.121,-0.111]],"o":[[0,0],[-0.801,-0.901],[-1.605,2.725],[-0.052,0.008],[0,0],[-0.754,-0.847],[-1.494,2.537],[-5.406,3.774],[0,0],[0,11.534],[8.462,0],[3.105,-0.014],[2.949,-0.009],[3.273,7.254],[11.534,0],[0,0],[0,-6.908],[0.356,-2.917],[-0.616,-1.071],[0,0],[0.375,-2.941],[-0.616,-1.071],[0,0],[-0.112,0.078],[-6.253,5.707]],"v":[[-10.783,-14.884],[-24.412,-30.207],[-27.27,-29.936],[-28.924,-21.032],[-29.079,-21.009],[-33.56,-26.048],[-36.248,-25.793],[-37.818,-17.505],[-46.762,-0.369],[-46.762,9.921],[-25.878,30.805],[-6.848,18.537],[-0.098,18.509],[6.833,18.502],[25.878,30.805],[46.762,9.921],[46.762,-0.369],[38.238,-17.204],[36.516,-25.759],[33.593,-26.064],[29.246,-21.225],[27.534,-29.855],[24.61,-30.16],[11.418,-15.474],[11.069,-15.19]],"c":true},"ix":2},"nm":"Path 1","mn":"ADBE Vector Shape - Group","hd":false},{"ty":"gf","o":{"a":0,"k":100,"ix":10},"r":1,"bm":0,"g":{"p":3,"k":{"a":0,"k":[0,0.575,0.617,1,0.5,0.502,0.518,0.931,1,0.429,0.42,0.862],"ix":9}},"s":{"a":0,"k":[0,-30.805],"ix":5},"e":{"a":0,"k":[0,30.805],"ix":6},"t":1,"nm":"Gradient Fill 1","mn":"ADBE Vector Graphic - G-Fill","hd":false},{"ty":"tr","p":{"a":0,"k":[0,0],"ix":2},"a":{"a":0,"k":[0,0],"ix":1},"s":{"a":0,"k":[100,100],"ix":3},"r":{"a":0,"k":0,"ix":6},"o":{"a":0,"k":100,"ix":7},"sk":{"a":0,"k":0,"ix":4},"sa":{"a":0,"k":0,"ix":5},"nm":"Transform"}],"nm":"Mask","np":2,"cix":2,"bm":0,"ix":1,"mn":"ADBE Vector Group","hd":false}],"ip":0,"op":300,"st":0,"bm":0},{"ddd":0,"ind":55,"ty":4,"nm":"Feather","parent":61,"sr":1,"ks":{"o":{"a":0,"k":70,"ix":11},"r":{"a":0,"k":0,"ix":10},"p":{"a":0,"k":[-0.051,39.569,0],"ix":2,"l":2},"a":{"a":0,"k":[0,0,0],"ix":1,"l":2},"s":{"a":0,"k":[100,100,100],"ix":6,"l":2}},"ao":0,"shapes":[{"ty":"gr","it":[{"ind":0,"ty":"sh","ix":1,"ks":{"a":0,"k":{"i":[[0.702,0],[0,0],[-0.217,-0.634],[-3.462,0.001],[-1.043,3.047]],"o":[[0,0],[-0.702,0],[1.041,3.046],[3.462,-0.001],[0.217,-0.634]],"v":[[6.552,-3.218],[-6.551,-3.214],[-7.535,-1.929],[-0.002,3.218],[7.534,-1.934]],"c":true},"ix":2},"nm":"Path 1","mn":"ADBE Vector Shape - Group","hd":false},{"ty":"fl","c":{"a":0,"k":[0.40000000596,0.396078437567,0.800000011921,1],"ix":4},"o":{"a":0,"k":100,"ix":5},"r":1,"bm":0,"nm":"Fill 1","mn":"ADBE Vector Graphic - Fill","hd":false},{"ty":"tr","p":{"a":0,"k":[0,0],"ix":2},"a":{"a":0,"k":[0,0],"ix":1},"s":{"a":0,"k":[100,100],"ix":3},"r":{"a":0,"k":0,"ix":6},"o":{"a":0,"k":100,"ix":7},"sk":{"a":0,"k":0,"ix":4},"sa":{"a":0,"k":0,"ix":5},"nm":"Transform"}],"nm":"Feather","np":2,"cix":2,"bm":0,"ix":1,"mn":"ADBE Vector Group","hd":false}],"ip":0,"op":300,"st":0,"bm":0},{"ddd":0,"ind":56,"ty":4,"nm":"Feather","parent":61,"sr":1,"ks":{"o":{"a":0,"k":70,"ix":11},"r":{"a":0,"k":0,"ix":10},"p":{"a":0,"k":[11.384,28.508,0],"ix":2,"l":2},"a":{"a":0,"k":[0,0,0],"ix":1,"l":2},"s":{"a":0,"k":[100,100,100],"ix":6,"l":2}},"ao":0,"shapes":[{"ty":"gr","it":[{"ind":0,"ty":"sh","ix":1,"ks":{"a":0,"k":{"i":[[0.702,0],[0,0],[-0.217,-0.634],[-3.462,0.001],[-1.043,3.047]],"o":[[0,0],[-0.702,0],[1.041,3.046],[3.462,-0.001],[0.217,-0.634]],"v":[[6.552,-3.218],[-6.551,-3.214],[-7.535,-1.929],[-0.002,3.218],[7.534,-1.934]],"c":true},"ix":2},"nm":"Path 1","mn":"ADBE Vector Shape - Group","hd":false},{"ty":"fl","c":{"a":0,"k":[0.40000000596,0.396078437567,0.800000011921,1],"ix":4},"o":{"a":0,"k":100,"ix":5},"r":1,"bm":0,"nm":"Fill 1","mn":"ADBE Vector Graphic - Fill","hd":false},{"ty":"tr","p":{"a":0,"k":[0,0],"ix":2},"a":{"a":0,"k":[0,0],"ix":1},"s":{"a":0,"k":[100,100],"ix":3},"r":{"a":0,"k":0,"ix":6},"o":{"a":0,"k":100,"ix":7},"sk":{"a":0,"k":0,"ix":4},"sa":{"a":0,"k":0,"ix":5},"nm":"Transform"}],"nm":"Feather","np":2,"cix":2,"bm":0,"ix":1,"mn":"ADBE Vector Group","hd":false}],"ip":0,"op":300,"st":0,"bm":0},{"ddd":0,"ind":57,"ty":4,"nm":"Feather","parent":61,"sr":1,"ks":{"o":{"a":0,"k":70,"ix":11},"r":{"a":0,"k":0,"ix":10},"p":{"a":0,"k":[-10.896,28.685,0],"ix":2,"l":2},"a":{"a":0,"k":[0,0,0],"ix":1,"l":2},"s":{"a":0,"k":[100,100,100],"ix":6,"l":2}},"ao":0,"shapes":[{"ty":"gr","it":[{"ind":0,"ty":"sh","ix":1,"ks":{"a":0,"k":{"i":[[0.702,0],[0,0],[-0.217,-0.634],[-3.462,0.001],[-1.043,3.047]],"o":[[0,0],[-0.702,0],[1.041,3.046],[3.462,-0.001],[0.217,-0.634]],"v":[[6.552,-3.218],[-6.551,-3.214],[-7.535,-1.929],[-0.002,3.218],[7.534,-1.934]],"c":true},"ix":2},"nm":"Path 1","mn":"ADBE Vector Shape - Group","hd":false},{"ty":"fl","c":{"a":0,"k":[0.40000000596,0.396078437567,0.800000011921,1],"ix":4},"o":{"a":0,"k":100,"ix":5},"r":1,"bm":0,"nm":"Fill 1","mn":"ADBE Vector Graphic - Fill","hd":false},{"ty":"tr","p":{"a":0,"k":[0,0],"ix":2},"a":{"a":0,"k":[0,0],"ix":1},"s":{"a":0,"k":[100,100],"ix":3},"r":{"a":0,"k":0,"ix":6},"o":{"a":0,"k":100,"ix":7},"sk":{"a":0,"k":0,"ix":4},"sa":{"a":0,"k":0,"ix":5},"nm":"Transform"}],"nm":"Feather","np":2,"cix":2,"bm":0,"ix":1,"mn":"ADBE Vector Group","hd":false}],"ip":0,"op":300,"st":0,"bm":0},{"ddd":0,"ind":58,"ty":3,"nm":"FACE- NULL","parent":61,"sr":1,"ks":{"o":{"a":0,"k":0,"ix":11},"r":{"a":0,"k":0,"ix":10},"p":{"s":true,"x":{"a":0,"k":0.455,"ix":3},"y":{"a":1,"k":[{"i":{"x":[0.491],"y":[1]},"o":{"x":[0.167],"y":[0.167]},"t":0,"s":[-19.386]},{"i":{"x":[0.548],"y":[1]},"o":{"x":[0.515],"y":[0]},"t":48,"s":[-20.404]},{"i":{"x":[0.833],"y":[0.833]},"o":{"x":[0.333],"y":[0]},"t":132,"s":[-18.73]},{"t":199,"s":[-19.386]}],"ix":4}},"a":{"a":0,"k":[0,0,0],"ix":1,"l":2},"s":{"a":0,"k":[100,100,100],"ix":6,"l":2}},"ao":0,"ip":0,"op":300,"st":0,"bm":0},{"ddd":0,"ind":59,"ty":4,"nm":"Secret Circle","sr":1,"ks":{"o":{"a":0,"k":100,"ix":11},"r":{"a":0,"k":0,"ix":10},"p":{"a":0,"k":[192.75,306.5,0],"ix":2,"l":2},"a":{"a":0,"k":[0,0,0],"ix":1,"l":2},"s":{"a":0,"k":[104,104,100],"ix":6,"l":2}},"ao":0,"shapes":[{"d":1,"ty":"el","s":{"a":0,"k":[100,100],"ix":2},"p":{"a":0,"k":[0,0],"ix":3},"nm":"Ellipse Path 1","mn":"ADBE Vector Shape - Ellipse","hd":false}],"ip":0,"op":300,"st":0,"bm":0},{"ddd":0,"ind":60,"ty":3,"nm":"Control - NULL","sr":1,"ks":{"o":{"a":0,"k":0,"ix":11},"r":{"a":0,"k":0,"ix":10},"p":{"s":true,"x":{"a":1,"k":[{"i":{"x":[0.833],"y":[1]},"o":{"x":[0.006],"y":[0]},"t":0,"s":[193]},{"i":{"x":[0.994],"y":[1]},"o":{"x":[0.167],"y":[0]},"t":100,"s":[193]},{"t":200,"s":[193]}],"ix":3},"y":{"a":1,"k":[{"i":{"x":[0.604],"y":[1]},"o":{"x":[0.374],"y":[0]},"t":-100,"s":[307]},{"i":{"x":[0.667],"y":[1]},"o":{"x":[0.374],"y":[0]},"t":0,"s":[306.702]},{"i":{"x":[0.604],"y":[1]},"o":{"x":[0.333],"y":[0]},"t":100,"s":[311.702]},{"t":200,"s":[306.702]}],"ix":4}},"a":{"a":0,"k":[0,0,0],"ix":1,"l":2},"s":{"a":0,"k":[100,100,100],"ix":6,"l":2}},"ao":0,"ip":0,"op":300,"st":0,"bm":0},{"ddd":0,"ind":61,"ty":4,"nm":"Body","parent":60,"sr":1,"ks":{"o":{"a":0,"k":100,"ix":11},"r":{"a":0,"k":0,"ix":10},"p":{"a":0,"k":[-0.455,0,0],"ix":2,"l":2},"a":{"a":0,"k":[0,10.614,0],"ix":1,"l":2},"s":{"a":0,"k":[100,100,100],"ix":6,"l":2}},"ao":0,"shapes":[{"ty":"gr","it":[{"ind":0,"ty":"sh","ix":1,"ks":{"a":0,"k":{"i":[[10.534,4.427],[0,-12.253],[0,0],[-28.751,0],[0,28.751],[0,0],[11.296,-4.747],[5.976,0]],"o":[[-11.296,-4.747],[0,0],[0,28.751],[28.751,0],[0,0],[0,-12.253],[-10.534,4.427],[-5.976,0]],"v":[[-27.785,-60.449],[-52.058,-44.907],[-52.058,9.774],[0,61.832],[52.058,9.774],[52.058,-44.907],[27.785,-60.449],[0,-51.969]],"c":true},"ix":2},"nm":"Path 1","mn":"ADBE Vector Shape - Group","hd":false},{"ty":"rd","nm":"Round Corners 1","r":{"a":0,"k":52.058,"ix":1},"ix":2,"mn":"ADBE Vector Filter - RC","hd":false},{"ty":"gf","o":{"a":0,"k":100,"ix":10},"r":1,"bm":0,"g":{"p":3,"k":{"a":0,"k":[0,0.526,0.517,1,0.5,0.346,0.338,0.704,1,0.165,0.16,0.408],"ix":9}},"s":{"a":0,"k":[-0.071,-48.604],"ix":5},"e":{"a":0,"k":[102.889,-48.604],"ix":6},"t":2,"h":{"a":0,"k":0,"ix":7},"a":{"a":0,"k":0,"ix":8},"nm":"Gradient Fill 1","mn":"ADBE Vector Graphic - G-Fill","hd":false},{"ty":"tr","p":{"a":0,"k":[0,0],"ix":2},"a":{"a":0,"k":[0,0],"ix":1},"s":{"a":0,"k":[100,100],"ix":3},"r":{"a":0,"k":0,"ix":6},"o":{"a":0,"k":100,"ix":7},"sk":{"a":0,"k":0,"ix":4},"sa":{"a":0,"k":0,"ix":5},"nm":"Transform"}],"nm":"Body","np":3,"cix":2,"bm":0,"ix":1,"mn":"ADBE Vector Group","hd":false}],"ip":0,"op":300,"st":0,"bm":0},{"ddd":0,"ind":64,"ty":3,"nm":"Foot L - NULL","parent":61,"sr":1,"ks":{"o":{"a":0,"k":0,"ix":11},"r":{"a":1,"k":[{"i":{"x":[0.638],"y":[1]},"o":{"x":[0.167],"y":[0.167]},"t":0,"s":[0]},{"i":{"x":[0.667],"y":[1]},"o":{"x":[0.273],"y":[0]},"t":60,"s":[-8]},{"i":{"x":[0.833],"y":[0.833]},"o":{"x":[0.333],"y":[0]},"t":164,"s":[5]},{"t":200,"s":[0]}],"ix":10},"p":{"s":true,"x":{"a":1,"k":[{"i":{"x":[0.99],"y":[1]},"o":{"x":[0.01],"y":[0]},"t":0,"s":[0.455]},{"i":{"x":[0.99],"y":[1]},"o":{"x":[0.01],"y":[0]},"t":60,"s":[0.455]},{"t":121,"s":[0.455]}],"ix":3},"y":{"a":0,"k":10.614,"ix":4}},"a":{"a":0,"k":[0,0,0],"ix":1,"l":2},"s":{"a":0,"k":[100,100,100],"ix":6,"l":2}},"ao":0,"ip":0,"op":300,"st":0,"bm":0},{"ddd":0,"ind":65,"ty":4,"nm":"Foot L","parent":64,"sr":1,"ks":{"o":{"a":0,"k":100,"ix":11},"r":{"a":1,"k":[{"i":{"x":[0.667],"y":[1]},"o":{"x":[0.328],"y":[0.581]},"t":0,"s":[10.596]},{"i":{"x":[0.581],"y":[1]},"o":{"x":[0.333],"y":[0]},"t":31,"s":[13]},{"i":{"x":[0.822],"y":[0.667]},"o":{"x":[0.458],"y":[0]},"t":73,"s":[-6]},{"i":{"x":[0.692],"y":[0.758]},"o":{"x":[0.38],"y":[0.368]},"t":140,"s":[0.091]},{"i":{"x":[0.653],"y":[1]},"o":{"x":[0.328],"y":[0.614]},"t":200,"s":[10.596]},{"t":234,"s":[13.091]}],"ix":10},"p":{"a":0,"k":[2.945,62.954,0],"ix":2,"l":2},"a":{"a":0,"k":[-2.75,-5.062,0],"ix":1,"l":2},"s":{"a":0,"k":[100,100,100],"ix":6,"l":2}},"ao":0,"shapes":[{"ty":"gr","it":[{"ind":0,"ty":"sh","ix":1,"ks":{"a":0,"k":{"i":[[0,0],[3.22,-1.859],[1.859,3.22],[0,0],[-3.22,1.859],[-1.859,-3.22]],"o":[[1.859,3.22],[-3.22,1.859],[0,0],[-1.859,-3.22],[3.22,-1.859],[0,0]],"v":[[8.443,1.16],[5.979,10.356],[-3.217,7.891],[-8.443,-1.16],[-5.979,-10.356],[3.217,-7.891]],"c":true},"ix":2},"nm":"Path 1","mn":"ADBE Vector Shape - Group","hd":false},{"ty":"fl","c":{"a":0,"k":[0.189998090267,0.221233740449,0.524218738079,1],"ix":4},"o":{"a":0,"k":100,"ix":5},"r":1,"bm":0,"nm":"Fill 1","mn":"ADBE Vector Graphic - Fill","hd":false},{"ty":"tr","p":{"a":0,"k":[0,0],"ix":2},"a":{"a":0,"k":[0,0],"ix":1},"s":{"a":0,"k":[100,100],"ix":3},"r":{"a":0,"k":0,"ix":6},"o":{"a":0,"k":100,"ix":7},"sk":{"a":0,"k":0,"ix":4},"sa":{"a":0,"k":0,"ix":5},"nm":"Transform"}],"nm":"Foot L","np":2,"cix":2,"bm":0,"ix":1,"mn":"ADBE Vector Group","hd":false}],"ip":0,"op":300,"st":0,"bm":0},{"ddd":0,"ind":66,"ty":3,"nm":"Foot R - NULL","parent":61,"sr":1,"ks":{"o":{"a":0,"k":0,"ix":11},"r":{"a":1,"k":[{"i":{"x":[0.667],"y":[1]},"o":{"x":[0.167],"y":[0.167]},"t":0,"s":[0]},{"i":{"x":[0.667],"y":[1]},"o":{"x":[0.333],"y":[0]},"t":64,"s":[4]},{"i":{"x":[0.833],"y":[0.833]},"o":{"x":[0.333],"y":[0]},"t":146,"s":[-2]},{"t":200,"s":[0]}],"ix":10},"p":{"s":true,"x":{"a":0,"k":0.455,"ix":3},"y":{"a":0,"k":8.205,"ix":4}},"a":{"a":0,"k":[0,0,0],"ix":1,"l":2},"s":{"a":0,"k":[100,100,100],"ix":6,"l":2}},"ao":0,"ip":0,"op":300,"st":0,"bm":0},{"ddd":0,"ind":67,"ty":4,"nm":"Foot R","parent":66,"sr":1,"ks":{"o":{"a":0,"k":100,"ix":11},"r":{"a":1,"k":[{"i":{"x":[0.667],"y":[1]},"o":{"x":[0.328],"y":[-0.581]},"t":0,"s":[-10.595]},{"i":{"x":[0.581],"y":[1]},"o":{"x":[0.333],"y":[0]},"t":31,"s":[-13]},{"i":{"x":[0.822],"y":[1.333]},"o":{"x":[0.458],"y":[0]},"t":73,"s":[6]},{"i":{"x":[0.692],"y":[1.242]},"o":{"x":[0.38],"y":[-0.368]},"t":140,"s":[-0.091]},{"i":{"x":[0.653],"y":[1]},"o":{"x":[0.328],"y":[0.065]},"t":200,"s":[-10.595]},{"t":234,"s":[13.091]}],"ix":10},"p":{"a":0,"k":[-5.579,63.016,0],"ix":2,"l":2},"a":{"a":0,"k":[2.938,-5,0],"ix":1,"l":2},"s":{"a":0,"k":[100,100,100],"ix":6,"l":2}},"ao":0,"shapes":[{"ty":"gr","it":[{"ind":0,"ty":"sh","ix":1,"ks":{"a":0,"k":{"i":[[0,0],[-3.22,-1.859],[-1.859,3.22],[0,0],[3.22,1.859],[1.859,-3.22]],"o":[[-1.859,3.22],[3.22,1.859],[0,0],[1.859,-3.22],[-3.22,-1.859],[0,0]],"v":[[-8.443,1.16],[-5.979,10.356],[3.217,7.891],[8.443,-1.16],[5.979,-10.356],[-3.217,-7.891]],"c":true},"ix":2},"nm":"Path 1","mn":"ADBE Vector Shape - Group","hd":false},{"ty":"fl","c":{"a":0,"k":[0.189998090267,0.221233740449,0.524218738079,1],"ix":4},"o":{"a":0,"k":100,"ix":5},"r":1,"bm":0,"nm":"Fill 1","mn":"ADBE Vector Graphic - Fill","hd":false},{"ty":"tr","p":{"a":0,"k":[0,0],"ix":2},"a":{"a":0,"k":[0,0],"ix":1},"s":{"a":0,"k":[100,100],"ix":3},"r":{"a":0,"k":0,"ix":6},"o":{"a":0,"k":100,"ix":7},"sk":{"a":0,"k":0,"ix":4},"sa":{"a":0,"k":0,"ix":5},"nm":"Transform"}],"nm":"Foot R","np":2,"cix":2,"bm":0,"ix":1,"mn":"ADBE Vector Group","hd":false}],"ip":0,"op":300,"st":0,"bm":0},{"ddd":0,"ind":68,"ty":4,"nm":"Fuzz - back 2","parent":60,"sr":1,"ks":{"o":{"a":0,"k":100,"ix":11},"r":{"a":0,"k":0,"ix":10},"p":{"a":0,"k":[-1.983,69.537,0],"ix":2,"l":2},"a":{"a":0,"k":[0,0,0],"ix":1,"l":2},"s":{"a":0,"k":[100,100,100],"ix":6,"l":2}},"ao":0,"shapes":[{"ty":"gr","it":[{"ind":0,"ty":"sh","ix":1,"ks":{"a":1,"k":[{"i":{"x":0.833,"y":0.833},"o":{"x":0.167,"y":0.167},"t":0,"s":[{"i":[[0,0],[-23.159,6.637]],"o":[[27.934,4.517],[0,0]],"v":[[-51.006,1.056],[53.124,-1.318]],"c":false}]},{"i":{"x":0.48,"y":0.982},"o":{"x":0.167,"y":0.167},"t":22,"s":[{"i":[[0,0],[-24.271,-2.914]],"o":[[31.167,15.02],[0,0]],"v":[[-52.184,-4.3],[50.755,-6.866]],"c":false}]},{"i":{"x":0.558,"y":0.981},"o":{"x":0.486,"y":0.009},"t":62,"s":[{"i":[[0,0],[-24.468,-0.105]],"o":[[27.934,-3.207],[0,0]],"v":[[-53.951,-7.834],[50.951,-8.436]],"c":false}]},{"i":{"x":0.833,"y":0.833},"o":{"x":0.541,"y":0.024},"t":137,"s":[{"i":[[0,0],[-22.468,10.197]],"o":[[27.934,8.595],[0,0]],"v":[[-49.451,1.166],[50.451,-4.436]],"c":false}]},{"i":{"x":0.833,"y":1},"o":{"x":0.167,"y":0.167},"t":200,"s":[{"i":[[0,0],[-23.159,6.637]],"o":[[27.934,4.517],[0,0]],"v":[[-51.006,1.056],[53.124,-1.318]],"c":false}]},{"i":{"x":0.833,"y":1},"o":{"x":0.167,"y":0},"t":256,"s":[{"i":[[0,0],[-24.468,-0.105]],"o":[[27.934,-3.207],[0,0]],"v":[[-53.951,-7.834],[50.951,-8.436]],"c":false}]},{"t":330,"s":[{"i":[[0,0],[-24.468,-0.105]],"o":[[27.934,-3.207],[0,0]],"v":[[-53.951,-7.834],[50.951,-8.436]],"c":false}]}],"ix":2},"nm":"Path 1","mn":"ADBE Vector Shape - Group","hd":false},{"ty":"st","c":{"a":0,"k":[0.570083975792,0.558055520058,0.816666603088,1],"ix":3},"o":{"a":0,"k":100,"ix":4},"w":{"a":0,"k":13.812,"ix":5},"lc":2,"lj":2,"bm":0,"nm":"Stroke 1","mn":"ADBE Vector Graphic - Stroke","hd":false},{"ty":"tr","p":{"a":0,"k":[0,0],"ix":2},"a":{"a":0,"k":[0,0],"ix":1},"s":{"a":0,"k":[100,100],"ix":3},"r":{"a":0,"k":0,"ix":6},"o":{"a":0,"k":100,"ix":7},"sk":{"a":0,"k":0,"ix":4},"sa":{"a":0,"k":0,"ix":5},"nm":"Transform"}],"nm":"Fuzz - back","np":2,"cix":2,"bm":0,"ix":1,"mn":"ADBE Vector Group","hd":false}],"ip":0,"op":300,"st":0,"bm":0},{"ddd":0,"ind":69,"ty":4,"nm":"Cape - back 2","parent":60,"sr":1,"ks":{"o":{"a":0,"k":90,"ix":11},"r":{"a":0,"k":0,"ix":10},"p":{"a":0,"k":[-0.051,39.345,0],"ix":2,"l":2},"a":{"a":0,"k":[0,0,0],"ix":1,"l":2},"s":{"a":0,"k":[100,100,100],"ix":6,"l":2}},"ao":0,"shapes":[{"ty":"gr","it":[{"ind":0,"ty":"sh","ix":1,"ks":{"a":1,"k":[{"i":{"x":0.833,"y":0.996},"o":{"x":0.167,"y":0},"t":0,"s":[{"i":[[-0.57,4.981],[-0.299,22.82],[0,0],[0,0],[-7.904,-21.581],[1.853,-0.446],[13.807,16.914]],"o":[[2.533,-22.116],[0,0],[0,0],[-1.869,19.07],[0.67,1.831],[-30.521,7.352],[-3.17,-3.884]],"v":[[-57.231,24.771],[-54.15,-45.165],[-0.658,-31.458],[54.171,-45.165],[52.584,21.87],[51.323,30.303],[-50.506,34.49]],"c":true}]},{"i":{"x":0.833,"y":0.833},"o":{"x":1,"y":0.026},"t":50,"s":[{"i":[[-0.57,4.981],[-0.299,22.82],[0,0],[0,0],[-7.904,-21.581],[1.814,0.583],[30.557,-5.92]],"o":[[2.533,-22.116],[0,0],[0,0],[-1.869,19.07],[0.67,1.831],[-30.271,-9.732],[-4.922,0.954]],"v":[[-57.231,24.771],[-54.15,-45.165],[-0.658,-31.458],[54.171,-45.165],[54.084,18.37],[47.323,24.803],[-50.506,22.99]],"c":true}]},{"i":{"x":0.833,"y":1},"o":{"x":0.167,"y":0.167},"t":119,"s":[{"i":[[-0.57,4.981],[-0.299,22.82],[0,0],[0,0],[-7.904,-21.581],[1.807,-0.387],[28.557,7.626]],"o":[[2.533,-22.116],[0,0],[0,0],[-1.869,19.07],[0.67,1.831],[-32.932,7.054],[-4.414,-0.45]],"v":[[-57.231,24.771],[-54.15,-45.165],[-0.658,-31.458],[54.171,-45.165],[53.649,19.386],[48.483,26.399],[-50.506,26.327]],"c":true}]},{"t":151,"s":[{"i":[[-0.57,4.981],[-0.299,22.82],[0,0],[0,0],[-7.904,-21.581],[1.853,-0.446],[13.807,16.914]],"o":[[2.533,-22.116],[0,0],[0,0],[-1.869,19.07],[0.67,1.831],[-30.521,7.352],[-3.17,-3.884]],"v":[[-57.231,24.771],[-54.15,-45.165],[-0.658,-31.458],[54.171,-45.165],[52.584,21.87],[51.323,30.303],[-50.506,34.49]],"c":true}]}],"ix":2},"nm":"Path 1","mn":"ADBE Vector Shape - Group","hd":false},{"ty":"fl","c":{"a":0,"k":[0.305397987366,0.296388864517,0.733333349228,1],"ix":4},"o":{"a":0,"k":100,"ix":5},"r":1,"bm":0,"nm":"Fill 1","mn":"ADBE Vector Graphic - Fill","hd":false},{"ty":"tr","p":{"a":0,"k":[0,0],"ix":2},"a":{"a":0,"k":[0,0],"ix":1},"s":{"a":0,"k":[100,100],"ix":3},"r":{"a":0,"k":0,"ix":6},"o":{"a":0,"k":100,"ix":7},"sk":{"a":0,"k":0,"ix":4},"sa":{"a":0,"k":0,"ix":5},"nm":"Transform"}],"nm":"Cape - back","np":2,"cix":2,"bm":0,"ix":1,"mn":"ADBE Vector Group","hd":false}],"ip":0,"op":300,"st":0,"bm":0},{"ddd":0,"ind":76,"ty":0,"nm":"Cape Sparkle","refId":"comp_1","sr":1,"ks":{"o":{"a":1,"k":[{"i":{"x":[0.667],"y":[1]},"o":{"x":[0.333],"y":[0]},"t":26,"s":[0]},{"i":{"x":[0.667],"y":[1]},"o":{"x":[0.167],"y":[0]},"t":50,"s":[100]},{"t":109,"s":[0]}],"ix":11},"r":{"a":0,"k":0,"ix":10},"p":{"s":true,"x":{"a":1,"k":[{"i":{"x":[0.833],"y":[1]},"o":{"x":[0.007],"y":[0]},"t":0,"s":[249]},{"i":{"x":[0.994],"y":[1]},"o":{"x":[0.167],"y":[0]},"t":92,"s":[249]},{"t":200,"s":[249]}],"ix":3},"y":{"a":1,"k":[{"i":{"x":[0.631],"y":[1]},"o":{"x":[0.735],"y":[0]},"t":0,"s":[123.469]},{"i":{"x":[0.4],"y":[1]},"o":{"x":[0.293],"y":[0]},"t":92,"s":[130.157]},{"t":200,"s":[123.469]}],"ix":4}},"a":{"a":0,"k":[148,339,0],"ix":1,"l":2},"s":{"a":1,"k":[{"i":{"x":[0.833,0.833,0.833],"y":[1,1,1]},"o":{"x":[0.167,0.167,0.167],"y":[0,0,0]},"t":26,"s":[0,0,100]},{"i":{"x":[0.833,0.833,0.833],"y":[1,1,1]},"o":{"x":[0.167,0.167,0.167],"y":[0,0,0]},"t":50,"s":[232,232,100]},{"t":109,"s":[0,0,100]}],"ix":6,"l":2}},"ao":0,"w":379,"h":821,"ip":0,"op":300,"st":0,"bm":0},{"ddd":0,"ind":77,"ty":0,"nm":"Cape Sparkle","refId":"comp_1","sr":1,"ks":{"o":{"a":1,"k":[{"i":{"x":[0.667],"y":[1]},"o":{"x":[0.333],"y":[0]},"t":60,"s":[0]},{"i":{"x":[0.667],"y":[1]},"o":{"x":[0.167],"y":[0]},"t":100,"s":[100]},{"i":{"x":[0.833],"y":[1]},"o":{"x":[0.167],"y":[0]},"t":121,"s":[0]},{"t":151,"s":[0]}],"ix":11},"r":{"a":0,"k":0,"ix":10},"p":{"a":1,"k":[{"i":{"x":0.667,"y":1},"o":{"x":0.333,"y":0},"t":0,"s":[259,216.469,0],"to":[0,1.561,0],"ti":[0,0,0]},{"i":{"x":0.667,"y":1},"o":{"x":0.333,"y":0},"t":121,"s":[259,225.836,0],"to":[0,0,0],"ti":[0,1.561,0]},{"t":200,"s":[259,216.469,0]}],"ix":2,"l":2},"a":{"a":0,"k":[148,339,0],"ix":1,"l":2},"s":{"a":1,"k":[{"i":{"x":[0.434,0.434,0.667],"y":[1,1,1]},"o":{"x":[0.108,0.108,0.167],"y":[0.573,0.573,0]},"t":60,"s":[0,0,100]},{"i":{"x":[0.946,0.946,0.833],"y":[0.665,0.665,1]},"o":{"x":[0.687,0.687,0.333],"y":[0,0,0]},"t":92,"s":[150.309,150.309,100]},{"t":121,"s":[0,0,100]}],"ix":6,"l":2}},"ao":0,"w":379,"h":821,"ip":0,"op":300,"st":0,"bm":0},{"ddd":0,"ind":78,"ty":0,"nm":"Cape Sparkle","refId":"comp_1","sr":1,"ks":{"o":{"a":1,"k":[{"i":{"x":[0.667],"y":[1]},"o":{"x":[0.333],"y":[0]},"t":106,"s":[0]},{"i":{"x":[0.667],"y":[1]},"o":{"x":[0.167],"y":[0]},"t":125,"s":[100]},{"t":175,"s":[0]}],"ix":11},"r":{"a":0,"k":0,"ix":10},"p":{"a":1,"k":[{"i":{"x":0.667,"y":1},"o":{"x":0.333,"y":0},"t":0,"s":[112,148.469,0],"to":[0,2.448,0],"ti":[0,0,0]},{"i":{"x":0.667,"y":1},"o":{"x":0.333,"y":0},"t":100,"s":[112,163.158,0],"to":[0,0,0],"ti":[0,2.448,0]},{"t":200,"s":[112,148.469,0]}],"ix":2,"l":2},"a":{"a":0,"k":[148,339,0],"ix":1,"l":2},"s":{"a":1,"k":[{"i":{"x":[0.522,0.522,0.833],"y":[1,1,1]},"o":{"x":[0.071,0.071,0.167],"y":[0.384,0.384,0]},"t":106,"s":[0,0,100]},{"i":{"x":[0.894,0.894,0.833],"y":[0.7,0.7,1]},"o":{"x":[0.666,0.666,0.167],"y":[0,0,0]},"t":130,"s":[271,271,100]},{"t":155,"s":[0,0,100]}],"ix":6,"l":2}},"ao":0,"w":379,"h":821,"ip":0,"op":300,"st":0,"bm":0},{"ddd":0,"ind":79,"ty":0,"nm":"Cape Sparkle","refId":"comp_1","sr":1,"ks":{"o":{"a":1,"k":[{"i":{"x":[0.667],"y":[1]},"o":{"x":[0.333],"y":[0]},"t":80,"s":[0]},{"i":{"x":[0.667],"y":[1]},"o":{"x":[0.167],"y":[0]},"t":117,"s":[100]},{"t":160,"s":[0]}],"ix":11},"r":{"a":0,"k":0,"ix":10},"p":{"a":1,"k":[{"i":{"x":0.667,"y":1},"o":{"x":0.333,"y":0},"t":0,"s":[128,172.469,0],"to":[0,1.561,0],"ti":[0,0,0]},{"i":{"x":0.667,"y":1},"o":{"x":0.333,"y":0},"t":100,"s":[128,181.836,0],"to":[0,0,0],"ti":[0,1.561,0]},{"t":200,"s":[128,172.469,0]}],"ix":2,"l":2},"a":{"a":0,"k":[148,339,0],"ix":1,"l":2},"s":{"a":1,"k":[{"i":{"x":[0.559,0.559,0.667],"y":[1,1,1]},"o":{"x":[0.147,0.147,0.333],"y":[0.552,0.552,0]},"t":80,"s":[0,0,100]},{"i":{"x":[0.959,0.959,0.667],"y":[0.451,0.451,1]},"o":{"x":[0.488,0.488,0.333],"y":[0,0,0]},"t":110,"s":[166,166,100]},{"t":146,"s":[0,0,100]}],"ix":6,"l":2}},"ao":0,"w":379,"h":821,"ip":0,"op":300,"st":0,"bm":0},{"ddd":0,"ind":80,"ty":0,"nm":"Legendary crown","refId":"comp_2","sr":1,"ks":{"o":{"a":0,"k":100,"ix":11},"r":{"a":0,"k":0,"ix":10},"p":{"s":true,"x":{"a":1,"k":[{"i":{"x":[0.833],"y":[1]},"o":{"x":[0.006],"y":[0]},"t":0,"s":[193.5]},{"i":{"x":[0.994],"y":[1]},"o":{"x":[0.167],"y":[0]},"t":105,"s":[193.5]},{"t":200,"s":[193.5]}],"ix":3},"y":{"a":1,"k":[{"i":{"x":[0.667],"y":[1]},"o":{"x":[0.491],"y":[0]},"t":-19,"s":[157.5]},{"i":{"x":[0.667],"y":[1]},"o":{"x":[0.333],"y":[0]},"t":81,"s":[166.204]},{"i":{"x":[0.667],"y":[1]},"o":{"x":[0.333],"y":[0]},"t":181,"s":[157.5]},{"i":{"x":[0.667],"y":[1]},"o":{"x":[0.333],"y":[0]},"t":286,"s":[166.204]},{"t":381,"s":[157.5]}],"ix":4}},"a":{"a":0,"k":[54.5,58,0],"ix":1,"l":2},"s":{"a":0,"k":[100,100,100],"ix":6,"l":2}},"ao":0,"w":109,"h":116,"ip":0,"op":300,"st":0,"bm":0},{"ddd":0,"ind":81,"ty":3,"nm":"Null 7","parent":86,"sr":1,"ks":{"o":{"a":0,"k":0,"ix":11},"r":{"a":1,"k":[{"i":{"x":[0.833],"y":[0.833]},"o":{"x":[0.167],"y":[0.167]},"t":0,"s":[0]},{"t":200,"s":[180]}],"ix":10},"p":{"a":0,"k":[-0.635,8.645,0],"ix":2,"l":2},"a":{"a":0,"k":[0,0,0],"ix":1,"l":2},"s":{"a":0,"k":[100,100,100],"ix":6,"l":2}},"ao":0,"ip":0,"op":300,"st":0,"bm":0},{"ddd":0,"ind":82,"ty":4,"nm":"Point glow 4","parent":81,"sr":1,"ks":{"o":{"a":0,"k":41,"ix":11},"r":{"a":0,"k":270,"ix":10},"p":{"a":0,"k":[-0.577,0.715,0],"ix":2,"l":2},"a":{"a":0,"k":[1.869,-50.577,0],"ix":1,"l":2},"s":{"a":1,"k":[{"i":{"x":[0.833,0.587,0.833],"y":[1,1,1]},"o":{"x":[0.333,0.333,0.333],"y":[0,0,0]},"t":0,"s":[42,100,100]},{"i":{"x":[0.667,0.667,0.667],"y":[1,1,1]},"o":{"x":[0.167,0.321,0.167],"y":[0,0,0]},"t":93,"s":[42,134.15,100]},{"t":200,"s":[42,100,100]}],"ix":6,"l":2}},"ao":0,"shapes":[{"ind":0,"ty":"sh","ix":1,"ks":{"a":0,"k":{"i":[[0,0],[0,0],[0,0],[0,0]],"o":[[0,0],[0,0],[0,0],[0,0]],"v":[[29.762,-50],[84.863,100.183],[-71.089,100.183],[-33.333,-50]],"c":true},"ix":2},"nm":"Path 1","mn":"ADBE Vector Shape - Group","hd":false},{"ty":"gf","o":{"a":0,"k":100,"ix":10},"r":1,"bm":0,"g":{"p":3,"k":{"a":0,"k":[0.835,0.133,0.129,0.318,0.918,0.241,0.235,0.547,1,0.349,0.341,0.776],"ix":9}},"s":{"a":0,"k":[-58,294],"ix":5},"e":{"a":0,"k":[-72,0],"ix":6},"t":1,"nm":"Gradient Fill 1","mn":"ADBE Vector Graphic - G-Fill","hd":false}],"ip":0,"op":300,"st":0,"bm":0},{"ddd":0,"ind":83,"ty":4,"nm":"Point glow 3","parent":81,"sr":1,"ks":{"o":{"a":0,"k":41,"ix":11},"r":{"a":0,"k":90,"ix":10},"p":{"a":0,"k":[-0.422,0.963,0],"ix":2,"l":2},"a":{"a":0,"k":[-2.47,-50.078,0],"ix":1,"l":2},"s":{"a":1,"k":[{"i":{"x":[0.833,0.587,0.833],"y":[1,1,1]},"o":{"x":[0.333,0.333,0.333],"y":[0,0,0]},"t":0,"s":[42,100,100]},{"i":{"x":[0.667,0.667,0.667],"y":[1,1,1]},"o":{"x":[0.167,0.321,0.167],"y":[0,0,0]},"t":93,"s":[42,134.15,100]},{"t":200,"s":[42,100,100]}],"ix":6,"l":2}},"ao":0,"shapes":[{"ind":0,"ty":"sh","ix":1,"ks":{"a":0,"k":{"i":[[0,0],[0,0],[0,0],[0,0]],"o":[[0,0],[0,0],[0,0],[0,0]],"v":[[29.762,-50],[84.863,100.183],[-71.089,100.183],[-33.333,-50]],"c":true},"ix":2},"nm":"Path 1","mn":"ADBE Vector Shape - Group","hd":false},{"ty":"gf","o":{"a":0,"k":100,"ix":10},"r":1,"bm":0,"g":{"p":3,"k":{"a":0,"k":[0.835,0.133,0.129,0.318,0.918,0.241,0.235,0.547,1,0.349,0.341,0.776],"ix":9}},"s":{"a":0,"k":[-58,294],"ix":5},"e":{"a":0,"k":[-72,0],"ix":6},"t":1,"nm":"Gradient Fill 1","mn":"ADBE Vector Graphic - G-Fill","hd":false}],"ip":0,"op":300,"st":0,"bm":0},{"ddd":0,"ind":84,"ty":4,"nm":"Point glow 2","parent":81,"sr":1,"ks":{"o":{"a":0,"k":41,"ix":11},"r":{"a":0,"k":180,"ix":10},"p":{"a":0,"k":[-0.829,0.138,0],"ix":2,"l":2},"a":{"a":0,"k":[-1.597,-49.638,0],"ix":1,"l":2},"s":{"a":1,"k":[{"i":{"x":[0.833,0.587,0.833],"y":[1,1,1]},"o":{"x":[0.333,0.333,0.333],"y":[0,0,0]},"t":0,"s":[42,100,100]},{"i":{"x":[0.667,0.667,0.667],"y":[1,1,1]},"o":{"x":[0.167,0.321,0.167],"y":[0,0,0]},"t":93,"s":[42,134.15,100]},{"t":200,"s":[42,100,100]}],"ix":6,"l":2}},"ao":0,"shapes":[{"ind":0,"ty":"sh","ix":1,"ks":{"a":0,"k":{"i":[[0,0],[0,0],[0,0],[0,0]],"o":[[0,0],[0,0],[0,0],[0,0]],"v":[[29.762,-50],[84.863,100.183],[-71.089,100.183],[-33.333,-50]],"c":true},"ix":2},"nm":"Path 1","mn":"ADBE Vector Shape - Group","hd":false},{"ty":"gf","o":{"a":0,"k":100,"ix":10},"r":1,"bm":0,"g":{"p":3,"k":{"a":0,"k":[0.835,0.133,0.129,0.318,0.918,0.241,0.235,0.547,1,0.349,0.341,0.776],"ix":9}},"s":{"a":0,"k":[-58,294],"ix":5},"e":{"a":0,"k":[-72,0],"ix":6},"t":1,"nm":"Gradient Fill 1","mn":"ADBE Vector Graphic - G-Fill","hd":false}],"ip":0,"op":300,"st":0,"bm":0},{"ddd":0,"ind":85,"ty":4,"nm":"Point glow","parent":81,"sr":1,"ks":{"o":{"a":0,"k":41,"ix":11},"r":{"a":0,"k":0,"ix":10},"p":{"a":0,"k":[-0.589,0.608,0],"ix":2,"l":2},"a":{"a":0,"k":[-1.404,-50.392,0],"ix":1,"l":2},"s":{"a":1,"k":[{"i":{"x":[0.833,0.587,0.833],"y":[1,1,1]},"o":{"x":[0.333,0.333,0.333],"y":[0,0,0]},"t":0,"s":[42,100,100]},{"i":{"x":[0.667,0.667,0.667],"y":[1,1,1]},"o":{"x":[0.167,0.321,0.167],"y":[0,0,0]},"t":93,"s":[42,134.15,100]},{"t":200,"s":[42,100,100]}],"ix":6,"l":2}},"ao":0,"shapes":[{"ind":0,"ty":"sh","ix":1,"ks":{"a":0,"k":{"i":[[0,0],[0,0],[0,0],[0,0]],"o":[[0,0],[0,0],[0,0],[0,0]],"v":[[29.762,-50],[84.863,100.183],[-71.089,100.183],[-33.333,-50]],"c":true},"ix":2},"nm":"Path 1","mn":"ADBE Vector Shape - Group","hd":false},{"ty":"gf","o":{"a":0,"k":100,"ix":10},"r":1,"bm":0,"g":{"p":3,"k":{"a":0,"k":[0.835,0.133,0.129,0.318,0.918,0.241,0.235,0.547,1,0.349,0.341,0.776],"ix":9}},"s":{"a":0,"k":[-58,294],"ix":5},"e":{"a":0,"k":[-72,0],"ix":6},"t":1,"nm":"Gradient Fill 1","mn":"ADBE Vector Graphic - G-Fill","hd":false}],"ip":0,"op":300,"st":0,"bm":0},{"ddd":0,"ind":86,"ty":4,"nm":"Glow","parent":80,"sr":1,"ks":{"o":{"a":0,"k":100,"ix":11},"r":{"a":0,"k":0,"ix":10},"p":{"a":0,"k":[54.635,51.355,0],"ix":2,"l":2},"a":{"a":0,"k":[0,0,0],"ix":1,"l":2},"s":{"a":0,"k":[100,100,100],"ix":6,"l":2}},"ao":0,"shapes":[{"ty":"gr","it":[{"ind":0,"ty":"sh","ix":1,"ks":{"a":0,"k":{"i":[[-32.504,0],[0,32.504],[32.504,0],[0,-32.504]],"o":[[32.504,0],[0,-32.504],[-32.504,0],[0,32.504]],"v":[[0,58.855],[58.855,0],[0,-58.855],[-58.855,0]],"c":true},"ix":2},"nm":"Path 1","mn":"ADBE Vector Shape - Group","hd":false},{"ty":"gf","o":{"a":0,"k":100,"ix":10},"r":1,"bm":0,"g":{"p":3,"k":{"a":0,"k":[0,0.431,0.42,0.949,0.173,0.282,0.275,0.633,0.345,0.133,0.129,0.318],"ix":9}},"s":{"a":0,"k":[0,0],"ix":5},"e":{"a":0,"k":[100,0],"ix":6},"t":2,"h":{"a":0,"k":0,"ix":7},"a":{"a":0,"k":0,"ix":8},"nm":"Gradient Fill 1","mn":"ADBE Vector Graphic - G-Fill","hd":false},{"ty":"tr","p":{"a":0,"k":[-1,7],"ix":2},"a":{"a":0,"k":[0,0],"ix":1},"s":{"a":0,"k":[259,259],"ix":3},"r":{"a":0,"k":0,"ix":6},"o":{"a":0,"k":100,"ix":7},"sk":{"a":0,"k":0,"ix":4},"sa":{"a":0,"k":0,"ix":5},"nm":"Transform"}],"nm":"Glow","np":2,"cix":2,"bm":0,"ix":1,"mn":"ADBE Vector Group","hd":false}],"ip":0,"op":300,"st":0,"bm":0}]},{"id":"comp_1","layers":[{"ddd":0,"ind":1,"ty":4,"nm":"Sparkle 03","sr":1,"ks":{"o":{"a":0,"k":60,"ix":11},"r":{"a":0,"k":-2.764,"ix":10},"p":{"a":0,"k":[148.398,338.208,0],"ix":2,"l":2},"a":{"a":0,"k":[0,0,0],"ix":1,"l":2},"s":{"a":1,"k":[{"i":{"x":[0.667,0.667,0.667],"y":[1,1,1]},"o":{"x":[0.333,0.333,0.333],"y":[0,0,0]},"t":0,"s":[100,100,100]},{"i":{"x":[0.667,0.667,0.667],"y":[1,1,1]},"o":{"x":[0.333,0.333,0.333],"y":[0,0,0]},"t":25,"s":[130,130,100]},{"i":{"x":[0.667,0.667,0.667],"y":[1,1,1]},"o":{"x":[0.333,0.333,0.333],"y":[0,0,0]},"t":50,"s":[100,100,100]},{"i":{"x":[0.667,0.667,0.667],"y":[1,1,1]},"o":{"x":[0.333,0.333,0.333],"y":[0,0,0]},"t":75,"s":[130,130,100]},{"i":{"x":[0.667,0.667,0.667],"y":[1,1,1]},"o":{"x":[0.333,0.333,0.333],"y":[0,0,0]},"t":100,"s":[100,100,100]},{"i":{"x":[0.667,0.667,0.667],"y":[1,1,1]},"o":{"x":[0.333,0.333,0.333],"y":[0,0,0]},"t":125,"s":[130,130,100]},{"i":{"x":[0.667,0.667,0.667],"y":[1,1,1]},"o":{"x":[0.333,0.333,0.333],"y":[0,0,0]},"t":150,"s":[100,100,100]},{"i":{"x":[0.667,0.667,0.667],"y":[1,1,1]},"o":{"x":[0.333,0.333,0.333],"y":[0,0,0]},"t":175,"s":[130,130,100]},{"t":200,"s":[100,100,100]}],"ix":6,"l":2}},"ao":0,"shapes":[{"ty":"gr","it":[{"ind":0,"ty":"sh","ix":1,"ks":{"a":0,"k":{"i":[[0.805,-0.777],[0,0],[-0.766,-0.768],[0,0],[-0.852,0.778],[0,0],[0.723,0.648],[0,0]],"o":[[-0.768,0.742],[0,0],[0.765,0.766],[0,0],[0.706,-0.645],[0,0],[-0.87,-0.78],[0,0]],"v":[[-1.226,-1.126],[-3.716,0],[-1.226,1.129],[0,3.716],[1.304,1.129],[3.716,0],[1.304,-1.048],[0,-3.716]],"c":true},"ix":2},"nm":"Path 1","mn":"ADBE Vector Shape - Group","hd":false},{"ty":"fl","c":{"a":0,"k":[1,1,1,1],"ix":4},"o":{"a":0,"k":100,"ix":5},"r":1,"bm":0,"nm":"Fill 1","mn":"ADBE Vector Graphic - Fill","hd":false},{"ty":"tr","p":{"a":0,"k":[0,0],"ix":2},"a":{"a":0,"k":[0,0],"ix":1},"s":{"a":0,"k":[100,100],"ix":3},"r":{"a":0,"k":0,"ix":6},"o":{"a":0,"k":100,"ix":7},"sk":{"a":0,"k":0,"ix":4},"sa":{"a":0,"k":0,"ix":5},"nm":"Transform"}],"nm":"Sparkle 03","np":2,"cix":2,"bm":0,"ix":1,"mn":"ADBE Vector Group","hd":false}],"ip":0,"op":300,"st":0,"bm":0}]},{"id":"comp_2","layers":[{"ddd":0,"ind":1,"ty":4,"nm":"Rectangle 2366","sr":1,"ks":{"o":{"a":0,"k":100,"ix":11},"r":{"a":0,"k":0,"ix":10},"p":{"a":0,"k":[50.179,72.429,0],"ix":2,"l":2},"a":{"a":0,"k":[0,0,0],"ix":1,"l":2},"s":{"a":0,"k":[100,100,100],"ix":6,"l":2}},"ao":0,"shapes":[{"ty":"gr","it":[{"ind":0,"ty":"sh","ix":1,"ks":{"a":0,"k":{"i":[[0,0],[0.84,-0.84],[0,0],[-1.188,0],[0,0],[0,0.736]],"o":[[0,-1.188],[0,0],[-0.84,0.84],[0,0],[0.736,0],[0,0]],"v":[[4.309,-2.973],[2.032,-3.915],[-3.915,2.032],[-2.973,4.309],[2.975,4.309],[4.309,2.975]],"c":true},"ix":2},"nm":"Path 1","mn":"ADBE Vector Shape - Group","hd":false},{"ty":"fl","c":{"a":0,"k":[0.839215695858,0.854901969433,0.996078431606,1],"ix":4},"o":{"a":0,"k":100,"ix":5},"r":1,"bm":0,"nm":"Fill 1","mn":"ADBE Vector Graphic - Fill","hd":false},{"ty":"tr","p":{"a":0,"k":[0,0],"ix":2},"a":{"a":0,"k":[0,0],"ix":1},"s":{"a":0,"k":[100,100],"ix":3},"r":{"a":0,"k":0,"ix":6},"o":{"a":0,"k":100,"ix":7},"sk":{"a":0,"k":0,"ix":4},"sa":{"a":0,"k":0,"ix":5},"nm":"Transform"}],"nm":"Rectangle 2366","np":2,"cix":2,"bm":0,"ix":1,"mn":"ADBE Vector Group","hd":false}],"ip":0,"op":300,"st":0,"bm":0},{"ddd":0,"ind":2,"ty":4,"nm":"Rectangle 2364","sr":1,"ks":{"o":{"a":0,"k":100,"ix":11},"r":{"a":0,"k":0,"ix":10},"p":{"a":0,"k":[54.529,76.404,0],"ix":2,"l":2},"a":{"a":0,"k":[0,0,0],"ix":1,"l":2},"s":{"a":0,"k":[100,100,100],"ix":6,"l":2}},"ao":0,"shapes":[{"ty":"gr","it":[{"ind":0,"ty":"sh","ix":1,"ks":{"a":0,"k":{"i":[[0,0],[-1.302,-1.302],[0,0],[1.302,-1.302],[0,0],[1.302,1.302],[0,0],[-1.302,1.302]],"o":[[1.302,-1.302],[0,0],[1.302,1.302],[0,0],[-1.302,1.302],[0,0],[-1.302,-1.302],[0,0]],"v":[[-2.357,-11.422],[2.357,-11.422],[11.422,-2.357],[11.422,2.357],[2.357,11.422],[-2.357,11.422],[-11.422,2.357],[-11.422,-2.357]],"c":true},"ix":2},"nm":"Path 1","mn":"ADBE Vector Shape - Group","hd":false},{"ty":"fl","c":{"a":0,"k":[0.362083315849,0.424210846424,0.987500011921,1],"ix":4},"o":{"a":0,"k":100,"ix":5},"r":1,"bm":0,"nm":"Fill 1","mn":"ADBE Vector Graphic - Fill","hd":false},{"ty":"tr","p":{"a":0,"k":[0,0],"ix":2},"a":{"a":0,"k":[0,0],"ix":1},"s":{"a":0,"k":[100,100],"ix":3},"r":{"a":0,"k":0,"ix":6},"o":{"a":0,"k":100,"ix":7},"sk":{"a":0,"k":0,"ix":4},"sa":{"a":0,"k":0,"ix":5},"nm":"Transform"}],"nm":"Rectangle 2364","np":2,"cix":2,"bm":0,"ix":1,"mn":"ADBE Vector Group","hd":false}],"ip":0,"op":300,"st":0,"bm":0},{"ddd":0,"ind":3,"ty":4,"nm":"Rectangle 2365","sr":1,"ks":{"o":{"a":0,"k":100,"ix":11},"r":{"a":0,"k":0,"ix":10},"p":{"a":0,"k":[88.125,79.366,0],"ix":2,"l":2},"a":{"a":0,"k":[0,0,0],"ix":1,"l":2},"s":{"a":0,"k":[100,100,100],"ix":6,"l":2}},"ao":0,"shapes":[{"ty":"gr","it":[{"ind":0,"ty":"sh","ix":1,"ks":{"a":0,"k":{"i":[[0,0],[0.703,-2.388],[0,0],[-1.335,0],[0,0],[-0.26,0.836],[0,0],[1.576,-0.794]],"o":[[-2.223,1.119],[0,0],[-0.377,1.281],[0,0],[0.876,0],[0,0],[0.524,-1.685],[0,0]],"v":[[1.693,-12.788],[-2.894,-7.29],[-8.738,12.569],[-6.819,15.134],[-1.348,15.134],[0.562,13.728],[8.726,-12.534],[5.917,-14.914]],"c":true},"ix":2},"nm":"Path 1","mn":"ADBE Vector Shape - Group","hd":false},{"ty":"fl","c":{"a":0,"k":[0.686274528503,0.709803938866,1,1],"ix":4},"o":{"a":0,"k":100,"ix":5},"r":1,"bm":0,"nm":"Fill 1","mn":"ADBE Vector Graphic - Fill","hd":false},{"ty":"tr","p":{"a":0,"k":[0,0],"ix":2},"a":{"a":0,"k":[0,0],"ix":1},"s":{"a":0,"k":[100,100],"ix":3},"r":{"a":0,"k":0,"ix":6},"o":{"a":0,"k":100,"ix":7},"sk":{"a":0,"k":0,"ix":4},"sa":{"a":0,"k":0,"ix":5},"nm":"Transform"}],"nm":"Rectangle 2365","np":2,"cix":2,"bm":0,"ix":1,"mn":"ADBE Vector Group","hd":false}],"ip":0,"op":300,"st":0,"bm":0},{"ddd":0,"ind":4,"ty":4,"nm":"Vector 1129","sr":1,"ks":{"o":{"a":0,"k":100,"ix":11},"r":{"a":0,"k":0,"ix":10},"p":{"a":0,"k":[32.367,77.09,0],"ix":2,"l":2},"a":{"a":0,"k":[0,0,0],"ix":1,"l":2},"s":{"a":0,"k":[100,100,100],"ix":6,"l":2}},"ao":0,"shapes":[{"ty":"gr","it":[{"ind":0,"ty":"sh","ix":1,"ks":{"a":0,"k":{"i":[[1.977,-1.822],[0,0],[0,0],[-0.705,-2.556],[0,0],[-0.9,0],[0,0],[-0.055,1.063],[0,0]],"o":[[0,0],[0,0],[-2.325,-1.275],[0,0],[0.239,0.867],[0,0],[1.065,0],[0,0],[0.138,-2.684]],"v":[[7.561,-16.609],[-4.034,-5.924],[-8.146,-8.179],[-12.48,-4.75],[-6.772,15.942],[-4.844,17.41],[9.066,17.41],[11.063,15.512],[12.59,-14.249]],"c":true},"ix":2},"nm":"Path 1","mn":"ADBE Vector Shape - Group","hd":false},{"ty":"fl","c":{"a":0,"k":[0.749019622803,0.686274528503,1,1],"ix":4},"o":{"a":0,"k":100,"ix":5},"r":1,"bm":0,"nm":"Fill 1","mn":"ADBE Vector Graphic - Fill","hd":false},{"ty":"tr","p":{"a":0,"k":[0,0],"ix":2},"a":{"a":0,"k":[0,0],"ix":1},"s":{"a":0,"k":[100,100],"ix":3},"r":{"a":0,"k":0,"ix":6},"o":{"a":0,"k":100,"ix":7},"sk":{"a":0,"k":0,"ix":4},"sa":{"a":0,"k":0,"ix":5},"nm":"Transform"}],"nm":"Vector 1129","np":2,"cix":2,"bm":0,"ix":1,"mn":"ADBE Vector Group","hd":false}],"ip":0,"op":300,"st":0,"bm":0},{"ddd":0,"ind":5,"ty":4,"nm":"Ellipse 814","sr":1,"ks":{"o":{"a":0,"k":100,"ix":11},"r":{"a":0,"k":0,"ix":10},"p":{"a":0,"k":[54.5,22.5,0],"ix":2,"l":2},"a":{"a":0,"k":[0,0,0],"ix":1,"l":2},"s":{"a":0,"k":[100,100,100],"ix":6,"l":2}},"ao":0,"shapes":[{"ty":"gr","it":[{"ind":0,"ty":"sh","ix":1,"ks":{"a":0,"k":{"i":[[4.142,0],[0,4.142],[-4.142,0],[0,-4.142]],"o":[[-4.142,0],[0,-4.142],[4.142,0],[0,4.142]],"v":[[0,7.5],[-7.5,0],[0,-7.5],[7.5,0]],"c":true},"ix":2},"nm":"Path 1","mn":"ADBE Vector Shape - Group","hd":false},{"ty":"fl","c":{"a":0,"k":[0.654901981354,0.627451002598,1,1],"ix":4},"o":{"a":0,"k":100,"ix":5},"r":1,"bm":0,"nm":"Fill 1","mn":"ADBE Vector Graphic - Fill","hd":false},{"ty":"tr","p":{"a":0,"k":[0,0],"ix":2},"a":{"a":0,"k":[0,0],"ix":1},"s":{"a":0,"k":[100,100],"ix":3},"r":{"a":0,"k":0,"ix":6},"o":{"a":0,"k":100,"ix":7},"sk":{"a":0,"k":0,"ix":4},"sa":{"a":0,"k":0,"ix":5},"nm":"Transform"}],"nm":"Ellipse 814","np":2,"cix":2,"bm":0,"ix":1,"mn":"ADBE Vector Group","hd":false}],"ip":0,"op":300,"st":0,"bm":0},{"ddd":0,"ind":6,"ty":4,"nm":"Rectangle 2363","sr":1,"ks":{"o":{"a":0,"k":100,"ix":11},"r":{"a":0,"k":0,"ix":10},"p":{"a":0,"k":[54.497,70.364,0],"ix":2,"l":2},"a":{"a":0,"k":[0,0,0],"ix":1,"l":2},"s":{"a":0,"k":[100,100,100],"ix":6,"l":2}},"ao":0,"shapes":[{"ty":"gr","it":[{"ind":0,"ty":"sh","ix":1,"ks":{"a":0,"k":{"i":[[0,0],[-1.727,-5.408],[0,0],[-2.901,0],[0,0],[-0.882,2.763],[0,0],[4.72,-3.158],[0,0],[0,0],[2.599,-2.583],[0,0]],"o":[[-4.721,-3.154],[0,0],[0.882,2.763],[0,0],[2.901,0],[0,0],[1.727,-5.41],[0,0],[0,0],[-2.601,-2.581],[0,0],[0,0]],"v":[[-40.23,-16.129],[-49.279,-9.315],[-38.006,25.996],[-31.655,30.635],[31.661,30.635],[38.011,25.996],[49.279,-9.297],[40.227,-16.109],[26.587,-6.983],[4.702,-28.701],[-4.693,-28.697],[-26.54,-6.983]],"c":true},"ix":2},"nm":"Path 1","mn":"ADBE Vector Shape - Group","hd":false},{"ty":"fl","c":{"a":0,"k":[0.654901981354,0.627451002598,1,1],"ix":4},"o":{"a":0,"k":100,"ix":5},"r":1,"bm":0,"nm":"Fill 1","mn":"ADBE Vector Graphic - Fill","hd":false},{"ty":"tr","p":{"a":0,"k":[0,0],"ix":2},"a":{"a":0,"k":[0,0],"ix":1},"s":{"a":0,"k":[100,100],"ix":3},"r":{"a":0,"k":0,"ix":6},"o":{"a":0,"k":100,"ix":7},"sk":{"a":0,"k":0,"ix":4},"sa":{"a":0,"k":0,"ix":5},"nm":"Transform"}],"nm":"Rectangle 2363","np":2,"cix":2,"bm":0,"ix":1,"mn":"ADBE Vector Group","hd":false}],"ip":0,"op":300,"st":0,"bm":0},{"ddd":0,"ind":7,"ty":4,"nm":"Rectangle 2367","sr":1,"ks":{"o":{"a":0,"k":100,"ix":11},"r":{"a":0,"k":0,"ix":10},"p":{"a":0,"k":[54.5,56.131,0],"ix":2,"l":2},"a":{"a":0,"k":[0,0,0],"ix":1,"l":2},"s":{"a":0,"k":[100,100,100],"ix":6,"l":2}},"ao":0,"shapes":[{"ty":"gr","it":[{"ind":0,"ty":"sh","ix":1,"ks":{"a":0,"k":{"i":[[0,0],[3.287,-10.664],[0,0],[7.276,0],[0,0],[2.143,6.953],[0,0],[-11.159,0]],"o":[[11.159,0],[0,0],[-2.143,6.953],[0,0],[-7.276,0],[0,0],[-3.287,-10.664],[0,0]],"v":[[26.038,-23.131],[41.883,-1.665],[37.846,11.434],[22,23.131],[-22,23.131],[-37.846,11.434],[-41.883,-1.665],[-26.038,-23.131]],"c":true},"ix":2},"nm":"Path 1","mn":"ADBE Vector Shape - Group","hd":false},{"ty":"fl","c":{"a":0,"k":[0.362083315849,0.424210846424,0.987500011921,1],"ix":4},"o":{"a":0,"k":100,"ix":5},"r":1,"bm":0,"nm":"Fill 1","mn":"ADBE Vector Graphic - Fill","hd":false},{"ty":"tr","p":{"a":0,"k":[0,0],"ix":2},"a":{"a":0,"k":[0,0],"ix":1},"s":{"a":0,"k":[100,100],"ix":3},"r":{"a":0,"k":0,"ix":6},"o":{"a":0,"k":100,"ix":7},"sk":{"a":0,"k":0,"ix":4},"sa":{"a":0,"k":0,"ix":5},"nm":"Transform"}],"nm":"Rectangle 2367","np":2,"cix":2,"bm":0,"ix":1,"mn":"ADBE Vector Group","hd":false}],"ip":0,"op":300,"st":0,"bm":0},{"ddd":0,"ind":8,"ty":4,"nm":"Rectangle 2362","sr":1,"ks":{"o":{"a":0,"k":100,"ix":11},"r":{"a":0,"k":0,"ix":10},"p":{"a":0,"k":[54.5,56.131,0],"ix":2,"l":2},"a":{"a":0,"k":[0,0,0],"ix":1,"l":2},"s":{"a":0,"k":[100,100,100],"ix":6,"l":2}},"ao":0,"shapes":[{"ty":"gr","it":[{"ind":0,"ty":"sh","ix":1,"ks":{"a":0,"k":{"i":[[0,0],[3.287,-10.664],[0,0],[7.276,0],[0,0],[2.143,6.953],[0,0],[-11.159,0]],"o":[[11.159,0],[0,0],[-2.143,6.953],[0,0],[-7.276,0],[0,0],[-3.287,-10.664],[0,0]],"v":[[26.038,-23.131],[41.883,-1.665],[37.846,11.434],[22,23.131],[-22,23.131],[-37.846,11.434],[-41.883,-1.665],[-26.038,-23.131]],"c":true},"ix":2},"nm":"Path 1","mn":"ADBE Vector Shape - Group","hd":false},{"ty":"fl","c":{"a":0,"k":[0.362083315849,0.424210846424,0.987500011921,1],"ix":4},"o":{"a":0,"k":100,"ix":5},"r":1,"bm":0,"nm":"Fill 1","mn":"ADBE Vector Graphic - Fill","hd":false},{"ty":"tr","p":{"a":0,"k":[0,0],"ix":2},"a":{"a":0,"k":[0,0],"ix":1},"s":{"a":0,"k":[100,100],"ix":3},"r":{"a":0,"k":0,"ix":6},"o":{"a":0,"k":100,"ix":7},"sk":{"a":0,"k":0,"ix":4},"sa":{"a":0,"k":0,"ix":5},"nm":"Transform"}],"nm":"Rectangle 2362","np":2,"cix":2,"bm":0,"ix":1,"mn":"ADBE Vector Group","hd":false}],"ip":0,"op":300,"st":0,"bm":0},{"ddd":0,"ind":9,"ty":4,"nm":"Outline","sr":1,"ks":{"o":{"a":0,"k":100,"ix":11},"r":{"a":0,"k":0,"ix":10},"p":{"a":0,"k":[54.497,58,0],"ix":2,"l":2},"a":{"a":0,"k":[0,0,0],"ix":1,"l":2},"s":{"a":0,"k":[100,100,100],"ix":6,"l":2}},"ao":0,"shapes":[{"ty":"gr","it":[{"ind":0,"ty":"sh","ix":1,"ks":{"a":0,"k":{"i":[[0,-4.142],[-4.142,0],[0,4.142],[4.142,0]],"o":[[0,4.142],[4.142,0],[0,-4.142],[-4.142,0]],"v":[[-7.497,-35.5],[0.003,-28],[7.503,-35.5],[0.003,-43]],"c":true},"ix":2},"nm":"Path 1","mn":"ADBE Vector Shape - Group","hd":false},{"ind":1,"ty":"sh","ix":2,"ks":{"a":0,"k":{"i":[[2.449,-10.301],[1.495,-4.683],[0,0],[2.901,0],[0,0],[0.882,2.763],[0,0],[-4.256,-1.046],[-10.776,0],[0,0]],"o":[[4.255,-1.045],[0,0],[-0.882,2.763],[0,0],[-2.901,0],[0,0],[-1.495,-4.683],[-2.436,-10.295],[0,0],[10.782,0]],"v":[[42.181,-4.616],[49.279,3.068],[38.011,38.361],[31.661,43],[-31.655,43],[-38.006,38.361],[-49.279,3.05],[-42.18,-4.634],[-26.035,-25],[26.041,-25]],"c":true},"ix":2},"nm":"Path 2","mn":"ADBE Vector Shape - Group","hd":false},{"ty":"mm","mm":1,"nm":"Merge Paths 1","mn":"ADBE Vector Filter - Merge","hd":false},{"ty":"st","c":{"a":0,"k":[1,1,1,1],"ix":3},"o":{"a":0,"k":100,"ix":4},"w":{"a":0,"k":6,"ix":5},"lc":1,"lj":1,"ml":4,"bm":0,"nm":"Stroke 1","mn":"ADBE Vector Graphic - Stroke","hd":false},{"ty":"fl","c":{"a":0,"k":[0.839215695858,0.854901969433,0.996078431606,1],"ix":4},"o":{"a":0,"k":100,"ix":5},"r":1,"bm":0,"nm":"Fill 1","mn":"ADBE Vector Graphic - Fill","hd":false},{"ty":"tr","p":{"a":0,"k":[0,0],"ix":2},"a":{"a":0,"k":[0,0],"ix":1},"s":{"a":0,"k":[100,100],"ix":3},"r":{"a":0,"k":0,"ix":6},"o":{"a":0,"k":100,"ix":7},"sk":{"a":0,"k":0,"ix":4},"sa":{"a":0,"k":0,"ix":5},"nm":"Transform"}],"nm":"Outline","np":5,"cix":2,"bm":0,"ix":1,"mn":"ADBE Vector Group","hd":false}],"ip":0,"op":300,"st":0,"bm":0},{"ddd":0,"ind":10,"ty":4,"nm":"Legendary crown","sr":1,"ks":{"o":{"a":0,"k":100,"ix":11},"r":{"a":0,"k":0,"ix":10},"p":{"a":0,"k":[54.5,58,0],"ix":2,"l":2},"a":{"a":0,"k":[0,0,0],"ix":1,"l":2},"s":{"a":0,"k":[100,100,100],"ix":6,"l":2}},"ao":0,"shapes":[{"ty":"gr","it":[{"ty":"rc","d":1,"s":{"a":0,"k":[109,86],"ix":2},"p":{"a":0,"k":[0,0],"ix":3},"r":{"a":0,"k":0,"ix":4},"nm":"Rectangle Path 1","mn":"ADBE Vector Shape - Rect","hd":false},{"ty":"tr","p":{"a":0,"k":[0,0],"ix":2},"a":{"a":0,"k":[0,0],"ix":1},"s":{"a":0,"k":[100,100],"ix":3},"r":{"a":0,"k":0,"ix":6},"o":{"a":0,"k":100,"ix":7},"sk":{"a":0,"k":0,"ix":4},"sa":{"a":0,"k":0,"ix":5},"nm":"Transform"}],"nm":"Legendary crown","np":1,"cix":2,"bm":0,"ix":1,"mn":"ADBE Vector Group","hd":false}],"ip":0,"op":300,"st":0,"bm":0}]}],"layers":[{"ddd":0,"ind":10,"ty":0,"nm":"Legendary_Intro_Anim 5","refId":"comp_0","sr":1,"ks":{"o":{"a":0,"k":100,"ix":11},"r":{"a":0,"k":0,"ix":10},"p":{"a":0,"k":[189.5,410.5,0],"ix":2,"l":2},"a":{"a":0,"k":[189.5,410.5,0],"ix":1,"l":2},"s":{"a":0,"k":[100,100,100],"ix":6,"l":2}},"ao":0,"w":379,"h":821,"ip":0,"op":300,"st":0,"bm":0}],"markers":[]}
