{"v":"5.6.6","fr":60,"ip":0,"op":400,"w":300,"h":300,"nm":"Duo Fab - EXPORT JSON","ddd":0,"assets":[{"id":"comp_0","layers":[{"ddd":0,"ind":2,"ty":0,"nm":"No Jump - ANIM","refId":"comp_1","sr":1,"ks":{"o":{"a":0,"k":100,"ix":11},"r":{"a":0,"k":0,"ix":10},"p":{"a":0,"k":[420,524,0],"ix":2},"a":{"a":0,"k":[800,953,0],"ix":1},"s":{"a":0,"k":[106,106,100],"ix":6}},"ao":0,"hasMask":true,"masksProperties":[{"inv":false,"mode":"a","pt":{"a":0,"k":{"i":[[164.975,0],[0,-164.975],[-164.975,0],[0,164.975]],"o":[[-164.975,0],[0,164.975],[164.975,0],[0,-164.975]],"v":[[800.601,592.623],[501.887,891.337],[800.601,1190.05],[1099.315,891.337]],"c":true},"ix":1},"o":{"a":0,"k":100,"ix":3},"x":{"a":0,"k":0,"ix":4},"nm":"Mask 1"}],"w":1600,"h":1600,"ip":0,"op":400,"st":0,"bm":0},{"ddd":0,"ind":3,"ty":4,"nm":"FILL","sr":1,"ks":{"o":{"a":0,"k":100,"ix":11},"r":{"a":0,"k":0,"ix":10},"p":{"a":0,"k":[420,458,0],"ix":2},"a":{"a":0,"k":[0,0,0],"ix":1},"s":{"a":0,"k":[100,100,100],"ix":6}},"ao":0,"shapes":[{"d":1,"ty":"el","s":{"a":0,"k":[626,626],"ix":2},"p":{"a":0,"k":[0,0],"ix":3},"nm":"Ellipse Path 1","mn":"ADBE Vector Shape - Ellipse","hd":false},{"ty":"fl","c":{"a":0,"k":[0.16862745098,0.439215716194,0.788235353956,1],"ix":4},"o":{"a":0,"k":100,"ix":5},"r":1,"bm":0,"nm":"Fill 1","mn":"ADBE Vector Graphic - Fill","hd":false}],"ip":0,"op":1200,"st":0,"bm":0}]},{"id":"comp_1","layers":[{"ddd":0,"ind":1,"ty":3,"nm":"MOVE NULL","sr":1,"ks":{"o":{"a":0,"k":0,"ix":11},"r":{"a":0,"k":0,"ix":10},"p":{"s":true,"x":{"a":0,"k":800,"ix":3},"y":{"a":0,"k":1302.531,"ix":4}},"a":{"a":0,"k":[0,0,0],"ix":1},"s":{"a":0,"k":[100,100,100],"ix":6}},"ao":0,"ip":0,"op":400,"st":-50,"bm":0},{"ddd":0,"ind":2,"ty":4,"nm":"face shield 2","parent":20,"td":1,"sr":1,"ks":{"o":{"a":0,"k":50,"ix":11},"r":{"a":0,"k":0,"ix":10},"p":{"a":0,"k":[-0.109,-135.866,0],"ix":2},"a":{"a":0,"k":[0,0,0],"ix":1},"s":{"a":0,"k":[100,100,100],"ix":6}},"ao":0,"shapes":[{"ty":"gr","it":[{"ind":0,"ty":"sh","ix":1,"ks":{"a":0,"k":{"i":[[-14.35,7.58],[-13.85,0],[-9.49,-4.76],[0,0],[0,-16.55],[0,0],[4.28,-2.83],[19.25,0],[15.26,9.98],[0,0],[0,5.16],[0,0]],"o":[[10.08,-5.32],[12.94,0],[0,0],[14.8,7.43],[0,0],[0,5.13],[-15.05,9.97],[-19.26,0],[0,0],[-4.32,-2.82],[0,0],[0,-16.23]],"v":[[-35.17,-39.614],[0.72,-47.594],[34.36,-40.454],[34.36,-40.454],[58.5,-1.334],[58.5,20.55],[51.65,33.3],[0.2,48.25],[-51.58,33.28],[-51.58,33.28],[-58.5,20.48],[-58.5,-0.904]],"c":true},"ix":2},"nm":"Path 1","mn":"ADBE Vector Shape - Group","hd":false},{"ty":"fl","c":{"a":0,"k":[0.596077978611,0.866666972637,1,1],"ix":4},"o":{"a":0,"k":100,"ix":5},"r":1,"bm":0,"nm":"Fill 1","mn":"ADBE Vector Graphic - Fill","hd":false},{"ty":"tr","p":{"a":0,"k":[0,0],"ix":2},"a":{"a":0,"k":[0,0],"ix":1},"s":{"a":0,"k":[400,400],"ix":3},"r":{"a":0,"k":0,"ix":6},"o":{"a":0,"k":100,"ix":7},"sk":{"a":0,"k":0,"ix":4},"sa":{"a":0,"k":0,"ix":5},"nm":"Transform"}],"nm":"face shield","np":2,"cix":2,"bm":0,"ix":1,"mn":"ADBE Vector Group","hd":false}],"ip":0,"op":400,"st":-50,"bm":0},{"ddd":0,"ind":3,"ty":4,"nm":"Shape Layer 1","parent":20,"tt":1,"sr":1,"ks":{"o":{"a":0,"k":100,"ix":11},"r":{"a":0,"k":0,"ix":10},"p":{"s":true,"x":{"a":1,"k":[{"t":-50,"s":[210.496],"h":1},{"i":{"x":[0.277],"y":[1]},"o":{"x":[0.879],"y":[0]},"t":87,"s":[210.496]},{"t":140,"s":[-67.495],"h":1}],"ix":3},"y":{"a":1,"k":[{"t":-50,"s":[-268.686],"h":1},{"i":{"x":[0.277],"y":[1]},"o":{"x":[0.879],"y":[0]},"t":87,"s":[-268.686]},{"t":140,"s":[-47.838],"h":1}],"ix":4}},"a":{"a":0,"k":[324,-804,0],"ix":1},"s":{"a":0,"k":[140,140,100],"ix":6}},"ao":0,"shapes":[{"ty":"gr","it":[{"ind":0,"ty":"sh","ix":1,"ks":{"a":1,"k":[{"t":-50,"s":[{"i":[[0,0],[46,-37],[19,-161],[0,0],[75,90]],"o":[[0,0],[85,-5],[44,-42],[0,0],[-75,-90]],"v":[[315.5,-1010.5],[265.5,-978.5],[519.5,-695.5],[574.5,-745.5],[503.5,-919.5]],"c":true}],"h":1},{"i":{"x":0.833,"y":0.833},"o":{"x":1,"y":0},"t":87,"s":[{"i":[[0,0],[46,-37],[19,-161],[0,0],[75,90]],"o":[[0,0],[85,-5],[44,-42],[0,0],[-75,-90]],"v":[[195.5,-932.5],[145.5,-900.5],[399.5,-617.5],[454.5,-667.5],[383.5,-841.5]],"c":true}]},{"i":{"x":0,"y":1},"o":{"x":0.167,"y":0.167},"t":113,"s":[{"i":[[0,0],[46,-37],[-102.679,-50.519],[0,0],[75,90]],"o":[[0,0],[21.548,125.637],[44,-42],[0,0],[-75,-90]],"v":[[171.5,-908.5],[114.147,-864.64],[356.147,-591.64],[400.5,-631.5],[320.99,-824.85]],"c":true}]},{"t":140,"s":[{"i":[[0,0],[46,-37],[-144,-13],[0,0],[75,90]],"o":[[0,0],[0,170],[44,-42],[0,0],[-75,-90]],"v":[[179.5,-920.5],[87.5,-848.5],[341.5,-565.5],[438.5,-655.5],[227.5,-729.5]],"c":true}],"h":1}],"ix":2},"nm":"Path 1","mn":"ADBE Vector Shape - Group","hd":false},{"ty":"fl","c":{"a":0,"k":[1,1,1,1],"ix":4},"o":{"a":0,"k":100,"ix":5},"r":1,"bm":0,"nm":"Fill 1","mn":"ADBE Vector Graphic - Fill","hd":false},{"ty":"tr","p":{"a":0,"k":[0,0],"ix":2},"a":{"a":0,"k":[0,0],"ix":1},"s":{"a":0,"k":[100,100],"ix":3},"r":{"a":0,"k":0,"ix":6},"o":{"a":0,"k":100,"ix":7},"sk":{"a":0,"k":0,"ix":4},"sa":{"a":0,"k":0,"ix":5},"nm":"Transform"}],"nm":"Shape 1","np":3,"cix":2,"bm":0,"ix":1,"mn":"ADBE Vector Group","hd":false}],"ip":0,"op":400,"st":-50,"bm":0},{"ddd":0,"ind":4,"ty":4,"nm":"face shield","parent":20,"sr":1,"ks":{"o":{"a":0,"k":39,"ix":11},"r":{"a":0,"k":0,"ix":10},"p":{"a":0,"k":[-0.109,-135.866,0],"ix":2},"a":{"a":0,"k":[0,0,0],"ix":1},"s":{"a":0,"k":[100,100,100],"ix":6}},"ao":0,"shapes":[{"ty":"gr","it":[{"ind":0,"ty":"sh","ix":1,"ks":{"a":0,"k":{"i":[[-14.35,7.58],[-13.85,0],[-9.49,-4.76],[0,0],[0,-16.55],[0,0],[4.28,-2.83],[19.25,0],[15.26,9.98],[0,0],[0,5.16],[0,0]],"o":[[10.08,-5.32],[12.94,0],[0,0],[14.8,7.43],[0,0],[0,5.13],[-15.05,9.97],[-19.26,0],[0,0],[-4.32,-2.82],[0,0],[0,-16.23]],"v":[[-35.17,-39.614],[0.72,-47.594],[34.36,-40.454],[34.36,-40.454],[58.5,-1.334],[58.5,20.55],[51.65,33.3],[0.2,48.25],[-51.58,33.28],[-51.58,33.28],[-58.5,20.48],[-58.5,-0.904]],"c":true},"ix":2},"nm":"Path 1","mn":"ADBE Vector Shape - Group","hd":false},{"ty":"fl","c":{"a":0,"k":[0.596077978611,0.866666972637,1,1],"ix":4},"o":{"a":0,"k":100,"ix":5},"r":1,"bm":0,"nm":"Fill 1","mn":"ADBE Vector Graphic - Fill","hd":false},{"ty":"tr","p":{"a":0,"k":[0,0],"ix":2},"a":{"a":0,"k":[0,0],"ix":1},"s":{"a":0,"k":[400,400],"ix":3},"r":{"a":0,"k":0,"ix":6},"o":{"a":0,"k":100,"ix":7},"sk":{"a":0,"k":0,"ix":4},"sa":{"a":0,"k":0,"ix":5},"nm":"Transform"}],"nm":"face shield","np":2,"cix":2,"bm":0,"ix":1,"mn":"ADBE Vector Group","hd":false}],"ip":0,"op":400,"st":-50,"bm":0},{"ddd":0,"ind":5,"ty":4,"nm":"specular","parent":4,"sr":1,"ks":{"o":{"a":0,"k":100,"ix":11},"r":{"a":0,"k":0,"ix":10},"p":{"a":0,"k":[-130.419,-104.705,0],"ix":2},"a":{"a":0,"k":[0,0,0],"ix":1},"s":{"a":0,"k":[100,100,100],"ix":6}},"ao":0,"shapes":[{"ty":"gr","it":[{"d":1,"ty":"el","s":{"a":0,"k":[17.369,17.403],"ix":2},"p":{"a":0,"k":[0,0],"ix":3},"nm":"Ellipse Path 1","mn":"ADBE Vector Shape - Ellipse","hd":false},{"ty":"fl","c":{"a":0,"k":[1,1,1,1],"ix":4},"o":{"a":0,"k":100,"ix":5},"r":1,"bm":0,"nm":"Fill 1","mn":"ADBE Vector Graphic - Fill","hd":false},{"ty":"tr","p":{"a":0,"k":[0,0],"ix":2},"a":{"a":0,"k":[0,0],"ix":1},"s":{"a":0,"k":[400,400],"ix":3},"r":{"a":0,"k":0,"ix":6},"o":{"a":0,"k":100,"ix":7},"sk":{"a":0,"k":0,"ix":4},"sa":{"a":0,"k":0,"ix":5},"nm":"Transform"}],"nm":"specular","np":2,"cix":2,"bm":0,"ix":1,"mn":"ADBE Vector Group","hd":false}],"ip":0,"op":400,"st":-50,"bm":0},{"ddd":0,"ind":6,"ty":4,"nm":"mask OUTLINE","parent":4,"sr":1,"ks":{"o":{"a":0,"k":100,"ix":11},"r":{"a":0,"k":0,"ix":10},"p":{"a":0,"k":[1.162,1.296,0],"ix":2},"a":{"a":0,"k":[0,0,0],"ix":1},"s":{"a":0,"k":[100,100,100],"ix":6}},"ao":0,"shapes":[{"ty":"gr","it":[{"ind":0,"ty":"sh","ix":1,"ks":{"a":0,"k":{"i":[[-15.2,7.82],[-13.72,0],[-10.03,-5.16],[0,-17.09],[0,0],[4.73,-3.19],[19.85,0],[15.26,10.45],[0,5.65],[0,0]],"o":[[10.03,-5.16],[13.72,0],[15.2,7.82],[0,0],[0,5.7],[-15.53,10.46],[-19.84,0],[-4.67,-3.19],[0,0],[0,-17.09]],"v":[[-35.639,-42.106],[0.001,-49.836],[35.641,-42.106],[60.401,-1.536],[60.401,19.924],[52.831,34.144],[-0.259,49.834],[-52.939,34.154],[-60.399,20.014],[-60.399,-1.536]],"c":true},"ix":2},"nm":"Path 1","mn":"ADBE Vector Shape - Group","hd":false},{"ty":"st","c":{"a":0,"k":[1,1,1,1],"ix":3},"o":{"a":0,"k":100,"ix":4},"w":{"a":0,"k":3.691,"ix":5},"lc":1,"lj":1,"ml":4,"bm":0,"nm":"Stroke 1","mn":"ADBE Vector Graphic - Stroke","hd":false},{"ty":"tr","p":{"a":0,"k":[0,0],"ix":2},"a":{"a":0,"k":[0,0],"ix":1},"s":{"a":0,"k":[400,400],"ix":3},"r":{"a":0,"k":0,"ix":6},"o":{"a":0,"k":100,"ix":7},"sk":{"a":0,"k":0,"ix":4},"sa":{"a":0,"k":0,"ix":5},"nm":"Transform"}],"nm":"mask","np":2,"cix":2,"bm":0,"ix":1,"mn":"ADBE Vector Group","hd":false}],"ip":0,"op":400,"st":-50,"bm":0},{"ddd":0,"ind":7,"ty":0,"nm":"Logo-Nametag","parent":24,"refId":"comp_2","sr":1,"ks":{"o":{"a":0,"k":100,"ix":11},"r":{"a":0,"k":0,"ix":10},"p":{"a":0,"k":[-0.004,-200,0],"ix":2},"a":{"a":0,"k":[800,800,0],"ix":1},"s":{"a":0,"k":[100,100,100],"ix":6}},"ao":0,"w":1600,"h":1600,"ip":0,"op":400,"st":-50,"bm":0},{"ddd":0,"ind":8,"ty":0,"nm":"Beak 04","parent":18,"refId":"comp_3","sr":1,"ks":{"o":{"a":0,"k":100,"ix":11},"r":{"a":0,"k":0,"ix":10},"p":{"a":0,"k":[800,800,0],"ix":2},"a":{"a":0,"k":[800,800,0],"ix":1},"s":{"a":0,"k":[100,100,100],"ix":6}},"ao":0,"w":1600,"h":1600,"ip":0,"op":400,"st":-50,"bm":0},{"ddd":0,"ind":10,"ty":0,"nm":"BLINK","parent":20,"refId":"comp_4","sr":1,"ks":{"o":{"a":0,"k":100,"ix":11},"r":{"a":0,"k":0,"ix":10},"p":{"a":0,"k":[-0.004,-224.186,0],"ix":2},"a":{"a":0,"k":[800,800,0],"ix":1},"s":{"a":0,"k":[100,100,100],"ix":6}},"ao":0,"hasMask":true,"masksProperties":[{"inv":false,"mode":"a","pt":{"a":1,"k":[{"i":{"x":0.833,"y":0.833},"o":{"x":0.333,"y":0},"t":20,"s":[{"i":[[0,0],[0,0],[0,0],[0,0],[0,0],[46,0],[0,0],[0,0],[51,0],[0,0],[0,0],[-49,0],[0,0],[0,0],[-52,0],[0,0]],"o":[[0,0],[0,0],[0,0],[0,0],[0,0],[-46,0],[0,0],[0,0],[-51,0],[0,0],[0,0],[49,0],[0,0],[0,0],[52,0],[0,0]],"v":[[1007,722],[504,721.885],[504,1102.885],[1007,1102.885],[1007.001,1037],[929.002,1037],[849.001,1037],[745.001,1037],[669.002,1037],[588.001,1037],[588,818.154],[670,785.135],[746,818.154],[850,818],[929,785.424],[1006,817.654]],"c":true}]},{"i":{"x":0.377,"y":1},"o":{"x":0.167,"y":0.167},"t":28,"s":[{"i":[[0,0],[0,0],[0,0],[0,0],[0,0],[46,0],[0,0],[0,0],[51,0],[0,0],[0,0],[-58.002,0],[0,0],[0,0],[-61.003,0],[0,0]],"o":[[0,0],[0,0],[0,0],[0,0],[0,0],[-46,0],[0,0],[0,0],[-51,0],[0,0],[0,0],[55.998,0],[0,0],[0,0],[54.997,0],[0,0]],"v":[[1007,722],[504,721.885],[504,1102.885],[1007,1102.885],[1007.001,1037],[929.002,1037],[849.001,1037],[745.001,1037],[669.002,1037],[588.001,1037],[588.001,897.154],[670.005,876.135],[746.001,897.154],[850.001,897],[929.005,876.424],[1006.001,896.654]],"c":true}]},{"i":{"x":0.833,"y":0.833},"o":{"x":0.333,"y":0},"t":34,"s":[{"i":[[0,0],[0,0],[0,0],[0,0],[0,0],[46,0],[0,0],[0,0],[51,0],[0,0],[0,0],[-49,0],[0,0],[0,0],[-52,0],[0,0]],"o":[[0,0],[0,0],[0,0],[0,0],[0,0],[-46,0],[0,0],[0,0],[-51,0],[0,0],[0,0],[49,0],[0,0],[0,0],[52,0],[0,0]],"v":[[1007,722],[504,721.885],[504,1102.885],[1007,1102.885],[1007.001,1037],[929.002,1037],[849.001,1037],[745.001,1037],[669.002,1037],[588.001,1039],[588.001,942.724],[670.004,934.704],[754.001,942.794],[845.001,943.485],[929.004,933.994],[1007.001,943.224]],"c":true}]},{"i":{"x":0.667,"y":1},"o":{"x":0.167,"y":0.167},"t":35,"s":[{"i":[[0,0],[0,0],[0,0],[0,0],[0,0],[46,0],[0,0],[0,0],[51,0],[0,0],[0,0],[-49,0],[0,0],[0,0],[-52,0],[0,0]],"o":[[0,0],[0,0],[0,0],[0,0],[0,0],[-46,0],[0,0],[0,0],[-51,0],[0,0],[0,0],[49,0],[0,0],[0,0],[52,0],[0,0]],"v":[[1007,722],[504,721.885],[504,1102.885],[1007,1102.885],[1007.001,1037],[929.002,1037],[849.001,1037],[745.001,1037],[669.002,1037],[588.001,1039],[588.003,1017.724],[670.005,1009.704],[754.003,1017.794],[845.003,1018.485],[929.005,1008.994],[1007.003,1018.224]],"c":true}]},{"i":{"x":0.833,"y":0.833},"o":{"x":0.333,"y":0},"t":41,"s":[{"i":[[0,0],[0,0],[0,0],[0,0],[0,0],[46,0],[0,0],[0,0],[51,0],[0,0],[0,0],[-49,0],[0,0],[0,0],[-52,0],[0,0]],"o":[[0,0],[0,0],[0,0],[0,0],[0,0],[-46,0],[0,0],[0,0],[-51,0],[0,0],[0,0],[49,0],[0,0],[0,0],[52,0],[0,0]],"v":[[1007,722],[504,721.885],[504,1102.885],[1007,1102.885],[1007.001,1037],[929.002,1037],[849.001,1037],[745.001,1037],[669.002,1037],[588.001,1039],[588.003,1017.724],[670.005,1009.704],[754.003,1017.794],[845.003,1018.485],[929.005,1008.994],[1007.003,1018.224]],"c":true}]},{"i":{"x":0.667,"y":1},"o":{"x":0.167,"y":0.167},"t":47,"s":[{"i":[[0,0],[0,0],[0,0],[0,0],[0,0],[46,0],[0,0],[0,0],[51,0],[0,0],[0,0],[-58.002,0],[0,0],[0,0],[-61.003,0],[0,0]],"o":[[0,0],[0,0],[0,0],[0,0],[0,0],[-46,0],[0,0],[0,0],[-51,0],[0,0],[0,0],[55.998,0],[0,0],[0,0],[54.997,0],[0,0]],"v":[[1007,722],[504,721.885],[504,1102.885],[1007,1102.885],[1007.001,1037],[929.002,1037],[849.001,1037],[745.001,1037],[669.002,1037],[588.001,1037],[588.001,897.154],[670.005,876.135],[746.001,897.154],[850.001,897],[929.005,876.424],[1006.001,896.654]],"c":true}]},{"i":{"x":0.833,"y":1},"o":{"x":0.167,"y":0},"t":62,"s":[{"i":[[0,0],[0,0],[0,0],[0,0],[0,0],[46,0],[0,0],[0,0],[51,0],[0,0],[0,0],[-49,0],[0,0],[0,0],[-52,0],[0,0]],"o":[[0,0],[0,0],[0,0],[0,0],[0,0],[-46,0],[0,0],[0,0],[-51,0],[0,0],[0,0],[49,0],[0,0],[0,0],[52,0],[0,0]],"v":[[1007,722],[504,721.885],[504,1102.885],[1007,1102.885],[1007.001,1037],[929.002,1037],[849.001,1037],[745.001,1037],[669.002,1037],[588.001,1037],[588,818.154],[670,785.135],[746,818.154],[850,818],[929,785.424],[1006,817.654]],"c":true}]},{"i":{"x":0.833,"y":0.833},"o":{"x":0.333,"y":0},"t":158,"s":[{"i":[[0,0],[0,0],[0,0],[0,0],[0,0],[46,0],[0,0],[0,0],[51,0],[0,0],[0,0],[-49,0],[0,0],[0,0],[-52,0],[0,0]],"o":[[0,0],[0,0],[0,0],[0,0],[0,0],[-46,0],[0,0],[0,0],[-51,0],[0,0],[0,0],[49,0],[0,0],[0,0],[52,0],[0,0]],"v":[[1007,722],[504,721.885],[504,1102.885],[1007,1102.885],[1007.001,1037],[929.002,1037],[849.001,1037],[745.001,1037],[669.002,1037],[588.001,1037],[588,818.154],[670,785.135],[746,818.154],[850,818],[929,785.424],[1006,817.654]],"c":true}]},{"i":{"x":0.377,"y":1},"o":{"x":0.167,"y":0.167},"t":166,"s":[{"i":[[0,0],[0,0],[0,0],[0,0],[0,0],[46,0],[0,0],[0,0],[51,0],[0,0],[0,0],[-58.002,0],[0,0],[0,0],[-61.003,0],[0,0]],"o":[[0,0],[0,0],[0,0],[0,0],[0,0],[-46,0],[0,0],[0,0],[-51,0],[0,0],[0,0],[55.998,0],[0,0],[0,0],[54.997,0],[0,0]],"v":[[1007,722],[504,721.885],[504,1102.885],[1007,1102.885],[1007.001,1037],[929.002,1037],[849.001,1037],[745.001,1037],[669.002,1037],[588.001,1037],[588.001,897.154],[670.005,876.135],[746.001,897.154],[850.001,897],[929.005,876.424],[1006.001,896.654]],"c":true}]},{"i":{"x":0.833,"y":0.833},"o":{"x":0.333,"y":0},"t":172,"s":[{"i":[[0,0],[0,0],[0,0],[0,0],[0,0],[46,0],[0,0],[0,0],[51,0],[0,0],[0,0],[-49,0],[0,0],[0,0],[-52,0],[0,0]],"o":[[0,0],[0,0],[0,0],[0,0],[0,0],[-46,0],[0,0],[0,0],[-51,0],[0,0],[0,0],[49,0],[0,0],[0,0],[52,0],[0,0]],"v":[[1007,722],[504,721.885],[504,1102.885],[1007,1102.885],[1007.001,1037],[929.002,1037],[849.001,1037],[745.001,1037],[669.002,1037],[588.001,1039],[588.001,942.724],[670.004,934.704],[754.001,942.794],[845.001,943.485],[929.004,933.994],[1007.001,943.224]],"c":true}]},{"i":{"x":0.667,"y":1},"o":{"x":0.167,"y":0.167},"t":173,"s":[{"i":[[0,0],[0,0],[0,0],[0,0],[0,0],[46,0],[0,0],[0,0],[51,0],[0,0],[0,0],[-49,0],[0,0],[0,0],[-52,0],[0,0]],"o":[[0,0],[0,0],[0,0],[0,0],[0,0],[-46,0],[0,0],[0,0],[-51,0],[0,0],[0,0],[49,0],[0,0],[0,0],[52,0],[0,0]],"v":[[1007,722],[504,721.885],[504,1102.885],[1007,1102.885],[1007.001,1037],[929.002,1037],[849.001,1037],[745.001,1037],[669.002,1037],[588.001,1039],[588.003,1017.724],[670.005,1009.704],[754.003,1017.794],[845.003,1018.485],[929.005,1008.994],[1007.003,1018.224]],"c":true}]},{"i":{"x":0.833,"y":0.833},"o":{"x":0.333,"y":0},"t":179,"s":[{"i":[[0,0],[0,0],[0,0],[0,0],[0,0],[46,0],[0,0],[0,0],[51,0],[0,0],[0,0],[-49,0],[0,0],[0,0],[-52,0],[0,0]],"o":[[0,0],[0,0],[0,0],[0,0],[0,0],[-46,0],[0,0],[0,0],[-51,0],[0,0],[0,0],[49,0],[0,0],[0,0],[52,0],[0,0]],"v":[[1007,722],[504,721.885],[504,1102.885],[1007,1102.885],[1007.001,1037],[929.002,1037],[849.001,1037],[745.001,1037],[669.002,1037],[588.001,1039],[588.003,1017.724],[670.005,1009.704],[754.003,1017.794],[845.003,1018.485],[929.005,1008.994],[1007.003,1018.224]],"c":true}]},{"i":{"x":0.667,"y":1},"o":{"x":0.167,"y":0.167},"t":185,"s":[{"i":[[0,0],[0,0],[0,0],[0,0],[0,0],[46,0],[0,0],[0,0],[51,0],[0,0],[0,0],[-58.002,0],[0,0],[0,0],[-61.003,0],[0,0]],"o":[[0,0],[0,0],[0,0],[0,0],[0,0],[-46,0],[0,0],[0,0],[-51,0],[0,0],[0,0],[55.998,0],[0,0],[0,0],[54.997,0],[0,0]],"v":[[1007,722],[504,721.885],[504,1102.885],[1007,1102.885],[1007.001,1037],[929.002,1037],[849.001,1037],[745.001,1037],[669.002,1037],[588.001,1037],[588.001,897.154],[670.005,876.135],[746.001,897.154],[850.001,897],[929.005,876.424],[1006.001,896.654]],"c":true}]},{"i":{"x":0.833,"y":1},"o":{"x":0.167,"y":0},"t":200,"s":[{"i":[[0,0],[0,0],[0,0],[0,0],[0,0],[46,0],[0,0],[0,0],[51,0],[0,0],[0,0],[-49,0],[0,0],[0,0],[-52,0],[0,0]],"o":[[0,0],[0,0],[0,0],[0,0],[0,0],[-46,0],[0,0],[0,0],[-51,0],[0,0],[0,0],[49,0],[0,0],[0,0],[52,0],[0,0]],"v":[[1007,722],[504,721.885],[504,1102.885],[1007,1102.885],[1007.001,1037],[929.002,1037],[849.001,1037],[745.001,1037],[669.002,1037],[588.001,1037],[588,818.154],[670,785.135],[746,818.154],[850,818],[929,785.424],[1006,817.654]],"c":true}]},{"i":{"x":0.833,"y":0.833},"o":{"x":0.333,"y":0},"t":292,"s":[{"i":[[0,0],[0,0],[0,0],[0,0],[0,0],[46,0],[0,0],[0,0],[51,0],[0,0],[0,0],[-49,0],[0,0],[0,0],[-52,0],[0,0]],"o":[[0,0],[0,0],[0,0],[0,0],[0,0],[-46,0],[0,0],[0,0],[-51,0],[0,0],[0,0],[49,0],[0,0],[0,0],[52,0],[0,0]],"v":[[1007,722],[504,721.885],[504,1102.885],[1007,1102.885],[1007.001,1037],[929.002,1037],[849.001,1037],[745.001,1037],[669.002,1037],[588.001,1037],[588,818.154],[670,785.135],[746,818.154],[850,818],[929,785.424],[1006,817.654]],"c":true}]},{"i":{"x":0.377,"y":1},"o":{"x":0.167,"y":0.167},"t":300,"s":[{"i":[[0,0],[0,0],[0,0],[0,0],[0,0],[46,0],[0,0],[0,0],[51,0],[0,0],[0,0],[-58.002,0],[0,0],[0,0],[-61.003,0],[0,0]],"o":[[0,0],[0,0],[0,0],[0,0],[0,0],[-46,0],[0,0],[0,0],[-51,0],[0,0],[0,0],[55.998,0],[0,0],[0,0],[54.997,0],[0,0]],"v":[[1007,722],[504,721.885],[504,1102.885],[1007,1102.885],[1007.001,1037],[929.002,1037],[849.001,1037],[745.001,1037],[669.002,1037],[588.001,1037],[588.001,897.154],[670.005,876.135],[746.001,897.154],[850.001,897],[929.005,876.424],[1006.001,896.654]],"c":true}]},{"i":{"x":0.833,"y":0.833},"o":{"x":0.333,"y":0},"t":306,"s":[{"i":[[0,0],[0,0],[0,0],[0,0],[0,0],[46,0],[0,0],[0,0],[51,0],[0,0],[0,0],[-49,0],[0,0],[0,0],[-52,0],[0,0]],"o":[[0,0],[0,0],[0,0],[0,0],[0,0],[-46,0],[0,0],[0,0],[-51,0],[0,0],[0,0],[49,0],[0,0],[0,0],[52,0],[0,0]],"v":[[1007,722],[504,721.885],[504,1102.885],[1007,1102.885],[1007.001,1037],[929.002,1037],[849.001,1037],[745.001,1037],[669.002,1037],[588.001,1039],[588.001,942.724],[670.004,934.704],[754.001,942.794],[845.001,943.485],[929.004,933.994],[1007.001,943.224]],"c":true}]},{"i":{"x":0.667,"y":1},"o":{"x":0.167,"y":0.167},"t":307,"s":[{"i":[[0,0],[0,0],[0,0],[0,0],[0,0],[46,0],[0,0],[0,0],[51,0],[0,0],[0,0],[-49,0],[0,0],[0,0],[-52,0],[0,0]],"o":[[0,0],[0,0],[0,0],[0,0],[0,0],[-46,0],[0,0],[0,0],[-51,0],[0,0],[0,0],[49,0],[0,0],[0,0],[52,0],[0,0]],"v":[[1007,722],[504,721.885],[504,1102.885],[1007,1102.885],[1007.001,1037],[929.002,1037],[849.001,1037],[745.001,1037],[669.002,1037],[588.001,1039],[588.003,1017.724],[670.005,1009.704],[754.003,1017.794],[845.003,1018.485],[929.005,1008.994],[1007.003,1018.224]],"c":true}]},{"i":{"x":0.833,"y":0.833},"o":{"x":0.333,"y":0},"t":313,"s":[{"i":[[0,0],[0,0],[0,0],[0,0],[0,0],[46,0],[0,0],[0,0],[51,0],[0,0],[0,0],[-49,0],[0,0],[0,0],[-52,0],[0,0]],"o":[[0,0],[0,0],[0,0],[0,0],[0,0],[-46,0],[0,0],[0,0],[-51,0],[0,0],[0,0],[49,0],[0,0],[0,0],[52,0],[0,0]],"v":[[1007,722],[504,721.885],[504,1102.885],[1007,1102.885],[1007.001,1037],[929.002,1037],[849.001,1037],[745.001,1037],[669.002,1037],[588.001,1039],[588.003,1017.724],[670.005,1009.704],[754.003,1017.794],[845.003,1018.485],[929.005,1008.994],[1007.003,1018.224]],"c":true}]},{"i":{"x":0.667,"y":1},"o":{"x":0.167,"y":0.167},"t":319,"s":[{"i":[[0,0],[0,0],[0,0],[0,0],[0,0],[46,0],[0,0],[0,0],[51,0],[0,0],[0,0],[-58.002,0],[0,0],[0,0],[-61.003,0],[0,0]],"o":[[0,0],[0,0],[0,0],[0,0],[0,0],[-46,0],[0,0],[0,0],[-51,0],[0,0],[0,0],[55.998,0],[0,0],[0,0],[54.997,0],[0,0]],"v":[[1007,722],[504,721.885],[504,1102.885],[1007,1102.885],[1007.001,1037],[929.002,1037],[849.001,1037],[745.001,1037],[669.002,1037],[588.001,1037],[588.001,897.154],[670.005,876.135],[746.001,897.154],[850.001,897],[929.005,876.424],[1006.001,896.654]],"c":true}]},{"t":329,"s":[{"i":[[0,0],[0,0],[0,0],[0,0],[0,0],[46,0],[0,0],[0,0],[51,0],[0,0],[0,0],[-49,0],[0,0],[0,0],[-52,0],[0,0]],"o":[[0,0],[0,0],[0,0],[0,0],[0,0],[-46,0],[0,0],[0,0],[-51,0],[0,0],[0,0],[49,0],[0,0],[0,0],[52,0],[0,0]],"v":[[1007,722],[504,721.885],[504,1102.885],[1007,1102.885],[1007.001,1037],[929.002,1037],[849.001,1037],[745.001,1037],[669.002,1037],[588.001,1037],[588,818.154],[670,785.135],[746,818.154],[850,818],[929,785.424],[1006,817.654]],"c":true}]}],"ix":1},"o":{"a":0,"k":100,"ix":3},"x":{"a":0,"k":0,"ix":4},"nm":"Mask 1"}],"w":1600,"h":1600,"ip":0,"op":400,"st":-50,"bm":0},{"ddd":0,"ind":11,"ty":4,"nm":"cheek L","parent":18,"sr":1,"ks":{"o":{"a":0,"k":100,"ix":11},"r":{"a":1,"k":[{"i":{"x":[0.925],"y":[0.153]},"o":{"x":[0.768],"y":[0]},"t":20,"s":[0]},{"i":{"x":[0.826],"y":[1]},"o":{"x":[0],"y":[0]},"t":34,"s":[16.474]},{"i":{"x":[0.324],"y":[1]},"o":{"x":[0.078],"y":[0.487]},"t":41,"s":[16.474]},{"i":{"x":[0.833],"y":[1]},"o":{"x":[0.167],"y":[0]},"t":62,"s":[0]},{"i":{"x":[0.925],"y":[0.153]},"o":{"x":[0.768],"y":[0]},"t":158,"s":[0]},{"i":{"x":[0.826],"y":[1]},"o":{"x":[0],"y":[0]},"t":172,"s":[16.474]},{"i":{"x":[0.324],"y":[1]},"o":{"x":[0.078],"y":[0.487]},"t":179,"s":[16.474]},{"i":{"x":[0.833],"y":[1]},"o":{"x":[0.167],"y":[0]},"t":200,"s":[0]},{"i":{"x":[0.925],"y":[0.153]},"o":{"x":[0.768],"y":[0]},"t":292,"s":[0]},{"i":{"x":[0.826],"y":[1]},"o":{"x":[0],"y":[0]},"t":306,"s":[16.474]},{"i":{"x":[0.324],"y":[1]},"o":{"x":[0.078],"y":[0.371]},"t":313,"s":[16.474]},{"t":329,"s":[0]}],"ix":10},"p":{"a":0,"k":[1007,990.21,0],"ix":2},"a":{"a":0,"k":[77.997,-13.907,0],"ix":1},"s":{"a":0,"k":[100,100,100],"ix":6}},"ao":0,"shapes":[{"ty":"gr","it":[{"ind":0,"ty":"sh","ix":1,"ks":{"a":0,"k":{"i":[[2.093,-4.705],[16.69,2.721],[0,0],[-11.354,-0.07]],"o":[[-7.049,6.456],[0,0],[7.14,-5.305],[0,0]],"v":[[19.397,2.669],[-13.719,12.542],[-19.579,-0.958],[19.478,-12.18]],"c":true},"ix":2},"nm":"Path 1","mn":"ADBE Vector Shape - Group","hd":false},{"ty":"fl","c":{"a":0,"k":[0.55686300993,0.878431022167,0,1],"ix":4},"o":{"a":0,"k":100,"ix":5},"r":1,"bm":0,"nm":"Fill 1","mn":"ADBE Vector Graphic - Fill","hd":false},{"ty":"tr","p":{"a":0,"k":[0,0],"ix":2},"a":{"a":0,"k":[0,0],"ix":1},"s":{"a":0,"k":[400,400],"ix":3},"r":{"a":0,"k":0,"ix":6},"o":{"a":0,"k":100,"ix":7},"sk":{"a":0,"k":0,"ix":4},"sa":{"a":0,"k":0,"ix":5},"nm":"Transform"}],"nm":"cheek L","np":2,"cix":2,"bm":0,"ix":1,"mn":"ADBE Vector Group","hd":false}],"ip":0,"op":400,"st":-50,"bm":0},{"ddd":0,"ind":12,"ty":4,"nm":"cheek R","parent":18,"sr":1,"ks":{"o":{"a":0,"k":100,"ix":11},"r":{"a":1,"k":[{"i":{"x":[0.925],"y":[0.52]},"o":{"x":[0.768],"y":[0]},"t":20,"s":[0]},{"i":{"x":[0.653],"y":[1]},"o":{"x":[0],"y":[0]},"t":34,"s":[-15.484]},{"i":{"x":[0.324],"y":[1]},"o":{"x":[0.106],"y":[0.923]},"t":41,"s":[-15.484]},{"i":{"x":[0.833],"y":[1]},"o":{"x":[0.167],"y":[0]},"t":62,"s":[0]},{"i":{"x":[0.925],"y":[0.52]},"o":{"x":[0.768],"y":[0]},"t":158,"s":[0]},{"i":{"x":[0.653],"y":[1]},"o":{"x":[0],"y":[0]},"t":172,"s":[-15.484]},{"i":{"x":[0.324],"y":[1]},"o":{"x":[0.106],"y":[0.923]},"t":179,"s":[-15.484]},{"i":{"x":[0.833],"y":[1]},"o":{"x":[0.167],"y":[0]},"t":200,"s":[0]},{"i":{"x":[0.925],"y":[0.52]},"o":{"x":[0.768],"y":[0]},"t":292,"s":[0]},{"i":{"x":[0.653],"y":[1]},"o":{"x":[0],"y":[0]},"t":306,"s":[-15.484]},{"i":{"x":[0.324],"y":[1]},"o":{"x":[0.106],"y":[0.703]},"t":313,"s":[-15.484]},{"t":329,"s":[0]}],"ix":10},"p":{"a":0,"k":[588,990.21,0],"ix":2},"a":{"a":0,"k":[-87.621,-13.907,0],"ix":1},"s":{"a":0,"k":[100,100,100],"ix":6}},"ao":0,"shapes":[{"ty":"gr","it":[{"ind":0,"ty":"sh","ix":1,"ks":{"a":0,"k":{"i":[[9.074,6.515],[0,0],[-8.161,-5.555],[0,0]],"o":[[-0.176,-4.485],[11.274,-0.445],[0,0],[-17.388,0.553]],"v":[[-21.729,0.985],[-21.804,-11.805],[18.104,-1.245],[12.244,12.255]],"c":true},"ix":2},"nm":"Path 1","mn":"ADBE Vector Shape - Group","hd":false},{"ty":"fl","c":{"a":0,"k":[0.55686300993,0.878431022167,0,1],"ix":4},"o":{"a":0,"k":100,"ix":5},"r":1,"bm":0,"nm":"Fill 1","mn":"ADBE Vector Graphic - Fill","hd":false},{"ty":"tr","p":{"a":0,"k":[0,0],"ix":2},"a":{"a":0,"k":[0,0],"ix":1},"s":{"a":0,"k":[400,400],"ix":3},"r":{"a":0,"k":0,"ix":6},"o":{"a":0,"k":100,"ix":7},"sk":{"a":0,"k":0,"ix":4},"sa":{"a":0,"k":0,"ix":5},"nm":"Transform"}],"nm":"cheek R","np":2,"cix":2,"bm":0,"ix":1,"mn":"ADBE Vector Group","hd":false}],"ip":0,"op":400,"st":-50,"bm":0},{"ddd":0,"ind":13,"ty":0,"nm":"Pupil R","parent":15,"refId":"comp_5","sr":1,"ks":{"o":{"a":0,"k":100,"ix":11},"r":{"a":0,"k":0,"ix":10},"p":{"a":1,"k":[{"t":0,"s":[-105.423,-100.388,0],"h":1},{"t":100,"s":[-103.423,-100.388,0],"h":1},{"t":141,"s":[-109.423,-100.388,0],"h":1},{"t":174,"s":[-105.423,-100.388,0],"h":1},{"t":238,"s":[-105.423,-104.388,0],"h":1},{"t":313,"s":[-105.423,-102.388,0],"h":1},{"t":380,"s":[-105.423,-100.388,0],"h":1}],"ix":2},"a":{"a":0,"k":[800,800,0],"ix":1},"s":{"a":0,"k":[100,100,100],"ix":6}},"ao":0,"w":1600,"h":1600,"ip":0,"op":400,"st":-50,"bm":0},{"ddd":0,"ind":14,"ty":0,"nm":"Pupil L","parent":16,"refId":"comp_6","sr":1,"ks":{"o":{"a":0,"k":100,"ix":11},"r":{"a":0,"k":0,"ix":10},"p":{"a":1,"k":[{"t":0,"s":[-129.479,-100.388,0],"h":1},{"t":100,"s":[-127.479,-100.388,0],"h":1},{"t":141,"s":[-133.479,-100.388,0],"h":1},{"t":174,"s":[-129.479,-100.388,0],"h":1},{"t":238,"s":[-129.479,-104.388,0],"h":1},{"t":313,"s":[-129.479,-102.388,0],"h":1},{"t":380,"s":[-129.479,-100.388,0],"h":1}],"ix":2},"a":{"a":0,"k":[800,800,0],"ix":1},"s":{"a":0,"k":[100,100,100],"ix":6}},"ao":0,"w":1600,"h":1600,"ip":0,"op":400,"st":-50,"bm":0},{"ddd":0,"ind":15,"ty":4,"nm":"eye R","parent":18,"sr":1,"ks":{"o":{"a":0,"k":100,"ix":11},"r":{"a":0,"k":0,"ix":10},"p":{"a":0,"k":[668.423,924.388,0],"ix":2},"a":{"a":0,"k":[0,0,0],"ix":1},"s":{"a":0,"k":[100,100,100],"ix":6}},"ao":0,"shapes":[{"ty":"gr","it":[{"ind":0,"ty":"sh","ix":1,"ks":{"a":0,"k":{"i":[[-10.17,0],[0,0],[0,-10.17],[0,0],[10.17,0],[0,0],[0,10.17],[0,0]],"o":[[0,0],[10.17,0],[0,0],[0,10.17],[0,0],[-10.17,0],[0,0],[0,-10.17]],"v":[[-0.001,-23.995],[-0.001,-23.995],[18.419,-5.575],[18.419,5.575],[-0.001,23.995],[-0.001,23.995],[-18.421,5.575],[-18.421,-5.575]],"c":true},"ix":2},"nm":"Path 1","mn":"ADBE Vector Shape - Group","hd":false},{"ty":"fl","c":{"a":0,"k":[1,1,1,1],"ix":4},"o":{"a":0,"k":100,"ix":5},"r":1,"bm":0,"nm":"Fill 1","mn":"ADBE Vector Graphic - Fill","hd":false},{"ty":"tr","p":{"a":0,"k":[0,0],"ix":2},"a":{"a":0,"k":[0,0],"ix":1},"s":{"a":0,"k":[400,400],"ix":3},"r":{"a":0,"k":0,"ix":6},"o":{"a":0,"k":100,"ix":7},"sk":{"a":0,"k":0,"ix":4},"sa":{"a":0,"k":0,"ix":5},"nm":"Transform"}],"nm":"eye R","np":2,"cix":2,"bm":0,"ix":1,"mn":"ADBE Vector Group","hd":false}],"ip":0,"op":400,"st":-50,"bm":0},{"ddd":0,"ind":16,"ty":4,"nm":"eye L","parent":18,"sr":1,"ks":{"o":{"a":0,"k":100,"ix":11},"r":{"a":0,"k":0,"ix":10},"p":{"a":0,"k":[929.479,924.388,0],"ix":2},"a":{"a":0,"k":[0,0,0],"ix":1},"s":{"a":0,"k":[100,100,100],"ix":6}},"ao":0,"shapes":[{"ty":"gr","it":[{"ind":0,"ty":"sh","ix":1,"ks":{"a":0,"k":{"i":[[-10.17,0],[0,0],[0,-10.17],[0,0],[10.17,0],[0,0],[0,10.17],[0,0]],"o":[[0,0],[10.17,0],[0,0],[0,10.17],[0,0],[-10.17,0],[0,0],[0,-10.17]],"v":[[-0.001,-23.995],[-0.001,-23.995],[18.419,-5.575],[18.419,5.575],[-0.001,23.995],[-0.001,23.995],[-18.421,5.575],[-18.421,-5.575]],"c":true},"ix":2},"nm":"Path 1","mn":"ADBE Vector Shape - Group","hd":false},{"ty":"fl","c":{"a":0,"k":[1,1,1,1],"ix":4},"o":{"a":0,"k":100,"ix":5},"r":1,"bm":0,"nm":"Fill 1","mn":"ADBE Vector Graphic - Fill","hd":false},{"ty":"tr","p":{"a":0,"k":[0,0],"ix":2},"a":{"a":0,"k":[0,0],"ix":1},"s":{"a":0,"k":[400,400],"ix":3},"r":{"a":0,"k":0,"ix":6},"o":{"a":0,"k":100,"ix":7},"sk":{"a":0,"k":0,"ix":4},"sa":{"a":0,"k":0,"ix":5},"nm":"Transform"}],"nm":"eye L","np":2,"cix":2,"bm":0,"ix":1,"mn":"ADBE Vector Group","hd":false}],"ip":0,"op":400,"st":-50,"bm":0},{"ddd":0,"ind":17,"ty":4,"nm":"mask FILL 2","parent":20,"td":1,"sr":1,"ks":{"o":{"a":0,"k":100,"ix":11},"r":{"a":0,"k":0,"ix":10},"p":{"a":0,"k":[1.053,-134.57,0],"ix":2},"a":{"a":0,"k":[0,0,0],"ix":1},"s":{"a":0,"k":[100,100,100],"ix":6}},"ao":0,"shapes":[{"ty":"gr","it":[{"ind":0,"ty":"sh","ix":1,"ks":{"a":0,"k":{"i":[[-15.2,7.82],[-13.72,0],[-10.03,-5.16],[0,-17.09],[0,0],[4.73,-3.19],[19.85,0],[15.26,10.45],[0,5.65],[0,0]],"o":[[10.03,-5.16],[13.72,0],[15.2,7.82],[0,0],[0,5.7],[-15.53,10.46],[-19.84,0],[-4.67,-3.19],[0,0],[0,-17.09]],"v":[[-35.639,-42.106],[0.001,-49.836],[35.641,-42.106],[60.401,-1.536],[60.401,19.924],[52.831,34.144],[-0.259,49.834],[-52.939,34.154],[-60.399,20.014],[-60.399,-1.536]],"c":true},"ix":2},"nm":"Path 1","mn":"ADBE Vector Shape - Group","hd":false},{"ty":"fl","c":{"a":0,"k":[1,0,0,1],"ix":4},"o":{"a":0,"k":100,"ix":5},"r":1,"bm":0,"nm":"Fill 1","mn":"ADBE Vector Graphic - Fill","hd":false},{"ty":"tr","p":{"a":0,"k":[0,0],"ix":2},"a":{"a":0,"k":[0,0],"ix":1},"s":{"a":0,"k":[400,400],"ix":3},"r":{"a":0,"k":0,"ix":6},"o":{"a":0,"k":100,"ix":7},"sk":{"a":0,"k":0,"ix":4},"sa":{"a":0,"k":0,"ix":5},"nm":"Transform"}],"nm":"mask","np":2,"cix":2,"bm":0,"ix":1,"mn":"ADBE Vector Group","hd":false}],"ip":0,"op":400,"st":-50,"bm":0},{"ddd":0,"ind":18,"ty":0,"nm":"Eye Mask","parent":20,"tt":1,"refId":"comp_7","sr":1,"ks":{"o":{"a":0,"k":100,"ix":11},"r":{"a":0,"k":0,"ix":10},"p":{"a":0,"k":[-0.004,-221.186,0],"ix":2},"a":{"a":0,"k":[800,800,0],"ix":1},"s":{"a":0,"k":[100,100,100],"ix":6}},"ao":0,"w":1600,"h":1600,"ip":0,"op":400,"st":-50,"bm":0},{"ddd":0,"ind":19,"ty":4,"nm":"mask FILL","parent":20,"td":1,"sr":1,"ks":{"o":{"a":0,"k":100,"ix":11},"r":{"a":0,"k":0,"ix":10},"p":{"a":0,"k":[1.053,-134.57,0],"ix":2},"a":{"a":0,"k":[0,0,0],"ix":1},"s":{"a":0,"k":[100,100,100],"ix":6}},"ao":0,"shapes":[{"ty":"gr","it":[{"ind":0,"ty":"sh","ix":1,"ks":{"a":0,"k":{"i":[[-15.2,7.82],[-13.72,0],[-10.03,-5.16],[0,-17.09],[0,0],[4.73,-3.19],[19.85,0],[15.26,10.45],[0,5.65],[0,0]],"o":[[10.03,-5.16],[13.72,0],[15.2,7.82],[0,0],[0,5.7],[-15.53,10.46],[-19.84,0],[-4.67,-3.19],[0,0],[0,-17.09]],"v":[[-35.639,-42.106],[0.001,-49.836],[35.641,-42.106],[60.401,-1.536],[60.401,19.924],[52.831,34.144],[-0.259,49.834],[-52.939,34.154],[-60.399,20.014],[-60.399,-1.536]],"c":true},"ix":2},"nm":"Path 1","mn":"ADBE Vector Shape - Group","hd":false},{"ty":"fl","c":{"a":0,"k":[1,0,0,1],"ix":4},"o":{"a":0,"k":100,"ix":5},"r":1,"bm":0,"nm":"Fill 1","mn":"ADBE Vector Graphic - Fill","hd":false},{"ty":"tr","p":{"a":0,"k":[0,0],"ix":2},"a":{"a":0,"k":[0,0],"ix":1},"s":{"a":0,"k":[400,400],"ix":3},"r":{"a":0,"k":0,"ix":6},"o":{"a":0,"k":100,"ix":7},"sk":{"a":0,"k":0,"ix":4},"sa":{"a":0,"k":0,"ix":5},"nm":"Transform"}],"nm":"mask","np":2,"cix":2,"bm":0,"ix":1,"mn":"ADBE Vector Group","hd":false}],"ip":0,"op":400,"st":-50,"bm":0},{"ddd":0,"ind":20,"ty":4,"nm":"BODY","parent":23,"tt":1,"sr":1,"ks":{"o":{"a":0,"k":100,"ix":11},"r":{"a":0,"k":0,"ix":10},"p":{"a":0,"k":[0.004,-50.929,0],"ix":2},"a":{"a":0,"k":[0,0,0],"ix":1},"s":{"a":0,"k":[100,100,100],"ix":6}},"ao":0,"shapes":[{"ty":"gr","it":[{"ind":0,"ty":"sh","ix":1,"ks":{"a":0,"k":{"i":[[-2.8,-1.18],[-6.48,0],[-17.13,7.3],[0,0],[-4.9,-11.49],[0,-3.05],[0,0],[37.06,0],[0,0],[0,37.06],[0,0],[-12.49,0]],"o":[[17.47,7.4],[6.43,0],[0,0],[11.49,-4.9],[1.2,2.8],[0,0],[0,37.06],[0,0],[-37.07,0],[0,0],[0,-12.49],[3.03,0]],"v":[[-35.656,-78.084],[0.264,-66.984],[35.614,-77.934],[35.614,-77.934],[65.294,-65.994],[67.104,-57.124],[67.104,12.766],[0.004,79.876],[0.004,79.876],[-67.106,12.766],[-67.106,-57.254],[-44.486,-79.874]],"c":true},"ix":2},"nm":"Path 1","mn":"ADBE Vector Shape - Group","hd":false},{"ty":"fl","c":{"a":0,"k":[0.470587998629,0.784313976765,0,1],"ix":4},"o":{"a":0,"k":100,"ix":5},"r":1,"bm":0,"nm":"Fill 1","mn":"ADBE Vector Graphic - Fill","hd":false},{"ty":"tr","p":{"a":0,"k":[0,0],"ix":2},"a":{"a":0,"k":[0,0],"ix":1},"s":{"a":0,"k":[400,400],"ix":3},"r":{"a":0,"k":0,"ix":6},"o":{"a":0,"k":100,"ix":7},"sk":{"a":0,"k":0,"ix":4},"sa":{"a":0,"k":0,"ix":5},"nm":"Transform"}],"nm":"BODY","np":2,"cix":2,"bm":0,"ix":1,"mn":"ADBE Vector Group","hd":false}],"ip":0,"op":400,"st":-50,"bm":0},{"ddd":0,"ind":21,"ty":4,"nm":"mask FILL 3","parent":24,"sr":1,"ks":{"o":{"a":0,"k":100,"ix":11},"r":{"a":0,"k":0,"ix":10},"p":{"a":0,"k":[1.053,-113.384,0],"ix":2},"a":{"a":0,"k":[0,0,0],"ix":1},"s":{"a":0,"k":[100,100,100],"ix":6}},"ao":0,"shapes":[{"ty":"gr","it":[{"ind":0,"ty":"sh","ix":1,"ks":{"a":0,"k":{"i":[[-15.2,7.82],[-13.72,0],[-10.03,-5.16],[0,-17.09],[0,0],[4.73,-3.19],[19.85,0],[15.26,10.45],[0,5.65],[0,0]],"o":[[10.03,-5.16],[13.72,0],[15.2,7.82],[0,0],[0,5.7],[-15.53,10.46],[-19.84,0],[-4.67,-3.19],[0,0],[0,-17.09]],"v":[[-35.639,-42.106],[0.001,-49.836],[35.641,-42.106],[60.401,-1.536],[60.401,19.924],[52.831,34.144],[-0.259,49.834],[-52.939,34.154],[-60.399,20.014],[-60.399,-1.536]],"c":true},"ix":2},"nm":"Path 1","mn":"ADBE Vector Shape - Group","hd":false},{"ty":"fl","c":{"a":0,"k":[0.109146978341,0.298141299977,0.538679534314,1],"ix":4},"o":{"a":0,"k":100,"ix":5},"r":1,"bm":0,"nm":"Fill 1","mn":"ADBE Vector Graphic - Fill","hd":false},{"ty":"tr","p":{"a":0,"k":[0,0],"ix":2},"a":{"a":0,"k":[0,0],"ix":1},"s":{"a":0,"k":[400,400],"ix":3},"r":{"a":0,"k":0,"ix":6},"o":{"a":0,"k":100,"ix":7},"sk":{"a":0,"k":0,"ix":4},"sa":{"a":0,"k":0,"ix":5},"nm":"Transform"}],"nm":"mask","np":2,"cix":2,"bm":0,"ix":1,"mn":"ADBE Vector Group","hd":false}],"ip":0,"op":400,"st":-50,"bm":0},{"ddd":0,"ind":22,"ty":4,"nm":"stripe","parent":24,"sr":1,"ks":{"o":{"a":0,"k":100,"ix":11},"r":{"a":0,"k":0,"ix":10},"p":{"a":0,"k":[0,-30.587,0],"ix":2},"a":{"a":0,"k":[0,0,0],"ix":1},"s":{"a":0,"k":[100,100,100],"ix":6}},"ao":0,"shapes":[{"ty":"gr","it":[{"ind":0,"ty":"sh","ix":1,"ks":{"a":0,"k":{"i":[[0,0],[-3.78,0],[-3.77,-0.5],[0,0],[2.91,0],[0,0],[0,2.92]],"o":[[3.77,-0.5],[3.77,0],[0,0],[0,2.92],[0,0],[-2.91,0],[0,0]],"v":[[-11.316,-96.773],[0.004,-97.523],[11.314,-96.773],[11.314,102.247],[6.044,107.527],[-6.046,107.527],[-11.316,102.247]],"c":true},"ix":2},"nm":"Path 1","mn":"ADBE Vector Shape - Group","hd":false},{"ty":"fl","c":{"a":0,"k":[1,1,1,1],"ix":4},"o":{"a":0,"k":100,"ix":5},"r":1,"bm":0,"nm":"Fill 1","mn":"ADBE Vector Graphic - Fill","hd":false},{"ty":"tr","p":{"a":0,"k":[0,0],"ix":2},"a":{"a":0,"k":[0,0],"ix":1},"s":{"a":0,"k":[400,400],"ix":3},"r":{"a":0,"k":0,"ix":6},"o":{"a":0,"k":100,"ix":7},"sk":{"a":0,"k":0,"ix":4},"sa":{"a":0,"k":0,"ix":5},"nm":"Transform"}],"nm":"stripe","np":2,"cix":2,"bm":0,"ix":1,"mn":"ADBE Vector Group","hd":false}],"ip":0,"op":400,"st":-50,"bm":0},{"ddd":0,"ind":23,"ty":3,"nm":"Belly Sphere","parent":1,"sr":1,"ks":{"o":{"a":0,"k":100,"ix":11},"r":{"a":0,"k":0,"ix":10},"p":{"a":0,"k":[0,-268.5,0],"ix":2},"a":{"a":0,"k":[0,0,0],"ix":1},"s":{"a":0,"k":[100,100,100],"ix":6}},"ao":0,"ip":0,"op":400,"st":-50,"bm":10},{"ddd":0,"ind":24,"ty":4,"nm":"TORSO","parent":20,"sr":1,"ks":{"o":{"a":0,"k":100,"ix":11},"r":{"a":0,"k":0,"ix":10},"p":{"a":0,"k":[0,-21.186,0],"ix":2},"a":{"a":0,"k":[0,0,0],"ix":1},"s":{"a":0,"k":[100,100,100],"ix":6}},"ao":0,"shapes":[{"ty":"gr","it":[{"ind":0,"ty":"sh","ix":1,"ks":{"a":0,"k":{"i":[[-20.08,7.99],[-11.29,0],[-11.29,-4.49],[0,0],[0,-21.6],[0,0],[37.06,0],[0,0],[0,37.07],[0,0]],"o":[[11.28,-4.49],[11.28,0],[0,0],[20.07,7.99],[0,0],[0,37.07],[0,0],[-37.07,0],[0,0],[0,-21.6]],"v":[[-43.856,-88.44],[0.004,-95.17],[43.864,-88.44],[43.864,-88.44],[77.104,-39.44],[77.104,28.06],[0.004,95.17],[0.004,95.17],[-77.106,28.06],[-77.106,-39.44]],"c":true},"ix":2},"nm":"Path 1","mn":"ADBE Vector Shape - Group","hd":false},{"ty":"fl","c":{"a":0,"k":[0.188234999776,0.447059005499,0.776471018791,1],"ix":4},"o":{"a":0,"k":100,"ix":5},"r":1,"bm":0,"nm":"Fill 1","mn":"ADBE Vector Graphic - Fill","hd":false},{"ty":"tr","p":{"a":0,"k":[0,0],"ix":2},"a":{"a":0,"k":[0,0],"ix":1},"s":{"a":0,"k":[400,400],"ix":3},"r":{"a":0,"k":0,"ix":6},"o":{"a":0,"k":100,"ix":7},"sk":{"a":0,"k":0,"ix":4},"sa":{"a":0,"k":0,"ix":5},"nm":"Transform"}],"nm":"TORSO","np":2,"cix":2,"bm":0,"ix":1,"mn":"ADBE Vector Group","hd":false}],"ip":0,"op":400,"st":-50,"bm":0}]},{"id":"comp_2","layers":[{"ddd":0,"ind":1,"ty":4,"nm":"logo","sr":1,"ks":{"o":{"a":0,"k":100,"ix":11},"r":{"a":0,"k":0,"ix":10},"p":{"a":0,"k":[659.225,1175.232,0],"ix":2},"a":{"a":0,"k":[0,0,0],"ix":1},"s":{"a":0,"k":[100,100,100],"ix":6}},"ao":0,"shapes":[{"ty":"gr","it":[{"ind":0,"ty":"sh","ix":1,"ks":{"a":0,"k":{"i":[[0.36,0.03],[0,0],[0.53,-0.05],[0,0],[0.13,0.63],[0,0],[-0.22,-0.54],[0.04,-0.2],[0,0],[0.1,0]],"o":[[0,0],[-0.12,-0.52],[0,0],[-0.24,-0.59],[0,0],[0.54,-0.22],[0.08,0.19],[0,0],[-0.1,0],[-0.37,0]],"v":[[2.78,6.504],[1.35,0.234],[0.22,-0.586],[-5.87,-0.016],[-6.43,-1.846],[4.98,-6.476],[6.35,-5.896],[6.41,-5.306],[4.17,6.554],[3.88,6.554]],"c":true},"ix":2},"nm":"Path 1","mn":"ADBE Vector Shape - Group","hd":false},{"ty":"st","c":{"a":0,"k":[0.137254998088,0.325489997864,0.564706027508,1],"ix":3},"o":{"a":0,"k":100,"ix":4},"w":{"a":0,"k":2,"ix":5},"lc":1,"lj":1,"ml":4,"bm":0,"nm":"Stroke 1","mn":"ADBE Vector Graphic - Stroke","hd":false},{"ty":"fl","c":{"a":0,"k":[0.137254998088,0.325489997864,0.564706027508,1],"ix":4},"o":{"a":0,"k":100,"ix":5},"r":1,"bm":0,"nm":"Fill 1","mn":"ADBE Vector Graphic - Fill","hd":false},{"ty":"tr","p":{"a":0,"k":[0,0],"ix":2},"a":{"a":0,"k":[0,0],"ix":1},"s":{"a":0,"k":[400,400],"ix":3},"r":{"a":0,"k":0,"ix":6},"o":{"a":0,"k":100,"ix":7},"sk":{"a":0,"k":0,"ix":4},"sa":{"a":0,"k":0,"ix":5},"nm":"Transform"}],"nm":"logo","np":3,"cix":2,"bm":0,"ix":1,"mn":"ADBE Vector Group","hd":false}],"ip":0,"op":3600,"st":0,"bm":0},{"ddd":0,"ind":2,"ty":4,"nm":"logo fill","sr":1,"ks":{"o":{"a":0,"k":100,"ix":11},"r":{"a":0,"k":0,"ix":10},"p":{"a":0,"k":[674.739,1159.266,0],"ix":2},"a":{"a":0,"k":[0,0,0],"ix":1},"s":{"a":0,"k":[100,100,100],"ix":6}},"ao":0,"shapes":[{"ty":"gr","it":[{"ind":0,"ty":"sh","ix":1,"ks":{"a":0,"k":{"i":[[-5.82,0],[0,5.82],[5.81,0],[0,-5.83]],"o":[[5.81,0],[0,-5.83],[-5.82,0],[0,5.82]],"v":[[0.004,10.543],[10.524,0.003],[0.004,-10.547],[-10.526,0.003]],"c":true},"ix":2},"nm":"Path 1","mn":"ADBE Vector Shape - Group","hd":false},{"ty":"fl","c":{"a":0,"k":[1,1,1,1],"ix":4},"o":{"a":0,"k":100,"ix":5},"r":1,"bm":0,"nm":"Fill 1","mn":"ADBE Vector Graphic - Fill","hd":false},{"ty":"tr","p":{"a":0,"k":[0,0],"ix":2},"a":{"a":0,"k":[0,0],"ix":1},"s":{"a":0,"k":[400,400],"ix":3},"r":{"a":0,"k":0,"ix":6},"o":{"a":0,"k":100,"ix":7},"sk":{"a":0,"k":0,"ix":4},"sa":{"a":0,"k":0,"ix":5},"nm":"Transform"}],"nm":"logo fill","np":2,"cix":2,"bm":0,"ix":1,"mn":"ADBE Vector Group","hd":false}],"ip":0,"op":3600,"st":0,"bm":0},{"ddd":0,"ind":3,"ty":4,"nm":"logo BG","sr":1,"ks":{"o":{"a":0,"k":100,"ix":11},"r":{"a":0,"k":0,"ix":10},"p":{"a":0,"k":[674.739,1159.266,0],"ix":2},"a":{"a":0,"k":[0,0,0],"ix":1},"s":{"a":0,"k":[100,100,100],"ix":6}},"ao":0,"shapes":[{"ty":"gr","it":[{"ind":0,"ty":"sh","ix":1,"ks":{"a":0,"k":{"i":[[7.56,0],[0,7.57],[-7.56,0],[0,-7.57]],"o":[[-7.56,0],[0,-7.57],[7.56,0],[0,7.57]],"v":[[0,13.709],[-13.69,-0.001],[0,-13.711],[13.69,-0.001]],"c":true},"ix":2},"nm":"Path 1","mn":"ADBE Vector Shape - Group","hd":false},{"ty":"fl","c":{"a":0,"k":[0.137254998088,0.325489997864,0.564706027508,1],"ix":4},"o":{"a":0,"k":100,"ix":5},"r":1,"bm":0,"nm":"Fill 1","mn":"ADBE Vector Graphic - Fill","hd":false},{"ty":"tr","p":{"a":0,"k":[0,0],"ix":2},"a":{"a":0,"k":[0,0],"ix":1},"s":{"a":0,"k":[400,400],"ix":3},"r":{"a":0,"k":0,"ix":6},"o":{"a":0,"k":100,"ix":7},"sk":{"a":0,"k":0,"ix":4},"sa":{"a":0,"k":0,"ix":5},"nm":"Transform"}],"nm":"logo BG","np":2,"cix":2,"bm":0,"ix":1,"mn":"ADBE Vector Group","hd":false}],"ip":0,"op":3600,"st":0,"bm":0},{"ddd":0,"ind":4,"ty":4,"nm":"nametag","sr":1,"ks":{"o":{"a":0,"k":100,"ix":11},"r":{"a":0,"k":0,"ix":10},"p":{"a":0,"k":[932.637,1136.062,0],"ix":2},"a":{"a":0,"k":[0,0,0],"ix":1},"s":{"a":0,"k":[100,100,100],"ix":6}},"ao":0,"shapes":[{"ty":"gr","it":[{"ind":0,"ty":"sh","ix":1,"ks":{"a":0,"k":{"i":[[-2.62,0],[0,0],[0,-2.62],[2.62,0],[0,0],[0,2.62]],"o":[[0,0],[2.62,0],[0,2.62],[0,0],[-2.62,0],[0,-2.62]],"v":[[-8.671,-4.746],[8.679,-4.746],[13.419,0.004],[8.679,4.744],[-8.671,4.744],[-13.421,0.004]],"c":true},"ix":2},"nm":"Path 1","mn":"ADBE Vector Shape - Group","hd":false},{"ty":"fl","c":{"a":0,"k":[0.137254998088,0.325489997864,0.564706027508,1],"ix":4},"o":{"a":0,"k":100,"ix":5},"r":1,"bm":0,"nm":"Fill 1","mn":"ADBE Vector Graphic - Fill","hd":false},{"ty":"tr","p":{"a":0,"k":[0,0],"ix":2},"a":{"a":0,"k":[0,0],"ix":1},"s":{"a":0,"k":[400,400],"ix":3},"r":{"a":0,"k":0,"ix":6},"o":{"a":0,"k":100,"ix":7},"sk":{"a":0,"k":0,"ix":4},"sa":{"a":0,"k":0,"ix":5},"nm":"Transform"}],"nm":"nametag","np":2,"cix":2,"bm":0,"ix":1,"mn":"ADBE Vector Group","hd":false}],"ip":0,"op":3600,"st":0,"bm":0}]},{"id":"comp_3","layers":[{"ddd":0,"ind":1,"ty":4,"nm":"beak SHINE","sr":1,"ks":{"o":{"a":0,"k":100,"ix":11},"r":{"a":0,"k":0,"ix":10},"p":{"a":0,"k":[800.004,963.742,0],"ix":2},"a":{"a":0,"k":[0,0,0],"ix":1},"s":{"a":0,"k":[100,100,100],"ix":6}},"ao":0,"shapes":[{"ty":"gr","it":[{"ind":0,"ty":"sh","ix":1,"ks":{"a":0,"k":{"i":[[1.48,-0.59],[0.39,0.97],[-0.97,0.38],[-2.38,-0.95],[0.38,-0.96],[0.97,0.39]],"o":[[-0.97,0.39],[-0.38,-0.96],[2.38,-0.95],[0.97,0.38],[-0.39,0.97],[-1.48,-0.59]],"v":[[-2.201,2.037],[-4.651,0.977],[-3.591,-1.463],[3.589,-1.463],[4.649,0.977],[2.199,2.037]],"c":true},"ix":2},"nm":"Path 1","mn":"ADBE Vector Shape - Group","hd":false},{"ty":"fl","c":{"a":0,"k":[1,0.870588004589,0,1],"ix":4},"o":{"a":0,"k":100,"ix":5},"r":1,"bm":0,"nm":"Fill 1","mn":"ADBE Vector Graphic - Fill","hd":false},{"ty":"tr","p":{"a":0,"k":[0,0],"ix":2},"a":{"a":0,"k":[0,0],"ix":1},"s":{"a":0,"k":[400,400],"ix":3},"r":{"a":0,"k":0,"ix":6},"o":{"a":0,"k":100,"ix":7},"sk":{"a":0,"k":0,"ix":4},"sa":{"a":0,"k":0,"ix":5},"nm":"Transform"}],"nm":"beak SHINE","np":2,"cix":2,"bm":0,"ix":1,"mn":"ADBE Vector Group","hd":false}],"ip":0,"op":3600,"st":0,"bm":0},{"ddd":0,"ind":2,"ty":4,"nm":"beak TOP","sr":1,"ks":{"o":{"a":0,"k":100,"ix":11},"r":{"a":0,"k":0,"ix":10},"p":{"a":0,"k":[801.056,969.798,0],"ix":2},"a":{"a":0,"k":[0,0,0],"ix":1},"s":{"a":0,"k":[100,100,100],"ix":6}},"ao":0,"shapes":[{"ty":"gr","it":[{"ind":0,"ty":"sh","ix":1,"ks":{"a":0,"k":{"i":[[0,0],[-6.9,0],[-1.11,-6.02],[0,0],[0,0]],"o":[[1.1,-6.02],[6.15,0],[0,0],[0,0],[0,0]],"v":[[-13.158,4.967],[0.372,-5.733],[13.162,4.967],[13.162,5.737],[-13.158,5.737]],"c":true},"ix":2},"nm":"Path 1","mn":"ADBE Vector Shape - Group","hd":false},{"ty":"fl","c":{"a":0,"k":[1,0.760783970356,0,1],"ix":4},"o":{"a":0,"k":100,"ix":5},"r":1,"bm":0,"nm":"Fill 1","mn":"ADBE Vector Graphic - Fill","hd":false},{"ty":"tr","p":{"a":0,"k":[0,0],"ix":2},"a":{"a":0,"k":[0,0],"ix":1},"s":{"a":0,"k":[400,400],"ix":3},"r":{"a":0,"k":0,"ix":6},"o":{"a":0,"k":100,"ix":7},"sk":{"a":0,"k":0,"ix":4},"sa":{"a":0,"k":0,"ix":5},"nm":"Transform"}],"nm":"beak TOP","np":2,"cix":2,"bm":0,"ix":1,"mn":"ADBE Vector Group","hd":false}],"ip":0,"op":3600,"st":0,"bm":0},{"ddd":0,"ind":3,"ty":4,"nm":"beak FILL","parent":4,"sr":1,"ks":{"o":{"a":1,"k":[{"t":0,"s":[0],"h":1},{"t":89,"s":[100],"h":1},{"t":223,"s":[0],"h":1}],"ix":11},"r":{"a":0,"k":0,"ix":10},"p":{"a":0,"k":[0,-10,0],"ix":2},"a":{"a":0,"k":[0,0,0],"ix":1},"s":{"a":0,"k":[100,100,100],"ix":6}},"ao":0,"shapes":[{"ty":"gr","it":[{"ind":0,"ty":"sh","ix":1,"ks":{"a":0,"k":{"i":[[0,0],[0,-4.14],[0,0],[4.14,0],[0,4.14],[0,0],[-4.14,0]],"o":[[4.14,0],[0,0],[0,4.14],[-4.14,0],[0,0],[0,-4.14],[0,0]],"v":[[0,-12],[7.5,-4.5],[7.5,4.5],[0,12],[-7.5,4.5],[-7.5,-4.5],[0,-12]],"c":true},"ix":2},"nm":"Path 1","mn":"ADBE Vector Shape - Group","hd":false},{"ty":"fl","c":{"a":0,"k":[0.721569001675,0.427451014519,0,1],"ix":4},"o":{"a":0,"k":100,"ix":5},"r":1,"bm":0,"nm":"Fill 1","mn":"ADBE Vector Graphic - Fill","hd":false},{"ty":"tr","p":{"a":0,"k":[0,0],"ix":2},"a":{"a":0,"k":[0,0],"ix":1},"s":{"a":0,"k":[400,400],"ix":3},"r":{"a":0,"k":0,"ix":6},"o":{"a":0,"k":100,"ix":7},"sk":{"a":0,"k":0,"ix":4},"sa":{"a":0,"k":0,"ix":5},"nm":"Transform"}],"nm":"beak FILL","np":2,"cix":2,"bm":0,"ix":1,"mn":"ADBE Vector Group","hd":false}],"ip":0,"op":3600,"st":0,"bm":0},{"ddd":0,"ind":4,"ty":4,"nm":"beak BOTTOM","sr":1,"ks":{"o":{"a":1,"k":[{"t":0,"s":[0],"h":1},{"t":89,"s":[100],"h":1},{"t":223,"s":[0],"h":1}],"ix":11},"r":{"a":0,"k":0,"ix":10},"p":{"a":0,"k":[799.895,975.82,0],"ix":2},"a":{"a":0,"k":[0,-29.5,0],"ix":1},"s":{"a":1,"k":[{"i":{"x":[0,0,0.667],"y":[1,1,1]},"o":{"x":[0.167,0.167,0.167],"y":[0.167,0.167,0]},"t":89,"s":[110,70,100]},{"i":{"x":[0,0,0.667],"y":[1,1,1]},"o":{"x":[0.167,0.167,0.167],"y":[0,0,0]},"t":101,"s":[100,100,100]},{"i":{"x":[0.833,0.833,0.833],"y":[0.833,0.833,1]},"o":{"x":[0.167,0.167,0.167],"y":[0,0,0]},"t":218,"s":[100,100,100]},{"t":223,"s":[110,70,100]}],"ix":6}},"ao":0,"shapes":[{"ty":"gr","it":[{"ind":0,"ty":"sh","ix":1,"ks":{"a":0,"k":{"i":[[-5.25,0],[0,0],[0,-5.25],[0,0],[5.25,0],[0,0],[0,5.25],[0,0]],"o":[[0,0],[5.25,0],[0,0],[0,5.25],[0,0],[-5.25,0],[0,0],[0,-5.25]],"v":[[0,-14.5],[0,-14.5],[9.5,-5],[9.5,5],[0,14.5],[0,14.5],[-9.5,5],[-9.5,-5]],"c":true},"ix":2},"nm":"Path 1","mn":"ADBE Vector Shape - Group","hd":false},{"ty":"fl","c":{"a":0,"k":[0.956862986088,0.564706027508,0,1],"ix":4},"o":{"a":0,"k":100,"ix":5},"r":1,"bm":0,"nm":"Fill 1","mn":"ADBE Vector Graphic - Fill","hd":false},{"ty":"tr","p":{"a":0,"k":[0,0],"ix":2},"a":{"a":0,"k":[0,0],"ix":1},"s":{"a":0,"k":[400,400],"ix":3},"r":{"a":0,"k":0,"ix":6},"o":{"a":0,"k":100,"ix":7},"sk":{"a":0,"k":0,"ix":4},"sa":{"a":0,"k":0,"ix":5},"nm":"Transform"}],"nm":"beak BOTTOM","np":2,"cix":2,"bm":0,"ix":1,"mn":"ADBE Vector Group","hd":false}],"ip":0,"op":3600,"st":0,"bm":0},{"ddd":0,"ind":5,"ty":4,"nm":"beak BOTTOM CLOSED","sr":1,"ks":{"o":{"a":1,"k":[{"t":0,"s":[100],"h":1},{"t":89,"s":[0],"h":1},{"t":223,"s":[100],"h":1}],"ix":11},"r":{"a":0,"k":0,"ix":10},"p":{"a":0,"k":[799.895,981.82,0],"ix":2},"a":{"a":0,"k":[0,-23.5,0],"ix":1},"s":{"a":1,"k":[{"i":{"x":[0.667,0.667,0.667],"y":[1,1,1]},"o":{"x":[0.333,0.333,0.333],"y":[0,0,0]},"t":77,"s":[100,100,100]},{"i":{"x":[0.667,0.667,0.667],"y":[1,1,1]},"o":{"x":[0.333,0.333,0.333],"y":[0,0,0]},"t":88,"s":[92.253,107.341,100]},{"i":{"x":[0.667,0.667,0.667],"y":[1,1,1]},"o":{"x":[0.333,0.333,0.333],"y":[0,0,0]},"t":223,"s":[92.253,107.341,100]},{"t":229,"s":[100,100,100]}],"ix":6}},"ao":0,"shapes":[{"ty":"gr","it":[{"ind":0,"ty":"sh","ix":1,"ks":{"a":0,"k":{"i":[[-5.25,0],[0,0],[0,0],[5.25,0],[0,0],[0,5.25]],"o":[[0,0],[5.25,0],[0,5.25],[0,0],[-5.25,0],[0,0]],"v":[[-0.026,-9.25],[-0.026,-9.25],[11.978,-4.375],[0.003,4.25],[0.003,4.25],[-11.397,-4.375]],"c":true},"ix":2},"nm":"Path 1","mn":"ADBE Vector Shape - Group","hd":false},{"ty":"fl","c":{"a":0,"k":[0.956862986088,0.564706027508,0,1],"ix":4},"o":{"a":0,"k":100,"ix":5},"r":1,"bm":0,"nm":"Fill 1","mn":"ADBE Vector Graphic - Fill","hd":false},{"ty":"tr","p":{"a":0,"k":[0,0],"ix":2},"a":{"a":0,"k":[0,0],"ix":1},"s":{"a":0,"k":[400,400],"ix":3},"r":{"a":0,"k":0,"ix":6},"o":{"a":0,"k":100,"ix":7},"sk":{"a":0,"k":0,"ix":4},"sa":{"a":0,"k":0,"ix":5},"nm":"Transform"}],"nm":"beak BOTTOM","np":2,"cix":2,"bm":0,"ix":1,"mn":"ADBE Vector Group","hd":false}],"ip":0,"op":3600,"st":0,"bm":0}]},{"id":"comp_4","layers":[{"ddd":0,"ind":1,"ty":4,"nm":"eye R 2","sr":1,"ks":{"o":{"a":0,"k":100,"ix":11},"r":{"a":0,"k":0,"ix":10},"p":{"a":0,"k":[668.423,930.388,0],"ix":2},"a":{"a":0,"k":[0,0,0],"ix":1},"s":{"a":0,"k":[105,105,100],"ix":6}},"ao":0,"shapes":[{"ty":"gr","it":[{"ind":0,"ty":"sh","ix":1,"ks":{"a":0,"k":{"i":[[-10.17,0],[0,0],[0,-10.17],[0,0],[10.17,0],[0,0],[0,10.17],[0,0]],"o":[[0,0],[10.17,0],[0,0],[0,10.17],[0,0],[-10.17,0],[0,0],[0,-10.17]],"v":[[-0.001,-23.995],[-0.001,-23.995],[18.419,-5.575],[18.419,5.575],[-0.001,23.995],[-0.001,23.995],[-18.421,5.575],[-18.421,-5.575]],"c":true},"ix":2},"nm":"Path 1","mn":"ADBE Vector Shape - Group","hd":false},{"ty":"fl","c":{"a":0,"k":[0.556862745098,0.878431372549,0,1],"ix":4},"o":{"a":0,"k":100,"ix":5},"r":1,"bm":0,"nm":"Fill 1","mn":"ADBE Vector Graphic - Fill","hd":false},{"ty":"tr","p":{"a":0,"k":[0,0],"ix":2},"a":{"a":0,"k":[0,0],"ix":1},"s":{"a":0,"k":[400,400],"ix":3},"r":{"a":0,"k":0,"ix":6},"o":{"a":0,"k":100,"ix":7},"sk":{"a":0,"k":0,"ix":4},"sa":{"a":0,"k":0,"ix":5},"nm":"Transform"}],"nm":"eye R","np":2,"cix":2,"bm":0,"ix":1,"mn":"ADBE Vector Group","hd":false}],"ip":0,"op":3600,"st":0,"bm":0},{"ddd":0,"ind":2,"ty":4,"nm":"eye L 2","sr":1,"ks":{"o":{"a":0,"k":100,"ix":11},"r":{"a":0,"k":0,"ix":10},"p":{"a":0,"k":[929.479,930.388,0],"ix":2},"a":{"a":0,"k":[0,0,0],"ix":1},"s":{"a":0,"k":[105,105,100],"ix":6}},"ao":0,"shapes":[{"ty":"gr","it":[{"ind":0,"ty":"sh","ix":1,"ks":{"a":0,"k":{"i":[[-10.17,0],[0,0],[0,-10.17],[0,0],[10.17,0],[0,0],[0,10.17],[0,0]],"o":[[0,0],[10.17,0],[0,0],[0,10.17],[0,0],[-10.17,0],[0,0],[0,-10.17]],"v":[[-0.001,-23.995],[-0.001,-23.995],[18.419,-5.575],[18.419,5.575],[-0.001,23.995],[-0.001,23.995],[-18.421,5.575],[-18.421,-5.575]],"c":true},"ix":2},"nm":"Path 1","mn":"ADBE Vector Shape - Group","hd":false},{"ty":"fl","c":{"a":0,"k":[0.556862745098,0.878431372549,0,1],"ix":4},"o":{"a":0,"k":100,"ix":5},"r":1,"bm":0,"nm":"Fill 1","mn":"ADBE Vector Graphic - Fill","hd":false},{"ty":"tr","p":{"a":0,"k":[0,0],"ix":2},"a":{"a":0,"k":[0,0],"ix":1},"s":{"a":0,"k":[400,400],"ix":3},"r":{"a":0,"k":0,"ix":6},"o":{"a":0,"k":100,"ix":7},"sk":{"a":0,"k":0,"ix":4},"sa":{"a":0,"k":0,"ix":5},"nm":"Transform"}],"nm":"eye L","np":2,"cix":2,"bm":0,"ix":1,"mn":"ADBE Vector Group","hd":false}],"ip":0,"op":3600,"st":0,"bm":0}]},{"id":"comp_5","layers":[{"ddd":0,"ind":1,"ty":4,"nm":"pupil SHINE L","sr":1,"ks":{"o":{"a":0,"k":100,"ix":11},"r":{"a":0,"k":0,"ix":10},"p":{"a":0,"k":[884.215,872.636,0],"ix":2},"a":{"a":0,"k":[0,0,0],"ix":1},"s":{"a":0,"k":[100,100,100],"ix":6}},"ao":0,"shapes":[{"ty":"gr","it":[{"ind":0,"ty":"sh","ix":1,"ks":{"a":0,"k":{"i":[[-0.41,-0.254],[0,-1.992],[3.052,0],[0.343,0.067],[-0.986,2.653]],"o":[[1.575,0.976],[0,3.058],[-0.363,0],[-0.272,-0.053],[0.934,-2.514]],"v":[[2.902,-4.713],[5.526,0],[0,5.537],[-1.06,5.436],[-0.142,-0.208]],"c":true},"ix":2},"nm":"Path 1","mn":"ADBE Vector Shape - Group","hd":false},{"ty":"fl","c":{"a":0,"k":[1,1,1,1],"ix":4},"o":{"a":0,"k":100,"ix":5},"r":1,"bm":0,"nm":"Fill 1","mn":"ADBE Vector Graphic - Fill","hd":false},{"ty":"tr","p":{"a":0,"k":[0,0],"ix":2},"a":{"a":0,"k":[0,0],"ix":1},"s":{"a":0,"k":[400,400],"ix":3},"r":{"a":0,"k":0,"ix":6},"o":{"a":0,"k":100,"ix":7},"sk":{"a":0,"k":0,"ix":4},"sa":{"a":0,"k":0,"ix":5},"nm":"Transform"}],"nm":"pupil SHINE L","np":2,"cix":2,"bm":0,"ix":1,"mn":"ADBE Vector Group","hd":false}],"ip":0,"op":3600,"st":0,"bm":0},{"ddd":0,"ind":2,"ty":4,"nm":"pupil L","sr":1,"ks":{"o":{"a":0,"k":100,"ix":11},"r":{"a":0,"k":0,"ix":10},"p":{"a":0,"k":[917.9,906.388,0],"ix":2},"a":{"a":0,"k":[0,0,0],"ix":1},"s":{"a":0,"k":[100,100,100],"ix":6}},"ao":0,"shapes":[{"ty":"gr","it":[{"ind":0,"ty":"sh","ix":1,"ks":{"a":0,"k":{"i":[[-4.79,0],[0,0],[0,-4.79],[0,0],[4.8,0],[0,0],[0,4.8],[0,0]],"o":[[0,0],[4.8,0],[0,0],[0,4.8],[0,0],[-4.79,0],[0,0],[0,-4.79]],"v":[[-0.004,-13.448],[-0.004,-13.448],[8.686,-4.768],[8.686,4.762],[-0.004,13.452],[-0.004,13.452],[-8.684,4.762],[-8.684,-4.768]],"c":true},"ix":2},"nm":"Path 1","mn":"ADBE Vector Shape - Group","hd":false},{"ty":"fl","c":{"a":0,"k":[0.294117987156,0.294117987156,0.294117987156,1],"ix":4},"o":{"a":0,"k":100,"ix":5},"r":1,"bm":0,"nm":"Fill 1","mn":"ADBE Vector Graphic - Fill","hd":false},{"ty":"tr","p":{"a":0,"k":[0,0],"ix":2},"a":{"a":0,"k":[0,0],"ix":1},"s":{"a":0,"k":[400,400],"ix":3},"r":{"a":0,"k":0,"ix":6},"o":{"a":0,"k":100,"ix":7},"sk":{"a":0,"k":0,"ix":4},"sa":{"a":0,"k":0,"ix":5},"nm":"Transform"}],"nm":"pupil L","np":2,"cix":2,"bm":0,"ix":1,"mn":"ADBE Vector Group","hd":false}],"ip":0,"op":3600,"st":0,"bm":0}]},{"id":"comp_6","layers":[{"ddd":0,"ind":1,"ty":4,"nm":"pupil SHINE L","sr":1,"ks":{"o":{"a":0,"k":100,"ix":11},"r":{"a":0,"k":0,"ix":10},"p":{"a":0,"k":[884.215,872.636,0],"ix":2},"a":{"a":0,"k":[0,0,0],"ix":1},"s":{"a":0,"k":[100,100,100],"ix":6}},"ao":0,"shapes":[{"ty":"gr","it":[{"ind":0,"ty":"sh","ix":1,"ks":{"a":0,"k":{"i":[[-0.41,-0.254],[0,-1.992],[3.052,0],[0.343,0.067],[-0.986,2.653]],"o":[[1.575,0.976],[0,3.058],[-0.363,0],[-0.272,-0.053],[0.934,-2.514]],"v":[[2.902,-4.713],[5.526,0],[0,5.537],[-1.06,5.436],[-0.142,-0.208]],"c":true},"ix":2},"nm":"Path 1","mn":"ADBE Vector Shape - Group","hd":false},{"ty":"fl","c":{"a":0,"k":[1,1,1,1],"ix":4},"o":{"a":0,"k":100,"ix":5},"r":1,"bm":0,"nm":"Fill 1","mn":"ADBE Vector Graphic - Fill","hd":false},{"ty":"tr","p":{"a":0,"k":[0,0],"ix":2},"a":{"a":0,"k":[0,0],"ix":1},"s":{"a":0,"k":[400,400],"ix":3},"r":{"a":0,"k":0,"ix":6},"o":{"a":0,"k":100,"ix":7},"sk":{"a":0,"k":0,"ix":4},"sa":{"a":0,"k":0,"ix":5},"nm":"Transform"}],"nm":"pupil SHINE L","np":2,"cix":2,"bm":0,"ix":1,"mn":"ADBE Vector Group","hd":false}],"ip":0,"op":3600,"st":0,"bm":0},{"ddd":0,"ind":2,"ty":4,"nm":"pupil L","sr":1,"ks":{"o":{"a":0,"k":100,"ix":11},"r":{"a":0,"k":0,"ix":10},"p":{"a":0,"k":[917.9,906.388,0],"ix":2},"a":{"a":0,"k":[0,0,0],"ix":1},"s":{"a":0,"k":[100,100,100],"ix":6}},"ao":0,"shapes":[{"ty":"gr","it":[{"ind":0,"ty":"sh","ix":1,"ks":{"a":0,"k":{"i":[[-4.79,0],[0,0],[0,-4.79],[0,0],[4.8,0],[0,0],[0,4.8],[0,0]],"o":[[0,0],[4.8,0],[0,0],[0,4.8],[0,0],[-4.79,0],[0,0],[0,-4.79]],"v":[[-0.004,-13.448],[-0.004,-13.448],[8.686,-4.768],[8.686,4.762],[-0.004,13.452],[-0.004,13.452],[-8.684,4.762],[-8.684,-4.768]],"c":true},"ix":2},"nm":"Path 1","mn":"ADBE Vector Shape - Group","hd":false},{"ty":"fl","c":{"a":0,"k":[0.294117987156,0.294117987156,0.294117987156,1],"ix":4},"o":{"a":0,"k":100,"ix":5},"r":1,"bm":0,"nm":"Fill 1","mn":"ADBE Vector Graphic - Fill","hd":false},{"ty":"tr","p":{"a":0,"k":[0,0],"ix":2},"a":{"a":0,"k":[0,0],"ix":1},"s":{"a":0,"k":[400,400],"ix":3},"r":{"a":0,"k":0,"ix":6},"o":{"a":0,"k":100,"ix":7},"sk":{"a":0,"k":0,"ix":4},"sa":{"a":0,"k":0,"ix":5},"nm":"Transform"}],"nm":"pupil L","np":2,"cix":2,"bm":0,"ix":1,"mn":"ADBE Vector Group","hd":false}],"ip":0,"op":3600,"st":0,"bm":0}]},{"id":"comp_7","layers":[{"ddd":0,"ind":1,"ty":4,"nm":"brow L","sr":1,"ks":{"o":{"a":0,"k":100,"ix":11},"r":{"a":0,"k":0,"ix":10},"p":{"a":0,"k":[885.687,809.848,0],"ix":2},"a":{"a":0,"k":[0,0,0],"ix":1},"s":{"a":0,"k":[100,100,100],"ix":6}},"ao":0,"shapes":[{"ty":"gr","it":[{"ind":0,"ty":"sh","ix":1,"ks":{"a":0,"k":{"i":[[0,0],[-0.79,-1.37],[5.23,-5.81],[6.94,3.09],[-1.06,1.17]],"o":[[1.06,-1.17],[3.79,6.59],[-5.22,5.81],[-1.44,-0.65],[0,0]],"v":[[7.147,-13.213],[10.897,-12.823],[8.597,8.017],[-11.853,12.477],[-12.633,8.787]],"c":true},"ix":2},"nm":"Path 1","mn":"ADBE Vector Shape - Group","hd":false},{"ty":"fl","c":{"a":0,"k":[0.55686300993,0.878431022167,0,1],"ix":4},"o":{"a":0,"k":100,"ix":5},"r":1,"bm":0,"nm":"Fill 1","mn":"ADBE Vector Graphic - Fill","hd":false},{"ty":"tr","p":{"a":0,"k":[0,0],"ix":2},"a":{"a":0,"k":[0,0],"ix":1},"s":{"a":0,"k":[400,400],"ix":3},"r":{"a":0,"k":0,"ix":6},"o":{"a":0,"k":100,"ix":7},"sk":{"a":0,"k":0,"ix":4},"sa":{"a":0,"k":0,"ix":5},"nm":"Transform"}],"nm":"brow L","np":2,"cix":2,"bm":0,"ix":1,"mn":"ADBE Vector Group","hd":false}],"ip":0,"op":3600,"st":0,"bm":0},{"ddd":0,"ind":2,"ty":4,"nm":"brow L 2","sr":1,"ks":{"o":{"a":0,"k":100,"ix":11},"r":{"a":0,"k":0,"ix":10},"p":{"a":0,"k":[925.687,830.942,0],"ix":2},"a":{"a":0,"k":[0,0,0],"ix":1},"s":{"a":0,"k":[100,100,100],"ix":6}},"ao":0,"shapes":[{"ty":"gr","it":[{"ind":0,"ty":"sh","ix":1,"ks":{"a":0,"k":{"i":[[0,0],[-0.79,-1.37],[5.23,-5.81],[6.94,3.09],[-1.06,1.17]],"o":[[1.06,-1.17],[3.79,6.59],[-5.22,5.81],[-1.44,-0.65],[0,0]],"v":[[7.147,-13.213],[10.897,-12.823],[8.597,8.017],[-11.853,12.477],[-12.633,8.787]],"c":true},"ix":2},"nm":"Path 1","mn":"ADBE Vector Shape - Group","hd":false},{"ty":"fl","c":{"a":0,"k":[0.55686300993,0.878431022167,0,1],"ix":4},"o":{"a":0,"k":100,"ix":5},"r":1,"bm":0,"nm":"Fill 1","mn":"ADBE Vector Graphic - Fill","hd":false},{"ty":"tr","p":{"a":0,"k":[0,0],"ix":2},"a":{"a":0,"k":[0,0],"ix":1},"s":{"a":0,"k":[400,400],"ix":3},"r":{"a":0,"k":0,"ix":6},"o":{"a":0,"k":100,"ix":7},"sk":{"a":0,"k":0,"ix":4},"sa":{"a":0,"k":0,"ix":5},"nm":"Transform"}],"nm":"brow L","np":2,"cix":2,"bm":0,"ix":1,"mn":"ADBE Vector Group","hd":false}],"ip":0,"op":3600,"st":0,"bm":0},{"ddd":0,"ind":3,"ty":4,"nm":"brow R 2","sr":1,"ks":{"o":{"a":0,"k":100,"ix":11},"r":{"a":0,"k":0,"ix":10},"p":{"a":0,"k":[673.04,830.942,0],"ix":2},"a":{"a":0,"k":[0,0,0],"ix":1},"s":{"a":0,"k":[100,100,100],"ix":6}},"ao":0,"shapes":[{"ty":"gr","it":[{"ind":0,"ty":"sh","ix":1,"ks":{"a":0,"k":{"i":[[-1.06,-1.17],[0,0],[1.44,-0.65],[5.23,5.81],[-3.8,6.59]],"o":[[0,0],[1.06,1.17],[-6.95,3.09],[-5.22,-5.81],[0.79,-1.37]],"v":[[-7.143,-13.213],[12.637,8.787],[11.857,12.477],[-8.603,8.017],[-10.893,-12.823]],"c":true},"ix":2},"nm":"Path 1","mn":"ADBE Vector Shape - Group","hd":false},{"ty":"fl","c":{"a":0,"k":[0.55686300993,0.878431022167,0,1],"ix":4},"o":{"a":0,"k":100,"ix":5},"r":1,"bm":0,"nm":"Fill 1","mn":"ADBE Vector Graphic - Fill","hd":false},{"ty":"tr","p":{"a":0,"k":[0,0],"ix":2},"a":{"a":0,"k":[0,0],"ix":1},"s":{"a":0,"k":[400,400],"ix":3},"r":{"a":0,"k":0,"ix":6},"o":{"a":0,"k":100,"ix":7},"sk":{"a":0,"k":0,"ix":4},"sa":{"a":0,"k":0,"ix":5},"nm":"Transform"}],"nm":"brow R","np":2,"cix":2,"bm":0,"ix":1,"mn":"ADBE Vector Group","hd":false}],"ip":0,"op":3600,"st":0,"bm":0},{"ddd":0,"ind":4,"ty":4,"nm":"brow R","sr":1,"ks":{"o":{"a":0,"k":100,"ix":11},"r":{"a":0,"k":0,"ix":10},"p":{"a":0,"k":[715.173,809.886,0],"ix":2},"a":{"a":0,"k":[0,0,0],"ix":1},"s":{"a":0,"k":[100,100,100],"ix":6}},"ao":0,"shapes":[{"ty":"gr","it":[{"ind":0,"ty":"sh","ix":1,"ks":{"a":0,"k":{"i":[[-1.06,-1.18],[0,0],[1.45,-0.64],[5.22,5.8],[-3.8,6.59]],"o":[[0,0],[1.06,1.18],[-6.94,3.09],[-5.22,-5.81],[0.79,-1.37]],"v":[[-7.567,-13.206],[12.623,8.774],[11.843,12.464],[-8.597,8.014],[-10.887,-12.816]],"c":true},"ix":2},"nm":"Path 1","mn":"ADBE Vector Shape - Group","hd":false},{"ty":"fl","c":{"a":0,"k":[0.55686300993,0.878431022167,0,1],"ix":4},"o":{"a":0,"k":100,"ix":5},"r":1,"bm":0,"nm":"Fill 1","mn":"ADBE Vector Graphic - Fill","hd":false},{"ty":"tr","p":{"a":0,"k":[0,0],"ix":2},"a":{"a":0,"k":[0,0],"ix":1},"s":{"a":0,"k":[400,400],"ix":3},"r":{"a":0,"k":0,"ix":6},"o":{"a":0,"k":100,"ix":7},"sk":{"a":0,"k":0,"ix":4},"sa":{"a":0,"k":0,"ix":5},"nm":"Transform"}],"nm":"brow R","np":2,"cix":2,"bm":0,"ix":1,"mn":"ADBE Vector Group","hd":false}],"ip":0,"op":3600,"st":0,"bm":0},{"ddd":0,"ind":5,"ty":4,"nm":"eye mask L","sr":1,"ks":{"o":{"a":0,"k":100,"ix":11},"r":{"a":0,"k":0,"ix":10},"p":{"a":0,"k":[930.531,931.442,0],"ix":2},"a":{"a":0,"k":[0,0,0],"ix":1},"s":{"a":0,"k":[100,100,100],"ix":6}},"ao":0,"shapes":[{"ty":"gr","it":[{"ind":0,"ty":"sh","ix":1,"ks":{"a":0,"k":{"i":[[-0.07,0],[0,0],[0,-13.88],[0,0],[13.87,0],[0,0],[0.11,13.79],[0,0],[-13.87,0.11]],"o":[[0,0],[13.87,0],[0,0],[0,13.87],[0,0],[-13.8,0],[0,0],[-0.11,-13.87],[0.07,0]],"v":[[-0.933,-34.279],[0.937,-34.279],[26.057,-9.159],[26.057,9.161],[0.937,34.281],[-0.793,34.281],[-25.913,9.361],[-26.053,-8.969],[-1.133,-34.279]],"c":true},"ix":2},"nm":"Path 1","mn":"ADBE Vector Shape - Group","hd":false},{"ty":"fl","c":{"a":0,"k":[0.55686300993,0.878431022167,0,1],"ix":4},"o":{"a":0,"k":100,"ix":5},"r":1,"bm":0,"nm":"Fill 1","mn":"ADBE Vector Graphic - Fill","hd":false},{"ty":"tr","p":{"a":0,"k":[0,0],"ix":2},"a":{"a":0,"k":[0,0],"ix":1},"s":{"a":0,"k":[400,400],"ix":3},"r":{"a":0,"k":0,"ix":6},"o":{"a":0,"k":100,"ix":7},"sk":{"a":0,"k":0,"ix":4},"sa":{"a":0,"k":0,"ix":5},"nm":"Transform"}],"nm":"eye mask L","np":2,"cix":2,"bm":0,"ix":1,"mn":"ADBE Vector Group","hd":false}],"ip":0,"op":3600,"st":0,"bm":0},{"ddd":0,"ind":6,"ty":4,"nm":"eye mask R","sr":1,"ks":{"o":{"a":0,"k":100,"ix":11},"r":{"a":0,"k":0,"ix":10},"p":{"a":0,"k":[671.581,933.552,0],"ix":2},"a":{"a":0,"k":[0,0,0],"ix":1},"s":{"a":0,"k":[100,100,100],"ix":6}},"ao":0,"shapes":[{"ty":"gr","it":[{"ind":0,"ty":"sh","ix":1,"ks":{"a":0,"k":{"i":[[-13.88,0],[0,0],[0,-13.88],[0,0],[13.87,0],[0,0],[0,13.87],[0,0]],"o":[[0,0],[13.87,0],[0,0],[0,13.87],[0,0],[-13.88,0],[0,0],[0,-13.88]],"v":[[-0.933,-34.279],[0.937,-34.279],[26.057,-9.159],[26.057,9.161],[0.937,34.281],[-0.933,34.281],[-26.053,9.161],[-26.053,-9.159]],"c":true},"ix":2},"nm":"Path 1","mn":"ADBE Vector Shape - Group","hd":false},{"ty":"fl","c":{"a":0,"k":[0.55686300993,0.878431022167,0,1],"ix":4},"o":{"a":0,"k":100,"ix":5},"r":1,"bm":0,"nm":"Fill 1","mn":"ADBE Vector Graphic - Fill","hd":false},{"ty":"tr","p":{"a":0,"k":[0,0],"ix":2},"a":{"a":0,"k":[0,0],"ix":1},"s":{"a":0,"k":[400,400],"ix":3},"r":{"a":0,"k":0,"ix":6},"o":{"a":0,"k":100,"ix":7},"sk":{"a":0,"k":0,"ix":4},"sa":{"a":0,"k":0,"ix":5},"nm":"Transform"}],"nm":"eye mask R","np":2,"cix":2,"bm":0,"ix":1,"mn":"ADBE Vector Group","hd":false}],"ip":0,"op":3600,"st":0,"bm":0},{"ddd":0,"ind":7,"ty":4,"nm":"eye mask M","sr":1,"ks":{"o":{"a":0,"k":100,"ix":11},"r":{"a":0,"k":0,"ix":10},"p":{"a":0,"k":[800.004,914.567,0],"ix":2},"a":{"a":0,"k":[0,0,0],"ix":1},"s":{"a":0,"k":[100,100,100],"ix":6}},"ao":0,"shapes":[{"ty":"gr","it":[{"ind":0,"ty":"sh","ix":1,"ks":{"a":0,"k":{"i":[[-0.07,16.1],[-6.61,7.46],[0,0.13],[17.16,-0.08]],"o":[[6.74,7.46],[0,17.42],[0,-0.08],[-0.07,-12.7]],"v":[[-12.845,-21.592],[12.895,-21.622],[12.895,21.618],[-12.845,21.618]],"c":true},"ix":2},"nm":"Path 1","mn":"ADBE Vector Shape - Group","hd":false},{"ty":"fl","c":{"a":0,"k":[0.55686300993,0.878431022167,0,1],"ix":4},"o":{"a":0,"k":100,"ix":5},"r":1,"bm":0,"nm":"Fill 1","mn":"ADBE Vector Graphic - Fill","hd":false},{"ty":"tr","p":{"a":0,"k":[0,0],"ix":2},"a":{"a":0,"k":[0,0],"ix":1},"s":{"a":0,"k":[400,400],"ix":3},"r":{"a":0,"k":0,"ix":6},"o":{"a":0,"k":100,"ix":7},"sk":{"a":0,"k":0,"ix":4},"sa":{"a":0,"k":0,"ix":5},"nm":"Transform"}],"nm":"eye mask M","np":2,"cix":2,"bm":0,"ix":1,"mn":"ADBE Vector Group","hd":false}],"ip":0,"op":3600,"st":0,"bm":0}]}],"layers":[{"ddd":0,"ind":1,"ty":0,"nm":"Duo Fab - ANIM","refId":"comp_0","sr":1,"ks":{"o":{"a":0,"k":100,"ix":11},"r":{"a":0,"k":0,"ix":10},"p":{"a":0,"k":[150,155,0],"ix":2},"a":{"a":0,"k":[420,468,0],"ix":1},"s":{"a":0,"k":[46.5,46.5,100],"ix":6}},"ao":0,"w":840,"h":936,"ip":0,"op":1200,"st":0,"bm":0}],"markers":[]}
