{"v":"5.5.8","fr":60,"ip":0,"op":113,"w":213,"h":124,"nm":"Duo SQUATS - EXPORT","ddd":0,"assets":[{"id":"comp_0","layers":[{"ddd":0,"ind":2,"ty":0,"nm":"Weights L","parent":23,"refId":"comp_1","sr":1,"ks":{"o":{"a":0,"k":100,"ix":11},"r":{"a":0,"k":0,"ix":10},"p":{"a":0,"k":[329.253,1.322,0],"ix":2},"a":{"a":0,"k":[150,220,0],"ix":1},"s":{"a":0,"k":[-100,100,100],"ix":6}},"ao":0,"w":300,"h":440,"ip":0,"op":3600,"st":0,"bm":0},{"ddd":0,"ind":3,"ty":0,"nm":"Weights R","parent":22,"refId":"comp_1","sr":1,"ks":{"o":{"a":0,"k":100,"ix":11},"r":{"a":0,"k":0,"ix":10},"p":{"a":0,"k":[-329.247,1.322,0],"ix":2},"a":{"a":0,"k":[150,220,0],"ix":1},"s":{"a":0,"k":[100,100,100],"ix":6}},"ao":0,"w":300,"h":440,"ip":0,"op":3600,"st":0,"bm":0},{"ddd":0,"ind":4,"ty":4,"nm":"hand L","parent":23,"sr":1,"ks":{"o":{"a":0,"k":100,"ix":11},"r":{"a":0,"k":0,"ix":10},"p":{"a":0,"k":[183.253,-26.683,0],"ix":2},"a":{"a":0,"k":[0,0,0],"ix":1},"s":{"a":0,"k":[100,100,100],"ix":6}},"ao":0,"shapes":[{"ty":"gr","it":[{"ind":0,"ty":"sh","ix":1,"ks":{"a":0,"k":{"i":[[-4,-0.49],[0,-3.36],[4.53,0.6],[0,3.79],[-1,0.51]],"o":[[5.38,0.66],[0,3.57],[-4.61,-0.6],[0,-1.12],[2.05,-1.07]],"v":[[0.72,-6.336],[11,-0.046],[-0.99,6.424],[-11,-2.406],[-9.38,-5.066]],"c":true},"ix":2},"nm":"Path 1","mn":"ADBE Vector Shape - Group","hd":false},{"ty":"fl","c":{"a":0,"k":[0.470587998629,0.784313976765,0,1],"ix":4},"o":{"a":0,"k":100,"ix":5},"r":1,"bm":0,"nm":"Fill 1","mn":"ADBE Vector Graphic - Fill","hd":false},{"ty":"tr","p":{"a":0,"k":[0,0],"ix":2},"a":{"a":0,"k":[0,0],"ix":1},"s":{"a":0,"k":[300,300],"ix":3},"r":{"a":0,"k":0,"ix":6},"o":{"a":0,"k":100,"ix":7},"sk":{"a":0,"k":0,"ix":4},"sa":{"a":0,"k":0,"ix":5},"nm":"Transform"}],"nm":"hand L","np":2,"cix":2,"bm":0,"ix":1,"mn":"ADBE Vector Group","hd":false}],"ip":0,"op":1200,"st":0,"bm":0},{"ddd":0,"ind":5,"ty":4,"nm":"hand R","parent":22,"sr":1,"ks":{"o":{"a":0,"k":100,"ix":11},"r":{"a":0,"k":0,"ix":10},"p":{"a":0,"k":[-181.747,-26.683,0],"ix":2},"a":{"a":0,"k":[0,0,0],"ix":1},"s":{"a":0,"k":[100,100,100],"ix":6}},"ao":0,"shapes":[{"ty":"gr","it":[{"ind":0,"ty":"sh","ix":1,"ks":{"a":0,"k":{"i":[[-5.38,0.66],[-2.05,-1.07],[0,-1.12],[4.61,-0.6],[0,3.57]],"o":[[4,-0.49],[1,0.51],[0,3.79],[-4.53,0.6],[0,-3.36]],"v":[[-0.72,-6.336],[9.38,-5.066],[11,-2.406],[0.99,6.424],[-11,-0.046]],"c":true},"ix":2},"nm":"Path 1","mn":"ADBE Vector Shape - Group","hd":false},{"ty":"fl","c":{"a":0,"k":[0.470587998629,0.784313976765,0,1],"ix":4},"o":{"a":0,"k":100,"ix":5},"r":1,"bm":0,"nm":"Fill 1","mn":"ADBE Vector Graphic - Fill","hd":false},{"ty":"tr","p":{"a":0,"k":[0,0],"ix":2},"a":{"a":0,"k":[0,0],"ix":1},"s":{"a":0,"k":[300,300],"ix":3},"r":{"a":0,"k":0,"ix":6},"o":{"a":0,"k":100,"ix":7},"sk":{"a":0,"k":0,"ix":4},"sa":{"a":0,"k":0,"ix":5},"nm":"Transform"}],"nm":"hand R","np":2,"cix":2,"bm":0,"ix":1,"mn":"ADBE Vector Group","hd":false}],"ip":0,"op":1200,"st":0,"bm":0},{"ddd":0,"ind":6,"ty":0,"nm":"Headband","parent":21,"refId":"comp_2","sr":1,"ks":{"o":{"a":0,"k":100,"ix":11},"r":{"a":0,"k":0,"ix":10},"p":{"a":0,"k":[-2.038,19.972,0],"ix":2},"a":{"a":0,"k":[526.5,394.5,0],"ix":1},"s":{"a":0,"k":[100,100,100],"ix":6}},"ao":0,"w":1053,"h":789,"ip":0,"op":3600,"st":0,"bm":0},{"ddd":0,"ind":7,"ty":0,"nm":"BEAK","parent":15,"refId":"comp_3","sr":1,"ks":{"o":{"a":0,"k":100,"ix":11},"r":{"a":0,"k":0,"ix":10},"p":{"a":0,"k":[141,155,0],"ix":2},"a":{"a":0,"k":[45,46,0],"ix":1},"s":{"a":0,"k":[100,100,100],"ix":6}},"ao":0,"w":90,"h":92,"ip":0,"op":900,"st":0,"bm":0},{"ddd":0,"ind":10,"ty":0,"nm":"BLINKS","parent":15,"refId":"comp_4","sr":1,"ks":{"o":{"a":1,"k":[{"t":117,"s":[100],"h":1},{"t":192,"s":[0],"h":1},{"t":196,"s":[100],"h":1}],"ix":11},"r":{"a":0,"k":0,"ix":10},"p":{"a":0,"k":[139,178.5,0],"ix":2},"a":{"a":0,"k":[526.5,394.5,0],"ix":1},"s":{"a":0,"k":[100,100,100],"ix":6}},"ao":0,"hasMask":true,"masksProperties":[{"inv":false,"mode":"a","pt":{"a":1,"k":[{"i":{"x":0.667,"y":1},"o":{"x":0.167,"y":0.167},"t":102,"s":[{"i":[[0,0],[0,0],[0,0],[0,0],[22.5,0],[0,0],[0,0],[23.5,0],[0,0],[0,0],[-23,0],[0,0],[0,0],[-22.5,0],[0,0],[0,0]],"o":[[0,0],[0,0],[0,0],[0,0],[-22.5,0],[0,0],[0,0],[-23,0],[0,0],[0,0],[23.5,0],[0,0],[0,0],[22.5,0],[0,0],[0,0]],"v":[[373.5,189.5],[373.5,448],[647.5,448],[647.5,401],[603.5,401],[559,401],[497.5,401],[453.5,401],[409,401],[409,249],[453.5,249],[497.5,249],[559,249],[603.5,249],[647.5,249],[647.5,189.5]],"c":true}]},{"i":{"x":0.667,"y":1},"o":{"x":0.167,"y":0},"t":117,"s":[{"i":[[0,0],[0,0],[0,0],[0,0],[26.017,-4.846],[0,0],[0,0],[29.95,3.658],[0,0],[0,0],[-23,0],[0,0],[0,0],[-22.5,0],[0,0],[0,0]],"o":[[0,0],[0,0],[0,0],[0,0],[-22.12,4.12],[0,0],[0,0],[-25.204,-3.078],[0,0],[0,0],[23.5,0],[0,0],[0,0],[22.5,0],[0,0],[0,0]],"v":[[373.5,189.5],[373.5,448],[647.5,448],[647.936,344.201],[604.234,344.322],[558.994,361.268],[497.628,362.261],[453.31,344.261],[408.206,344.322],[409,249],[453.5,249],[497.5,249],[559,249],[603.5,249],[647.5,249],[647.5,189.5]],"c":true}]},{"i":{"x":0.667,"y":1},"o":{"x":0.167,"y":0},"t":132,"s":[{"i":[[0,0],[0,0],[0,0],[0,0],[26.017,-4.846],[0,0],[0,0],[29.95,3.658],[0,0],[0,0],[-23,0],[0,0],[0,0],[-22.5,0],[0,0],[0,0]],"o":[[0,0],[0,0],[0,0],[0,0],[-22.12,4.12],[0,0],[0,0],[-25.204,-3.078],[0,0],[0,0],[23.5,0],[0,0],[0,0],[22.5,0],[0,0],[0,0]],"v":[[373.5,189.5],[373.5,448],[647.5,448],[647.936,344.201],[604.234,344.322],[558.994,361.268],[497.628,362.261],[453.31,344.261],[408.206,344.322],[409,249],[453.5,249],[497.5,249],[559,249],[603.5,249],[647.5,249],[647.5,189.5]],"c":true}]},{"i":{"x":0.667,"y":1},"o":{"x":0.333,"y":0},"t":144,"s":[{"i":[[0,0],[0,0],[0,0],[0,0],[22.5,0],[0,0],[0,0],[23.5,0],[0,0],[0,0],[-23.4,-6.13],[0,0],[0,0],[-28.109,4.933],[0,0],[0,0]],"o":[[0,0],[0,0],[0,0],[0,0],[-22.5,0],[0,0],[0,0],[-23,0],[0,0],[0,0],[25.052,6.563],[0,0],[0,0],[22.953,-4.029],[0,0],[0,0]],"v":[[373.5,189.5],[373.5,448],[647.5,448],[647.681,334.929],[603.661,325.705],[559.181,335.929],[497.681,335.929],[453.661,326.205],[409.183,332.936],[408.496,297.371],[452.47,296.858],[497.823,318.811],[558.495,322.814],[602.981,304.911],[648.06,310.896],[647.5,189.5]],"c":true}]},{"i":{"x":0.833,"y":0.833},"o":{"x":0.333,"y":0},"t":190,"s":[{"i":[[0,0],[0,0],[0,0],[0,0],[22.5,0],[0,0],[0,0],[23.5,0],[0,0],[0,0],[-23.4,-6.13],[0,0],[0,0],[-28.109,4.933],[0,0],[0,0]],"o":[[0,0],[0,0],[0,0],[0,0],[-22.5,0],[0,0],[0,0],[-23,0],[0,0],[0,0],[25.052,6.563],[0,0],[0,0],[22.953,-4.029],[0,0],[0,0]],"v":[[373.5,189.5],[373.5,448],[647.5,448],[647.681,334.929],[603.661,325.705],[559.181,335.929],[497.681,335.929],[453.661,326.205],[409.183,332.936],[408.496,297.371],[452.47,296.858],[497.823,318.811],[558.495,322.814],[602.981,304.911],[648.06,310.896],[647.5,189.5]],"c":true}]},{"t":191,"s":[{"i":[[0,0],[0,0],[0,0],[0,0],[22.566,-1.908],[0,0],[0,0],[24.594,2.566],[0,0],[0,0],[-24.087,-2.224],[0,0],[0,0],[-28.347,3.301],[0,0],[0,0]],"o":[[0,0],[0,0],[0,0],[0,0],[-22.42,1.896],[0,0],[0,0],[-22.876,-2.387],[0,0],[0,0],[27.764,2.563],[0,0],[0,0],[25.117,-2.925],[0,0],[0,0]],"v":[[373.5,189.5],[373.5,448],[647.5,448],[647.751,323.488],[603.585,323.715],[559.205,332.945],[497.52,328.965],[453.145,324.215],[408.654,325.972],[408.675,320.253],[452.134,318.746],[497.766,325.278],[558.702,328.76],[603.497,318.265],[648.366,317.769],[647.5,189.5]],"c":true}],"h":1},{"t":192,"s":[{"i":[[0,0],[0,0],[0,0],[0,0],[22.5,0],[0,0],[0,0],[23.5,0],[0,0],[0,0],[-23.4,-6.13],[0,0],[0,0],[-27.827,6.335],[0,0],[0,0]],"o":[[0,0],[0,0],[0,0],[0,0],[-22.5,0],[0,0],[0,0],[-23,0],[0,0],[0,0],[25.052,6.563],[0,0],[0,0],[21.653,-4.93],[0,0],[0,0]],"v":[[373.5,189.5],[373.577,801.342],[647.577,801.342],[647.456,796.758],[603.436,787.783],[558.956,796.758],[497.456,796.758],[453.436,787.783],[408.958,794.265],[408.271,754.449],[452.244,758.937],[497.598,775.889],[558.442,775.889],[603.228,743.979],[648.078,749.962],[647.5,189.5]],"c":true}],"h":1},{"t":196,"s":[{"i":[[0,0],[0,0],[0,0],[0,0],[22.5,0],[0,0],[0,0],[23.5,0],[0,0],[0,0],[-23.4,-6.13],[0,0],[0,0],[-27.827,6.335],[0,0],[0,0]],"o":[[0,0],[0,0],[0,0],[0,0],[-22.5,0],[0,0],[0,0],[-23,0],[0,0],[0,0],[25.052,6.563],[0,0],[0,0],[21.653,-4.93],[0,0],[0,0]],"v":[[373.5,189.5],[373.577,801.342],[647.577,801.342],[647.456,796.758],[603.436,787.783],[558.956,796.758],[497.456,796.758],[453.436,787.783],[408.958,794.265],[408.271,754.449],[452.244,758.937],[497.598,775.889],[558.442,775.889],[603.228,743.979],[648.078,749.962],[647.5,189.5]],"c":true}],"h":1},{"i":{"x":0,"y":1},"o":{"x":0.167,"y":0.167},"t":197,"s":[{"i":[[0,0],[0,0],[0,0],[0,0],[22.5,0],[0,0],[0,0],[23.5,0],[0,0],[0,0],[-28.278,-2.109],[0,0],[0,0],[-28.495,1.572],[0,0],[0,0]],"o":[[0,0],[0,0],[0,0],[0,0],[-22.5,0],[0,0],[0,0],[-23,0],[0,0],[0,0],[25.825,1.926],[0,0],[0,0],[25.858,-1.427],[0,0],[0,0]],"v":[[373.5,189.5],[373.5,448],[647.5,448],[647.484,334.718],[603.661,328.205],[559.181,337.179],[497.681,337.179],[453.661,328.205],[409.183,334.686],[408.21,323.422],[452.47,315.603],[497.458,332.063],[558.525,330.586],[603.225,315.412],[648.221,322.872],[647.5,189.5]],"c":true}]},{"t":219,"s":[{"i":[[0,0],[0,0],[0,0],[0,0],[26.017,-4.846],[0,0],[0,0],[29.95,3.658],[0,0],[0,0],[-23,0],[0,0],[0,0],[-22.5,0],[0,0],[0,0]],"o":[[0,0],[0,0],[0,0],[0,0],[-22.12,4.12],[0,0],[0,0],[-25.204,-3.078],[0,0],[0,0],[23.5,0],[0,0],[0,0],[22.5,0],[0,0],[0,0]],"v":[[373.5,189.5],[373.5,448],[647.5,448],[647.936,344.201],[604.234,344.322],[558.994,361.268],[497.628,362.261],[453.31,344.261],[408.206,344.322],[409,249],[453.5,249],[497.5,249],[559,249],[603.5,249],[647.5,249],[647.5,189.5]],"c":true}]}],"ix":1},"o":{"a":0,"k":100,"ix":3},"x":{"a":0,"k":0,"ix":4},"nm":"Mask 1"}],"w":1053,"h":789,"ip":0,"op":3600,"st":0,"bm":0},{"ddd":0,"ind":11,"ty":0,"nm":"Pupil","parent":14,"refId":"comp_5","sr":1,"ks":{"o":{"a":1,"k":[{"t":117,"s":[100],"h":1},{"t":192,"s":[0],"h":1},{"t":196,"s":[100],"h":1}],"ix":11},"r":{"a":0,"k":0,"ix":10},"p":{"a":0,"k":[-62.237,72.454,0],"ix":2},"a":{"a":0,"k":[526.5,394.5,0],"ix":1},"s":{"a":0,"k":[100,100,100],"ix":6}},"ao":0,"w":1053,"h":789,"ip":0,"op":3600,"st":0,"bm":0},{"ddd":0,"ind":12,"ty":0,"nm":"Pupil","parent":13,"refId":"comp_5","sr":1,"ks":{"o":{"a":1,"k":[{"t":117,"s":[100],"h":1},{"t":192,"s":[0],"h":1},{"t":196,"s":[100],"h":1}],"ix":11},"r":{"a":0,"k":0,"ix":10},"p":{"a":0,"k":[-76.839,72.454,0],"ix":2},"a":{"a":0,"k":[526.5,394.5,0],"ix":1},"s":{"a":0,"k":[100,100,100],"ix":6}},"ao":0,"w":1053,"h":789,"ip":0,"op":3600,"st":0,"bm":0},{"ddd":0,"ind":13,"ty":4,"nm":"eye L","parent":15,"sr":1,"ks":{"o":{"a":1,"k":[{"t":117,"s":[100],"h":1},{"t":192,"s":[0],"h":1},{"t":196,"s":[100],"h":1}],"ix":11},"r":{"a":0,"k":0,"ix":10},"p":{"a":0,"k":[215.839,106.046,0],"ix":2},"a":{"a":0,"k":[0,0,0],"ix":1},"s":{"a":0,"k":[100,100,100],"ix":6}},"ao":0,"shapes":[{"ty":"gr","it":[{"ind":0,"ty":"sh","ix":1,"ks":{"a":0,"k":{"i":[[-7.84,0],[0,-7.84],[0,0],[7.84,0],[0,7.84],[0,0]],"o":[[7.84,0],[0,0],[0,7.84],[-7.84,0],[0,0],[0,-7.84]],"v":[[0,-18.506],[14.19,-4.316],[14.19,4.314],[0,18.504],[-14.19,4.314],[-14.19,-4.316]],"c":true},"ix":2},"nm":"Path 1","mn":"ADBE Vector Shape - Group","hd":false},{"ty":"fl","c":{"a":0,"k":[1,1,1,1],"ix":4},"o":{"a":0,"k":100,"ix":5},"r":1,"bm":0,"nm":"Fill 1","mn":"ADBE Vector Graphic - Fill","hd":false},{"ty":"tr","p":{"a":0,"k":[0,0],"ix":2},"a":{"a":0,"k":[0,0],"ix":1},"s":{"a":0,"k":[300,300],"ix":3},"r":{"a":0,"k":0,"ix":6},"o":{"a":0,"k":100,"ix":7},"sk":{"a":0,"k":0,"ix":4},"sa":{"a":0,"k":0,"ix":5},"nm":"Transform"}],"nm":"eye L","np":2,"cix":2,"bm":0,"ix":1,"mn":"ADBE Vector Group","hd":false}],"ip":0,"op":1200,"st":0,"bm":0},{"ddd":0,"ind":14,"ty":4,"nm":"eye R","parent":15,"sr":1,"ks":{"o":{"a":1,"k":[{"t":117,"s":[100],"h":1},{"t":192,"s":[0],"h":1},{"t":196,"s":[100],"h":1}],"ix":11},"r":{"a":0,"k":0,"ix":10},"p":{"a":0,"k":[66.237,106.046,0],"ix":2},"a":{"a":0,"k":[0,0,0],"ix":1},"s":{"a":0,"k":[100,100,100],"ix":6}},"ao":0,"shapes":[{"ty":"gr","it":[{"ind":0,"ty":"sh","ix":1,"ks":{"a":0,"k":{"i":[[-7.84,0],[0,-7.84],[0,0],[7.84,0],[0,7.84],[0,0]],"o":[[7.84,0],[0,0],[0,7.84],[-7.84,0],[0,0],[0,-7.84]],"v":[[0,-18.506],[14.19,-4.316],[14.19,4.314],[0,18.504],[-14.19,4.314],[-14.19,-4.316]],"c":true},"ix":2},"nm":"Path 1","mn":"ADBE Vector Shape - Group","hd":false},{"ty":"fl","c":{"a":0,"k":[1,1,1,1],"ix":4},"o":{"a":0,"k":100,"ix":5},"r":1,"bm":0,"nm":"Fill 1","mn":"ADBE Vector Graphic - Fill","hd":false},{"ty":"tr","p":{"a":0,"k":[0,0],"ix":2},"a":{"a":0,"k":[0,0],"ix":1},"s":{"a":0,"k":[300,300],"ix":3},"r":{"a":0,"k":0,"ix":6},"o":{"a":0,"k":100,"ix":7},"sk":{"a":0,"k":0,"ix":4},"sa":{"a":0,"k":0,"ix":5},"nm":"Transform"}],"nm":"eye R","np":2,"cix":2,"bm":0,"ix":1,"mn":"ADBE Vector Group","hd":false}],"ip":0,"op":1200,"st":0,"bm":0},{"ddd":0,"ind":15,"ty":0,"nm":"Mask","parent":21,"refId":"comp_6","sr":1,"ks":{"o":{"a":0,"k":100,"ix":11},"r":{"a":0,"k":0,"ix":10},"p":{"a":0,"k":[-0.538,-65.528,0],"ix":2},"a":{"a":0,"k":[140.5,93,0],"ix":1},"s":{"a":0,"k":[100,100,100],"ix":6}},"ao":0,"w":281,"h":186,"ip":0,"op":3600,"st":0,"bm":0},{"ddd":0,"ind":16,"ty":0,"nm":"Chest Feather","parent":19,"refId":"comp_7","sr":1,"ks":{"o":{"a":0,"k":100,"ix":11},"r":{"a":0,"k":0,"ix":10},"p":{"s":true,"x":{"a":0,"k":0,"ix":3},"y":{"a":1,"k":[{"i":{"x":[0.667],"y":[1]},"o":{"x":[0.167],"y":[0]},"t":100,"s":[71.5]},{"i":{"x":[0.667],"y":[1]},"o":{"x":[0.333],"y":[0]},"t":117,"s":[71.5]},{"i":{"x":[0.868],"y":[0.9]},"o":{"x":[0.333],"y":[0]},"t":131,"s":[70.09]},{"i":{"x":[0.667],"y":[1]},"o":{"x":[0.161],"y":[0.816]},"t":150,"s":[82.189]},{"i":{"x":[0.832],"y":[0.065]},"o":{"x":[0.333],"y":[0]},"t":169,"s":[83.997]},{"i":{"x":[0.573],"y":[1]},"o":{"x":[0.204],"y":[0.065]},"t":195,"s":[82.189]},{"i":{"x":[0.667],"y":[1]},"o":{"x":[0.333],"y":[0]},"t":205,"s":[70.09]},{"i":{"x":[0.667],"y":[1]},"o":{"x":[0.333],"y":[0]},"t":215,"s":[71.997]},{"i":{"x":[0.667],"y":[1]},"o":{"x":[0.333],"y":[0]},"t":225,"s":[71.5]},{"t":275,"s":[71.5]}],"ix":4}},"a":{"a":0,"k":[57.5,27.5,0],"ix":1},"s":{"a":0,"k":[100,100,100],"ix":6}},"ao":0,"w":115,"h":55,"ip":0,"op":3600,"st":0,"bm":0},{"ddd":0,"ind":17,"ty":4,"nm":"foot L","sr":1,"ks":{"o":{"a":0,"k":100,"ix":11},"r":{"a":0,"k":0,"ix":10},"p":{"a":0,"k":[624.25,600.875,0],"ix":2},"a":{"a":0,"k":[-14.37,-0.059,0],"ix":1},"s":{"a":0,"k":[100,100,100],"ix":6}},"ao":0,"shapes":[{"ty":"gr","it":[{"ind":0,"ty":"sh","ix":1,"ks":{"a":0,"k":{"i":[[0,3.7],[-3.69,0],[0,0],[0,-3.69],[3.69,0],[0,0]],"o":[[0,-3.69],[0,0],[3.69,0],[0,3.7],[0,0],[-3.69,0]],"v":[[-11.5,-0.004],[-4.82,-6.684],[4.82,-6.684],[11.5,-0.004],[4.82,6.686],[-4.82,6.686]],"c":true},"ix":2},"nm":"Path 1","mn":"ADBE Vector Shape - Group","hd":false},{"ty":"fl","c":{"a":0,"k":[0.956862986088,0.564706027508,0,1],"ix":4},"o":{"a":0,"k":100,"ix":5},"r":1,"bm":0,"nm":"Fill 1","mn":"ADBE Vector Graphic - Fill","hd":false},{"ty":"tr","p":{"a":0,"k":[0,0],"ix":2},"a":{"a":0,"k":[0,0],"ix":1},"s":{"a":0,"k":[300,300],"ix":3},"r":{"a":0,"k":0,"ix":6},"o":{"a":0,"k":100,"ix":7},"sk":{"a":0,"k":0,"ix":4},"sa":{"a":0,"k":0,"ix":5},"nm":"Transform"}],"nm":"foot L","np":2,"cix":2,"bm":0,"ix":1,"mn":"ADBE Vector Group","hd":false}],"ip":0,"op":1200,"st":0,"bm":0},{"ddd":0,"ind":18,"ty":4,"nm":"foot R","sr":1,"ks":{"o":{"a":0,"k":100,"ix":11},"r":{"a":0,"k":0,"ix":10},"p":{"a":0,"k":[431,600.875,0],"ix":2},"a":{"a":0,"k":[14.38,-0.059,0],"ix":1},"s":{"a":0,"k":[100,100,100],"ix":6}},"ao":0,"shapes":[{"ty":"gr","it":[{"ind":0,"ty":"sh","ix":1,"ks":{"a":0,"k":{"i":[[0,3.7],[-3.69,0],[0,0],[0,-3.69],[3.69,0],[0,0]],"o":[[0,-3.69],[0,0],[3.69,0],[0,3.7],[0,0],[-3.69,0]],"v":[[-11.5,-0.004],[-4.82,-6.684],[4.82,-6.684],[11.5,-0.004],[4.82,6.686],[-4.82,6.686]],"c":true},"ix":2},"nm":"Path 1","mn":"ADBE Vector Shape - Group","hd":false},{"ty":"fl","c":{"a":0,"k":[0.956862986088,0.564706027508,0,1],"ix":4},"o":{"a":0,"k":100,"ix":5},"r":1,"bm":0,"nm":"Fill 1","mn":"ADBE Vector Graphic - Fill","hd":false},{"ty":"tr","p":{"a":0,"k":[0,0],"ix":2},"a":{"a":0,"k":[0,0],"ix":1},"s":{"a":0,"k":[300,300],"ix":3},"r":{"a":0,"k":0,"ix":6},"o":{"a":0,"k":100,"ix":7},"sk":{"a":0,"k":0,"ix":4},"sa":{"a":0,"k":0,"ix":5},"nm":"Transform"}],"nm":"foot R","np":2,"cix":2,"bm":0,"ix":1,"mn":"ADBE Vector Group","hd":false}],"ip":0,"op":1200,"st":0,"bm":0},{"ddd":0,"ind":19,"ty":4,"nm":"BELLY SHAPE","parent":21,"sr":1,"ks":{"o":{"a":0,"k":100,"ix":11},"r":{"a":0,"k":0,"ix":10},"p":{"a":0,"k":[-0.038,29.472,0],"ix":2},"a":{"a":0,"k":[0,0,0],"ix":1},"s":{"a":0,"k":[100,100,100],"ix":6}},"ao":0,"shapes":[{"d":1,"ty":"el","s":{"a":0,"k":[310,310],"ix":2},"p":{"a":0,"k":[0,0],"ix":3},"nm":"Ellipse Path 1","mn":"ADBE Vector Shape - Ellipse","hd":false},{"ty":"fl","c":{"a":0,"k":[0.470588265213,0.784313785329,0,1],"ix":4},"o":{"a":0,"k":100,"ix":5},"r":1,"bm":0,"nm":"Fill 1","mn":"ADBE Vector Graphic - Fill","hd":false}],"ip":0,"op":1200,"st":0,"bm":0},{"ddd":0,"ind":20,"ty":3,"nm":"MOVE NULL","sr":1,"ks":{"o":{"a":0,"k":0,"ix":11},"r":{"a":0,"k":0,"ix":10},"p":{"s":true,"x":{"a":0,"k":526.5,"ix":3},"y":{"a":1,"k":[{"i":{"x":[0.667],"y":[1]},"o":{"x":[0.167],"y":[0.167]},"t":0,"s":[545.83]},{"i":{"x":[0.667],"y":[1]},"o":{"x":[0.333],"y":[0]},"t":100,"s":[545.83]},{"i":{"x":[0.667],"y":[1]},"o":{"x":[0.333],"y":[0]},"t":117,"s":[545.83]},{"i":{"x":[0.868],"y":[0.917]},"o":{"x":[0.333],"y":[0]},"t":131,"s":[541.319]},{"i":{"x":[0.617],"y":[1.002]},"o":{"x":[0.206],"y":[0.896]},"t":146,"s":[608.342]},{"i":{"x":[0.689],"y":[1]},"o":{"x":[0.349],"y":[0.004]},"t":160,"s":[617.402]},{"i":{"x":[0.667],"y":[1]},"o":{"x":[0.333],"y":[0]},"t":165,"s":[616.061]},{"i":{"x":[0.667],"y":[1]},"o":{"x":[0.333],"y":[0]},"t":171,"s":[616.37]},{"i":{"x":[0.667],"y":[1]},"o":{"x":[0.333],"y":[0]},"t":177,"s":[614.332]},{"i":{"x":[0.667],"y":[1]},"o":{"x":[0.333],"y":[0]},"t":181,"s":[615.625]},{"i":{"x":[0.667],"y":[1]},"o":{"x":[0.333],"y":[0]},"t":186,"s":[612.505]},{"i":{"x":[0.729],"y":[0.239]},"o":{"x":[0.333],"y":[0]},"t":190,"s":[615.929]},{"i":{"x":[0.573],"y":[1]},"o":{"x":[0.188],"y":[0.113]},"t":195,"s":[608.699]},{"i":{"x":[0.667],"y":[1]},"o":{"x":[0.333],"y":[0]},"t":205,"s":[541.319]},{"i":{"x":[0.667],"y":[1]},"o":{"x":[0.333],"y":[0]},"t":215,"s":[546.951]},{"i":{"x":[0.667],"y":[1]},"o":{"x":[0.333],"y":[0]},"t":225,"s":[545.83]},{"t":275,"s":[545.83]}],"ix":4}},"a":{"a":0,"k":[0,0,0],"ix":1},"s":{"a":0,"k":[100,100,100],"ix":6}},"ao":0,"ip":0,"op":1200,"st":0,"bm":0},{"ddd":0,"ind":21,"ty":4,"nm":"TORSO","parent":20,"sr":1,"ks":{"o":{"a":0,"k":100,"ix":11},"r":{"a":0,"k":0,"ix":10},"p":{"s":true,"x":{"a":0,"k":2,"ix":3},"y":{"a":0,"k":0,"ix":4}},"a":{"a":0,"k":[-0.038,184.784,0],"ix":1},"s":{"a":1,"k":[{"i":{"x":[0.59,0.59,0.59],"y":[1,1,1]},"o":{"x":[0.176,0.176,0.176],"y":[0,0,0]},"t":117,"s":[100,100,100]},{"i":{"x":[0.699,0.699,0.699],"y":[1,1,1]},"o":{"x":[0.351,0.351,0.351],"y":[0,0,0]},"t":126,"s":[100,100,100]},{"i":{"x":[0.667,0.667,0.667],"y":[1,1,1]},"o":{"x":[0.333,0.333,0.333],"y":[0,0,0]},"t":131,"s":[100.175,99.825,100]},{"i":{"x":[0.667,0.667,0.667],"y":[1,1,1]},"o":{"x":[0.333,0.333,0.333],"y":[0,0,0]},"t":140,"s":[98.875,103.015,100]},{"i":{"x":[0.667,0.667,0.667],"y":[1,1,1]},"o":{"x":[0.333,0.333,0.333],"y":[0,0,0]},"t":153,"s":[100.336,99.815,100]},{"i":{"x":[0.667,0.667,0.667],"y":[1,1,1]},"o":{"x":[0.333,0.333,0.333],"y":[0,0,0]},"t":160,"s":[100,100,100]},{"i":{"x":[0.667,0.667,0.667],"y":[1,1,1]},"o":{"x":[0.333,0.333,0.333],"y":[0,0,0]},"t":185,"s":[100,100,100]},{"i":{"x":[0.667,0.667,0.667],"y":[1,1,1]},"o":{"x":[0.333,0.333,0.333],"y":[0,0,0]},"t":191,"s":[100.763,99.205,100]},{"i":{"x":[0.667,0.667,0.667],"y":[1,1,1]},"o":{"x":[0.333,0.333,0.333],"y":[0,0,0]},"t":198,"s":[97.606,106.694,100]},{"i":{"x":[0.667,0.667,0.667],"y":[1,1,1]},"o":{"x":[0.333,0.333,0.333],"y":[0,0,0]},"t":210,"s":[100.542,99.428,100]},{"t":219,"s":[100,100,100]}],"ix":6}},"ao":0,"shapes":[{"ty":"gr","it":[{"ind":0,"ty":"sh","ix":1,"ks":{"a":0,"k":{"i":[[-2.15,-0.91],[-4.99,0],[-13.23,5.65],[-3.77,-8.83],[0,-2.34],[0,0],[7.432,-8.952],[16.005,0],[9.481,11.388],[0,12.571],[0,0],[-9.59,0]],"o":[[13.49,5.72],[4.97,0],[8.82,-3.76],[0.92,2.16],[0,0],[0,12.545],[-9.481,11.42],[-15.979,0],[-7.459,-8.96],[0,0],[0,-9.59],[2.34,0]],"v":[[-27.532,-60.232],[0.198,-51.642],[27.498,-60.122],[50.298,-50.962],[51.688,-44.142],[51.688,9.918],[39.789,42.916],[-0.002,61.608],[-39.746,42.971],[-51.692,9.918],[-51.692,-44.242],[-34.322,-61.612]],"c":true},"ix":2},"nm":"Path 1","mn":"ADBE Vector Shape - Group","hd":false},{"ty":"fl","c":{"a":0,"k":[0.470587998629,0.784313976765,0,1],"ix":4},"o":{"a":0,"k":100,"ix":5},"r":1,"bm":0,"nm":"Fill 1","mn":"ADBE Vector Graphic - Fill","hd":false},{"ty":"tr","p":{"a":0,"k":[0,0],"ix":2},"a":{"a":0,"k":[0,0],"ix":1},"s":{"a":0,"k":[300,300],"ix":3},"r":{"a":0,"k":0,"ix":6},"o":{"a":0,"k":100,"ix":7},"sk":{"a":0,"k":0,"ix":4},"sa":{"a":0,"k":0,"ix":5},"nm":"Transform"}],"nm":"TORSO","np":2,"cix":2,"bm":0,"ix":1,"mn":"ADBE Vector Group","hd":false}],"ip":0,"op":1200,"st":0,"bm":0},{"ddd":0,"ind":22,"ty":4,"nm":"BARBELL R","parent":20,"sr":1,"ks":{"o":{"a":0,"k":100,"ix":11},"r":{"a":1,"k":[{"i":{"x":[0.64],"y":[0.762]},"o":{"x":[0.716],"y":[0]},"t":125,"s":[0]},{"i":{"x":[0.667],"y":[1]},"o":{"x":[0.151],"y":[0.613]},"t":149,"s":[-1.684]},{"i":{"x":[0.667],"y":[1]},"o":{"x":[0.333],"y":[0]},"t":191,"s":[-2.162]},{"i":{"x":[0.667],"y":[1]},"o":{"x":[0.333],"y":[0]},"t":200,"s":[-3.323]},{"i":{"x":[0.667],"y":[1]},"o":{"x":[0.333],"y":[0]},"t":209,"s":[1.661]},{"i":{"x":[0.667],"y":[1]},"o":{"x":[0.333],"y":[0]},"t":218,"s":[-0.484]},{"i":{"x":[0.667],"y":[1]},"o":{"x":[0.333],"y":[0]},"t":225,"s":[0.181]},{"t":232,"s":[0]}],"ix":10},"p":{"a":0,"k":[57,-252.812,0],"ix":2},"a":{"a":0,"k":[77.753,-21.678,0],"ix":1},"s":{"a":0,"k":[100,100,100],"ix":6}},"ao":0,"shapes":[{"ty":"gr","it":[{"ind":0,"ty":"sh","ix":1,"ks":{"a":0,"k":{"i":[[36.757,-9.704],[0.7,2.67],[-2.67,0.7],[-42.53,0.15],[-0.001,-3.378]],"o":[[-2.67,0.71],[-0.71,-2.67],[37.712,-9.965],[-0.001,1.44],[-41.56,0.175]],"v":[[-127.221,12.329],[-133.331,8.779],[-129.781,2.669],[-9.414,-12.5],[-9.415,-2.473]],"c":true},"ix":2},"nm":"Path 1","mn":"ADBE Vector Shape - Group","hd":false},{"ty":"fl","c":{"a":0,"k":[0.592000007629,0.592000007629,0.592000007629,1],"ix":4},"o":{"a":0,"k":100,"ix":5},"r":1,"bm":0,"nm":"Fill 1","mn":"ADBE Vector Graphic - Fill","hd":false},{"ty":"tr","p":{"a":0,"k":[0,0],"ix":2},"a":{"a":0,"k":[0,0],"ix":1},"s":{"a":0,"k":[300,300],"ix":3},"r":{"a":0,"k":0,"ix":6},"o":{"a":0,"k":100,"ix":7},"sk":{"a":0,"k":0,"ix":4},"sa":{"a":0,"k":0,"ix":5},"nm":"Transform"}],"nm":"BARBELL","np":2,"cix":2,"bm":0,"ix":1,"mn":"ADBE Vector Group","hd":false}],"ip":0,"op":1200,"st":0,"bm":0},{"ddd":0,"ind":23,"ty":4,"nm":"BARBELL L","parent":20,"sr":1,"ks":{"o":{"a":0,"k":100,"ix":11},"r":{"a":1,"k":[{"i":{"x":[0.642],"y":[0.67]},"o":{"x":[0.716],"y":[0]},"t":125,"s":[0]},{"i":{"x":[0.667],"y":[1]},"o":{"x":[0.13],"y":[0.862]},"t":149,"s":[1.739]},{"i":{"x":[0.667],"y":[1]},"o":{"x":[0.333],"y":[0]},"t":191,"s":[2.162]},{"i":{"x":[0.667],"y":[1]},"o":{"x":[0.333],"y":[0]},"t":200,"s":[3.487]},{"i":{"x":[0.667],"y":[1]},"o":{"x":[0.333],"y":[0]},"t":209,"s":[-1.804]},{"i":{"x":[0.667],"y":[1]},"o":{"x":[0.333],"y":[0]},"t":218,"s":[0.488]},{"i":{"x":[0.667],"y":[1]},"o":{"x":[0.333],"y":[0]},"t":225,"s":[-0.259]},{"t":232,"s":[0]}],"ix":10},"p":{"a":0,"k":[-53.5,-252.812,0],"ix":2},"a":{"a":0,"k":[-72.747,-21.678,0],"ix":1},"s":{"a":0,"k":[100,100,100],"ix":6}},"ao":0,"shapes":[{"ty":"gr","it":[{"ind":0,"ty":"sh","ix":1,"ks":{"a":0,"k":{"i":[[0.007,3.717],[-41.237,-8.63],[0.56,-2.7],[2.7,0.57],[36.868,1.243]],"o":[[37.612,1.237],[2.71,0.56],[-0.57,2.71],[-40.511,-8.47],[0.007,-3.799]],"v":[[11.08,-12.526],[129.519,2.609],[133.399,8.519],[127.479,12.389],[11.06,-2.428]],"c":true},"ix":2},"nm":"Path 1","mn":"ADBE Vector Shape - Group","hd":false},{"ty":"fl","c":{"a":0,"k":[0.592000007629,0.592000007629,0.592000007629,1],"ix":4},"o":{"a":0,"k":100,"ix":5},"r":1,"bm":0,"nm":"Fill 1","mn":"ADBE Vector Graphic - Fill","hd":false},{"ty":"tr","p":{"a":0,"k":[0,0],"ix":2},"a":{"a":0,"k":[0,0],"ix":1},"s":{"a":0,"k":[300,300],"ix":3},"r":{"a":0,"k":0,"ix":6},"o":{"a":0,"k":100,"ix":7},"sk":{"a":0,"k":0,"ix":4},"sa":{"a":0,"k":0,"ix":5},"nm":"Transform"}],"nm":"BARBELL","np":2,"cix":2,"bm":0,"ix":1,"mn":"ADBE Vector Group","hd":false}],"ip":0,"op":1200,"st":0,"bm":0},{"ddd":0,"ind":25,"ty":4,"nm":"wing R","parent":22,"sr":1,"ks":{"o":{"a":0,"k":100,"ix":11},"r":{"a":0,"k":0,"ix":10},"p":{"a":0,"k":[-179.389,-21.678,0],"ix":2},"a":{"a":0,"k":[-91,-56.404,0],"ix":1},"s":{"a":0,"k":[100,100,100],"ix":6}},"ao":0,"shapes":[{"ty":"gr","it":[{"ind":0,"ty":"sh","ix":1,"ks":{"a":0,"k":{"i":[[0,0],[0,0],[3.14,-2.72],[17.62,10.54],[-2.988,18.49]],"o":[[0,0],[3.58,2.14],[-15.11,13.07],[-16.709,-10.005],[0.163,-1.008]],"v":[[-21.838,-25.382],[37.013,9.831],[37.893,19.681],[-17.037,24.191],[-39.41,-23.211]],"c":true},"ix":2},"nm":"Path 1","mn":"ADBE Vector Shape - Group","hd":false},{"ty":"fl","c":{"a":0,"k":[0.470587998629,0.784313976765,0,1],"ix":4},"o":{"a":0,"k":100,"ix":5},"r":1,"bm":0,"nm":"Fill 1","mn":"ADBE Vector Graphic - Fill","hd":false},{"ty":"tr","p":{"a":0,"k":[0,0],"ix":2},"a":{"a":0,"k":[0,0],"ix":1},"s":{"a":0,"k":[300,300],"ix":3},"r":{"a":0,"k":0,"ix":6},"o":{"a":0,"k":100,"ix":7},"sk":{"a":0,"k":0,"ix":4},"sa":{"a":0,"k":0,"ix":5},"nm":"Transform"}],"nm":"wing R","np":2,"cix":2,"bm":0,"ix":1,"mn":"ADBE Vector Group","hd":false}],"ip":0,"op":1200,"st":0,"bm":0},{"ddd":0,"ind":26,"ty":4,"nm":"wing L","parent":23,"sr":1,"ks":{"o":{"a":0,"k":100,"ix":11},"r":{"a":0,"k":0,"ix":10},"p":{"a":0,"k":[183.601,-21.678,0],"ix":2},"a":{"a":0,"k":[94.5,-56.404,0],"ix":1},"s":{"a":0,"k":[100,100,100],"ix":6}},"ao":0,"shapes":[{"ty":"gr","it":[{"ind":0,"ty":"sh","ix":1,"ks":{"a":0,"k":{"i":[[-0.139,-0.782],[16.922,-10.126],[15.1,13.07],[-3.57,2.14],[0,0]],"o":[[3.311,18.703],[-17.62,10.54],[-3.15,-2.72],[0,0],[0,0]],"v":[[39.301,-23.885],[17.033,24.191],[-37.887,19.681],[-37.017,9.831],[22.105,-25.544]],"c":true},"ix":2},"nm":"Path 1","mn":"ADBE Vector Shape - Group","hd":false},{"ty":"fl","c":{"a":0,"k":[0.470587998629,0.784313976765,0,1],"ix":4},"o":{"a":0,"k":100,"ix":5},"r":1,"bm":0,"nm":"Fill 1","mn":"ADBE Vector Graphic - Fill","hd":false},{"ty":"tr","p":{"a":0,"k":[0,0],"ix":2},"a":{"a":0,"k":[0,0],"ix":1},"s":{"a":0,"k":[300,300],"ix":3},"r":{"a":0,"k":0,"ix":6},"o":{"a":0,"k":100,"ix":7},"sk":{"a":0,"k":0,"ix":4},"sa":{"a":0,"k":0,"ix":5},"nm":"Transform"}],"nm":"wing L","np":2,"cix":2,"bm":0,"ix":1,"mn":"ADBE Vector Group","hd":false}],"ip":0,"op":1200,"st":0,"bm":0},{"ddd":0,"ind":27,"ty":4,"nm":"shadow","sr":1,"ks":{"o":{"a":0,"k":100,"ix":11},"r":{"a":0,"k":0,"ix":10},"p":{"a":0,"k":[525.5,633,0],"ix":2},"a":{"a":0,"k":[0,0,0],"ix":1},"s":{"a":0,"k":[100,100,100],"ix":6}},"ao":0,"shapes":[{"ty":"gr","it":[{"ind":0,"ty":"sh","ix":1,"ks":{"a":1,"k":[{"i":{"x":0.667,"y":1},"o":{"x":0.333,"y":0},"t":117,"s":[{"i":[[-2.21,0],[0,0],[0,-2.21],[2.21,0],[0,0],[0,2.21]],"o":[[0,0],[2.21,0],[0,2.21],[0,0],[-2.21,0],[0,-2.21]],"v":[[-76.5,-4],[76.5,-4],[80.5,0],[76.5,4],[-76.5,4],[-80.5,0]],"c":true}]},{"i":{"x":0.833,"y":0.833},"o":{"x":0.333,"y":0},"t":131,"s":[{"i":[[-2.21,0],[0,0],[0,-2.21],[2.21,0],[0,0],[0,2.21]],"o":[[0,0],[2.21,0],[0,2.21],[0,0],[-2.21,0],[0,-2.21]],"v":[[-74.5,-4],[74.5,-4],[78.5,0],[74.5,4],[-74.5,4],[-78.5,0]],"c":true}]},{"i":{"x":0,"y":1},"o":{"x":0.167,"y":0.167},"t":146,"s":[{"i":[[-2.21,0],[0,0],[0,-2.21],[2.21,0],[0,0],[0,2.21]],"o":[[0,0],[2.21,0],[0,2.21],[0,0],[-2.21,0],[0,-2.21]],"v":[[-89.833,-4],[89.833,-4],[93.833,0],[89.833,4],[-89.833,4],[-93.833,0]],"c":true}]},{"i":{"x":0.833,"y":0.833},"o":{"x":1,"y":0},"t":169,"s":[{"i":[[-2.21,0],[0,0],[0,-2.21],[2.21,0],[0,0],[0,2.21]],"o":[[0,0],[2.21,0],[0,2.21],[0,0],[-2.21,0],[0,-2.21]],"v":[[-91.5,-4],[91.5,-4],[95.5,0],[91.5,4],[-91.5,4],[-95.5,0]],"c":true}]},{"i":{"x":0.667,"y":1},"o":{"x":0.167,"y":0.167},"t":195,"s":[{"i":[[-2.21,0],[0,0],[0,-2.21],[2.21,0],[0,0],[0,2.21]],"o":[[0,0],[2.21,0],[0,2.21],[0,0],[-2.21,0],[0,-2.21]],"v":[[-89.833,-4],[89.833,-4],[93.833,0],[89.833,4],[-89.833,4],[-93.833,0]],"c":true}]},{"i":{"x":0.667,"y":1},"o":{"x":0.333,"y":0},"t":205,"s":[{"i":[[-2.21,0],[0,0],[0,-2.21],[2.21,0],[0,0],[0,2.21]],"o":[[0,0],[2.21,0],[0,2.21],[0,0],[-2.21,0],[0,-2.21]],"v":[[-73.167,-4],[73.167,-4],[77.167,0],[73.167,4],[-73.167,4],[-77.167,0]],"c":true}]},{"i":{"x":0.667,"y":1},"o":{"x":0.333,"y":0},"t":215,"s":[{"i":[[-2.21,0],[0,0],[0,-2.21],[2.21,0],[0,0],[0,2.21]],"o":[[0,0],[2.21,0],[0,2.21],[0,0],[-2.21,0],[0,-2.21]],"v":[[-77.167,-4],[77.167,-4],[81.167,0],[77.167,4],[-77.167,4],[-81.167,0]],"c":true}]},{"t":225,"s":[{"i":[[-2.21,0],[0,0],[0,-2.21],[2.21,0],[0,0],[0,2.21]],"o":[[0,0],[2.21,0],[0,2.21],[0,0],[-2.21,0],[0,-2.21]],"v":[[-76.5,-4],[76.5,-4],[80.5,0],[76.5,4],[-76.5,4],[-80.5,0]],"c":true}]}],"ix":2},"nm":"Path 1","mn":"ADBE Vector Shape - Group","hd":false},{"ty":"fl","c":{"a":0,"k":[0.88627499342,0.88627499342,0.88627499342,1],"ix":4},"o":{"a":0,"k":100,"ix":5},"r":1,"bm":0,"nm":"Fill 1","mn":"ADBE Vector Graphic - Fill","hd":false},{"ty":"tr","p":{"a":0,"k":[0,0],"ix":2},"a":{"a":0,"k":[0,0],"ix":1},"s":{"a":0,"k":[300,300],"ix":3},"r":{"a":0,"k":0,"ix":6},"o":{"a":0,"k":100,"ix":7},"sk":{"a":0,"k":0,"ix":4},"sa":{"a":0,"k":0,"ix":5},"nm":"Transform"}],"nm":"shadow","np":2,"cix":2,"bm":0,"ix":1,"mn":"ADBE Vector Group","hd":false}],"ip":0,"op":1200,"st":0,"bm":0}]},{"id":"comp_1","layers":[{"ddd":0,"ind":1,"ty":4,"nm":"weights SHINE 01","sr":1,"ks":{"o":{"a":0,"k":41,"ix":11},"r":{"a":0,"k":0,"ix":10},"p":{"a":0,"k":[120.5,202,0],"ix":2},"a":{"a":0,"k":[0,0,0],"ix":1},"s":{"a":0,"k":[100,100,100],"ix":6}},"ao":0,"shapes":[{"ty":"gr","it":[{"ind":0,"ty":"sh","ix":1,"ks":{"a":0,"k":{"i":[[0,0],[0,0],[0,0],[0,0]],"o":[[0,0],[0,0],[0,0],[0,0]],"v":[[-8.998,-4.366],[6.712,-7.416],[9.002,4.364],[-6.708,7.414]],"c":true},"ix":2},"nm":"Path 1","mn":"ADBE Vector Shape - Group","hd":false},{"ty":"fl","c":{"a":0,"k":[0.419607996941,0.419607996941,0.419607996941,1],"ix":4},"o":{"a":0,"k":100,"ix":5},"r":1,"bm":0,"nm":"Fill 1","mn":"ADBE Vector Graphic - Fill","hd":false},{"ty":"tr","p":{"a":0,"k":[0,0],"ix":2},"a":{"a":0,"k":[0,0],"ix":1},"s":{"a":0,"k":[300,300],"ix":3},"r":{"a":0,"k":0,"ix":6},"o":{"a":0,"k":100,"ix":7},"sk":{"a":0,"k":0,"ix":4},"sa":{"a":0,"k":0,"ix":5},"nm":"Transform"}],"nm":"weights SHINE 01","np":2,"cix":2,"bm":0,"ix":1,"mn":"ADBE Vector Group","hd":false}],"ip":0,"op":3600,"st":0,"bm":0},{"ddd":0,"ind":2,"ty":4,"nm":"weights 01","sr":1,"ks":{"o":{"a":0,"k":100,"ix":11},"r":{"a":0,"k":0,"ix":10},"p":{"a":0,"k":[126.99,234.086,0],"ix":2},"a":{"a":0,"k":[0,0,0],"ix":1},"s":{"a":0,"k":[100,100,100],"ix":6}},"ao":0,"shapes":[{"ty":"gr","it":[{"ind":0,"ty":"sh","ix":1,"ks":{"a":0,"k":{"i":[[-1.63,0.32],[0,0],[-0.31,-1.63],[0,0],[1.62,-0.32],[0,0],[0.32,1.62],[0,0]],"o":[[0,0],[1.63,-0.32],[0,0],[0.32,1.63],[0,0],[-1.63,0.31],[0,0],[-0.32,-1.63]],"v":[[-9.867,-24.572],[-0.057,-26.472],[3.463,-24.102],[12.243,21.048],[9.873,24.568],[0.053,26.478],[-3.467,24.108],[-12.237,-21.052]],"c":true},"ix":2},"nm":"Path 1","mn":"ADBE Vector Shape - Group","hd":false},{"ty":"fl","c":{"a":0,"k":[0.294117987156,0.294117987156,0.294117987156,1],"ix":4},"o":{"a":0,"k":100,"ix":5},"r":1,"bm":0,"nm":"Fill 1","mn":"ADBE Vector Graphic - Fill","hd":false},{"ty":"tr","p":{"a":0,"k":[0,0],"ix":2},"a":{"a":0,"k":[0,0],"ix":1},"s":{"a":0,"k":[300,300],"ix":3},"r":{"a":0,"k":0,"ix":6},"o":{"a":0,"k":100,"ix":7},"sk":{"a":0,"k":0,"ix":4},"sa":{"a":0,"k":0,"ix":5},"nm":"Transform"}],"nm":"weights 01","np":2,"cix":2,"bm":0,"ix":1,"mn":"ADBE Vector Group","hd":false}],"ip":0,"op":3600,"st":0,"bm":0},{"ddd":0,"ind":3,"ty":4,"nm":"weights SHINE 02","sr":1,"ks":{"o":{"a":0,"k":41,"ix":11},"r":{"a":0,"k":0,"ix":10},"p":{"a":0,"k":[165.41,165.52,0],"ix":2},"a":{"a":0,"k":[0,0,0],"ix":1},"s":{"a":0,"k":[100,100,100],"ix":6}},"ao":0,"shapes":[{"ty":"gr","it":[{"ind":0,"ty":"sh","ix":1,"ks":{"a":0,"k":{"i":[[0,0],[0,0],[0,0],[0,0]],"o":[[0,0],[0,0],[0,0],[0,0]],"v":[[-10.757,-5.545],[7.893,-9.175],[10.753,5.545],[-7.897,9.175]],"c":true},"ix":2},"nm":"Path 1","mn":"ADBE Vector Shape - Group","hd":false},{"ty":"fl","c":{"a":0,"k":[0.419607996941,0.419607996941,0.419607996941,1],"ix":4},"o":{"a":0,"k":100,"ix":5},"r":1,"bm":0,"nm":"Fill 1","mn":"ADBE Vector Graphic - Fill","hd":false},{"ty":"tr","p":{"a":0,"k":[0,0],"ix":2},"a":{"a":0,"k":[0,0],"ix":1},"s":{"a":0,"k":[300,300],"ix":3},"r":{"a":0,"k":0,"ix":6},"o":{"a":0,"k":100,"ix":7},"sk":{"a":0,"k":0,"ix":4},"sa":{"a":0,"k":0,"ix":5},"nm":"Transform"}],"nm":"weights SHINE 02","np":2,"cix":2,"bm":0,"ix":1,"mn":"ADBE Vector Group","hd":false}],"ip":0,"op":3600,"st":0,"bm":0},{"ddd":0,"ind":4,"ty":4,"nm":"weights 02","sr":1,"ks":{"o":{"a":0,"k":100,"ix":11},"r":{"a":0,"k":0,"ix":10},"p":{"a":0,"k":[176,220,0],"ix":2},"a":{"a":0,"k":[0,0,0],"ix":1},"s":{"a":0,"k":[100,100,100],"ix":6}},"ao":0,"shapes":[{"ty":"gr","it":[{"ind":0,"ty":"sh","ix":1,"ks":{"a":0,"k":{"i":[[-1.63,0.31],[0,0],[-0.32,-1.63],[0,0],[1.62,-0.32],[0,0],[0.31,1.62],[0,0]],"o":[[0,0],[1.63,-0.32],[0,0],[0.31,1.63],[0,0],[-1.62,0.32],[0,0],[-0.32,-1.62]],"v":[[-13.057,-33.113],[-0.297,-35.593],[3.223,-33.223],[15.433,29.597],[13.063,33.117],[0.293,35.597],[-3.217,33.227],[-15.427,-29.603]],"c":true},"ix":2},"nm":"Path 1","mn":"ADBE Vector Shape - Group","hd":false},{"ty":"fl","c":{"a":0,"k":[0.294117987156,0.294117987156,0.294117987156,1],"ix":4},"o":{"a":0,"k":100,"ix":5},"r":1,"bm":0,"nm":"Fill 1","mn":"ADBE Vector Graphic - Fill","hd":false},{"ty":"tr","p":{"a":0,"k":[0,0],"ix":2},"a":{"a":0,"k":[0,0],"ix":1},"s":{"a":0,"k":[300,300],"ix":3},"r":{"a":0,"k":0,"ix":6},"o":{"a":0,"k":100,"ix":7},"sk":{"a":0,"k":0,"ix":4},"sa":{"a":0,"k":0,"ix":5},"nm":"Transform"}],"nm":"weights 02","np":2,"cix":2,"bm":0,"ix":1,"mn":"ADBE Vector Group","hd":false}],"ip":0,"op":3600,"st":0,"bm":0},{"ddd":0,"ind":5,"ty":4,"nm":"weights SHINE 03","parent":6,"sr":1,"ks":{"o":{"a":0,"k":41,"ix":11},"r":{"a":0,"k":0,"ix":10},"p":{"a":0,"k":[-15.09,-84.48,0],"ix":2},"a":{"a":0,"k":[0,0,0],"ix":1},"s":{"a":0,"k":[100,100,100],"ix":6}},"ao":0,"shapes":[{"ty":"gr","it":[{"ind":0,"ty":"sh","ix":1,"ks":{"a":0,"k":{"i":[[0,0],[0,0],[0,0],[0,0]],"o":[[0,0],[0,0],[0,0],[0,0]],"v":[[-10.757,-5.545],[7.893,-9.175],[10.753,5.545],[-7.897,9.175]],"c":true},"ix":2},"nm":"Path 1","mn":"ADBE Vector Shape - Group","hd":false},{"ty":"fl","c":{"a":0,"k":[0.419607996941,0.419607996941,0.419607996941,1],"ix":4},"o":{"a":0,"k":100,"ix":5},"r":1,"bm":0,"nm":"Fill 1","mn":"ADBE Vector Graphic - Fill","hd":false},{"ty":"tr","p":{"a":0,"k":[0,0],"ix":2},"a":{"a":0,"k":[0,0],"ix":1},"s":{"a":0,"k":[300,300],"ix":3},"r":{"a":0,"k":0,"ix":6},"o":{"a":0,"k":100,"ix":7},"sk":{"a":0,"k":0,"ix":4},"sa":{"a":0,"k":0,"ix":5},"nm":"Transform"}],"nm":"weights SHINE 02","np":2,"cix":2,"bm":0,"ix":1,"mn":"ADBE Vector Group","hd":false}],"ip":0,"op":3600,"st":0,"bm":0},{"ddd":0,"ind":6,"ty":4,"nm":"weights 03","sr":1,"ks":{"o":{"a":0,"k":100,"ix":11},"r":{"a":0,"k":0,"ix":10},"p":{"a":0,"k":[230,209,0],"ix":2},"a":{"a":0,"k":[0,0,0],"ix":1},"s":{"a":0,"k":[100,100,100],"ix":6}},"ao":0,"shapes":[{"ty":"gr","it":[{"ind":0,"ty":"sh","ix":1,"ks":{"a":0,"k":{"i":[[-1.63,0.31],[0,0],[-0.32,-1.63],[0,0],[1.62,-0.32],[0,0],[0.31,1.62],[0,0]],"o":[[0,0],[1.63,-0.32],[0,0],[0.31,1.63],[0,0],[-1.62,0.32],[0,0],[-0.32,-1.62]],"v":[[-14.557,-42.613],[-1.797,-45.093],[1.723,-42.723],[17.1,36.43],[14.73,39.951],[1.96,42.43],[-1.55,40.061],[-16.927,-39.103]],"c":true},"ix":2},"nm":"Path 1","mn":"ADBE Vector Shape - Group","hd":false},{"ty":"fl","c":{"a":0,"k":[0.294117987156,0.294117987156,0.294117987156,1],"ix":4},"o":{"a":0,"k":100,"ix":5},"r":1,"bm":0,"nm":"Fill 1","mn":"ADBE Vector Graphic - Fill","hd":false},{"ty":"tr","p":{"a":0,"k":[0,0],"ix":2},"a":{"a":0,"k":[0,0],"ix":1},"s":{"a":0,"k":[300,300],"ix":3},"r":{"a":0,"k":0,"ix":6},"o":{"a":0,"k":100,"ix":7},"sk":{"a":0,"k":0,"ix":4},"sa":{"a":0,"k":0,"ix":5},"nm":"Transform"}],"nm":"weights 02","np":2,"cix":2,"bm":0,"ix":1,"mn":"ADBE Vector Group","hd":false}],"ip":0,"op":3600,"st":0,"bm":0},{"ddd":0,"ind":7,"ty":4,"nm":"BARBELL R","sr":1,"ks":{"o":{"a":0,"k":100,"ix":11},"r":{"a":0,"k":0,"ix":10},"p":{"a":0,"k":[478.247,218.178,0],"ix":2},"a":{"a":0,"k":[0,0,0],"ix":1},"s":{"a":0,"k":[100,100,100],"ix":6}},"ao":0,"shapes":[{"ty":"gr","it":[{"ind":0,"ty":"sh","ix":1,"ks":{"a":0,"k":{"i":[[1.687,-0.445],[0.7,2.67],[-2.67,0.7],[-1.775,0.445],[0.855,-0.214]],"o":[[-2.67,0.71],[-0.71,-2.67],[1.765,-0.466],[0.836,-0.209],[-1.697,0.425]],"v":[[-127.221,12.329],[-133.331,8.779],[-129.781,2.669],[-124.471,1.303],[-122.145,11.023]],"c":true},"ix":2},"nm":"Path 1","mn":"ADBE Vector Shape - Group","hd":false},{"ty":"fl","c":{"a":0,"k":[0.592000007629,0.592000007629,0.592000007629,1],"ix":4},"o":{"a":0,"k":100,"ix":5},"r":1,"bm":0,"nm":"Fill 1","mn":"ADBE Vector Graphic - Fill","hd":false},{"ty":"tr","p":{"a":0,"k":[0,0],"ix":2},"a":{"a":0,"k":[0,0],"ix":1},"s":{"a":0,"k":[300,300],"ix":3},"r":{"a":0,"k":0,"ix":6},"o":{"a":0,"k":100,"ix":7},"sk":{"a":0,"k":0,"ix":4},"sa":{"a":0,"k":0,"ix":5},"nm":"Transform"}],"nm":"BARBELL","np":2,"cix":2,"bm":0,"ix":1,"mn":"ADBE Vector Group","hd":false}],"ip":0,"op":3600,"st":0,"bm":0}]},{"id":"comp_2","layers":[{"ddd":0,"ind":1,"ty":4,"nm":"sweatband WHITE","sr":1,"ks":{"o":{"a":0,"k":100,"ix":11},"r":{"a":0,"k":0,"ix":10},"p":{"a":0,"k":[528,238.5,0],"ix":2},"a":{"a":0,"k":[0,0,0],"ix":1},"s":{"a":0,"k":[100,100,100],"ix":6}},"ao":0,"shapes":[{"ty":"gr","it":[{"ind":0,"ty":"sh","ix":1,"ks":{"a":0,"k":{"i":[[0,0],[0,0],[0,0],[0,0]],"o":[[0,0],[0,0],[0,0],[0,0]],"v":[[-55,-3.5],[55,-3.5],[55,3.5],[-55,3.5]],"c":true},"ix":2},"nm":"Path 1","mn":"ADBE Vector Shape - Group","hd":false},{"ty":"fl","c":{"a":0,"k":[1,1,1,1],"ix":4},"o":{"a":0,"k":100,"ix":5},"r":1,"bm":0,"nm":"Fill 1","mn":"ADBE Vector Graphic - Fill","hd":false},{"ty":"tr","p":{"a":0,"k":[0,0],"ix":2},"a":{"a":0,"k":[0,0],"ix":1},"s":{"a":0,"k":[300,300],"ix":3},"r":{"a":0,"k":0,"ix":6},"o":{"a":0,"k":100,"ix":7},"sk":{"a":0,"k":0,"ix":4},"sa":{"a":0,"k":0,"ix":5},"nm":"Transform"}],"nm":"sweatband WHITE","np":2,"cix":2,"bm":0,"ix":1,"mn":"ADBE Vector Group","hd":false}],"ip":0,"op":3600,"st":0,"bm":0},{"ddd":0,"ind":2,"ty":4,"nm":"sweatband MAIN","sr":1,"ks":{"o":{"a":0,"k":100,"ix":11},"r":{"a":0,"k":0,"ix":10},"p":{"a":0,"k":[528,238.5,0],"ix":2},"a":{"a":0,"k":[0,0,0],"ix":1},"s":{"a":0,"k":[100,100,100],"ix":6}},"ao":0,"shapes":[{"ty":"gr","it":[{"ind":0,"ty":"sh","ix":1,"ks":{"a":0,"k":{"i":[[-1.1,0],[0,0],[0,-1.1],[0,0],[1.1,0],[0,0],[0,1.1],[0,0]],"o":[[0,0],[1.1,0],[0,0],[0,1.1],[0,0],[-1.1,0],[0,0],[0,-1.1]],"v":[[-53,-8.5],[53,-8.5],[55,-6.5],[55,6.5],[53,8.5],[-53,8.5],[-55,6.5],[-55,-6.5]],"c":true},"ix":2},"nm":"Path 1","mn":"ADBE Vector Shape - Group","hd":false},{"ty":"fl","c":{"a":0,"k":[0.952941000462,0.282353013754,0.282353013754,1],"ix":4},"o":{"a":0,"k":100,"ix":5},"r":1,"bm":0,"nm":"Fill 1","mn":"ADBE Vector Graphic - Fill","hd":false},{"ty":"tr","p":{"a":0,"k":[0,0],"ix":2},"a":{"a":0,"k":[0,0],"ix":1},"s":{"a":0,"k":[300,300],"ix":3},"r":{"a":0,"k":0,"ix":6},"o":{"a":0,"k":100,"ix":7},"sk":{"a":0,"k":0,"ix":4},"sa":{"a":0,"k":0,"ix":5},"nm":"Transform"}],"nm":"sweatband MAIN","np":2,"cix":2,"bm":0,"ix":1,"mn":"ADBE Vector Group","hd":false}],"ip":0,"op":3600,"st":0,"bm":0}]},{"id":"comp_3","layers":[{"ddd":0,"ind":1,"ty":4,"nm":"LIP","sr":1,"ks":{"o":{"a":1,"k":[{"t":0,"s":[0],"h":1},{"t":141,"s":[100],"h":1},{"t":154,"s":[100],"h":1},{"t":199,"s":[0],"h":1}],"ix":11},"r":{"a":0,"k":0,"ix":10},"p":{"a":0,"k":[45,46,0],"ix":2},"a":{"a":0,"k":[0,0,0],"ix":1},"s":{"a":0,"k":[100,100,100],"ix":6}},"ao":0,"shapes":[{"ty":"gr","it":[{"ind":0,"ty":"sh","ix":1,"ks":{"a":1,"k":[{"i":{"x":0,"y":1},"o":{"x":0,"y":0},"t":141,"s":[{"i":[[0,0],[-11.375,0],[0,0]],"o":[[0,0],[10.125,0],[0,0]],"v":[[-19.281,1.688],[-0.375,5.312],[17.5,1.938]],"c":false}]},{"i":{"x":0.667,"y":1},"o":{"x":0.167,"y":0},"t":157,"s":[{"i":[[0,0],[-11.375,0],[0,0]],"o":[[0,0],[10.125,0],[0,0]],"v":[[-19.156,-1],[-0.25,-8.5],[17.625,-0.75]],"c":false}]},{"i":{"x":1,"y":1},"o":{"x":1,"y":0},"t":190,"s":[{"i":[[0,0],[-11.375,0],[0,0]],"o":[[0,0],[10.125,0],[0,0]],"v":[[-19.156,-1],[-0.25,-8.5],[17.625,-0.75]],"c":false}]},{"t":199,"s":[{"i":[[0,0],[-11.375,0],[0,0]],"o":[[0,0],[10.125,0],[0,0]],"v":[[-19.156,-1],[-0.125,2.625],[17.625,-0.75]],"c":false}]}],"ix":2},"nm":"Path 1","mn":"ADBE Vector Shape - Group","hd":false},{"ty":"st","c":{"a":0,"k":[0.956862804936,0.564705882353,0,1],"ix":3},"o":{"a":0,"k":100,"ix":4},"w":{"a":0,"k":17,"ix":5},"lc":2,"lj":1,"ml":4,"bm":0,"nm":"Stroke 1","mn":"ADBE Vector Graphic - Stroke","hd":false},{"ty":"tr","p":{"a":0,"k":[0,0],"ix":2},"a":{"a":0,"k":[0,0],"ix":1},"s":{"a":0,"k":[100,100],"ix":3},"r":{"a":0,"k":0,"ix":6},"o":{"a":0,"k":100,"ix":7},"sk":{"a":0,"k":0,"ix":4},"sa":{"a":0,"k":0,"ix":5},"nm":"Transform"}],"nm":"Shape 1","np":3,"cix":2,"bm":0,"ix":1,"mn":"ADBE Vector Group","hd":false}],"ip":0,"op":900,"st":0,"bm":0},{"ddd":0,"ind":2,"ty":4,"nm":"beak SHINE","sr":1,"ks":{"o":{"a":0,"k":100,"ix":11},"r":{"a":0,"k":0,"ix":10},"p":{"a":0,"k":[44.538,22.651,0],"ix":2},"a":{"a":0,"k":[0,0,0],"ix":1},"s":{"a":0,"k":[100,100,100],"ix":6}},"ao":0,"shapes":[{"ty":"gr","it":[{"ind":0,"ty":"sh","ix":1,"ks":{"a":0,"k":{"i":[[1.05,-0.42],[0.3,0.74],[-0.74,0.3],[-1.9,-0.67],[0.27,-0.75],[0.76,0.27]],"o":[[-0.74,0.3],[-0.29,-0.75],[1.73,-0.69],[0.75,0.27],[-0.26,0.75],[-1.25,-0.44]],"v":[[-1.688,1.552],[-3.578,0.752],[-2.768,-1.138],[2.712,-1.158],[3.592,0.692],[1.742,1.572]],"c":true},"ix":2},"nm":"Path 1","mn":"ADBE Vector Shape - Group","hd":false},{"ty":"fl","c":{"a":0,"k":[1,0.869565010071,0,1],"ix":4},"o":{"a":0,"k":100,"ix":5},"r":1,"bm":0,"nm":"Fill 1","mn":"ADBE Vector Graphic - Fill","hd":false},{"ty":"tr","p":{"a":0,"k":[0,0],"ix":2},"a":{"a":0,"k":[0,0],"ix":1},"s":{"a":0,"k":[300,300],"ix":3},"r":{"a":0,"k":0,"ix":6},"o":{"a":0,"k":100,"ix":7},"sk":{"a":0,"k":0,"ix":4},"sa":{"a":0,"k":0,"ix":5},"nm":"Transform"}],"nm":"beak SHINE","np":2,"cix":2,"bm":0,"ix":1,"mn":"ADBE Vector Group","hd":false}],"ip":0,"op":900,"st":0,"bm":0},{"ddd":0,"ind":3,"ty":4,"nm":"beak TOP","sr":1,"ks":{"o":{"a":0,"k":100,"ix":11},"r":{"a":0,"k":0,"ix":10},"p":{"a":0,"k":[44.538,28.77,0],"ix":2},"a":{"a":0,"k":[0,0,0],"ix":1},"s":{"a":0,"k":[100,100,100],"ix":6}},"ao":0,"shapes":[{"ty":"gr","it":[{"ind":0,"ty":"sh","ix":1,"ks":{"a":0,"k":{"i":[[0.01,-0.01],[-5.03,0],[-0.85,-4.38],[0,0],[0,0.18],[0.3,0.03],[-0.16,-0.01],[0.19,0],[-0.17,0.05],[0,0.32],[0,0]],"o":[[0.86,-4.45],[4.7,0],[-0.01,-0.01],[0,0],[0,0.32],[0.16,0.05],[-0.19,0],[0.16,-0.01],[-0.31,0.03],[0,0.18],[0,0]],"v":[[-9.933,2.646],[0.207,-5.084],[9.937,2.646],[9.937,2.646],[9.937,3.046],[9.527,3.456],[0.207,5.086],[-0.203,5.086],[-9.523,3.456],[-9.933,3.046],[-9.933,2.646]],"c":true},"ix":2},"nm":"Path 1","mn":"ADBE Vector Shape - Group","hd":false},{"ty":"fl","c":{"a":0,"k":[1,0.760783970356,0,1],"ix":4},"o":{"a":0,"k":100,"ix":5},"r":1,"bm":0,"nm":"Fill 1","mn":"ADBE Vector Graphic - Fill","hd":false},{"ty":"tr","p":{"a":0,"k":[0,0],"ix":2},"a":{"a":0,"k":[0,0],"ix":1},"s":{"a":0,"k":[300,300],"ix":3},"r":{"a":0,"k":0,"ix":6},"o":{"a":0,"k":100,"ix":7},"sk":{"a":0,"k":0,"ix":4},"sa":{"a":0,"k":0,"ix":5},"nm":"Transform"}],"nm":"beak TOP","np":2,"cix":2,"bm":0,"ix":1,"mn":"ADBE Vector Group","hd":false}],"ip":0,"op":900,"st":0,"bm":0},{"ddd":0,"ind":4,"ty":4,"nm":"beak BOTTOM 4","parent":5,"sr":1,"ks":{"o":{"a":1,"k":[{"t":0,"s":[100],"h":1},{"t":141,"s":[0],"h":1},{"t":199,"s":[100],"h":1}],"ix":11},"r":{"a":0,"k":0,"ix":10},"p":{"a":0,"k":[0,0,0],"ix":2},"a":{"a":0,"k":[0,0,0],"ix":1},"s":{"a":0,"k":[100,100,100],"ix":6}},"ao":0,"shapes":[{"ty":"gr","it":[{"ind":0,"ty":"sh","ix":1,"ks":{"a":1,"k":[{"i":{"x":0.667,"y":1},"o":{"x":0.333,"y":0},"t":124,"s":[{"i":[[-2.945,0],[0,-3.164],[0,0],[2.945,0],[0,3.164],[0,0]],"o":[[2.945,0],[0,0],[0,3.164],[-2.945,0],[0,0],[0,-3.164]],"v":[[0.003,-8.675],[5.572,-4.865],[5.577,3.05],[0.032,8.152],[-5.715,3.05],[-5.72,-4.865]],"c":true}]},{"i":{"x":0.667,"y":1},"o":{"x":0.333,"y":0},"t":141,"s":[{"i":[[-2.945,0],[0,-3.164],[0,0],[2.945,0],[0,3.164],[0,0]],"o":[[2.945,0],[0,0],[0,3.164],[-2.945,0],[0,0],[0,-3.164]],"v":[[0.02,-3.925],[5.589,-0.115],[5.577,3.05],[0.032,8.152],[-5.715,3.05],[-5.703,-0.115]],"c":true}]},{"i":{"x":0.667,"y":1},"o":{"x":0.333,"y":0},"t":189,"s":[{"i":[[-2.945,0],[0,-3.164],[0,0],[2.945,0],[0,3.164],[0,0]],"o":[[2.945,0],[0,0],[0,3.164],[-2.945,0],[0,0],[0,-3.164]],"v":[[0.02,-3.925],[5.589,-0.115],[5.577,3.05],[0.032,8.152],[-5.715,3.05],[-5.703,-0.115]],"c":true}]},{"t":211,"s":[{"i":[[-2.945,0],[0,-3.164],[0,0],[2.945,0],[0,3.164],[0,0]],"o":[[2.945,0],[0,0],[0,3.164],[-2.945,0],[0,0],[0,-3.164]],"v":[[0.003,-8.675],[5.572,-4.865],[5.577,3.05],[0.032,8.152],[-5.715,3.05],[-5.72,-4.865]],"c":true}]}],"ix":2},"nm":"Path 1","mn":"ADBE Vector Shape - Group","hd":false},{"ty":"fl","c":{"a":0,"k":[0.745098039216,0.439215716194,0,1],"ix":4},"o":{"a":0,"k":100,"ix":5},"r":1,"bm":0,"nm":"Fill 1","mn":"ADBE Vector Graphic - Fill","hd":false},{"ty":"tr","p":{"a":0,"k":[0,0],"ix":2},"a":{"a":0,"k":[0,0],"ix":1},"s":{"a":0,"k":[300,300],"ix":3},"r":{"a":0,"k":0,"ix":6},"o":{"a":0,"k":100,"ix":7},"sk":{"a":0,"k":0,"ix":4},"sa":{"a":0,"k":0,"ix":5},"nm":"Transform"}],"nm":"beak BOTTOM","np":2,"cix":2,"bm":0,"ix":1,"mn":"ADBE Vector Group","hd":false}],"ip":0,"op":900,"st":0,"bm":0},{"ddd":0,"ind":5,"ty":4,"nm":"beak BOTTOM 3","sr":1,"ks":{"o":{"a":1,"k":[{"t":0,"s":[100],"h":1},{"t":141,"s":[0],"h":1},{"t":199,"s":[100],"h":1}],"ix":11},"r":{"a":0,"k":0,"ix":10},"p":{"s":true,"x":{"a":0,"k":44.981,"ix":3},"y":{"a":1,"k":[{"i":{"x":[0.859],"y":[0.752]},"o":{"x":[0.746],"y":[0]},"t":124,"s":[19.543]},{"i":{"x":[0.567],"y":[1]},"o":{"x":[0.333],"y":[0]},"t":141,"s":[0.543]},{"i":{"x":[0],"y":[1]},"o":{"x":[0.027],"y":[0]},"t":189,"s":[0.543]},{"t":211,"s":[19.543]}],"ix":4}},"a":{"a":0,"k":[0,-27.25,0],"ix":1},"s":{"a":0,"k":[100,100,100],"ix":6}},"ao":0,"shapes":[{"ty":"gr","it":[{"ind":0,"ty":"sh","ix":1,"ks":{"a":1,"k":[{"i":{"x":0.833,"y":0.833},"o":{"x":0.167,"y":0.167},"t":124,"s":[{"i":[[-4,0],[0,-4],[0,0],[4,0],[0,4],[0,0]],"o":[[4,0],[0,0],[0,4],[-4,0],[0,0],[0,-4]],"v":[[0.033,-4.341],[7.897,-2.227],[7.83,4.185],[-0.045,11.425],[-7.91,4.185],[-7.843,-2.227]],"c":true}]},{"i":{"x":0.833,"y":0.833},"o":{"x":0.167,"y":0.167},"t":141,"s":[{"i":[[-4,0],[0,-4],[0,0],[4,0],[0,4],[0,0]],"o":[[4,0],[0,0],[0,4],[-4,0],[0,0],[0,-4]],"v":[[-0.008,0.159],[7.857,2.273],[7.83,4.185],[-0.045,11.425],[-7.91,4.185],[-7.883,2.273]],"c":true}]},{"i":{"x":0.833,"y":0.833},"o":{"x":0.167,"y":0.167},"t":189,"s":[{"i":[[-4,0],[0,-4],[0,0],[4,0],[0,4],[0,0]],"o":[[4,0],[0,0],[0,4],[-4,0],[0,0],[0,-4]],"v":[[-0.008,0.159],[7.857,2.273],[7.83,4.185],[-0.045,11.425],[-7.91,4.185],[-7.883,2.273]],"c":true}]},{"t":211,"s":[{"i":[[-4,0],[0,-4],[0,0],[4,0],[0,4],[0,0]],"o":[[4,0],[0,0],[0,4],[-4,0],[0,0],[0,-4]],"v":[[0.033,-4.341],[7.897,-2.227],[7.83,4.185],[-0.045,11.425],[-7.91,4.185],[-7.843,-2.227]],"c":true}]}],"ix":2},"nm":"Path 1","mn":"ADBE Vector Shape - Group","hd":false},{"ty":"fl","c":{"a":0,"k":[0.956862986088,0.564706027508,0,1],"ix":4},"o":{"a":0,"k":100,"ix":5},"r":1,"bm":0,"nm":"Fill 1","mn":"ADBE Vector Graphic - Fill","hd":false},{"ty":"tr","p":{"a":0,"k":[0,0],"ix":2},"a":{"a":0,"k":[0,0],"ix":1},"s":{"a":0,"k":[300,300],"ix":3},"r":{"a":0,"k":0,"ix":6},"o":{"a":0,"k":100,"ix":7},"sk":{"a":0,"k":0,"ix":4},"sa":{"a":0,"k":0,"ix":5},"nm":"Transform"}],"nm":"beak BOTTOM","np":2,"cix":2,"bm":0,"ix":1,"mn":"ADBE Vector Group","hd":false}],"ip":0,"op":900,"st":0,"bm":0}]},{"id":"comp_4","layers":[{"ddd":0,"ind":1,"ty":4,"nm":"eye L 2","sr":1,"ks":{"o":{"a":0,"k":100,"ix":11},"r":{"a":0,"k":0,"ix":10},"p":{"a":0,"k":[603.339,322.046,0],"ix":2},"a":{"a":0,"k":[0,0,0],"ix":1},"s":{"a":0,"k":[110,110,100],"ix":6}},"ao":0,"shapes":[{"ty":"gr","it":[{"ind":0,"ty":"sh","ix":1,"ks":{"a":0,"k":{"i":[[-7.84,0],[0,-7.84],[0,0],[7.84,0],[0,7.84],[0,0]],"o":[[7.84,0],[0,0],[0,7.84],[-7.84,0],[0,0],[0,-7.84]],"v":[[0,-18.506],[14.19,-4.316],[14.19,4.314],[0,18.504],[-14.19,4.314],[-14.19,-4.316]],"c":true},"ix":2},"nm":"Path 1","mn":"ADBE Vector Shape - Group","hd":false},{"ty":"fl","c":{"a":0,"k":[0.556862745098,0.878431432387,0,1],"ix":4},"o":{"a":0,"k":100,"ix":5},"r":1,"bm":0,"nm":"Fill 1","mn":"ADBE Vector Graphic - Fill","hd":false},{"ty":"tr","p":{"a":0,"k":[0,0],"ix":2},"a":{"a":0,"k":[0,0],"ix":1},"s":{"a":0,"k":[300,300],"ix":3},"r":{"a":0,"k":0,"ix":6},"o":{"a":0,"k":100,"ix":7},"sk":{"a":0,"k":0,"ix":4},"sa":{"a":0,"k":0,"ix":5},"nm":"Transform"}],"nm":"eye L","np":2,"cix":2,"bm":0,"ix":1,"mn":"ADBE Vector Group","hd":false}],"ip":0,"op":3600,"st":0,"bm":0},{"ddd":0,"ind":2,"ty":4,"nm":"eye R 2","sr":1,"ks":{"o":{"a":0,"k":100,"ix":11},"r":{"a":0,"k":0,"ix":10},"p":{"a":0,"k":[453.737,322.046,0],"ix":2},"a":{"a":0,"k":[0,0,0],"ix":1},"s":{"a":0,"k":[110,110,100],"ix":6}},"ao":0,"shapes":[{"ty":"gr","it":[{"ind":0,"ty":"sh","ix":1,"ks":{"a":0,"k":{"i":[[-7.84,0],[0,-7.84],[0,0],[7.84,0],[0,7.84],[0,0]],"o":[[7.84,0],[0,0],[0,7.84],[-7.84,0],[0,0],[0,-7.84]],"v":[[0,-18.506],[14.19,-4.316],[14.19,4.314],[0,18.504],[-14.19,4.314],[-14.19,-4.316]],"c":true},"ix":2},"nm":"Path 1","mn":"ADBE Vector Shape - Group","hd":false},{"ty":"fl","c":{"a":0,"k":[0.556862745098,0.878431432387,0,1],"ix":4},"o":{"a":0,"k":100,"ix":5},"r":1,"bm":0,"nm":"Fill 1","mn":"ADBE Vector Graphic - Fill","hd":false},{"ty":"tr","p":{"a":0,"k":[0,0],"ix":2},"a":{"a":0,"k":[0,0],"ix":1},"s":{"a":0,"k":[300,300],"ix":3},"r":{"a":0,"k":0,"ix":6},"o":{"a":0,"k":100,"ix":7},"sk":{"a":0,"k":0,"ix":4},"sa":{"a":0,"k":0,"ix":5},"nm":"Transform"}],"nm":"eye R","np":2,"cix":2,"bm":0,"ix":1,"mn":"ADBE Vector Group","hd":false}],"ip":0,"op":3600,"st":0,"bm":0}]},{"id":"comp_5","layers":[{"ddd":0,"ind":1,"ty":4,"nm":"pupil SHINE L","sr":1,"ks":{"o":{"a":0,"k":100,"ix":11},"r":{"a":0,"k":0,"ix":10},"p":{"a":0,"k":[577.455,302.786,0],"ix":2},"a":{"a":0,"k":[0,0,0],"ix":1},"s":{"a":0,"k":[100,100,100],"ix":6}},"ao":0,"shapes":[{"ty":"gr","it":[{"ind":0,"ty":"sh","ix":1,"ks":{"a":0,"k":{"i":[[-0.34,-0.217],[0,-1.545],[2.4,0],[0.473,0.177],[-0.933,1.957]],"o":[[1.209,0.774],[0,2.407],[-0.535,0],[-0.25,-0.094],[0.947,-1.986]],"v":[[2.335,-3.676],[4.346,0],[0,4.358],[-1.521,4.083],[-0.68,-0.402]],"c":true},"ix":2},"nm":"Path 1","mn":"ADBE Vector Shape - Group","hd":false},{"ty":"fl","c":{"a":0,"k":[1,1,1,1],"ix":4},"o":{"a":0,"k":100,"ix":5},"r":1,"bm":0,"nm":"Fill 1","mn":"ADBE Vector Graphic - Fill","hd":false},{"ty":"tr","p":{"a":0,"k":[0,0],"ix":2},"a":{"a":0,"k":[0,0],"ix":1},"s":{"a":0,"k":[300,300],"ix":3},"r":{"a":0,"k":0,"ix":6},"o":{"a":0,"k":100,"ix":7},"sk":{"a":0,"k":0,"ix":4},"sa":{"a":0,"k":0,"ix":5},"nm":"Transform"}],"nm":"pupil SHINE L","np":2,"cix":2,"bm":0,"ix":1,"mn":"ADBE Vector Group","hd":false}],"ip":0,"op":3600,"st":0,"bm":0},{"ddd":0,"ind":2,"ty":4,"nm":"pupil L","sr":1,"ks":{"o":{"a":0,"k":100,"ix":11},"r":{"a":0,"k":0,"ix":10},"p":{"a":0,"k":[596.65,322.046,0],"ix":2},"a":{"a":0,"k":[0,0,0],"ix":1},"s":{"a":0,"k":[100,100,100],"ix":6}},"ao":0,"shapes":[{"ty":"gr","it":[{"ind":0,"ty":"sh","ix":1,"ks":{"a":0,"k":{"i":[[-3.69,0],[0,-3.69],[0,0],[3.69,0],[0,3.7],[0,0]],"o":[[3.69,0],[0,0],[0,3.7],[-3.69,0],[0,0],[0,-3.69]],"v":[[0,-10.371],[6.69,-3.681],[6.69,3.679],[0,10.369],[-6.69,3.679],[-6.69,-3.681]],"c":true},"ix":2},"nm":"Path 1","mn":"ADBE Vector Shape - Group","hd":false},{"ty":"fl","c":{"a":0,"k":[0.294117987156,0.294117987156,0.294117987156,1],"ix":4},"o":{"a":0,"k":100,"ix":5},"r":1,"bm":0,"nm":"Fill 1","mn":"ADBE Vector Graphic - Fill","hd":false},{"ty":"tr","p":{"a":0,"k":[0,0],"ix":2},"a":{"a":0,"k":[0,0],"ix":1},"s":{"a":0,"k":[300,300],"ix":3},"r":{"a":0,"k":0,"ix":6},"o":{"a":0,"k":100,"ix":7},"sk":{"a":0,"k":0,"ix":4},"sa":{"a":0,"k":0,"ix":5},"nm":"Transform"}],"nm":"pupil L","np":2,"cix":2,"bm":0,"ix":1,"mn":"ADBE Vector Group","hd":false}],"ip":0,"op":3600,"st":0,"bm":0}]},{"id":"comp_6","layers":[{"ddd":0,"ind":1,"ty":4,"nm":"mask L","sr":1,"ks":{"o":{"a":0,"k":100,"ix":11},"r":{"a":0,"k":0,"ix":10},"p":{"a":0,"k":[217.794,107.046,0],"ix":2},"a":{"a":0,"k":[0,0,0],"ix":1},"s":{"a":0,"k":[100,100,100],"ix":6}},"ao":0,"shapes":[{"ty":"gr","it":[{"ind":0,"ty":"sh","ix":1,"ks":{"a":0,"k":{"i":[[-0.05,0],[0,0],[0,-11.29],[0,0],[11.3,0],[0,0],[0.09,11.23],[0,0],[-11.29,0.09]],"o":[[0,0],[11.3,0],[0,0],[0,11.3],[0,0],[-11.23,0],[0,0],[-0.09,-11.29],[0.05,0]],"v":[[-0.227,-25.826],[0.223,-25.826],[20.673,-5.376],[20.673,5.374],[0.223,25.824],[-0.147,25.824],[-20.597,5.534],[-20.677,-5.216],[-0.387,-25.826]],"c":true},"ix":2},"nm":"Path 1","mn":"ADBE Vector Shape - Group","hd":false},{"ty":"fl","c":{"a":0,"k":[0.55686300993,0.878431022167,0,1],"ix":4},"o":{"a":0,"k":100,"ix":5},"r":1,"bm":0,"nm":"Fill 1","mn":"ADBE Vector Graphic - Fill","hd":false},{"ty":"tr","p":{"a":0,"k":[0,0],"ix":2},"a":{"a":0,"k":[0,0],"ix":1},"s":{"a":0,"k":[300,300],"ix":3},"r":{"a":0,"k":0,"ix":6},"o":{"a":0,"k":100,"ix":7},"sk":{"a":0,"k":0,"ix":4},"sa":{"a":0,"k":0,"ix":5},"nm":"Transform"}],"nm":"mask L","np":2,"cix":2,"bm":0,"ix":1,"mn":"ADBE Vector Group","hd":false}],"ip":0,"op":3600,"st":0,"bm":0},{"ddd":0,"ind":2,"ty":4,"nm":"brow L","sr":1,"ks":{"o":{"a":0,"k":100,"ix":11},"r":{"a":0,"k":0,"ix":10},"p":{"a":0,"k":[223.988,46.05,0],"ix":2},"a":{"a":0,"k":[0,0,0],"ix":1},"s":{"a":0,"k":[100,100,100],"ix":6}},"ao":0,"shapes":[{"ty":"gr","it":[{"ind":0,"ty":"sh","ix":1,"ks":{"a":0,"k":{"i":[[0,0],[-0.61,-1.06],[4.04,-4.5],[5.38,2.4],[-0.83,0.92]],"o":[[0.82,-0.91],[2.94,5.11],[-4.05,4.51],[-1.12,-0.5],[0,0]],"v":[[5.532,-10.242],[8.432,-9.942],[6.662,6.208],[-9.178,9.668],[-9.778,6.808]],"c":true},"ix":2},"nm":"Path 1","mn":"ADBE Vector Shape - Group","hd":false},{"ty":"fl","c":{"a":0,"k":[0.55686300993,0.878431022167,0,1],"ix":4},"o":{"a":0,"k":100,"ix":5},"r":1,"bm":0,"nm":"Fill 1","mn":"ADBE Vector Graphic - Fill","hd":false},{"ty":"tr","p":{"a":0,"k":[0,0],"ix":2},"a":{"a":0,"k":[0,0],"ix":1},"s":{"a":0,"k":[300,300],"ix":3},"r":{"a":0,"k":0,"ix":6},"o":{"a":0,"k":100,"ix":7},"sk":{"a":0,"k":0,"ix":4},"sa":{"a":0,"k":0,"ix":5},"nm":"Transform"}],"nm":"brow L","np":2,"cix":2,"bm":0,"ix":1,"mn":"ADBE Vector Group","hd":false}],"ip":0,"op":3600,"st":0,"bm":0},{"ddd":0,"ind":3,"ty":4,"nm":"brow L","sr":1,"ks":{"o":{"a":0,"k":100,"ix":11},"r":{"a":0,"k":0,"ix":10},"p":{"a":0,"k":[197.23,33.849,0],"ix":2},"a":{"a":0,"k":[0,0,0],"ix":1},"s":{"a":0,"k":[100,100,100],"ix":6}},"ao":0,"shapes":[{"ty":"gr","it":[{"ind":0,"ty":"sh","ix":1,"ks":{"a":0,"k":{"i":[[0,0],[-0.61,-1.06],[4.04,-4.5],[5.38,2.4],[-0.83,0.92]],"o":[[0.82,-0.91],[2.94,5.11],[-4.05,4.51],[-1.12,-0.5],[0,0]],"v":[[5.532,-10.242],[8.432,-9.942],[6.662,6.208],[-9.178,9.668],[-9.778,6.808]],"c":true},"ix":2},"nm":"Path 1","mn":"ADBE Vector Shape - Group","hd":false},{"ty":"fl","c":{"a":0,"k":[0.55686300993,0.878431022167,0,1],"ix":4},"o":{"a":0,"k":100,"ix":5},"r":1,"bm":0,"nm":"Fill 1","mn":"ADBE Vector Graphic - Fill","hd":false},{"ty":"tr","p":{"a":0,"k":[0,0],"ix":2},"a":{"a":0,"k":[0,0],"ix":1},"s":{"a":0,"k":[300,300],"ix":3},"r":{"a":0,"k":0,"ix":6},"o":{"a":0,"k":100,"ix":7},"sk":{"a":0,"k":0,"ix":4},"sa":{"a":0,"k":0,"ix":5},"nm":"Transform"}],"nm":"brow L","np":2,"cix":2,"bm":0,"ix":1,"mn":"ADBE Vector Group","hd":false}],"ip":0,"op":3600,"st":0,"bm":0},{"ddd":0,"ind":4,"ty":4,"nm":"mask R","sr":1,"ks":{"o":{"a":0,"k":100,"ix":11},"r":{"a":0,"k":0,"ix":10},"p":{"a":0,"k":[63.304,107.046,0],"ix":2},"a":{"a":0,"k":[0,0,0],"ix":1},"s":{"a":0,"k":[100,100,100],"ix":6}},"ao":0,"shapes":[{"ty":"gr","it":[{"ind":0,"ty":"sh","ix":1,"ks":{"a":0,"k":{"i":[[-11.29,0],[0,0],[0,-11.29],[0,0],[11.3,0],[0,0],[0,11.3],[0,0]],"o":[[0,0],[11.3,0],[0,0],[0,11.3],[0,0],[-11.29,0],[0,0],[0,-11.29]],"v":[[-0.227,-25.826],[0.223,-25.826],[20.673,-5.376],[20.673,5.374],[0.223,25.824],[-0.227,25.824],[-20.677,5.374],[-20.677,-5.376]],"c":true},"ix":2},"nm":"Path 1","mn":"ADBE Vector Shape - Group","hd":false},{"ty":"fl","c":{"a":0,"k":[0.55686300993,0.878431022167,0,1],"ix":4},"o":{"a":0,"k":100,"ix":5},"r":1,"bm":0,"nm":"Fill 1","mn":"ADBE Vector Graphic - Fill","hd":false},{"ty":"tr","p":{"a":0,"k":[0,0],"ix":2},"a":{"a":0,"k":[0,0],"ix":1},"s":{"a":0,"k":[300,300],"ix":3},"r":{"a":0,"k":0,"ix":6},"o":{"a":0,"k":100,"ix":7},"sk":{"a":0,"k":0,"ix":4},"sa":{"a":0,"k":0,"ix":5},"nm":"Transform"}],"nm":"mask R","np":2,"cix":2,"bm":0,"ix":1,"mn":"ADBE Vector Group","hd":false}],"ip":0,"op":3600,"st":0,"bm":0},{"ddd":0,"ind":5,"ty":4,"nm":"brow R","sr":1,"ks":{"o":{"a":0,"k":100,"ix":11},"r":{"a":0,"k":0,"ix":10},"p":{"a":0,"k":[57.565,46.05,0],"ix":2},"a":{"a":0,"k":[0,0,0],"ix":1},"s":{"a":0,"k":[100,100,100],"ix":6}},"ao":0,"shapes":[{"ty":"gr","it":[{"ind":0,"ty":"sh","ix":1,"ks":{"a":0,"k":{"i":[[-0.82,-0.91],[0,0],[1.12,-0.5],[4.05,4.51],[-2.94,5.11]],"o":[[0,0],[0.82,0.92],[-5.38,2.4],[-4.05,-4.5],[0.61,-1.06]],"v":[[-5.538,-10.242],[9.782,6.808],[9.182,9.668],[-6.658,6.208],[-8.438,-9.942]],"c":true},"ix":2},"nm":"Path 1","mn":"ADBE Vector Shape - Group","hd":false},{"ty":"fl","c":{"a":0,"k":[0.55686300993,0.878431022167,0,1],"ix":4},"o":{"a":0,"k":100,"ix":5},"r":1,"bm":0,"nm":"Fill 1","mn":"ADBE Vector Graphic - Fill","hd":false},{"ty":"tr","p":{"a":0,"k":[0,0],"ix":2},"a":{"a":0,"k":[0,0],"ix":1},"s":{"a":0,"k":[300,300],"ix":3},"r":{"a":0,"k":0,"ix":6},"o":{"a":0,"k":100,"ix":7},"sk":{"a":0,"k":0,"ix":4},"sa":{"a":0,"k":0,"ix":5},"nm":"Transform"}],"nm":"brow R","np":2,"cix":2,"bm":0,"ix":1,"mn":"ADBE Vector Group","hd":false}],"ip":0,"op":3600,"st":0,"bm":0},{"ddd":0,"ind":6,"ty":4,"nm":"mask M","sr":1,"ks":{"o":{"a":0,"k":100,"ix":11},"r":{"a":0,"k":0,"ix":10},"p":{"a":0,"k":[140.483,96.863,0],"ix":2},"a":{"a":0,"k":[0,0,0],"ix":1},"s":{"a":0,"k":[100,100,100],"ix":6}},"ao":0,"shapes":[{"ty":"gr","it":[{"ind":0,"ty":"sh","ix":1,"ks":{"a":0,"k":{"i":[[-5.67,-5.77],[-6.32,5.77],[0,0.1],[6.76,-0.02],[0,0]],"o":[[5.68,5.77],[6.32,-5.77],[0,-0.05],[-2.72,0.01],[0,0]],"v":[[-11.006,-16.381],[11.004,-16.381],[10.054,17.119],[-0.086,17.079],[-9.876,17.119]],"c":true},"ix":2},"nm":"Path 1","mn":"ADBE Vector Shape - Group","hd":false},{"ty":"fl","c":{"a":0,"k":[0.55686300993,0.878431022167,0,1],"ix":4},"o":{"a":0,"k":100,"ix":5},"r":1,"bm":0,"nm":"Fill 1","mn":"ADBE Vector Graphic - Fill","hd":false},{"ty":"tr","p":{"a":0,"k":[0,0],"ix":2},"a":{"a":0,"k":[0,0],"ix":1},"s":{"a":0,"k":[300,300],"ix":3},"r":{"a":0,"k":0,"ix":6},"o":{"a":0,"k":100,"ix":7},"sk":{"a":0,"k":0,"ix":4},"sa":{"a":0,"k":0,"ix":5},"nm":"Transform"}],"nm":"mask M","np":2,"cix":2,"bm":0,"ix":1,"mn":"ADBE Vector Group","hd":false}],"ip":0,"op":3600,"st":0,"bm":0},{"ddd":0,"ind":7,"ty":4,"nm":"brow R","sr":1,"ks":{"o":{"a":0,"k":100,"ix":11},"r":{"a":0,"k":0,"ix":10},"p":{"a":0,"k":[84.36,33.89,0],"ix":2},"a":{"a":0,"k":[0,0,0],"ix":1},"s":{"a":0,"k":[100,100,100],"ix":6}},"ao":0,"shapes":[{"ty":"gr","it":[{"ind":0,"ty":"sh","ix":1,"ks":{"a":0,"k":{"i":[[-0.82,-0.91],[0,0],[1.12,-0.5],[4.05,4.51],[-2.94,5.11]],"o":[[0,0],[0.82,0.92],[-5.38,2.4],[-4.05,-4.5],[0.61,-1.06]],"v":[[-5.868,-10.242],[9.782,6.808],[9.182,9.668],[-6.658,6.208],[-8.438,-9.942]],"c":true},"ix":2},"nm":"Path 1","mn":"ADBE Vector Shape - Group","hd":false},{"ty":"fl","c":{"a":0,"k":[0.55686300993,0.878431022167,0,1],"ix":4},"o":{"a":0,"k":100,"ix":5},"r":1,"bm":0,"nm":"Fill 1","mn":"ADBE Vector Graphic - Fill","hd":false},{"ty":"tr","p":{"a":0,"k":[0,0],"ix":2},"a":{"a":0,"k":[0,0],"ix":1},"s":{"a":0,"k":[300,300],"ix":3},"r":{"a":0,"k":0,"ix":6},"o":{"a":0,"k":100,"ix":7},"sk":{"a":0,"k":0,"ix":4},"sa":{"a":0,"k":0,"ix":5},"nm":"Transform"}],"nm":"brow R","np":2,"cix":2,"bm":0,"ix":1,"mn":"ADBE Vector Group","hd":false}],"ip":0,"op":3600,"st":0,"bm":0}]},{"id":"comp_7","layers":[{"ddd":0,"ind":1,"ty":4,"nm":"chest feather","sr":1,"ks":{"o":{"a":0,"k":100,"ix":11},"r":{"a":0,"k":0,"ix":10},"p":{"a":0,"k":[57.634,44.083,0],"ix":2},"a":{"a":0,"k":[0,0,0],"ix":1},"s":{"a":0,"k":[100,100,100],"ix":6}},"ao":0,"shapes":[{"ty":"gr","it":[{"ind":0,"ty":"sh","ix":1,"ks":{"a":0,"k":{"i":[[-0.7,0],[0,0],[0.22,-0.62],[3.44,0],[1.03,3.02]],"o":[[0,0],[0.69,0],[-1.03,3.03],[-3.44,0],[-0.21,-0.63]],"v":[[-6.502,-3.196],[6.508,-3.196],[7.478,-1.926],[-0.002,3.194],[-7.482,-1.916]],"c":true},"ix":2},"nm":"Path 1","mn":"ADBE Vector Shape - Group","hd":false},{"ty":"fl","c":{"a":0,"k":[0.55686300993,0.878431022167,0,1],"ix":4},"o":{"a":0,"k":100,"ix":5},"r":1,"bm":0,"nm":"Fill 1","mn":"ADBE Vector Graphic - Fill","hd":false},{"ty":"tr","p":{"a":0,"k":[0,0],"ix":2},"a":{"a":0,"k":[0,0],"ix":1},"s":{"a":0,"k":[300,300],"ix":3},"r":{"a":0,"k":0,"ix":6},"o":{"a":0,"k":100,"ix":7},"sk":{"a":0,"k":0,"ix":4},"sa":{"a":0,"k":0,"ix":5},"nm":"Transform"}],"nm":"chest feather","np":2,"cix":2,"bm":0,"ix":1,"mn":"ADBE Vector Group","hd":false}],"ip":0,"op":3600,"st":0,"bm":0},{"ddd":0,"ind":2,"ty":4,"nm":"chest feather","sr":1,"ks":{"o":{"a":0,"k":100,"ix":11},"r":{"a":0,"k":0,"ix":10},"p":{"a":0,"k":[91.69,11.139,0],"ix":2},"a":{"a":0,"k":[0,0,0],"ix":1},"s":{"a":0,"k":[100,100,100],"ix":6}},"ao":0,"shapes":[{"ty":"gr","it":[{"ind":0,"ty":"sh","ix":1,"ks":{"a":0,"k":{"i":[[-0.7,0],[0,0],[0.22,-0.62],[3.44,0],[1.03,3.02]],"o":[[0,0],[0.69,0],[-1.03,3.03],[-3.44,0],[-0.21,-0.63]],"v":[[-6.502,-3.196],[6.508,-3.196],[7.478,-1.926],[-0.002,3.194],[-7.482,-1.916]],"c":true},"ix":2},"nm":"Path 1","mn":"ADBE Vector Shape - Group","hd":false},{"ty":"fl","c":{"a":0,"k":[0.55686300993,0.878431022167,0,1],"ix":4},"o":{"a":0,"k":100,"ix":5},"r":1,"bm":0,"nm":"Fill 1","mn":"ADBE Vector Graphic - Fill","hd":false},{"ty":"tr","p":{"a":0,"k":[0,0],"ix":2},"a":{"a":0,"k":[0,0],"ix":1},"s":{"a":0,"k":[300,300],"ix":3},"r":{"a":0,"k":0,"ix":6},"o":{"a":0,"k":100,"ix":7},"sk":{"a":0,"k":0,"ix":4},"sa":{"a":0,"k":0,"ix":5},"nm":"Transform"}],"nm":"chest feather","np":2,"cix":2,"bm":0,"ix":1,"mn":"ADBE Vector Group","hd":false}],"ip":0,"op":3600,"st":0,"bm":0},{"ddd":0,"ind":3,"ty":4,"nm":"chest feather","sr":1,"ks":{"o":{"a":0,"k":100,"ix":11},"r":{"a":0,"k":0,"ix":10},"p":{"a":0,"k":[23.578,11.139,0],"ix":2},"a":{"a":0,"k":[0,0,0],"ix":1},"s":{"a":0,"k":[100,100,100],"ix":6}},"ao":0,"shapes":[{"ty":"gr","it":[{"ind":0,"ty":"sh","ix":1,"ks":{"a":0,"k":{"i":[[-0.7,0],[0,0],[0.22,-0.62],[3.44,0],[1.03,3.02]],"o":[[0,0],[0.69,0],[-1.03,3.03],[-3.44,0],[-0.21,-0.63]],"v":[[-6.502,-3.196],[6.508,-3.196],[7.478,-1.926],[-0.002,3.194],[-7.482,-1.916]],"c":true},"ix":2},"nm":"Path 1","mn":"ADBE Vector Shape - Group","hd":false},{"ty":"fl","c":{"a":0,"k":[0.55686300993,0.878431022167,0,1],"ix":4},"o":{"a":0,"k":100,"ix":5},"r":1,"bm":0,"nm":"Fill 1","mn":"ADBE Vector Graphic - Fill","hd":false},{"ty":"tr","p":{"a":0,"k":[0,0],"ix":2},"a":{"a":0,"k":[0,0],"ix":1},"s":{"a":0,"k":[300,300],"ix":3},"r":{"a":0,"k":0,"ix":6},"o":{"a":0,"k":100,"ix":7},"sk":{"a":0,"k":0,"ix":4},"sa":{"a":0,"k":0,"ix":5},"nm":"Transform"}],"nm":"chest feather","np":2,"cix":2,"bm":0,"ix":1,"mn":"ADBE Vector Group","hd":false}],"ip":0,"op":3600,"st":0,"bm":0}]}],"layers":[{"ddd":0,"ind":1,"ty":0,"nm":"Duo SQUATS","refId":"comp_0","sr":1,"ks":{"o":{"a":0,"k":100,"ix":11},"r":{"a":0,"k":0,"ix":10},"p":{"a":0,"k":[106.5,60.5,0],"ix":2},"a":{"a":0,"k":[526.5,394.5,0],"ix":1},"s":{"a":0,"k":[25,25,100],"ix":6}},"ao":0,"w":1053,"h":789,"ip":0,"op":113,"st":-117,"bm":0}],"markers":[{"tm":-0.115234375,"cm":"1","dr":0},{"tm":116,"cm":"2","dr":0}]}
