{"v":"5.6.6","fr":60,"ip":0,"op":217,"w":556,"h":316,"nm":"EXPORT - JSON","ddd":0,"assets":[{"id":"comp_0","layers":[{"ddd":0,"ind":1,"ty":0,"nm":"DUO Blinks","parent":20,"refId":"comp_1","sr":1,"ks":{"o":{"a":1,"k":[{"t":22,"s":[100],"h":1},{"t":94,"s":[0],"h":1}],"ix":11},"r":{"a":0,"k":-9,"ix":10},"p":{"a":0,"k":[46.382,-10.714,0],"ix":2},"a":{"a":0,"k":[450,300,0],"ix":1},"s":{"a":0,"k":[61,61,100],"ix":6}},"ao":0,"w":900,"h":600,"ip":-74,"op":226,"st":-74,"bm":0},{"ddd":0,"ind":2,"ty":0,"nm":"DUO Blinks","parent":20,"refId":"comp_1","sr":1,"ks":{"o":{"a":0,"k":100,"ix":11},"r":{"a":0,"k":-9,"ix":10},"p":{"a":0,"k":[46.382,-10.714,0],"ix":2},"a":{"a":0,"k":[450,300,0],"ix":1},"s":{"a":0,"k":[61,61,100],"ix":6}},"ao":0,"w":900,"h":600,"ip":49,"op":349,"st":49,"bm":0},{"ddd":0,"ind":4,"ty":3,"nm":"▽ Duo_Pointer","sr":1,"ks":{"o":{"a":0,"k":100,"ix":11},"r":{"a":0,"k":0,"ix":10},"p":{"a":0,"k":[320,169.5,0],"ix":2},"a":{"a":0,"k":[196.5,145.5,0],"ix":1},"s":{"a":0,"k":[100,100,100],"ix":6}},"ao":0,"ip":0,"op":300,"st":0,"bm":0},{"ddd":0,"ind":5,"ty":4,"nm":"shadow","parent":4,"sr":1,"ks":{"o":{"a":0,"k":30,"ix":11},"r":{"a":0,"k":0,"ix":10},"p":{"a":0,"k":[145.967,282.648,0],"ix":2},"a":{"a":0,"k":[0,0,0],"ix":1},"s":{"a":0,"k":[100,100,100],"ix":6}},"ao":0,"shapes":[{"ty":"gr","it":[{"ind":0,"ty":"sh","ix":1,"ks":{"a":0,"k":{"i":[[4.12,0],[0,0],[0,-4.13],[0,0],[-4.12,0],[0,0],[0,4.13],[0,0]],"o":[[0,0],[-4.12,0],[0,0],[0,4.13],[0,0],[4.12,0],[0,0],[0,-4.13]],"v":[[83.215,-7.479],[-83.215,-7.479],[-90.685,0.001],[-90.685,0.001],[-83.215,7.481],[83.215,7.481],[90.685,0.001],[90.685,0.001]],"c":true},"ix":2},"nm":"Path 1","mn":"ADBE Vector Shape - Group","hd":false},{"ty":"fl","c":{"a":0,"k":[0.686275005341,0.686275005341,0.686275005341,1],"ix":4},"o":{"a":0,"k":100,"ix":5},"r":1,"bm":0,"nm":"Fill 1","mn":"ADBE Vector Graphic - Fill","hd":false},{"ty":"tr","p":{"a":0,"k":[0,0],"ix":2},"a":{"a":0,"k":[0,0],"ix":1},"s":{"a":0,"k":[100,100],"ix":3},"r":{"a":0,"k":0,"ix":6},"o":{"a":0,"k":100,"ix":7},"sk":{"a":0,"k":0,"ix":4},"sa":{"a":0,"k":0,"ix":5},"nm":"Transform"}],"nm":"shadow","np":2,"cix":2,"bm":0,"ix":1,"mn":"ADBE Vector Group","hd":false}],"ip":0,"op":300,"st":0,"bm":0},{"ddd":0,"ind":6,"ty":4,"nm":"M chest","parent":33,"sr":1,"ks":{"o":{"a":0,"k":100,"ix":11},"r":{"a":0,"k":8,"ix":10},"p":{"a":0,"k":[-5.835,-40.8,0],"ix":2},"a":{"a":0,"k":[0,0,0],"ix":1},"s":{"a":0,"k":[100,100,100],"ix":6}},"ao":0,"shapes":[{"ty":"gr","it":[{"ind":0,"ty":"sh","ix":1,"ks":{"a":0,"k":{"i":[[1.27,-0.19],[0,0],[-0.57,-1.1],[-6.23,0.99],[-0.99,5.89]],"o":[[0,0],[-1.27,0.2],[2.76,5.3],[6.22,-0.98],[0.2,-1.22]],"v":[[11.489,-6.923],[-12.061,-3.193],[-13.461,-0.553],[1.589,6.757],[13.639,-4.843]],"c":true},"ix":2},"nm":"Path 1","mn":"ADBE Vector Shape - Group","hd":false},{"ty":"fl","c":{"a":0,"k":[0.537254989147,0.88627499342,0.098039001226,1],"ix":4},"o":{"a":0,"k":100,"ix":5},"r":1,"bm":0,"nm":"Fill 1","mn":"ADBE Vector Graphic - Fill","hd":false},{"ty":"tr","p":{"a":0,"k":[0,0],"ix":2},"a":{"a":0,"k":[0,0],"ix":1},"s":{"a":0,"k":[100,100],"ix":3},"r":{"a":0,"k":0,"ix":6},"o":{"a":0,"k":100,"ix":7},"sk":{"a":0,"k":0,"ix":4},"sa":{"a":0,"k":0,"ix":5},"nm":"Transform"}],"nm":"M chest","np":2,"cix":2,"bm":0,"ix":1,"mn":"ADBE Vector Group","hd":false}],"ip":0,"op":300,"st":0,"bm":0},{"ddd":0,"ind":7,"ty":4,"nm":"R chest","parent":33,"sr":1,"ks":{"o":{"a":0,"k":100,"ix":11},"r":{"a":0,"k":8,"ix":10},"p":{"a":0,"k":[-27.071,-60.605,0],"ix":2},"a":{"a":0,"k":[0,0,0],"ix":1},"s":{"a":0,"k":[100,100,100],"ix":6}},"ao":0,"shapes":[{"ty":"gr","it":[{"ind":0,"ty":"sh","ix":1,"ks":{"a":0,"k":{"i":[[1.26,-0.2],[0,0],[-0.57,-1.1],[-6.22,0.99],[-0.99,5.89]],"o":[[0,0],[-1.27,0.2],[2.76,5.3],[6.22,-0.98],[0.2,-1.22]],"v":[[11.499,-6.923],[-12.061,-3.193],[-13.461,-0.553],[1.589,6.757],[13.639,-4.843]],"c":true},"ix":2},"nm":"Path 1","mn":"ADBE Vector Shape - Group","hd":false},{"ty":"fl","c":{"a":0,"k":[0.537254989147,0.88627499342,0.098039001226,1],"ix":4},"o":{"a":0,"k":100,"ix":5},"r":1,"bm":0,"nm":"Fill 1","mn":"ADBE Vector Graphic - Fill","hd":false},{"ty":"tr","p":{"a":0,"k":[0,0],"ix":2},"a":{"a":0,"k":[0,0],"ix":1},"s":{"a":0,"k":[100,100],"ix":3},"r":{"a":0,"k":0,"ix":6},"o":{"a":0,"k":100,"ix":7},"sk":{"a":0,"k":0,"ix":4},"sa":{"a":0,"k":0,"ix":5},"nm":"Transform"}],"nm":"R chest","np":2,"cix":2,"bm":0,"ix":1,"mn":"ADBE Vector Group","hd":false}],"ip":0,"op":300,"st":0,"bm":0},{"ddd":0,"ind":8,"ty":4,"nm":"L chest","parent":33,"sr":1,"ks":{"o":{"a":0,"k":100,"ix":11},"r":{"a":0,"k":8,"ix":10},"p":{"a":0,"k":[14.653,-61.779,0],"ix":2},"a":{"a":0,"k":[0,0,0],"ix":1},"s":{"a":0,"k":[100,100,100],"ix":6}},"ao":0,"shapes":[{"ty":"gr","it":[{"ind":0,"ty":"sh","ix":1,"ks":{"a":0,"k":{"i":[[1.26,-0.2],[0,0],[-0.57,-1.1],[-6.22,0.99],[-0.99,5.89]],"o":[[0,0],[-1.27,0.2],[2.76,5.3],[6.22,-0.98],[0.2,-1.22]],"v":[[11.499,-6.923],[-12.061,-3.193],[-13.461,-0.553],[1.589,6.757],[13.639,-4.843]],"c":true},"ix":2},"nm":"Path 1","mn":"ADBE Vector Shape - Group","hd":false},{"ty":"fl","c":{"a":0,"k":[0.537254989147,0.88627499342,0.098039001226,1],"ix":4},"o":{"a":0,"k":100,"ix":5},"r":1,"bm":0,"nm":"Fill 1","mn":"ADBE Vector Graphic - Fill","hd":false},{"ty":"tr","p":{"a":0,"k":[0,0],"ix":2},"a":{"a":0,"k":[0,0],"ix":1},"s":{"a":0,"k":[100,100],"ix":3},"r":{"a":0,"k":0,"ix":6},"o":{"a":0,"k":100,"ix":7},"sk":{"a":0,"k":0,"ix":4},"sa":{"a":0,"k":0,"ix":5},"nm":"Transform"}],"nm":"L chest","np":2,"cix":2,"bm":0,"ix":1,"mn":"ADBE Vector Group","hd":false}],"ip":0,"op":300,"st":0,"bm":0},{"ddd":0,"ind":9,"ty":4,"nm":"beak highlight","parent":10,"sr":1,"ks":{"o":{"a":0,"k":100,"ix":11},"r":{"a":0,"k":0,"ix":10},"p":{"a":0,"k":[-0.964,-3.205,0],"ix":2},"a":{"a":0,"k":[0,0,0],"ix":1},"s":{"a":0,"k":[100,100,100],"ix":6}},"ao":0,"shapes":[{"ty":"gr","it":[{"ind":0,"ty":"sh","ix":1,"ks":{"a":0,"k":{"i":[[-1.29,0.71],[-3.48,-0.67],[0.28,-1.45],[1.45,0.29],[2,-1.1],[0.71,1.29]],"o":[[3.09,-1.72],[1.44,0.28],[-0.28,1.45],[-2.24,-0.43],[-1.29,0.72],[-0.72,-1.29]],"v":[[-5.344,-1.57],[4.565,-3.15],[6.675,-0.02],[3.546,2.09],[-2.764,3.09],[-6.385,2.05]],"c":true},"ix":2},"nm":"Path 1","mn":"ADBE Vector Shape - Group","hd":false},{"ty":"fl","c":{"a":0,"k":[1,0.870588004589,0,1],"ix":4},"o":{"a":0,"k":100,"ix":5},"r":1,"bm":0,"nm":"Fill 1","mn":"ADBE Vector Graphic - Fill","hd":false},{"ty":"tr","p":{"a":0,"k":[0,0],"ix":2},"a":{"a":0,"k":[0,0],"ix":1},"s":{"a":0,"k":[100,100],"ix":3},"r":{"a":0,"k":0,"ix":6},"o":{"a":0,"k":100,"ix":7},"sk":{"a":0,"k":0,"ix":4},"sa":{"a":0,"k":0,"ix":5},"nm":"Transform"}],"nm":"Path","np":2,"cix":2,"bm":0,"ix":1,"mn":"ADBE Vector Group","hd":false}],"ip":0,"op":300,"st":0,"bm":0},{"ddd":0,"ind":10,"ty":4,"nm":"top beak","parent":20,"sr":1,"ks":{"o":{"a":0,"k":100,"ix":11},"r":{"a":0,"k":0,"ix":10},"p":{"a":0,"k":[0.283,-0.477,0],"ix":2},"a":{"a":0,"k":[0,0,0],"ix":1},"s":{"a":0,"k":[100,100,100],"ix":6}},"ao":0,"shapes":[{"ty":"gr","it":[{"ind":0,"ty":"sh","ix":1,"ks":{"a":0,"k":{"i":[[0,0],[9.67,-1.53],[0.21,-8.68],[0,0],[0,0],[0,0]],"o":[[-2.88,-8.2],[-8.61,1.37],[0,0],[0,0],[0,0],[0,0]],"v":[[18.344,2.558],[-2.986,-9.432],[-18.516,8.398],[-18.346,9.468],[0.584,9.688],[18.514,3.628]],"c":true},"ix":2},"nm":"Path 1","mn":"ADBE Vector Shape - Group","hd":false},{"ty":"fl","c":{"a":0,"k":[1,0.760783970356,0,1],"ix":4},"o":{"a":0,"k":100,"ix":5},"r":1,"bm":0,"nm":"Fill 1","mn":"ADBE Vector Graphic - Fill","hd":false},{"ty":"tr","p":{"a":0,"k":[0,0],"ix":2},"a":{"a":0,"k":[0,0],"ix":1},"s":{"a":0,"k":[100,100],"ix":3},"r":{"a":0,"k":0,"ix":6},"o":{"a":0,"k":100,"ix":7},"sk":{"a":0,"k":0,"ix":4},"sa":{"a":0,"k":0,"ix":5},"nm":"Transform"}],"nm":"top beak","np":2,"cix":2,"bm":0,"ix":1,"mn":"ADBE Vector Group","hd":false}],"ip":0,"op":300,"st":0,"bm":0},{"ddd":0,"ind":11,"ty":4,"nm":"bottom beak","parent":20,"sr":1,"ks":{"o":{"a":0,"k":100,"ix":11},"r":{"a":0,"k":0,"ix":10},"p":{"a":0,"k":[0.781,5.134,0],"ix":2},"a":{"a":0,"k":[0,0,0],"ix":1},"s":{"a":0,"k":[100,100,100],"ix":6}},"ao":0,"shapes":[{"ty":"gr","it":[{"ind":0,"ty":"sh","ix":1,"ks":{"a":0,"k":{"i":[[0,0],[-1.16,-7.33],[0,0],[-7.32,1.16],[0,0],[1.16,7.33],[0,0],[7.33,-1.16]],"o":[[-7.33,1.16],[0,0],[1.16,7.33],[0,0],[7.33,-1.16],[0,0],[-1.16,-7.32],[0,0]],"v":[[-2.393,-15.139],[-13.563,0.231],[-12.973,3.971],[2.387,15.141],[2.397,15.141],[13.567,-0.229],[12.977,-3.979],[-2.393,-15.139]],"c":true},"ix":2},"nm":"Path 1","mn":"ADBE Vector Shape - Group","hd":false},{"ty":"fl","c":{"a":0,"k":[0.956862986088,0.564706027508,0,1],"ix":4},"o":{"a":0,"k":100,"ix":5},"r":1,"bm":0,"nm":"Fill 1","mn":"ADBE Vector Graphic - Fill","hd":false},{"ty":"tr","p":{"a":0,"k":[0,0],"ix":2},"a":{"a":0,"k":[0,0],"ix":1},"s":{"a":0,"k":[100,100],"ix":3},"r":{"a":0,"k":0,"ix":6},"o":{"a":0,"k":100,"ix":7},"sk":{"a":0,"k":0,"ix":4},"sa":{"a":0,"k":0,"ix":5},"nm":"Transform"}],"nm":"bottom beak","np":2,"cix":2,"bm":0,"ix":1,"mn":"ADBE Vector Group","hd":false}],"ip":0,"op":300,"st":0,"bm":0},{"ddd":0,"ind":12,"ty":4,"nm":"L cheek","parent":20,"sr":1,"ks":{"o":{"a":0,"k":100,"ix":11},"r":{"a":0,"k":0,"ix":10},"p":{"s":true,"x":{"a":0,"k":46.369,"ix":3},"y":{"a":1,"k":[{"i":{"x":[0.511],"y":[1]},"o":{"x":[0.554],"y":[0]},"t":29,"s":[-2.096]},{"i":{"x":[0.511],"y":[1]},"o":{"x":[0.167],"y":[0]},"t":51,"s":[-6.096]},{"i":{"x":[0.833],"y":[1]},"o":{"x":[0.167],"y":[0]},"t":138,"s":[-6.096]},{"t":146,"s":[-2.096]}],"ix":4}},"a":{"a":0,"k":[0,0,0],"ix":1},"s":{"a":1,"k":[{"i":{"x":[0.715,0.715,0.833],"y":[1,1,1]},"o":{"x":[0.684,0.684,0.333],"y":[0,0,0]},"t":29,"s":[100,100,100]},{"i":{"x":[0.715,0.715,0.833],"y":[1,1,1]},"o":{"x":[0.167,0.167,0.167],"y":[0,0,0]},"t":51,"s":[100,125,100]},{"i":{"x":[0.833,0.833,0.833],"y":[1,1,1]},"o":{"x":[0.167,0.167,0.167],"y":[0,0,0]},"t":138,"s":[100,125,100]},{"t":146,"s":[100,100,100]}],"ix":6}},"ao":0,"shapes":[{"ty":"gr","it":[{"ind":0,"ty":"sh","ix":1,"ks":{"a":0,"k":{"i":[[-15.57,-1.51],[1.25,-0.05],[19.33,-10.82],[0,0]],"o":[[2.57,-18.89],[-22.05,0.82],[0,0],[13.21,-9.14]],"v":[[27.45,8.464],[29.44,-19.796],[-30.05,-2.756],[-15.37,19.794]],"c":true},"ix":2},"nm":"Path 1","mn":"ADBE Vector Shape - Group","hd":false},{"ty":"fl","c":{"a":0,"k":[0.537254989147,0.88627499342,0.098039001226,1],"ix":4},"o":{"a":0,"k":100,"ix":5},"r":1,"bm":0,"nm":"Fill 1","mn":"ADBE Vector Graphic - Fill","hd":false},{"ty":"tr","p":{"a":0,"k":[0,0],"ix":2},"a":{"a":0,"k":[0,0],"ix":1},"s":{"a":0,"k":[100,100],"ix":3},"r":{"a":0,"k":0,"ix":6},"o":{"a":0,"k":100,"ix":7},"sk":{"a":0,"k":0,"ix":4},"sa":{"a":0,"k":0,"ix":5},"nm":"Transform"}],"nm":"L cheek","np":2,"cix":2,"bm":0,"ix":1,"mn":"ADBE Vector Group","hd":false}],"ip":0,"op":300,"st":0,"bm":0},{"ddd":0,"ind":13,"ty":4,"nm":"R cheek","parent":20,"sr":1,"ks":{"o":{"a":0,"k":100,"ix":11},"r":{"a":0,"k":0,"ix":10},"p":{"s":true,"x":{"a":0,"k":-50.429,"ix":3},"y":{"a":1,"k":[{"i":{"x":[0.509],"y":[1]},"o":{"x":[0.557],"y":[0]},"t":29,"s":[12.468]},{"i":{"x":[0.509],"y":[1]},"o":{"x":[0.167],"y":[0]},"t":51,"s":[8.468]},{"i":{"x":[0.833],"y":[1]},"o":{"x":[0.167],"y":[0]},"t":138,"s":[8.468]},{"t":146,"s":[12.468]}],"ix":4}},"a":{"a":0,"k":[0,0,0],"ix":1},"s":{"a":1,"k":[{"i":{"x":[0.667,0.667,0.667],"y":[1,1,1]},"o":{"x":[0.167,0.167,0.167],"y":[0,0,0]},"t":0,"s":[100,100,100]},{"i":{"x":[0.833,0.597,0.833],"y":[1,1,1]},"o":{"x":[0.521,0.534,0.333],"y":[0,0,0]},"t":29,"s":[100,100,100]},{"i":{"x":[0.833,0.597,0.833],"y":[1,1,1]},"o":{"x":[0.167,0.167,0.167],"y":[0,0,0]},"t":51,"s":[100,125,100]},{"i":{"x":[0.667,0.667,0.667],"y":[1,1,1]},"o":{"x":[0.167,0.167,0.167],"y":[0,0,0]},"t":138,"s":[100,125,100]},{"t":146,"s":[100,100,100]}],"ix":6}},"ao":0,"shapes":[{"ty":"gr","it":[{"ind":0,"ty":"sh","ix":1,"ks":{"a":0,"k":{"i":[[15,-4.46],[0,0],[-22.81,-7.52],[0,0]],"o":[[0,0],[24.23,-4.67],[0,0],[-14.7,-6.45]],"v":[[-20.68,13.042],[-33.62,-13.338],[33.62,-8.958],[23.51,15.992]],"c":true},"ix":2},"nm":"Path 1","mn":"ADBE Vector Shape - Group","hd":false},{"ty":"fl","c":{"a":0,"k":[0.537254989147,0.88627499342,0.098039001226,1],"ix":4},"o":{"a":0,"k":100,"ix":5},"r":1,"bm":0,"nm":"Fill 1","mn":"ADBE Vector Graphic - Fill","hd":false},{"ty":"tr","p":{"a":0,"k":[0,0],"ix":2},"a":{"a":0,"k":[0,0],"ix":1},"s":{"a":0,"k":[100,100],"ix":3},"r":{"a":0,"k":0,"ix":6},"o":{"a":0,"k":100,"ix":7},"sk":{"a":0,"k":0,"ix":4},"sa":{"a":0,"k":0,"ix":5},"nm":"Transform"}],"nm":"R cheek","np":2,"cix":2,"bm":0,"ix":1,"mn":"ADBE Vector Group","hd":false}],"ip":0,"op":300,"st":0,"bm":0},{"ddd":0,"ind":14,"ty":4,"nm":"L glare","parent":17,"sr":1,"ks":{"o":{"a":0,"k":100,"ix":11},"r":{"a":0,"k":0,"ix":10},"p":{"a":0,"k":[-9.954,-10.868,0],"ix":2},"a":{"a":0,"k":[0,0,0],"ix":1},"s":{"a":0,"k":[100,100,100],"ix":6}},"ao":0,"shapes":[{"ty":"gr","it":[{"ind":0,"ty":"sh","ix":1,"ks":{"a":0,"k":{"i":[[4.77,-0.75],[0.76,4.78],[-4.76,0.75],[-0.76,-4.78]],"o":[[-4.77,0.76],[-0.76,-4.77],[4.77,-0.76],[0.75,4.78]],"v":[[1.367,8.643],[-8.633,1.363],[-1.373,-8.647],[8.637,-1.367]],"c":true},"ix":2},"nm":"Path 1","mn":"ADBE Vector Shape - Group","hd":false},{"ty":"fl","c":{"a":0,"k":[1,1,1,1],"ix":4},"o":{"a":0,"k":100,"ix":5},"r":1,"bm":0,"nm":"Fill 1","mn":"ADBE Vector Graphic - Fill","hd":false},{"ty":"tr","p":{"a":0,"k":[0,0],"ix":2},"a":{"a":0,"k":[0,0],"ix":1},"s":{"a":0,"k":[100,100],"ix":3},"r":{"a":0,"k":0,"ix":6},"o":{"a":0,"k":100,"ix":7},"sk":{"a":0,"k":0,"ix":4},"sa":{"a":0,"k":0,"ix":5},"nm":"Transform"}],"nm":"L glare","np":2,"cix":2,"bm":0,"ix":1,"mn":"ADBE Vector Group","hd":false}],"ip":0,"op":300,"st":0,"bm":0},{"ddd":0,"ind":15,"ty":4,"nm":"R glare","parent":16,"sr":1,"ks":{"o":{"a":0,"k":100,"ix":11},"r":{"a":0,"k":0,"ix":10},"p":{"a":0,"k":[-8.526,-10.431,0],"ix":2},"a":{"a":0,"k":[0,0,0],"ix":1},"s":{"a":0,"k":[100,100,100],"ix":6}},"ao":0,"shapes":[{"ty":"gr","it":[{"ind":0,"ty":"sh","ix":1,"ks":{"a":0,"k":{"i":[[4.77,-0.75],[0.76,4.78],[-4.77,0.75],[-0.76,-4.78]],"o":[[-4.77,0.76],[-0.76,-4.77],[4.77,-0.76],[0.75,4.77]],"v":[[1.367,8.644],[-8.633,1.364],[-1.373,-8.646],[8.637,-1.366]],"c":true},"ix":2},"nm":"Path 1","mn":"ADBE Vector Shape - Group","hd":false},{"ty":"fl","c":{"a":0,"k":[1,1,1,1],"ix":4},"o":{"a":0,"k":100,"ix":5},"r":1,"bm":0,"nm":"Fill 1","mn":"ADBE Vector Graphic - Fill","hd":false},{"ty":"tr","p":{"a":0,"k":[0,0],"ix":2},"a":{"a":0,"k":[0,0],"ix":1},"s":{"a":0,"k":[100,100],"ix":3},"r":{"a":0,"k":0,"ix":6},"o":{"a":0,"k":100,"ix":7},"sk":{"a":0,"k":0,"ix":4},"sa":{"a":0,"k":0,"ix":5},"nm":"Transform"}],"nm":"R glare","np":2,"cix":2,"bm":0,"ix":1,"mn":"ADBE Vector Group","hd":false}],"ip":0,"op":300,"st":0,"bm":0},{"ddd":0,"ind":16,"ty":4,"nm":"R pupil","parent":18,"sr":1,"ks":{"o":{"a":0,"k":100,"ix":11},"r":{"a":0,"k":0,"ix":10},"p":{"a":0,"k":[3.868,-1.164,0],"ix":2},"a":{"a":0,"k":[0,0,0],"ix":1},"s":{"a":0,"k":[100,100,100],"ix":6}},"ao":0,"shapes":[{"ty":"gr","it":[{"ind":0,"ty":"sh","ix":1,"ks":{"a":0,"k":{"i":[[0,0],[-1.06,-6.72],[0,0],[-6.72,1.07],[0,0],[1.06,6.72],[0,0],[6.71,-1.06]],"o":[[-6.72,1.07],[0,0],[1.07,6.71],[0,0],[6.72,-1.06],[0,0],[-1.06,-6.72],[0,0]],"v":[[-2.983,-18.839],[-13.223,-4.739],[-11.113,8.601],[2.977,18.831],[2.977,18.831],[13.217,4.741],[11.107,-8.599],[-2.973,-18.839]],"c":true},"ix":2},"nm":"Path 1","mn":"ADBE Vector Shape - Group","hd":false},{"ty":"fl","c":{"a":0,"k":[0.294117987156,0.294117987156,0.294117987156,1],"ix":4},"o":{"a":0,"k":100,"ix":5},"r":1,"bm":0,"nm":"Fill 1","mn":"ADBE Vector Graphic - Fill","hd":false},{"ty":"tr","p":{"a":0,"k":[0,0],"ix":2},"a":{"a":0,"k":[0,0],"ix":1},"s":{"a":0,"k":[100,100],"ix":3},"r":{"a":0,"k":0,"ix":6},"o":{"a":0,"k":100,"ix":7},"sk":{"a":0,"k":0,"ix":4},"sa":{"a":0,"k":0,"ix":5},"nm":"Transform"}],"nm":"R pupil","np":2,"cix":2,"bm":0,"ix":1,"mn":"ADBE Vector Group","hd":false}],"ip":0,"op":300,"st":0,"bm":0},{"ddd":0,"ind":17,"ty":4,"nm":"L pupil","parent":19,"sr":1,"ks":{"o":{"a":0,"k":100,"ix":11},"r":{"a":0,"k":0,"ix":10},"p":{"a":0,"k":[-4.581,0.946,0],"ix":2},"a":{"a":0,"k":[0,0,0],"ix":1},"s":{"a":0,"k":[100,100,100],"ix":6}},"ao":0,"shapes":[{"ty":"gr","it":[{"ind":0,"ty":"sh","ix":1,"ks":{"a":0,"k":{"i":[[0,0],[-1.06,-6.72],[0,0],[-6.72,1.07],[0,0],[1.06,6.72],[0,0],[6.71,-1.06]],"o":[[-6.72,1.07],[0,0],[1.07,6.71],[0,0],[6.72,-1.06],[0,0],[-1.06,-6.72],[0,0]],"v":[[-2.983,-18.838],[-13.223,-4.738],[-11.113,8.602],[2.977,18.832],[2.977,18.832],[13.217,4.742],[11.107,-8.598],[-2.973,-18.838]],"c":true},"ix":2},"nm":"Path 1","mn":"ADBE Vector Shape - Group","hd":false},{"ty":"fl","c":{"a":0,"k":[0.294117987156,0.294117987156,0.294117987156,1],"ix":4},"o":{"a":0,"k":100,"ix":5},"r":1,"bm":0,"nm":"Fill 1","mn":"ADBE Vector Graphic - Fill","hd":false},{"ty":"tr","p":{"a":0,"k":[0,0],"ix":2},"a":{"a":0,"k":[0,0],"ix":1},"s":{"a":0,"k":[100,100],"ix":3},"r":{"a":0,"k":0,"ix":6},"o":{"a":0,"k":100,"ix":7},"sk":{"a":0,"k":0,"ix":4},"sa":{"a":0,"k":0,"ix":5},"nm":"Transform"}],"nm":"L pupil","np":2,"cix":2,"bm":0,"ix":1,"mn":"ADBE Vector Group","hd":false}],"ip":0,"op":300,"st":0,"bm":0},{"ddd":0,"ind":18,"ty":4,"nm":"R white","parent":20,"sr":1,"ks":{"o":{"a":0,"k":100,"ix":11},"r":{"a":0,"k":0,"ix":10},"p":{"a":0,"k":[-48.527,-12.286,0],"ix":2},"a":{"a":0,"k":[0,0,0],"ix":1},"s":{"a":0,"k":[100,100,100],"ix":6}},"ao":0,"shapes":[{"ty":"gr","it":[{"ind":0,"ty":"sh","ix":1,"ks":{"a":0,"k":{"i":[[0,0],[-2.25,-14.25],[0,0],[-14.25,2.26],[0,0],[2.25,14.26],[0,0],[14.24,-2.25]],"o":[[-14.26,2.26],[0,0],[2.26,14.24],[0,0],[14.25,-2.26],[0,0],[-2.25,-14.25],[-0.01,0]],"v":[[-5.312,-33.603],[-27.042,-3.713],[-24.572,11.897],[5.308,33.607],[5.318,33.607],[27.038,3.707],[24.568,-11.893],[-5.302,-33.613]],"c":true},"ix":2},"nm":"Path 1","mn":"ADBE Vector Shape - Group","hd":false},{"ty":"fl","c":{"a":0,"k":[1,1,1,1],"ix":4},"o":{"a":0,"k":100,"ix":5},"r":1,"bm":0,"nm":"Fill 1","mn":"ADBE Vector Graphic - Fill","hd":false},{"ty":"tr","p":{"a":0,"k":[0,0],"ix":2},"a":{"a":0,"k":[0,0],"ix":1},"s":{"a":0,"k":[100,100],"ix":3},"r":{"a":0,"k":0,"ix":6},"o":{"a":0,"k":100,"ix":7},"sk":{"a":0,"k":0,"ix":4},"sa":{"a":0,"k":0,"ix":5},"nm":"Transform"}],"nm":"R white","np":2,"cix":2,"bm":0,"ix":1,"mn":"ADBE Vector Group","hd":false}],"ip":0,"op":300,"st":0,"bm":0},{"ddd":0,"ind":19,"ty":4,"nm":"L white","parent":20,"sr":1,"ks":{"o":{"a":0,"k":100,"ix":11},"r":{"a":0,"k":0,"ix":10},"p":{"a":0,"k":[43.441,-27.182,0],"ix":2},"a":{"a":0,"k":[0,0,0],"ix":1},"s":{"a":0,"k":[100,100,100],"ix":6}},"ao":0,"shapes":[{"ty":"gr","it":[{"ind":0,"ty":"sh","ix":1,"ks":{"a":0,"k":{"i":[[0,0],[-2.25,-14.25],[0,0],[-14.25,2.26],[0,0],[2.25,14.26],[0,0],[14.24,-2.25]],"o":[[-14.26,2.26],[0,0],[2.26,14.24],[0,0],[14.25,-2.26],[0,0],[-2.25,-14.25],[-0.01,0]],"v":[[-5.312,-33.603],[-27.042,-3.713],[-24.572,11.897],[5.308,33.607],[5.318,33.607],[27.038,3.707],[24.568,-11.893],[-5.302,-33.613]],"c":true},"ix":2},"nm":"Path 1","mn":"ADBE Vector Shape - Group","hd":false},{"ty":"fl","c":{"a":0,"k":[1,1,1,1],"ix":4},"o":{"a":0,"k":100,"ix":5},"r":1,"bm":0,"nm":"Fill 1","mn":"ADBE Vector Graphic - Fill","hd":false},{"ty":"tr","p":{"a":0,"k":[0,0],"ix":2},"a":{"a":0,"k":[0,0],"ix":1},"s":{"a":0,"k":[100,100],"ix":3},"r":{"a":0,"k":0,"ix":6},"o":{"a":0,"k":100,"ix":7},"sk":{"a":0,"k":0,"ix":4},"sa":{"a":0,"k":0,"ix":5},"nm":"Transform"}],"nm":"L white","np":2,"cix":2,"bm":0,"ix":1,"mn":"ADBE Vector Group","hd":false}],"ip":0,"op":300,"st":0,"bm":0},{"ddd":0,"ind":20,"ty":3,"nm":"FACE NULL","parent":35,"sr":1,"ks":{"o":{"a":0,"k":0,"ix":11},"r":{"a":0,"k":0,"ix":10},"p":{"a":0,"k":[2.279,-7.31,0],"ix":2},"a":{"a":0,"k":[0,0,0],"ix":1},"s":{"a":0,"k":[100,100,100],"ix":6}},"ao":0,"ip":0,"op":300,"st":0,"bm":0},{"ddd":0,"ind":21,"ty":4,"nm":"R mask","parent":20,"sr":1,"ks":{"o":{"a":0,"k":100,"ix":11},"r":{"a":0,"k":0,"ix":10},"p":{"a":0,"k":[-49.089,-12.03,0],"ix":2},"a":{"a":0,"k":[0,0,0],"ix":1},"s":{"a":0,"k":[100,100,100],"ix":6}},"ao":0,"shapes":[{"ty":"gr","it":[{"ind":0,"ty":"sh","ix":1,"ks":{"a":0,"k":{"i":[[0.09,-0.01],[0,0],[-3.06,-19.39],[0,0],[-19.4,3.07],[0,0.01],[0,0],[2.9,19.31],[0,0],[19.43,-2.92]],"o":[[0,0],[-19.4,3.09],[0,0],[3.06,19.4],[0.01,0],[0,0],[19.29,-3.06],[0,0],[-2.92,-19.42],[-0.09,0.02]],"v":[[-6.144,-48.237],[-8.864,-47.797],[-38.434,-7.107],[-34.364,18.663],[6.306,48.233],[6.316,48.223],[8.876,47.813],[38.476,7.403],[34.596,-18.397],[-5.864,-48.277]],"c":true},"ix":2},"nm":"Path 1","mn":"ADBE Vector Shape - Group","hd":false},{"ty":"fl","c":{"a":0,"k":[0.537254989147,0.88627499342,0.098039001226,1],"ix":4},"o":{"a":0,"k":100,"ix":5},"r":1,"bm":0,"nm":"Fill 1","mn":"ADBE Vector Graphic - Fill","hd":false},{"ty":"tr","p":{"a":0,"k":[0,0],"ix":2},"a":{"a":0,"k":[0,0],"ix":1},"s":{"a":0,"k":[100,100],"ix":3},"r":{"a":0,"k":0,"ix":6},"o":{"a":0,"k":100,"ix":7},"sk":{"a":0,"k":0,"ix":4},"sa":{"a":0,"k":0,"ix":5},"nm":"Transform"}],"nm":"R mask","np":2,"cix":2,"bm":0,"ix":1,"mn":"ADBE Vector Group","hd":false}],"ip":0,"op":300,"st":0,"bm":0},{"ddd":0,"ind":22,"ty":4,"nm":"R brow 2","parent":20,"sr":1,"ks":{"o":{"a":0,"k":100,"ix":11},"r":{"a":0,"k":0,"ix":10},"p":{"a":0,"k":[-52.058,-46.786,0],"ix":2},"a":{"a":0,"k":[0,0,0],"ix":1},"s":{"a":0,"k":[100,100,100],"ix":6}},"ao":0,"shapes":[{"ty":"gr","it":[{"ind":0,"ty":"sh","ix":1,"ks":{"a":0,"k":{"i":[[-1.79,-1.35],[0,0],[1.84,-1.29],[8.84,6.66],[-3.52,10.2]],"o":[[0,0],[1.8,1.35],[-8.84,6.19],[-8.84,-6.66],[0.73,-2.12]],"v":[[-14.154,-17.192],[19.306,8.008],[19.216,13.358],[-10.474,12.718],[-19.264,-15.632]],"c":true},"ix":2},"nm":"Path 1","mn":"ADBE Vector Shape - Group","hd":false},{"ty":"fl","c":{"a":0,"k":[0.537254989147,0.88627499342,0.098039001226,1],"ix":4},"o":{"a":0,"k":100,"ix":5},"r":1,"bm":0,"nm":"Fill 1","mn":"ADBE Vector Graphic - Fill","hd":false},{"ty":"tr","p":{"a":0,"k":[0,0],"ix":2},"a":{"a":0,"k":[0,0],"ix":1},"s":{"a":0,"k":[100,100],"ix":3},"r":{"a":0,"k":0,"ix":6},"o":{"a":0,"k":100,"ix":7},"sk":{"a":0,"k":0,"ix":4},"sa":{"a":0,"k":0,"ix":5},"nm":"Transform"}],"nm":"R brow 2","np":2,"cix":2,"bm":0,"ix":1,"mn":"ADBE Vector Group","hd":false}],"ip":0,"op":300,"st":0,"bm":0},{"ddd":0,"ind":23,"ty":4,"nm":"R brow 1","parent":20,"sr":1,"ks":{"o":{"a":0,"k":100,"ix":11},"r":{"a":0,"k":0,"ix":10},"p":{"a":0,"k":[-39.062,-56.108,0],"ix":2},"a":{"a":0,"k":[0,0,0],"ix":1},"s":{"a":0,"k":[100,100,100],"ix":6}},"ao":0,"shapes":[{"ty":"gr","it":[{"ind":0,"ty":"sh","ix":1,"ks":{"a":0,"k":{"i":[[-1.79,-1.35],[0,0],[1.84,-1.29],[8.84,6.66],[-3.52,10.2]],"o":[[0,0],[1.8,1.35],[-8.84,6.19],[-8.84,-6.66],[0.73,-2.12]],"v":[[-14.154,-17.192],[19.306,8.008],[19.216,13.358],[-10.474,12.718],[-19.264,-15.632]],"c":true},"ix":2},"nm":"Path 1","mn":"ADBE Vector Shape - Group","hd":false},{"ty":"fl","c":{"a":0,"k":[0.537254989147,0.88627499342,0.098039001226,1],"ix":4},"o":{"a":0,"k":100,"ix":5},"r":1,"bm":0,"nm":"Fill 1","mn":"ADBE Vector Graphic - Fill","hd":false},{"ty":"tr","p":{"a":0,"k":[0,0],"ix":2},"a":{"a":0,"k":[0,0],"ix":1},"s":{"a":0,"k":[100,100],"ix":3},"r":{"a":0,"k":0,"ix":6},"o":{"a":0,"k":100,"ix":7},"sk":{"a":0,"k":0,"ix":4},"sa":{"a":0,"k":0,"ix":5},"nm":"Transform"}],"nm":"R brow 1","np":2,"cix":2,"bm":0,"ix":1,"mn":"ADBE Vector Group","hd":false}],"ip":0,"op":300,"st":0,"bm":0},{"ddd":0,"ind":24,"ty":4,"nm":"L mask","parent":20,"sr":1,"ks":{"o":{"a":0,"k":100,"ix":11},"r":{"a":0,"k":0,"ix":10},"p":{"a":0,"k":[41.824,-25.721,0],"ix":2},"a":{"a":0,"k":[0,0,0],"ix":1},"s":{"a":0,"k":[100,100,100],"ix":6}},"ao":0,"shapes":[{"ty":"gr","it":[{"ind":0,"ty":"sh","ix":1,"ks":{"a":0,"k":{"i":[[0.01,-0.02],[0,0],[-3.06,-19.4],[0,0],[-19.4,3.07],[-0.01,0.02],[0,0],[3.06,19.4],[0,0],[19.4,-3.07]],"o":[[0,0],[-19.39,3.09],[0,0],[3.06,19.4],[0.01,0],[0,0],[19.39,-3.09],[0,0],[-3.05,-19.4],[-0.01,0]],"v":[[-6.23,-48.225],[-8.96,-47.795],[-38.53,-7.095],[-34.46,18.675],[6.21,48.245],[6.23,48.225],[8.96,47.795],[38.53,7.095],[34.45,-18.675],[-6.21,-48.245]],"c":true},"ix":2},"nm":"Path 1","mn":"ADBE Vector Shape - Group","hd":false},{"ty":"fl","c":{"a":0,"k":[0.537254989147,0.88627499342,0.098039001226,1],"ix":4},"o":{"a":0,"k":100,"ix":5},"r":1,"bm":0,"nm":"Fill 1","mn":"ADBE Vector Graphic - Fill","hd":false},{"ty":"tr","p":{"a":0,"k":[0,0],"ix":2},"a":{"a":0,"k":[0,0],"ix":1},"s":{"a":0,"k":[100,100],"ix":3},"r":{"a":0,"k":0,"ix":6},"o":{"a":0,"k":100,"ix":7},"sk":{"a":0,"k":0,"ix":4},"sa":{"a":0,"k":0,"ix":5},"nm":"Transform"}],"nm":"L mask","np":2,"cix":2,"bm":0,"ix":1,"mn":"ADBE Vector Group","hd":false}],"ip":0,"op":300,"st":0,"bm":0},{"ddd":0,"ind":25,"ty":4,"nm":"L brow 2","parent":20,"sr":1,"ks":{"o":{"a":0,"k":100,"ix":11},"r":{"a":0,"k":0,"ix":10},"p":{"a":0,"k":[36.998,-62.191,0],"ix":2},"a":{"a":0,"k":[0,0,0],"ix":1},"s":{"a":0,"k":[100,100,100],"ix":6}},"ao":0,"shapes":[{"ty":"gr","it":[{"ind":0,"ty":"sh","ix":1,"ks":{"a":0,"k":{"i":[[1.23,-1.89],[0,0],[-2.17,-0.58],[-6.03,9.29],[6.79,8.38]],"o":[[0,0],[-1.23,1.88],[10.42,2.79],[6.04,-9.29],[-1.42,-1.74]],"v":[[6.237,-19.736],[-16.593,15.414],[-14.683,20.404],[12.997,9.634],[11.587,-20.026]],"c":true},"ix":2},"nm":"Path 1","mn":"ADBE Vector Shape - Group","hd":false},{"ty":"fl","c":{"a":0,"k":[0.537254989147,0.88627499342,0.098039001226,1],"ix":4},"o":{"a":0,"k":100,"ix":5},"r":1,"bm":0,"nm":"Fill 1","mn":"ADBE Vector Graphic - Fill","hd":false},{"ty":"tr","p":{"a":0,"k":[0,0],"ix":2},"a":{"a":0,"k":[0,0],"ix":1},"s":{"a":0,"k":[100,100],"ix":3},"r":{"a":0,"k":0,"ix":6},"o":{"a":0,"k":100,"ix":7},"sk":{"a":0,"k":0,"ix":4},"sa":{"a":0,"k":0,"ix":5},"nm":"Transform"}],"nm":"L brow 2","np":2,"cix":2,"bm":0,"ix":1,"mn":"ADBE Vector Group","hd":false}],"ip":0,"op":300,"st":0,"bm":0},{"ddd":0,"ind":26,"ty":4,"nm":"M mask","parent":20,"sr":1,"ks":{"o":{"a":0,"k":100,"ix":11},"r":{"a":0,"k":0,"ix":10},"p":{"a":0,"k":[-3.546,-25.476,0],"ix":2},"a":{"a":0,"k":[0,0,0],"ix":1},"s":{"a":0,"k":[100,100,100],"ix":6}},"ao":0,"shapes":[{"ty":"gr","it":[{"ind":0,"ty":"sh","ix":1,"ks":{"a":0,"k":{"i":[[3.66,22.54],[10.91,8.98],[0.03,0.18],[-24.06,3.69]],"o":[[-7.79,11.95],[3.86,24.39],[-0.02,-0.12],[-2.73,-17.81]],"v":[[13.242,-33.119],[-22.818,-27.449],[-13.238,33.121],[22.822,27.401]],"c":true},"ix":2},"nm":"Path 1","mn":"ADBE Vector Shape - Group","hd":false},{"ty":"fl","c":{"a":0,"k":[0.537254989147,0.88627499342,0.098039001226,1],"ix":4},"o":{"a":0,"k":100,"ix":5},"r":1,"bm":0,"nm":"Fill 1","mn":"ADBE Vector Graphic - Fill","hd":false},{"ty":"tr","p":{"a":0,"k":[0,0],"ix":2},"a":{"a":0,"k":[0,0],"ix":1},"s":{"a":0,"k":[100,100],"ix":3},"r":{"a":0,"k":0,"ix":6},"o":{"a":0,"k":100,"ix":7},"sk":{"a":0,"k":0,"ix":4},"sa":{"a":0,"k":0,"ix":5},"nm":"Transform"}],"nm":"M mask","np":2,"cix":2,"bm":0,"ix":1,"mn":"ADBE Vector Group","hd":false}],"ip":0,"op":300,"st":0,"bm":0},{"ddd":0,"ind":27,"ty":4,"nm":"L brow 1","parent":20,"sr":1,"ks":{"o":{"a":0,"k":100,"ix":11},"r":{"a":0,"k":0,"ix":10},"p":{"a":0,"k":[21.288,-66.999,0],"ix":2},"a":{"a":0,"k":[0,0,0],"ix":1},"s":{"a":0,"k":[100,100,100],"ix":6}},"ao":0,"shapes":[{"ty":"gr","it":[{"ind":0,"ty":"sh","ix":1,"ks":{"a":0,"k":{"i":[[1.22,-1.89],[0,0],[-2.17,-0.59],[-6.03,9.28],[6.79,8.38]],"o":[[0,0],[-1.23,1.89],[10.42,2.79],[6.03,-9.28],[-1.41,-1.75]],"v":[[6.834,-19.795],[-16.586,15.415],[-14.676,20.415],[12.994,9.655],[11.574,-19.985]],"c":true},"ix":2},"nm":"Path 1","mn":"ADBE Vector Shape - Group","hd":false},{"ty":"fl","c":{"a":0,"k":[0.537254989147,0.88627499342,0.098039001226,1],"ix":4},"o":{"a":0,"k":100,"ix":5},"r":1,"bm":0,"nm":"Fill 1","mn":"ADBE Vector Graphic - Fill","hd":false},{"ty":"tr","p":{"a":0,"k":[0,0],"ix":2},"a":{"a":0,"k":[0,0],"ix":1},"s":{"a":0,"k":[100,100],"ix":3},"r":{"a":0,"k":0,"ix":6},"o":{"a":0,"k":100,"ix":7},"sk":{"a":0,"k":0,"ix":4},"sa":{"a":0,"k":0,"ix":5},"nm":"Transform"}],"nm":"L brow 1","np":2,"cix":2,"bm":0,"ix":1,"mn":"ADBE Vector Group","hd":false}],"ip":0,"op":300,"st":0,"bm":0},{"ddd":0,"ind":28,"ty":4,"nm":"L fingy","parent":40,"sr":1,"ks":{"o":{"a":0,"k":100,"ix":11},"r":{"a":1,"k":[{"i":{"x":[0.833],"y":[1]},"o":{"x":[0.333],"y":[0]},"t":25,"s":[0]},{"i":{"x":[0.54],"y":[1]},"o":{"x":[0.167],"y":[0]},"t":42,"s":[0]},{"i":{"x":[0.512],"y":[1]},"o":{"x":[0.511],"y":[0]},"t":50,"s":[-52.38]},{"i":{"x":[0.385],"y":[1]},"o":{"x":[0.663],"y":[0]},"t":58,"s":[0]},{"i":{"x":[0.527],"y":[1]},"o":{"x":[0.491],"y":[0]},"t":64,"s":[-55.258]},{"i":{"x":[0.466],"y":[1]},"o":{"x":[0.566],"y":[0]},"t":73,"s":[0]},{"i":{"x":[0.492],"y":[1]},"o":{"x":[0.534],"y":[0]},"t":80,"s":[-57.918]},{"i":{"x":[0.466],"y":[1]},"o":{"x":[0.564],"y":[0]},"t":88,"s":[0]},{"i":{"x":[0.512],"y":[1]},"o":{"x":[0.51],"y":[0]},"t":95,"s":[-52.38]},{"i":{"x":[0.385],"y":[1]},"o":{"x":[0.663],"y":[0]},"t":104,"s":[-5.396]},{"i":{"x":[0.492],"y":[1]},"o":{"x":[0.534],"y":[0]},"t":110,"s":[-41.182]},{"i":{"x":[0.467],"y":[1]},"o":{"x":[0.564],"y":[0]},"t":117,"s":[-6.65]},{"i":{"x":[0.385],"y":[1]},"o":{"x":[0.663],"y":[0]},"t":125,"s":[-36.73]},{"i":{"x":[0.833],"y":[1]},"o":{"x":[0.534],"y":[0]},"t":130,"s":[-36.73]},{"i":{"x":[0.833],"y":[1]},"o":{"x":[0.167],"y":[0]},"t":138,"s":[-36.73]},{"t":144,"s":[0]}],"ix":10},"p":{"a":0,"k":[57.809,-35.116,0],"ix":2},"a":{"a":0,"k":[11.127,-0.716,0],"ix":1},"s":{"a":0,"k":[100,100,100],"ix":6}},"ao":0,"shapes":[{"ty":"gr","it":[{"ind":0,"ty":"sh","ix":1,"ks":{"a":0,"k":{"i":[[-0.33,-0.47],[12.99,-10.68],[0,0],[2.79,3.43],[0.28,1.18],[13.88,3.87],[-7.69,6.2],[0,0],[-9.67,-12.08]],"o":[[5.71,8.12],[0,0],[-3.43,2.78],[-0.76,-0.94],[-2.08,-8.89],[-2.8,-0.78],[0,0],[12.08,-9.67],[0.37,0.45]],"v":[[23.313,-9.213],[12.393,18.987],[11.983,19.327],[0.723,18.157],[-0.857,14.937],[-24.807,-4.213],[-17.467,-14.683],[-17.127,-14.963],[22.263,-10.603]],"c":true},"ix":2},"nm":"Path 1","mn":"ADBE Vector Shape - Group","hd":false},{"ty":"fl","c":{"a":0,"k":[0.345097988844,0.800000011921,0.007842999883,1],"ix":4},"o":{"a":0,"k":100,"ix":5},"r":1,"bm":0,"nm":"Fill 1","mn":"ADBE Vector Graphic - Fill","hd":false},{"ty":"tr","p":{"a":0,"k":[0,0],"ix":2},"a":{"a":0,"k":[0,0],"ix":1},"s":{"a":0,"k":[100,100],"ix":3},"r":{"a":0,"k":0,"ix":6},"o":{"a":0,"k":100,"ix":7},"sk":{"a":0,"k":0,"ix":4},"sa":{"a":0,"k":0,"ix":5},"nm":"Transform"}],"nm":"L fingy","np":2,"cix":2,"bm":0,"ix":1,"mn":"ADBE Vector Group","hd":false}],"ip":0,"op":300,"st":0,"bm":0},{"ddd":0,"ind":29,"ty":4,"nm":"Bell Highlight","parent":31,"sr":1,"ks":{"o":{"a":0,"k":100,"ix":11},"r":{"a":0,"k":0,"ix":10},"p":{"a":0,"k":[16.695,-24.757,0],"ix":2},"a":{"a":0,"k":[0,0,0],"ix":1},"s":{"a":0,"k":[100,100,100],"ix":6}},"ao":0,"shapes":[{"ty":"gr","it":[{"ind":0,"ty":"sh","ix":1,"ks":{"a":0,"k":{"i":[[-0.75,2.37],[-2.37,-0.75],[-4.11,-13.32],[2.38,-0.73],[0.74,2.38],[6.46,2.05]],"o":[[0.75,-2.37],[9.65,3.06],[0.73,2.38],[-2.37,0.73],[-3.31,-10.74],[-2.37,-0.75]],"v":[[-13.113,-12.299],[-7.463,-15.229],[13.127,9.611],[10.147,15.241],[4.517,12.261],[-10.183,-6.649]],"c":true},"ix":2},"nm":"Path 1","mn":"ADBE Vector Shape - Group","hd":false},{"ty":"fl","c":{"a":0,"k":[1,0.905882000923,0.458824008703,1],"ix":4},"o":{"a":0,"k":100,"ix":5},"r":1,"bm":0,"nm":"Fill 1","mn":"ADBE Vector Graphic - Fill","hd":false},{"ty":"tr","p":{"a":0,"k":[0,0],"ix":2},"a":{"a":0,"k":[0,0],"ix":1},"s":{"a":0,"k":[100,100],"ix":3},"r":{"a":0,"k":0,"ix":6},"o":{"a":0,"k":100,"ix":7},"sk":{"a":0,"k":0,"ix":4},"sa":{"a":0,"k":0,"ix":5},"nm":"Transform"}],"nm":"Bell Highlight","np":2,"cix":2,"bm":0,"ix":1,"mn":"ADBE Vector Group","hd":false}],"ip":0,"op":300,"st":0,"bm":0},{"ddd":0,"ind":30,"ty":4,"nm":"bell handle","parent":28,"sr":1,"ks":{"o":{"a":0,"k":100,"ix":11},"r":{"a":0,"k":0,"ix":10},"p":{"a":0,"k":[3.741,22.864,0],"ix":2},"a":{"a":0,"k":[0,0,0],"ix":1},"s":{"a":0,"k":[100,100,100],"ix":6}},"ao":0,"shapes":[{"ty":"gr","it":[{"ind":0,"ty":"sh","ix":1,"ks":{"a":0,"k":{"i":[[8.34,-2.24],[-2.24,-8.37],[-8.35,2.24],[2.24,8.36]],"o":[[-8.35,2.23],[2.24,8.36],[8.34,-2.24],[-2.24,-8.36]],"v":[[-4.056,-15.148],[-15.106,4.052],[4.064,15.152],[15.104,-4.048]],"c":true},"ix":2},"nm":"Path 1","mn":"ADBE Vector Shape - Group","hd":false},{"ind":1,"ty":"sh","ix":2,"ks":{"a":0,"k":{"i":[[-2.92,0.78],[-0.79,-2.96],[2.92,-0.78],[0.79,2.95]],"o":[[2.92,-0.79],[0.79,2.95],[-2.92,0.78],[-0.79,-2.95]],"v":[[-1.431,-5.333],[5.289,-1.413],[1.429,5.337],[-5.291,1.417]],"c":true},"ix":2},"nm":"Path 2","mn":"ADBE Vector Shape - Group","hd":false},{"ty":"mm","mm":1,"nm":"Merge Paths 1","mn":"ADBE Vector Filter - Merge","hd":false},{"ty":"fl","c":{"a":0,"k":[1,0.827450990677,0,1],"ix":4},"o":{"a":0,"k":100,"ix":5},"r":1,"bm":0,"nm":"Fill 1","mn":"ADBE Vector Graphic - Fill","hd":false},{"ty":"tr","p":{"a":0,"k":[0,0],"ix":2},"a":{"a":0,"k":[0,0],"ix":1},"s":{"a":0,"k":[100,100],"ix":3},"r":{"a":0,"k":0,"ix":6},"o":{"a":0,"k":100,"ix":7},"sk":{"a":0,"k":0,"ix":4},"sa":{"a":0,"k":0,"ix":5},"nm":"Transform"}],"nm":"Shape","np":4,"cix":2,"bm":0,"ix":1,"mn":"ADBE Vector Group","hd":false}],"ip":0,"op":300,"st":0,"bm":0},{"ddd":0,"ind":31,"ty":4,"nm":"bell","parent":30,"sr":1,"ks":{"o":{"a":0,"k":100,"ix":11},"r":{"a":1,"k":[{"i":{"x":[0.667],"y":[1]},"o":{"x":[0.333],"y":[0]},"t":24,"s":[-21]},{"i":{"x":[0.667],"y":[1]},"o":{"x":[0.507],"y":[0]},"t":30,"s":[-29.115]},{"i":{"x":[0.527],"y":[1]},"o":{"x":[0.333],"y":[0]},"t":45,"s":[46.091]},{"i":{"x":[0.612],"y":[1]},"o":{"x":[0.301],"y":[0]},"t":56,"s":[33.958]},{"i":{"x":[0.667],"y":[1]},"o":{"x":[0.301],"y":[0]},"t":122,"s":[33.958]},{"i":{"x":[0.667],"y":[1]},"o":{"x":[0.333],"y":[0]},"t":145,"s":[-13.374]},{"i":{"x":[0.667],"y":[1]},"o":{"x":[0.333],"y":[0]},"t":152,"s":[-37.44]},{"i":{"x":[0.833],"y":[1]},"o":{"x":[0.333],"y":[0]},"t":164,"s":[-16.925]},{"t":174,"s":[-21]}],"ix":10},"p":{"a":0,"k":[0.021,-0.116,0],"ix":2},"a":{"a":0,"k":[-16.475,-52.636,0],"ix":1},"s":{"a":0,"k":[90,90,100],"ix":6}},"ao":0,"shapes":[{"ty":"gr","it":[{"ind":0,"ty":"sh","ix":1,"ks":{"a":0,"k":{"i":[[-22.18,0.66],[-1.26,-21.79],[0,0],[0,0],[3.35,-3.68],[2.54,0],[0,0],[0,4.97],[-1.88,1.7],[0,0],[0,0]],"o":[[21.83,-0.65],[0,0],[0,0],[3.68,3.35],[-1.7,1.87],[0,0],[-4.97,0],[0,-2.54],[0,0],[0,0],[1.29,-22.15]],"v":[[-0.042,-48.085],[41.428,-10.105],[43.558,26.745],[49.828,32.445],[50.428,45.165],[43.768,48.105],[-43.772,48.105],[-52.772,39.105],[-49.812,32.435],[-43.532,26.745],[-41.522,-7.775]],"c":true},"ix":2},"nm":"Path 1","mn":"ADBE Vector Shape - Group","hd":false},{"ty":"fl","c":{"a":0,"k":[1,0.827450990677,0,1],"ix":4},"o":{"a":0,"k":100,"ix":5},"r":1,"bm":0,"nm":"Fill 1","mn":"ADBE Vector Graphic - Fill","hd":false},{"ty":"tr","p":{"a":0,"k":[0,0],"ix":2},"a":{"a":0,"k":[0,0],"ix":1},"s":{"a":0,"k":[100,100],"ix":3},"r":{"a":0,"k":-15,"ix":6},"o":{"a":0,"k":100,"ix":7},"sk":{"a":0,"k":0,"ix":4},"sa":{"a":0,"k":0,"ix":5},"nm":"Transform"}],"nm":"bell","np":2,"cix":2,"bm":0,"ix":1,"mn":"ADBE Vector Group","hd":false}],"ip":0,"op":300,"st":0,"bm":0},{"ddd":0,"ind":32,"ty":4,"nm":"bell inside","parent":31,"sr":1,"ks":{"o":{"a":0,"k":100,"ix":11},"r":{"a":1,"k":[{"i":{"x":[0.833],"y":[1]},"o":{"x":[0.167],"y":[0]},"t":28,"s":[-28]},{"i":{"x":[0.833],"y":[1]},"o":{"x":[0.167],"y":[0]},"t":35,"s":[-42]},{"i":{"x":[0.833],"y":[1]},"o":{"x":[0.167],"y":[0]},"t":44,"s":[-16]},{"i":{"x":[0.833],"y":[1]},"o":{"x":[0.167],"y":[0]},"t":51,"s":[-41]},{"i":{"x":[0.833],"y":[1]},"o":{"x":[0.167],"y":[0]},"t":56,"s":[-41]},{"i":{"x":[0.833],"y":[1]},"o":{"x":[0.167],"y":[0]},"t":61,"s":[-16]},{"i":{"x":[0.833],"y":[1]},"o":{"x":[0.167],"y":[0]},"t":66,"s":[-16]},{"i":{"x":[0.833],"y":[1]},"o":{"x":[0.167],"y":[0]},"t":69,"s":[-41]},{"i":{"x":[0.833],"y":[1]},"o":{"x":[0.167],"y":[0]},"t":72,"s":[-41]},{"i":{"x":[0.833],"y":[1]},"o":{"x":[0.167],"y":[0]},"t":77,"s":[-16]},{"i":{"x":[0.833],"y":[1]},"o":{"x":[0.167],"y":[0]},"t":80,"s":[-16]},{"i":{"x":[0.833],"y":[1]},"o":{"x":[0.167],"y":[0]},"t":84,"s":[-41]},{"i":{"x":[0.833],"y":[1]},"o":{"x":[0.167],"y":[0]},"t":87,"s":[-41]},{"i":{"x":[0.833],"y":[1]},"o":{"x":[0.167],"y":[0]},"t":92,"s":[-16]},{"i":{"x":[0.833],"y":[1]},"o":{"x":[0.167],"y":[0]},"t":95,"s":[-16]},{"i":{"x":[0.833],"y":[1]},"o":{"x":[0.167],"y":[0]},"t":99,"s":[-41]},{"i":{"x":[0.833],"y":[1]},"o":{"x":[0.167],"y":[0]},"t":102,"s":[-41]},{"i":{"x":[0.833],"y":[1]},"o":{"x":[0.167],"y":[0]},"t":107,"s":[-16]},{"i":{"x":[0.833],"y":[1]},"o":{"x":[0.167],"y":[0]},"t":110,"s":[-16]},{"i":{"x":[0.833],"y":[1]},"o":{"x":[0.167],"y":[0]},"t":114,"s":[-41]},{"i":{"x":[0.833],"y":[1]},"o":{"x":[0.167],"y":[0]},"t":117,"s":[-41]},{"i":{"x":[0.833],"y":[1]},"o":{"x":[0.167],"y":[0]},"t":122,"s":[-16]},{"i":{"x":[0.833],"y":[1]},"o":{"x":[0.167],"y":[0]},"t":125,"s":[-16]},{"i":{"x":[0.833],"y":[1]},"o":{"x":[0.167],"y":[0]},"t":130,"s":[-41]},{"i":{"x":[0.833],"y":[1]},"o":{"x":[0.167],"y":[0]},"t":133,"s":[-41]},{"i":{"x":[0.833],"y":[1]},"o":{"x":[0.167],"y":[0]},"t":144,"s":[-41]},{"i":{"x":[0.833],"y":[1]},"o":{"x":[0.167],"y":[0]},"t":148,"s":[-15]},{"i":{"x":[0.833],"y":[1]},"o":{"x":[0.167],"y":[0]},"t":154,"s":[-41]},{"i":{"x":[0.833],"y":[1]},"o":{"x":[0.167],"y":[0]},"t":156,"s":[-41]},{"i":{"x":[0.833],"y":[1]},"o":{"x":[0.167],"y":[0]},"t":162,"s":[-20]},{"i":{"x":[0.667],"y":[1]},"o":{"x":[0.167],"y":[0]},"t":170,"s":[-34]},{"t":183,"s":[-28]}],"ix":10},"p":{"s":true,"x":{"a":0,"k":-13.22,"ix":3},"y":{"a":0,"k":-42.956,"ix":4}},"a":{"a":0,"k":[19.554,-92.649,0],"ix":1},"s":{"a":0,"k":[100,100,100],"ix":6}},"ao":0,"shapes":[{"ty":"gr","it":[{"d":1,"ty":"el","s":{"a":0,"k":[28.246,28.385],"ix":2},"p":{"a":0,"k":[0,0],"ix":3},"nm":"Ellipse Path 1","mn":"ADBE Vector Shape - Ellipse","hd":false},{"ty":"fl","c":{"a":0,"k":[1,0.784313976765,0,1],"ix":4},"o":{"a":0,"k":100,"ix":5},"r":1,"bm":0,"nm":"Fill 1","mn":"ADBE Vector Graphic - Fill","hd":false},{"ty":"tr","p":{"a":0,"k":[0,0],"ix":2},"a":{"a":0,"k":[0,0],"ix":1},"s":{"a":0,"k":[100,100],"ix":3},"r":{"a":0,"k":-15,"ix":6},"o":{"a":0,"k":100,"ix":7},"sk":{"a":0,"k":0,"ix":4},"sa":{"a":0,"k":0,"ix":5},"nm":"Transform"}],"nm":"bell inside","np":2,"cix":2,"bm":0,"ix":1,"mn":"ADBE Vector Group","hd":false}],"ip":0,"op":300,"st":0,"bm":0},{"ddd":0,"ind":33,"ty":3,"nm":"body transform","sr":1,"ks":{"o":{"a":0,"k":0,"ix":11},"r":{"a":0,"k":-1,"ix":10},"p":{"s":true,"x":{"a":0,"k":289.142,"ix":3},"y":{"a":1,"k":[{"i":{"x":[0.571],"y":[1]},"o":{"x":[0.492],"y":[0]},"t":25,"s":[282.875]},{"i":{"x":[0.32],"y":[1]},"o":{"x":[0.538],"y":[0]},"t":36,"s":[291.028]},{"i":{"x":[0.833],"y":[1]},"o":{"x":[0.167],"y":[0]},"t":44.275,"s":[267.668]},{"i":{"x":[0.667],"y":[1]},"o":{"x":[0.225],"y":[0]},"t":120.275,"s":[267.668]},{"i":{"x":[0.629],"y":[1]},"o":{"x":[0.333],"y":[0]},"t":129,"s":[265.591]},{"i":{"x":[0.833],"y":[1]},"o":{"x":[0.538],"y":[0]},"t":139.275,"s":[290.042]},{"t":145,"s":[282.875]}],"ix":4}},"a":{"a":0,"k":[6.779,22.69,0],"ix":1},"s":{"a":1,"k":[{"i":{"x":[0.833,0.833,0.833],"y":[1,1,1]},"o":{"x":[0.333,0.333,0.333],"y":[0,0,0]},"t":25,"s":[100,100,100]},{"i":{"x":[0.833,0.833,0.833],"y":[1,1,1]},"o":{"x":[0.167,0.167,0.167],"y":[0,0,0]},"t":31,"s":[98,103,100]},{"i":{"x":[0.833,0.833,0.833],"y":[1,1,1]},"o":{"x":[0.167,0.167,0.167],"y":[0,0,0]},"t":38,"s":[105,98,100]},{"i":{"x":[0.833,0.833,0.833],"y":[1,1,1]},"o":{"x":[0.167,0.167,0.167],"y":[0,0,0]},"t":49,"s":[100,100,100]},{"i":{"x":[0.833,0.833,0.833],"y":[1,1,1]},"o":{"x":[0.167,0.167,0.167],"y":[0,0,0]},"t":120,"s":[100,100,100]},{"i":{"x":[0.833,0.833,0.833],"y":[1,1,1]},"o":{"x":[0.167,0.167,0.167],"y":[0,0,0]},"t":130,"s":[98,103,100]},{"i":{"x":[0.833,0.833,0.833],"y":[1,1,1]},"o":{"x":[0.167,0.167,0.167],"y":[0,0,0]},"t":141,"s":[105,98,100]},{"t":147,"s":[100,100,100]}],"ix":6}},"ao":0,"ip":0,"op":300,"st":0,"bm":0},{"ddd":0,"ind":34,"ty":3,"nm":"body rotate","parent":33,"sr":1,"ks":{"o":{"a":0,"k":0,"ix":11},"r":{"a":1,"k":[{"i":{"x":[0.588],"y":[1]},"o":{"x":[0.333],"y":[0]},"t":25,"s":[9]},{"i":{"x":[0.559],"y":[1]},"o":{"x":[0.402],"y":[0]},"t":33,"s":[13]},{"i":{"x":[0.581],"y":[1]},"o":{"x":[0.239],"y":[0]},"t":47,"s":[0]},{"i":{"x":[0.559],"y":[1]},"o":{"x":[0.256],"y":[0]},"t":59,"s":[-1]},{"i":{"x":[0.581],"y":[1]},"o":{"x":[0.239],"y":[0]},"t":68,"s":[0]},{"i":{"x":[0.559],"y":[1]},"o":{"x":[0.256],"y":[0]},"t":74,"s":[-1]},{"i":{"x":[0.581],"y":[1]},"o":{"x":[0.239],"y":[0]},"t":80,"s":[0]},{"i":{"x":[0.559],"y":[1]},"o":{"x":[0.256],"y":[0]},"t":86,"s":[-1]},{"i":{"x":[0.581],"y":[1]},"o":{"x":[0.239],"y":[0]},"t":92,"s":[0]},{"i":{"x":[0.559],"y":[1]},"o":{"x":[0.256],"y":[0]},"t":98,"s":[-1]},{"i":{"x":[0.581],"y":[1]},"o":{"x":[0.239],"y":[0]},"t":104,"s":[0]},{"i":{"x":[0.613],"y":[1]},"o":{"x":[0.256],"y":[0]},"t":110,"s":[-1]},{"i":{"x":[0.572],"y":[-1.377]},"o":{"x":[0.222],"y":[0]},"t":120,"s":[0]},{"i":{"x":[0.642],"y":[1]},"o":{"x":[0.28],"y":[0.352]},"t":129,"s":[2.202]},{"i":{"x":[0.833],"y":[1]},"o":{"x":[0.402],"y":[0]},"t":139,"s":[13]},{"t":145,"s":[9]}],"ix":10},"p":{"s":true,"x":{"a":0,"k":-3.213,"ix":3},"y":{"a":0,"k":-70.654,"ix":4}},"a":{"a":0,"k":[6.779,22.69,0],"ix":1},"s":{"a":0,"k":[100,100,100],"ix":6}},"ao":0,"ip":0,"op":300,"st":0,"bm":0},{"ddd":0,"ind":35,"ty":4,"nm":"BODY","parent":34,"sr":1,"ks":{"o":{"a":0,"k":100,"ix":11},"r":{"a":0,"k":-1,"ix":10},"p":{"s":true,"x":{"a":0,"k":0,"ix":3},"y":{"a":0,"k":0,"ix":4}},"a":{"a":0,"k":[6.779,22.69,0],"ix":1},"s":{"a":0,"k":[100,100,100],"ix":6}},"ao":0,"shapes":[{"ty":"gr","it":[{"ind":0,"ty":"sh","ix":1,"ks":{"a":0,"k":{"i":[[3.64,-2.27],[9.08,-1.44],[25.66,6.44],[4.31,-17.16],[-0.67,-4.26],[0,0],[-51.9,8.21],[-0.02,0],[8.22,51.92],[0,0],[17.47,-2.77]],"o":[[-22.87,14.27],[-9.02,1.43],[-17.16,-4.3],[-1.05,4.19],[0,0],[8.21,51.9],[0.01,0],[51.92,-8.24],[0,0],[-2.77,-17.47],[-4.24,0.67]],"v":[[37.236,-112.757],[-10.684,-89.197],[-62.704,-96.707],[-101.574,-73.427],[-102.144,-60.627],[-86.644,37.333],[22.186,116.433],[22.226,116.433],[101.346,7.523],[85.836,-90.587],[49.186,-117.217]],"c":true},"ix":2},"nm":"Path 1","mn":"ADBE Vector Shape - Group","hd":false},{"ty":"fl","c":{"a":0,"k":[0.345097988844,0.800000011921,0.007842999883,1],"ix":4},"o":{"a":0,"k":100,"ix":5},"r":1,"bm":0,"nm":"Fill 1","mn":"ADBE Vector Graphic - Fill","hd":false},{"ty":"tr","p":{"a":0,"k":[0,0],"ix":2},"a":{"a":0,"k":[0,0],"ix":1},"s":{"a":0,"k":[100,100],"ix":3},"r":{"a":0,"k":0,"ix":6},"o":{"a":0,"k":100,"ix":7},"sk":{"a":0,"k":0,"ix":4},"sa":{"a":0,"k":0,"ix":5},"nm":"Transform"}],"nm":"body","np":2,"cix":2,"bm":0,"ix":1,"mn":"ADBE Vector Group","hd":false}],"ip":0,"op":300,"st":0,"bm":0},{"ddd":0,"ind":36,"ty":4,"nm":"L foot","parent":4,"sr":1,"ks":{"o":{"a":0,"k":100,"ix":11},"r":{"a":0,"k":0,"ix":10},"p":{"a":0,"k":[183.379,263.112,0],"ix":2},"a":{"a":0,"k":[0,0,0],"ix":1},"s":{"a":0,"k":[100,100,100],"ix":6}},"ao":0,"shapes":[{"ty":"gr","it":[{"ind":0,"ty":"sh","ix":1,"ks":{"a":0,"k":{"i":[[0,6.83],[6.83,0],[0,0],[0,-6.83],[-6.83,0],[0,0]],"o":[[0,-6.83],[0,0],[-6.83,0],[0,6.83],[0,0],[6.83,0]],"v":[[22.217,0],[9.847,-12.37],[-9.843,-12.37],[-22.213,0],[-9.843,12.37],[9.847,12.37]],"c":true},"ix":2},"nm":"Path 1","mn":"ADBE Vector Shape - Group","hd":false},{"ty":"fl","c":{"a":0,"k":[0.956862986088,0.564706027508,0,1],"ix":4},"o":{"a":0,"k":100,"ix":5},"r":1,"bm":0,"nm":"Fill 1","mn":"ADBE Vector Graphic - Fill","hd":false},{"ty":"tr","p":{"a":0,"k":[0,0],"ix":2},"a":{"a":0,"k":[0,0],"ix":1},"s":{"a":0,"k":[100,100],"ix":3},"r":{"a":0,"k":0,"ix":6},"o":{"a":0,"k":100,"ix":7},"sk":{"a":0,"k":0,"ix":4},"sa":{"a":0,"k":0,"ix":5},"nm":"Transform"}],"nm":"L foot","np":2,"cix":2,"bm":0,"ix":1,"mn":"ADBE Vector Group","hd":false}],"ip":0,"op":300,"st":0,"bm":0},{"ddd":0,"ind":37,"ty":4,"nm":"R toe","sr":1,"ks":{"o":{"a":0,"k":100,"ix":11},"r":{"a":0,"k":0,"ix":10},"p":{"a":0,"k":[213.486,287.22,0],"ix":2},"a":{"a":0,"k":[0,0,0],"ix":1},"s":{"a":0,"k":[100,100,100],"ix":6}},"ao":0,"shapes":[{"ty":"gr","it":[{"ind":0,"ty":"sh","ix":1,"ks":{"a":0,"k":{"i":[[0.35,6.8],[-6.8,0.36],[0,0],[-0.35,-6.8],[6.8,-0.36],[0,0]],"o":[[-0.36,-6.79],[0,0],[6.8,-0.36],[0.36,6.79],[0,0],[-6.8,0.36]],"v":[[-14.18,0.74],[-2.52,-12.21],[1.23,-12.4],[14.18,-0.74],[2.52,12.21],[-1.23,12.4]],"c":true},"ix":2},"nm":"Path 1","mn":"ADBE Vector Shape - Group","hd":false},{"ty":"fl","c":{"a":0,"k":[0.956862986088,0.564706027508,0,1],"ix":4},"o":{"a":0,"k":100,"ix":5},"r":1,"bm":0,"nm":"Fill 1","mn":"ADBE Vector Graphic - Fill","hd":false},{"ty":"tr","p":{"a":0,"k":[0,0],"ix":2},"a":{"a":0,"k":[0,0],"ix":1},"s":{"a":0,"k":[100,100],"ix":3},"r":{"a":0,"k":0,"ix":6},"o":{"a":0,"k":100,"ix":7},"sk":{"a":0,"k":0,"ix":4},"sa":{"a":0,"k":0,"ix":5},"nm":"Transform"}],"nm":"R toe","np":2,"cix":2,"bm":0,"ix":1,"mn":"ADBE Vector Group","hd":false}],"ip":0,"op":300,"st":0,"bm":0},{"ddd":0,"ind":38,"ty":4,"nm":"R foot 1","parent":37,"sr":1,"ks":{"o":{"a":0,"k":100,"ix":11},"r":{"a":1,"k":[{"i":{"x":[0.833],"y":[1]},"o":{"x":[0.333],"y":[0]},"t":33,"s":[29]},{"i":{"x":[0.833],"y":[1]},"o":{"x":[0.167],"y":[0]},"t":44,"s":[6]},{"i":{"x":[0.667],"y":[1]},"o":{"x":[0.167],"y":[0]},"t":128,"s":[6]},{"t":138,"s":[29]}],"ix":10},"p":{"a":0,"k":[2.513,0.132,0],"ix":2},"a":{"a":0,"k":[-7,4,0],"ix":1},"s":{"a":0,"k":[100,100,100],"ix":6}},"ao":0,"shapes":[{"ty":"gr","it":[{"ind":0,"ty":"sh","ix":1,"ks":{"a":0,"k":{"i":[[0,0],[-5.89,3.4],[0,0],[-3.4,-5.89],[0,0],[5.89,-3.41],[0,0],[3.41,5.89]],"o":[[-3.4,-5.89],[0,0],[5.89,-3.4],[0,0],[3.4,5.9],[0,0],[-5.89,3.4],[0,-0.01]],"v":[[-16.509,9.533],[-11.999,-7.297],[-0.319,-14.047],[16.501,-9.537],[16.511,-9.537],[12.001,7.303],[0.321,14.043],[-16.509,9.543]],"c":true},"ix":2},"nm":"Path 1","mn":"ADBE Vector Shape - Group","hd":false},{"ty":"fl","c":{"a":0,"k":[0.956862986088,0.564706027508,0,1],"ix":4},"o":{"a":0,"k":100,"ix":5},"r":1,"bm":0,"nm":"Fill 1","mn":"ADBE Vector Graphic - Fill","hd":false},{"ty":"tr","p":{"a":0,"k":[0,0],"ix":2},"a":{"a":0,"k":[0,0],"ix":1},"s":{"a":0,"k":[100,100],"ix":3},"r":{"a":0,"k":0,"ix":6},"o":{"a":0,"k":100,"ix":7},"sk":{"a":0,"k":0,"ix":4},"sa":{"a":0,"k":0,"ix":5},"nm":"Transform"}],"nm":"R foot 1","np":2,"cix":2,"bm":0,"ix":1,"mn":"ADBE Vector Group","hd":false}],"ip":0,"op":300,"st":0,"bm":0},{"ddd":0,"ind":39,"ty":4,"nm":"R wing","parent":34,"sr":1,"ks":{"o":{"a":0,"k":100,"ix":11},"r":{"a":1,"k":[{"i":{"x":[0.271],"y":[1]},"o":{"x":[0.319],"y":[0]},"t":25,"s":[-6.877]},{"i":{"x":[0.667],"y":[1]},"o":{"x":[0.277],"y":[0]},"t":34,"s":[5.179]},{"i":{"x":[0.667],"y":[1]},"o":{"x":[0.63],"y":[-2.404]},"t":48,"s":[-19.782]},{"i":{"x":[0.833],"y":[1]},"o":{"x":[0.63],"y":[-0.015]},"t":123,"s":[-19.782]},{"i":{"x":[0.667],"y":[1]},"o":{"x":[0.167],"y":[0]},"t":127,"s":[-10.994]},{"i":{"x":[0.667],"y":[1]},"o":{"x":[0.333],"y":[0]},"t":135,"s":[1.43]},{"i":{"x":[0.833],"y":[1]},"o":{"x":[0.65],"y":[0]},"t":148,"s":[-14.075]},{"t":161,"s":[-6.877]}],"ix":10},"p":{"a":0,"k":[-68.326,-3.865,0],"ix":2},"a":{"a":0,"k":[17.43,-1.636,0],"ix":1},"s":{"a":0,"k":[100,100,100],"ix":6}},"ao":0,"shapes":[{"ty":"gr","it":[{"ind":0,"ty":"sh","ix":1,"ks":{"a":0,"k":{"i":[[-4.83,6.89],[0,0],[-5.06,-6.71],[23.77,-33.95],[38.61,11.82]],"o":[[0,0],[4.82,-6.89],[24.31,32.26],[-23.76,33.95],[-8.04,-2.46]],"v":[[-63.24,55.398],[26.71,-73.112],[46.72,-73.472],[48.18,37.688],[-56.73,74.328]],"c":true},"ix":2},"nm":"Path 1","mn":"ADBE Vector Shape - Group","hd":false},{"ty":"fl","c":{"a":0,"k":[0.345097988844,0.800000011921,0.007842999883,1],"ix":4},"o":{"a":0,"k":100,"ix":5},"r":1,"bm":0,"nm":"Fill 1","mn":"ADBE Vector Graphic - Fill","hd":false},{"ty":"tr","p":{"a":0,"k":[0,0],"ix":2},"a":{"a":0,"k":[0,0],"ix":1},"s":{"a":0,"k":[100,100],"ix":3},"r":{"a":0,"k":0,"ix":6},"o":{"a":0,"k":100,"ix":7},"sk":{"a":0,"k":0,"ix":4},"sa":{"a":0,"k":0,"ix":5},"nm":"Transform"}],"nm":"R wing","np":2,"cix":2,"bm":0,"ix":1,"mn":"ADBE Vector Group","hd":false}],"ip":0,"op":300,"st":0,"bm":0},{"ddd":0,"ind":40,"ty":4,"nm":"L wing","parent":34,"sr":1,"ks":{"o":{"a":0,"k":100,"ix":11},"r":{"a":1,"k":[{"i":{"x":[0.667],"y":[1]},"o":{"x":[0.333],"y":[0]},"t":25,"s":[28.123]},{"i":{"x":[0.678],"y":[1]},"o":{"x":[0.333],"y":[0]},"t":30,"s":[14.76]},{"i":{"x":[0.833],"y":[1]},"o":{"x":[0.374],"y":[0]},"t":38,"s":[48.123]},{"i":{"x":[0.833],"y":[1]},"o":{"x":[0.167],"y":[0]},"t":44,"s":[-2.877]},{"i":{"x":[0.581],"y":[1]},"o":{"x":[0.237],"y":[0]},"t":50,"s":[-7.877]},{"i":{"x":[0.833],"y":[1]},"o":{"x":[0.257],"y":[0]},"t":57,"s":[-14]},{"i":{"x":[0.581],"y":[1]},"o":{"x":[0.237],"y":[0]},"t":61,"s":[-4.843]},{"i":{"x":[0.833],"y":[1]},"o":{"x":[0.257],"y":[0]},"t":70,"s":[-17.585]},{"i":{"x":[0.581],"y":[1]},"o":{"x":[0.237],"y":[0]},"t":76,"s":[-4.713]},{"i":{"x":[0.833],"y":[1]},"o":{"x":[0.257],"y":[0]},"t":84,"s":[-16.301]},{"i":{"x":[0.581],"y":[1]},"o":{"x":[0.237],"y":[0]},"t":92,"s":[-5.576]},{"i":{"x":[0.833],"y":[1]},"o":{"x":[0.257],"y":[0]},"t":100,"s":[-14.863]},{"i":{"x":[0.581],"y":[1]},"o":{"x":[0.237],"y":[0]},"t":107,"s":[-7.877]},{"i":{"x":[0.703],"y":[1]},"o":{"x":[0.257],"y":[0]},"t":114,"s":[-14]},{"i":{"x":[0.692],"y":[1]},"o":{"x":[0.357],"y":[0]},"t":122,"s":[-10.753]},{"i":{"x":[0.763],"y":[1]},"o":{"x":[0.419],"y":[0]},"t":129,"s":[-14.877]},{"i":{"x":[0.667],"y":[1]},"o":{"x":[0.167],"y":[0]},"t":135,"s":[-7.877]},{"i":{"x":[0.354],"y":[1]},"o":{"x":[0.371],"y":[0.007]},"t":144,"s":[43.123]},{"t":160,"s":[28.123]}],"ix":10},"p":{"s":true,"x":{"a":1,"k":[{"i":{"x":[0.667],"y":[1]},"o":{"x":[0.167],"y":[0]},"t":25,"s":[47.787]},{"i":{"x":[0.833],"y":[1]},"o":{"x":[0.333],"y":[0]},"t":32,"s":[47.787]},{"i":{"x":[0.833],"y":[1]},"o":{"x":[0.167],"y":[0]},"t":44,"s":[65.163]},{"i":{"x":[0.667],"y":[1]},"o":{"x":[0.167],"y":[0]},"t":135,"s":[65.163]},{"t":151,"s":[47.787]}],"ix":3},"y":{"a":0,"k":-26.891,"ix":4}},"a":{"a":0,"k":[-41.848,23.554,0],"ix":1},"s":{"a":0,"k":[100,100,100],"ix":6}},"ao":0,"shapes":[{"ty":"gr","it":[{"ind":0,"ty":"sh","ix":1,"ks":{"a":0,"k":{"i":[[5.96,-4.82],[0,0],[-6.42,-4.17],[-29.35,23.77],[13.18,34.35]],"o":[[0,0],[-5.95,4.83],[30.86,20.04],[29.36,-23.77],[-2.75,-7.15]],"v":[[46.023,-59.675],[-65.087,30.295],[-64.137,48.515],[36.983,42.755],[63.653,-54.965]],"c":true},"ix":2},"nm":"Path 1","mn":"ADBE Vector Shape - Group","hd":false},{"ty":"fl","c":{"a":0,"k":[0.345097988844,0.800000011921,0.007842999883,1],"ix":4},"o":{"a":0,"k":100,"ix":5},"r":1,"bm":0,"nm":"Fill 1","mn":"ADBE Vector Graphic - Fill","hd":false},{"ty":"tr","p":{"a":0,"k":[0,0],"ix":2},"a":{"a":0,"k":[0,0],"ix":1},"s":{"a":0,"k":[100,100],"ix":3},"r":{"a":0,"k":178,"ix":6},"o":{"a":0,"k":100,"ix":7},"sk":{"a":0,"k":0,"ix":4},"sa":{"a":0,"k":0,"ix":5},"nm":"Transform"}],"nm":"L wing","np":2,"cix":2,"bm":0,"ix":1,"mn":"ADBE Vector Group","hd":false}],"ip":0,"op":300,"st":0,"bm":0}]},{"id":"comp_1","layers":[{"ddd":0,"ind":1,"ty":0,"nm":"Blink","refId":"comp_2","sr":1,"ks":{"o":{"a":0,"k":100,"ix":11},"r":{"a":0,"k":0,"ix":10},"p":{"a":0,"k":[353.159,389.724,0],"ix":2},"a":{"a":0,"k":[450,250,0],"ix":1},"s":{"a":0,"k":[100,100,100],"ix":6}},"ao":0,"hasMask":true,"masksProperties":[{"inv":false,"mode":"a","pt":{"a":1,"k":[{"t":0,"s":[{"i":[[0,0],[0,0],[0,0],[0,0],[0,0],[28,0],[0,0],[0,0],[25,0],[0,0],[0,0],[-33.5,0],[0,0],[0,0],[-25,0],[0,0]],"o":[[0,0],[0,0],[0,0],[0,0],[0,0],[-28,0],[0,0],[0,0],[-25,0],[0,0],[0,0],[33.5,0],[0,0],[0,0],[25,0],[0,0]],"v":[[590.875,31.375],[311.875,31.375],[311.875,246.25],[590.812,246.25],[590.823,225.75],[546.823,225.75],[499.323,225.75],[439.323,225.75],[395.323,225.75],[348.823,225.75],[348.875,60.25],[395.375,60.25],[439.375,60.25],[499.375,60.25],[546.875,60.25],[590.875,60.25]],"c":true}],"h":1},{"t":77.5,"s":[{"i":[[0,0],[0,0],[0,0],[0,0],[0,0],[28,0],[0,0],[0,0],[25,0],[0,0],[0,0],[-33.5,0],[0,0],[0,0],[-25,0],[0,0]],"o":[[0,0],[0,0],[0,0],[0,0],[0,0],[-28,0],[0,0],[0,0],[-25,0],[0,0],[0,0],[33.5,0],[0,0],[0,0],[25,0],[0,0]],"v":[[590.875,31.375],[311.875,31.375],[311.875,246.25],[590.812,246.25],[590.823,225.75],[546.823,225.75],[499.323,225.75],[439.323,225.75],[395.323,225.75],[348.823,225.75],[348.875,60.25],[395.375,60.25],[439.375,60.25],[499.375,60.25],[546.875,60.25],[590.875,60.25]],"c":true}],"h":1},{"i":{"x":0.833,"y":0.833},"o":{"x":0.167,"y":0.167},"t":80,"s":[{"i":[[0,0],[0,0],[0,0],[0,0],[0,0],[28,0],[0,0],[0,0],[25,0],[0,0],[0,0],[-33.5,0],[0,0],[0,0],[-25,0],[0,0]],"o":[[0,0],[0,0],[0,0],[0,0],[0,0],[-28,0],[0,0],[0,0],[-25,0],[0,0],[0,0],[33.5,0],[0,0],[0,0],[25,0],[0,0]],"v":[[590.875,31.375],[311.875,31.375],[311.875,246.25],[590.812,246.25],[590.803,200.333],[546.803,200.333],[499.303,200.333],[439.303,200.333],[395.303,200.333],[348.803,200.333],[348.932,107.224],[395.704,86.224],[439.432,107.224],[499.432,107.224],[547.204,86.224],[590.932,107.224]],"c":true}]},{"i":{"x":0.833,"y":0.833},"o":{"x":0.167,"y":0.167},"t":83,"s":[{"i":[[0,0],[0,0],[0,0],[0,0],[0,0],[28,0],[0,0],[0,0],[25,0],[0,0],[0,0],[-33.5,0],[0,0],[0,0],[-25,0],[0,0]],"o":[[0,0],[0,0],[0,0],[0,0],[0,0],[-28,0],[0,0],[0,0],[-25,0],[0,0],[0,0],[33.5,0],[0,0],[0,0],[25,0],[0,0]],"v":[[590.875,31.375],[311.875,31.375],[311.875,246.25],[590.812,246.25],[590.606,155.417],[546.489,164.917],[499.106,155.417],[439.106,155.417],[394.989,164.917],[348.606,155.417],[349.068,130.75],[395.625,123.75],[439.568,130.75],[499.568,130.75],[547.125,123.75],[591.068,130.75]],"c":true}]},{"t":84,"s":[{"i":[[0,0],[0,0],[0,0],[0,0],[0,0],[28,0],[0,0],[0,0],[25,0],[0,0],[0,0],[-33.5,0],[0,0],[0,0],[-25,0],[0,0]],"o":[[0,0],[0,0],[0,0],[0,0],[0,0],[-28,0],[0,0],[0,0],[-25,0],[0,0],[0,0],[33.5,0],[0,0],[0,0],[25,0],[0,0]],"v":[[590.875,31.375],[311.875,31.375],[311.875,246.25],[590.812,246.25],[590.771,225.75],[546.771,225.75],[499.271,225.75],[439.271,225.75],[395.271,225.75],[348.771,225.75],[348.874,203.25],[395.374,203.25],[439.374,203.25],[499.374,203.25],[546.874,203.25],[590.874,203.25]],"c":true}],"h":1},{"i":{"x":0.833,"y":0.833},"o":{"x":0.167,"y":0.167},"t":90,"s":[{"i":[[0,0],[0,0],[0,0],[0,0],[0,0],[28,0],[0,0],[0,0],[25,0],[0,0],[0,0],[-33.5,0],[0,0],[0,0],[-25,0],[0,0]],"o":[[0,0],[0,0],[0,0],[0,0],[0,0],[-28,0],[0,0],[0,0],[-25,0],[0,0],[0,0],[33.5,0],[0,0],[0,0],[25,0],[0,0]],"v":[[590.875,31.375],[311.875,31.375],[311.875,246.25],[590.812,246.25],[590.771,225.75],[546.771,225.75],[499.271,225.75],[439.271,225.75],[395.271,225.75],[348.771,225.75],[348.874,203.25],[395.374,203.25],[439.374,203.25],[499.374,203.25],[546.874,203.25],[590.874,203.25]],"c":true}]},{"i":{"x":0.833,"y":0.833},"o":{"x":0.167,"y":0.167},"t":91,"s":[{"i":[[0,0],[0,0],[0,0],[0,0],[0,0],[28,0],[0,0],[0,0],[25,0],[0,0],[0,0],[-33.5,0],[0,0],[0,0],[-25,0],[0,0]],"o":[[0,0],[0,0],[0,0],[0,0],[0,0],[-28,0],[0,0],[0,0],[-25,0],[0,0],[0,0],[33.5,0],[0,0],[0,0],[25,0],[0,0]],"v":[[590.875,31.375],[311.875,31.375],[311.875,246.25],[590.812,246.25],[590.371,146.917],[545.698,153.917],[498.871,146.917],[438.871,146.917],[394.698,156.917],[348.371,146.917],[349.655,128.75],[395.697,119.75],[440.155,128.75],[500.155,128.75],[547.197,119.75],[591.655,128.75]],"c":true}]},{"i":{"x":0.833,"y":0.833},"o":{"x":0.167,"y":0.167},"t":95,"s":[{"i":[[0,0],[0,0],[0,0],[0,0],[0,0],[28,0],[0,0],[0,0],[25,0],[0,0],[0,0],[-33.5,0],[0,0],[0,0],[-25,0],[0,0]],"o":[[0,0],[0,0],[0,0],[0,0],[0,0],[-28,0],[0,0],[0,0],[-25,0],[0,0],[0,0],[33.5,0],[0,0],[0,0],[25,0],[0,0]],"v":[[590.875,31.375],[311.875,31.375],[311.875,246.25],[590.812,246.25],[590.803,200.333],[546.803,200.333],[499.303,200.333],[439.303,200.333],[395.303,200.333],[348.803,200.333],[348.932,107.224],[395.704,86.224],[439.432,107.224],[499.432,107.224],[547.204,86.224],[590.932,107.224]],"c":true}]},{"t":97,"s":[{"i":[[0,0],[0,0],[0,0],[0,0],[0,0],[28,0],[0,0],[0,0],[25,0],[0,0],[0,0],[-33.5,0],[0,0],[0,0],[-25,0],[0,0]],"o":[[0,0],[0,0],[0,0],[0,0],[0,0],[-28,0],[0,0],[0,0],[-25,0],[0,0],[0,0],[33.5,0],[0,0],[0,0],[25,0],[0,0]],"v":[[590.875,31.375],[311.875,31.375],[311.875,246.25],[590.812,246.25],[590.823,225.75],[546.823,225.75],[499.323,225.75],[439.323,225.75],[395.323,225.75],[348.823,225.75],[348.875,60.25],[395.375,60.25],[439.375,60.25],[499.375,60.25],[546.875,60.25],[590.875,60.25]],"c":true}],"h":1},{"t":208,"s":[{"i":[[0,0],[0,0],[0,0],[0,0],[0,0],[28,0],[0,0],[0,0],[25,0],[0,0],[0,0],[-33.5,0],[0,0],[0,0],[-25,0],[0,0]],"o":[[0,0],[0,0],[0,0],[0,0],[0,0],[-28,0],[0,0],[0,0],[-25,0],[0,0],[0,0],[33.5,0],[0,0],[0,0],[25,0],[0,0]],"v":[[590.875,31.375],[311.875,31.375],[311.875,246.25],[590.812,246.25],[590.823,225.75],[546.823,225.75],[499.323,225.75],[439.323,225.75],[395.323,225.75],[348.823,225.75],[348.875,60.25],[395.375,60.25],[439.375,60.25],[499.375,60.25],[546.875,60.25],[590.875,60.25]],"c":true}],"h":1},{"i":{"x":0.833,"y":0.833},"o":{"x":0.167,"y":0.167},"t":210.5,"s":[{"i":[[0,0],[0,0],[0,0],[0,0],[0,0],[28,0],[0,0],[0,0],[25,0],[0,0],[0,0],[-33.5,0],[0,0],[0,0],[-25,0],[0,0]],"o":[[0,0],[0,0],[0,0],[0,0],[0,0],[-28,0],[0,0],[0,0],[-25,0],[0,0],[0,0],[33.5,0],[0,0],[0,0],[25,0],[0,0]],"v":[[590.875,31.375],[311.875,31.375],[311.875,246.25],[590.812,246.25],[590.803,200.333],[546.803,200.333],[499.303,200.333],[439.303,200.333],[395.303,200.333],[348.803,200.333],[348.932,107.224],[395.704,86.224],[439.432,107.224],[499.432,107.224],[547.204,86.224],[590.932,107.224]],"c":true}]},{"i":{"x":0.833,"y":0.833},"o":{"x":0.167,"y":0.167},"t":213.5,"s":[{"i":[[0,0],[0,0],[0,0],[0,0],[0,0],[28,0],[0,0],[0,0],[25,0],[0,0],[0,0],[-33.5,0],[0,0],[0,0],[-25,0],[0,0]],"o":[[0,0],[0,0],[0,0],[0,0],[0,0],[-28,0],[0,0],[0,0],[-25,0],[0,0],[0,0],[33.5,0],[0,0],[0,0],[25,0],[0,0]],"v":[[590.875,31.375],[311.875,31.375],[311.875,246.25],[590.812,246.25],[590.606,155.417],[546.489,164.917],[499.106,155.417],[439.106,155.417],[394.989,164.917],[348.606,155.417],[349.068,130.75],[395.625,123.75],[439.568,130.75],[499.568,130.75],[547.125,123.75],[591.068,130.75]],"c":true}]},{"t":214.5,"s":[{"i":[[0,0],[0,0],[0,0],[0,0],[0,0],[28,0],[0,0],[0,0],[25,0],[0,0],[0,0],[-33.5,0],[0,0],[0,0],[-25,0],[0,0]],"o":[[0,0],[0,0],[0,0],[0,0],[0,0],[-28,0],[0,0],[0,0],[-25,0],[0,0],[0,0],[33.5,0],[0,0],[0,0],[25,0],[0,0]],"v":[[590.875,31.375],[311.875,31.375],[311.875,246.25],[590.812,246.25],[590.771,225.75],[546.771,225.75],[499.271,225.75],[439.271,225.75],[395.271,225.75],[348.771,225.75],[348.874,203.25],[395.374,203.25],[439.374,203.25],[499.374,203.25],[546.874,203.25],[590.874,203.25]],"c":true}],"h":1},{"i":{"x":0.833,"y":0.833},"o":{"x":0.167,"y":0.167},"t":220.5,"s":[{"i":[[0,0],[0,0],[0,0],[0,0],[0,0],[28,0],[0,0],[0,0],[25,0],[0,0],[0,0],[-33.5,0],[0,0],[0,0],[-25,0],[0,0]],"o":[[0,0],[0,0],[0,0],[0,0],[0,0],[-28,0],[0,0],[0,0],[-25,0],[0,0],[0,0],[33.5,0],[0,0],[0,0],[25,0],[0,0]],"v":[[590.875,31.375],[311.875,31.375],[311.875,246.25],[590.812,246.25],[590.771,225.75],[546.771,225.75],[499.271,225.75],[439.271,225.75],[395.271,225.75],[348.771,225.75],[348.874,203.25],[395.374,203.25],[439.374,203.25],[499.374,203.25],[546.874,203.25],[590.874,203.25]],"c":true}]},{"i":{"x":0.833,"y":0.833},"o":{"x":0.167,"y":0.167},"t":221.5,"s":[{"i":[[0,0],[0,0],[0,0],[0,0],[0,0],[28,0],[0,0],[0,0],[25,0],[0,0],[0,0],[-33.5,0],[0,0],[0,0],[-25,0],[0,0]],"o":[[0,0],[0,0],[0,0],[0,0],[0,0],[-28,0],[0,0],[0,0],[-25,0],[0,0],[0,0],[33.5,0],[0,0],[0,0],[25,0],[0,0]],"v":[[590.875,31.375],[311.875,31.375],[311.875,246.25],[590.812,246.25],[590.371,146.917],[545.698,153.917],[498.871,146.917],[438.871,146.917],[394.698,156.917],[348.371,146.917],[349.655,128.75],[395.697,119.75],[440.155,128.75],[500.155,128.75],[547.197,119.75],[591.655,128.75]],"c":true}]},{"i":{"x":0.833,"y":0.833},"o":{"x":0.167,"y":0.167},"t":226,"s":[{"i":[[0,0],[0,0],[0,0],[0,0],[0,0],[28,0],[0,0],[0,0],[25,0],[0,0],[0,0],[-33.5,0],[0,0],[0,0],[-25,0],[0,0]],"o":[[0,0],[0,0],[0,0],[0,0],[0,0],[-28,0],[0,0],[0,0],[-25,0],[0,0],[0,0],[33.5,0],[0,0],[0,0],[25,0],[0,0]],"v":[[590.875,31.375],[311.875,31.375],[311.875,246.25],[590.812,246.25],[590.803,200.333],[546.803,200.333],[499.303,200.333],[439.303,200.333],[395.303,200.333],[348.803,200.333],[348.932,107.224],[395.704,86.224],[439.432,107.224],[499.432,107.224],[547.204,86.224],[590.932,107.224]],"c":true}]},{"t":227,"s":[{"i":[[0,0],[0,0],[0,0],[0,0],[0,0],[28,0],[0,0],[0,0],[25,0],[0,0],[0,0],[-33.5,0],[0,0],[0,0],[-25,0],[0,0]],"o":[[0,0],[0,0],[0,0],[0,0],[0,0],[-28,0],[0,0],[0,0],[-25,0],[0,0],[0,0],[33.5,0],[0,0],[0,0],[25,0],[0,0]],"v":[[590.875,31.375],[311.875,31.375],[311.875,246.25],[590.812,246.25],[590.823,225.75],[546.823,225.75],[499.323,225.75],[439.323,225.75],[395.323,225.75],[348.823,225.75],[348.875,60.25],[395.375,60.25],[439.375,60.25],[499.375,60.25],[546.875,60.25],[590.875,60.25]],"c":true}],"h":1}],"ix":1},"o":{"a":0,"k":100,"ix":3},"x":{"a":0,"k":0,"ix":4},"nm":"Mask 1"}],"w":900,"h":500,"ip":0,"op":555,"st":-222.5,"bm":0}]},{"id":"comp_2","layers":[{"ddd":0,"ind":1,"ty":4,"nm":"eye L 2","sr":1,"ks":{"o":{"a":0,"k":100,"ix":11},"r":{"a":0,"k":0,"ix":10},"p":{"a":0,"k":[545.065,133.378,0],"ix":2},"a":{"a":0,"k":[0,0,0],"ix":1},"s":{"a":0,"k":[105,105,100],"ix":6}},"ao":0,"shapes":[{"ty":"gr","it":[{"ind":0,"ty":"sh","ix":1,"ks":{"a":0,"k":{"i":[[-19.33,0],[0,-19.33],[0,0],[19.33,0],[0,19.33],[0,0]],"o":[[19.33,0],[0,0],[0,19.33],[-19.33,0],[0,0],[0,-19.33]],"v":[[0,-45.5],[35,-10.5],[35,10.5],[0,45.5],[-35,10.5],[-35,-10.5]],"c":true},"ix":2},"nm":"Path 1","mn":"ADBE Vector Shape - Group","hd":false},{"ty":"fl","c":{"a":0,"k":[0.537254901961,0.886274509804,0.098039215686,1],"ix":4},"o":{"a":0,"k":100,"ix":5},"r":1,"bm":0,"nm":"Fill 1","mn":"ADBE Vector Graphic - Fill","hd":false},{"ty":"tr","p":{"a":0,"k":[0,0],"ix":2},"a":{"a":0,"k":[0,0],"ix":1},"s":{"a":0,"k":[122.85,122.85],"ix":3},"r":{"a":0,"k":0,"ix":6},"o":{"a":0,"k":100,"ix":7},"sk":{"a":0,"k":0,"ix":4},"sa":{"a":0,"k":0,"ix":5},"nm":"Transform"}],"nm":"eye L","np":2,"cix":2,"bm":0,"ix":1,"mn":"ADBE Vector Group","hd":false}],"ip":0,"op":2402.5,"st":0,"bm":0},{"ddd":0,"ind":2,"ty":4,"nm":"eye R 2","sr":1,"ks":{"o":{"a":0,"k":100,"ix":11},"r":{"a":0,"k":0,"ix":10},"p":{"a":0,"k":[393.959,133.378,0],"ix":2},"a":{"a":0,"k":[0,0,0],"ix":1},"s":{"a":0,"k":[105,105,100],"ix":6}},"ao":0,"shapes":[{"ty":"gr","it":[{"ind":0,"ty":"sh","ix":1,"ks":{"a":0,"k":{"i":[[-19.33,0],[0,-19.33],[0,0],[19.33,0],[0,19.33],[0,0]],"o":[[19.33,0],[0,0],[0,19.33],[-19.33,0],[0,0],[0,-19.33]],"v":[[0,-45.5],[35,-10.5],[35,10.5],[0,45.5],[-35,10.5],[-35,-10.5]],"c":true},"ix":2},"nm":"Path 1","mn":"ADBE Vector Shape - Group","hd":false},{"ty":"fl","c":{"a":0,"k":[0.537254901961,0.886274509804,0.098039215686,1],"ix":4},"o":{"a":0,"k":100,"ix":5},"r":1,"bm":0,"nm":"Fill 1","mn":"ADBE Vector Graphic - Fill","hd":false},{"ty":"tr","p":{"a":0,"k":[0,0],"ix":2},"a":{"a":0,"k":[0,0],"ix":1},"s":{"a":0,"k":[122.85,122.85],"ix":3},"r":{"a":0,"k":0,"ix":6},"o":{"a":0,"k":100,"ix":7},"sk":{"a":0,"k":0,"ix":4},"sa":{"a":0,"k":0,"ix":5},"nm":"Transform"}],"nm":"eye R","np":2,"cix":2,"bm":0,"ix":1,"mn":"ADBE Vector Group","hd":false}],"ip":0,"op":2402.5,"st":0,"bm":0}]}],"layers":[{"ddd":0,"ind":2,"ty":0,"nm":"Duo Bell ANIM","refId":"comp_0","sr":1,"ks":{"o":{"a":0,"k":100,"ix":11},"r":{"a":0,"k":0,"ix":10},"p":{"a":0,"k":[278,158,0],"ix":2},"a":{"a":0,"k":[278,158,0],"ix":1},"s":{"a":0,"k":[100,100,100],"ix":6}},"ao":0,"w":556,"h":316,"ip":0,"op":300,"st":0,"bm":0}],"markers":[]}
