{"v":"5.5.9","fr":60,"ip":0,"op":300,"w":850,"h":850,"nm":"CROP_Progress","ddd":0,"assets":[{"id":"comp_0","layers":[{"ddd":0,"ind":1,"ty":3,"nm":"Shape Layer 1","parent":2,"sr":1,"ks":{"o":{"a":0,"k":100,"ix":11},"r":{"a":0,"k":0,"ix":10},"p":{"a":0,"k":[0,0,0],"ix":2},"a":{"a":0,"k":[0,0,0],"ix":1},"s":{"a":0,"k":[100,100,100],"ix":6}},"ao":0,"ip":0,"op":800,"st":0,"bm":10},{"ddd":0,"ind":2,"ty":3,"nm":"MOVE NULL","sr":1,"ks":{"o":{"a":0,"k":0,"ix":11},"r":{"a":0,"k":0,"ix":10},"p":{"s":true,"x":{"a":0,"k":376,"ix":3},"y":{"a":1,"k":[{"i":{"x":[0.933],"y":[1]},"o":{"x":[0.351],"y":[0]},"t":0,"s":[404.141]},{"i":{"x":[0.363],"y":[0.852]},"o":{"x":[0.324],"y":[0]},"t":192,"s":[469.631]},{"i":{"x":[0.667],"y":[1]},"o":{"x":[0.371],"y":[1.175]},"t":236,"s":[410.47]},{"t":300,"s":[404.141]}],"ix":4}},"a":{"a":0,"k":[0,0,0],"ix":1},"s":{"a":0,"k":[100,100,100],"ix":6}},"ao":0,"ip":0,"op":800,"st":0,"bm":0},{"ddd":0,"ind":3,"ty":0,"nm":"BADGE","parent":5,"refId":"comp_1","sr":1,"ks":{"o":{"a":0,"k":100,"ix":11},"r":{"a":0,"k":0,"ix":10},"p":{"a":0,"k":[533.5,435,0],"ix":2},"a":{"a":0,"k":[44,102.5,0],"ix":1},"s":{"a":0,"k":[100,100,100],"ix":6}},"ao":0,"w":210,"h":227,"ip":0,"op":800,"st":0,"bm":0},{"ddd":0,"ind":4,"ty":0,"nm":"FACE MASK","parent":5,"refId":"comp_3","sr":1,"ks":{"o":{"a":0,"k":100,"ix":11},"r":{"a":0,"k":0,"ix":10},"p":{"a":0,"k":[425,425,0],"ix":2},"a":{"a":0,"k":[425,425,0],"ix":1},"s":{"a":0,"k":[100,100,100],"ix":6}},"ao":0,"w":850,"h":850,"ip":0,"op":800,"st":0,"bm":0},{"ddd":0,"ind":5,"ty":0,"nm":"TORSO","parent":1,"refId":"comp_7","sr":1,"ks":{"o":{"a":0,"k":100,"ix":11},"r":{"a":1,"k":[{"i":{"x":[0.667],"y":[1]},"o":{"x":[0.333],"y":[0]},"t":152,"s":[0]},{"i":{"x":[0.667],"y":[1]},"o":{"x":[0.333],"y":[0]},"t":160,"s":[0.161]},{"i":{"x":[0.667],"y":[1]},"o":{"x":[0.333],"y":[0]},"t":168,"s":[-0.373]},{"i":{"x":[0.667],"y":[1]},"o":{"x":[0.333],"y":[0]},"t":176,"s":[0.594]},{"i":{"x":[0.667],"y":[1]},"o":{"x":[0.333],"y":[0]},"t":184,"s":[-0.741]},{"i":{"x":[0.667],"y":[1]},"o":{"x":[0.333],"y":[0]},"t":192,"s":[0.516]},{"i":{"x":[0.667],"y":[1]},"o":{"x":[0.333],"y":[0]},"t":200,"s":[-0.635]},{"i":{"x":[0.667],"y":[1]},"o":{"x":[0.333],"y":[0]},"t":208,"s":[0.36]},{"i":{"x":[0.667],"y":[1]},"o":{"x":[0.333],"y":[0]},"t":216,"s":[-0.545]},{"i":{"x":[0.667],"y":[1]},"o":{"x":[0.333],"y":[0]},"t":224,"s":[0.303]},{"i":{"x":[0.667],"y":[1]},"o":{"x":[0.333],"y":[0]},"t":232,"s":[-0.401]},{"i":{"x":[0.667],"y":[1]},"o":{"x":[0.333],"y":[0]},"t":240,"s":[0.213]},{"i":{"x":[0.667],"y":[1]},"o":{"x":[0.333],"y":[0]},"t":248,"s":[-0.2]},{"i":{"x":[0.667],"y":[1]},"o":{"x":[0.333],"y":[0]},"t":256,"s":[0.08]},{"i":{"x":[0.667],"y":[1]},"o":{"x":[0.333],"y":[0]},"t":264,"s":[-0.031]},{"t":272,"s":[0]}],"ix":10},"p":{"a":0,"k":[-3,120,0],"ix":2},"a":{"a":0,"k":[373,533,0],"ix":1},"s":{"a":0,"k":[100,100,100],"ix":6}},"ao":0,"w":850,"h":850,"ip":0,"op":800,"st":0,"bm":0},{"ddd":0,"ind":6,"ty":0,"nm":"Wing R","parent":5,"refId":"comp_9","sr":1,"ks":{"o":{"a":0,"k":100,"ix":11},"r":{"a":1,"k":[{"i":{"x":[0.667],"y":[1]},"o":{"x":[0.333],"y":[0]},"t":0,"s":[6.73]},{"i":{"x":[0.667],"y":[1]},"o":{"x":[0.333],"y":[0]},"t":27,"s":[1.289]},{"i":{"x":[0.667],"y":[1]},"o":{"x":[0.333],"y":[0]},"t":40,"s":[6.73]},{"i":{"x":[0.667],"y":[1]},"o":{"x":[0.333],"y":[0]},"t":50,"s":[-10]},{"i":{"x":[0.667],"y":[1]},"o":{"x":[0.333],"y":[0]},"t":60,"s":[6.73]},{"i":{"x":[0.667],"y":[1]},"o":{"x":[0.333],"y":[0]},"t":70,"s":[-10]},{"i":{"x":[0.667],"y":[1]},"o":{"x":[0.333],"y":[0]},"t":80,"s":[6.73]},{"i":{"x":[0.667],"y":[1]},"o":{"x":[0.333],"y":[0]},"t":90,"s":[-10]},{"i":{"x":[0.667],"y":[1]},"o":{"x":[0.333],"y":[0]},"t":100,"s":[6.73]},{"i":{"x":[0.667],"y":[1]},"o":{"x":[0.333],"y":[0]},"t":110,"s":[-10]},{"i":{"x":[0.667],"y":[1]},"o":{"x":[0.333],"y":[0]},"t":120,"s":[6.73]},{"i":{"x":[0.667],"y":[1]},"o":{"x":[0.333],"y":[0]},"t":130,"s":[-10]},{"i":{"x":[0.667],"y":[1]},"o":{"x":[0.333],"y":[0]},"t":140,"s":[6.73]},{"i":{"x":[0.667],"y":[1]},"o":{"x":[0.333],"y":[0]},"t":153,"s":[-14.734]},{"i":{"x":[0.667],"y":[1]},"o":{"x":[0.333],"y":[0]},"t":165,"s":[10.281]},{"i":{"x":[0.667],"y":[1]},"o":{"x":[0.333],"y":[0]},"t":186,"s":[-23.019]},{"i":{"x":[0.833],"y":[0.909]},"o":{"x":[0.333],"y":[0]},"t":200,"s":[17.084]},{"i":{"x":[0.667],"y":[1]},"o":{"x":[0.167],"y":[0.653]},"t":219,"s":[-63.632]},{"i":{"x":[0.667],"y":[1]},"o":{"x":[0.469],"y":[0]},"t":240,"s":[-76.121]},{"i":{"x":[0.667],"y":[1]},"o":{"x":[0.333],"y":[0]},"t":263,"s":[12.592]},{"i":{"x":[0.667],"y":[1]},"o":{"x":[0.333],"y":[0]},"t":280,"s":[3.033]},{"t":300,"s":[6.73]}],"ix":10},"p":{"s":true,"x":{"a":1,"k":[{"i":{"x":[0.667],"y":[1]},"o":{"x":[0.167],"y":[0]},"t":0,"s":[249]},{"i":{"x":[0.667],"y":[1]},"o":{"x":[0.333],"y":[0]},"t":192,"s":[249]},{"i":{"x":[0.667],"y":[1]},"o":{"x":[0.333],"y":[0]},"t":221,"s":[225.738]},{"i":{"x":[0.37],"y":[1]},"o":{"x":[0.333],"y":[0]},"t":240,"s":[225.738]},{"t":263,"s":[249]}],"ix":3},"y":{"a":1,"k":[{"i":{"x":[0.667],"y":[1]},"o":{"x":[0.167],"y":[0]},"t":0,"s":[317]},{"i":{"x":[0.667],"y":[1]},"o":{"x":[0.333],"y":[0]},"t":192,"s":[317]},{"i":{"x":[0.667],"y":[1]},"o":{"x":[0.333],"y":[0]},"t":221,"s":[357.19]},{"i":{"x":[0.37],"y":[1]},"o":{"x":[0.333],"y":[0]},"t":240,"s":[357.19]},{"t":263,"s":[317]}],"ix":4}},"a":{"a":0,"k":[148.5,112,0],"ix":1},"s":{"a":0,"k":[100,100,100],"ix":6}},"ao":0,"w":297,"h":224,"ip":0,"op":800,"st":0,"bm":0},{"ddd":0,"ind":7,"ty":0,"nm":"Foot","parent":5,"refId":"comp_10","sr":1,"ks":{"o":{"a":0,"k":100,"ix":11},"r":{"a":0,"k":-28.25,"ix":10},"p":{"a":0,"k":[346,651.859,0],"ix":2},"a":{"a":0,"k":[436,634,0],"ix":1},"s":{"a":0,"k":[-100,100,100],"ix":6}},"ao":0,"w":850,"h":850,"ip":0,"op":800,"st":0,"bm":0},{"ddd":0,"ind":8,"ty":0,"nm":"Foot","parent":5,"refId":"comp_10","sr":1,"ks":{"o":{"a":0,"k":100,"ix":11},"r":{"a":0,"k":0,"ix":10},"p":{"a":0,"k":[425,433.859,0],"ix":2},"a":{"a":0,"k":[425,425,0],"ix":1},"s":{"a":0,"k":[100,100,100],"ix":6}},"ao":0,"w":850,"h":850,"ip":-6,"op":794,"st":-6,"bm":0}]},{"id":"comp_1","layers":[{"ddd":0,"ind":1,"ty":4,"nm":"hand L","sr":1,"ks":{"o":{"a":0,"k":100,"ix":11},"r":{"a":0,"k":0,"ix":10},"p":{"a":0,"k":[172.074,98.302,0],"ix":2},"a":{"a":0,"k":[0,0,0],"ix":1},"s":{"a":0,"k":[100,100,100],"ix":6}},"ao":0,"shapes":[{"ty":"gr","it":[{"ind":0,"ty":"sh","ix":1,"ks":{"a":0,"k":{"i":[[-0.86,0.53],[0,0],[-2.82,-4.62],[0.04,-1.87],[0,0],[5,0.1],[1.63,1.53],[0,0],[-4.22,4.51]],"o":[[0,0],[4.62,-2.82],[0.98,1.6],[0,0],[-0.1,5.01],[-2.23,-0.05],[0,0],[-4.52,-4.22],[0.69,-0.74]],"v":[[-6.162,-10.421],[-3.412,-12.101],[10.068,-8.851],[11.508,-3.531],[11.338,4.669],[2.098,13.539],[-3.902,11.099],[-7.962,7.309],[-8.502,-8.511]],"c":true},"ix":2},"nm":"Path 1","mn":"ADBE Vector Shape - Group","hd":false},{"ty":"fl","c":{"a":0,"k":[0.188234999776,0.447059005499,0.776471018791,1],"ix":4},"o":{"a":0,"k":100,"ix":5},"r":1,"bm":0,"nm":"Fill 1","mn":"ADBE Vector Graphic - Fill","hd":false},{"ty":"tr","p":{"a":0,"k":[0,0],"ix":2},"a":{"a":0,"k":[0,0],"ix":1},"s":{"a":0,"k":[324.324,324.324],"ix":3},"r":{"a":0,"k":0,"ix":6},"o":{"a":0,"k":100,"ix":7},"sk":{"a":0,"k":0,"ix":4},"sa":{"a":0,"k":0,"ix":5},"nm":"Transform"}],"nm":"hand L","np":2,"cix":2,"bm":0,"ix":1,"mn":"ADBE Vector Group","hd":false}],"ip":0,"op":800,"st":0,"bm":0},{"ddd":0,"ind":2,"ty":0,"nm":"Sparkle Particle 2","refId":"comp_2","sr":1,"ks":{"o":{"a":0,"k":100,"ix":11},"r":{"a":0,"k":0,"ix":10},"p":{"a":0,"k":[151,32.5,0],"ix":2},"a":{"a":0,"k":[100,100,0],"ix":1},"s":{"a":0,"k":[150,150,100],"ix":6}},"ao":0,"w":200,"h":200,"ip":82,"op":165,"st":82,"bm":0},{"ddd":0,"ind":3,"ty":4,"nm":"badge stroke","td":1,"sr":1,"ks":{"o":{"a":0,"k":100,"ix":11},"r":{"a":0,"k":0,"ix":10},"p":{"a":0,"k":[92.039,97.989,0],"ix":2},"a":{"a":0,"k":[0,0,0],"ix":1},"s":{"a":0,"k":[100,100,100],"ix":6}},"ao":0,"shapes":[{"ty":"gr","it":[{"ind":0,"ty":"sh","ix":1,"ks":{"a":0,"k":{"i":[[0.43,0.13],[0,0],[-0.96,4.01],[0,0],[0.1,0.41],[0,0],[-3.99,1.18],[0,0],[-0.32,0.3],[0,0],[-3.04,-2.77],[0,0],[-0.43,-0.13],[0,0],[0.96,-4.01],[0,0],[-0.09,-0.4],[0,0],[3.99,-1.18],[0,0],[0.32,-0.3],[0,0],[3.04,2.77],[0,0]],"o":[[0,0],[-3.99,-1.19],[0,0],[0.1,-0.41],[0,0],[-0.96,-4.01],[0,0],[0.43,-0.13],[0,0],[3.05,-2.77],[0,0],[0.33,0.3],[0,0],[4,1.19],[0,0],[-0.09,0.41],[0,0],[0.96,4.02],[0,0],[-0.43,0.13],[0,0],[-3.04,2.77],[0,0],[-0.32,-0.3]],"v":[[-12.325,19.611],[-19.895,17.371],[-25.325,8.131],[-23.535,0.621],[-23.535,-0.619],[-25.325,-8.129],[-19.895,-17.359],[-12.325,-19.609],[-11.175,-20.259],[-5.395,-25.519],[5.395,-25.519],[11.175,-20.259],[12.325,-19.609],[19.895,-17.369],[25.325,-8.129],[23.535,-0.619],[23.535,0.611],[25.325,8.121],[19.895,17.361],[12.325,19.611],[11.175,20.261],[5.395,25.521],[-5.395,25.521],[-11.175,20.261]],"c":true},"ix":2},"nm":"Path 1","mn":"ADBE Vector Shape - Group","hd":false},{"ty":"st","c":{"a":0,"k":[1,0.694118022919,0,1],"ix":3},"o":{"a":0,"k":100,"ix":4},"w":{"a":0,"k":5.007,"ix":5},"lc":1,"lj":1,"ml":4,"bm":0,"nm":"Stroke 1","mn":"ADBE Vector Graphic - Stroke","hd":false},{"ty":"tr","p":{"a":0,"k":[0,0],"ix":2},"a":{"a":0,"k":[0,0],"ix":1},"s":{"a":0,"k":[324.324,324.324],"ix":3},"r":{"a":0,"k":0,"ix":6},"o":{"a":0,"k":100,"ix":7},"sk":{"a":0,"k":0,"ix":4},"sa":{"a":0,"k":0,"ix":5},"nm":"Transform"}],"nm":"badge","np":2,"cix":2,"bm":0,"ix":1,"mn":"ADBE Vector Group","hd":false}],"ip":0,"op":800,"st":0,"bm":0},{"ddd":0,"ind":4,"ty":4,"nm":"SHINE ANIM 2","tt":1,"sr":1,"ks":{"o":{"a":0,"k":85,"ix":11},"r":{"a":0,"k":48,"ix":10},"p":{"s":true,"x":{"a":1,"k":[{"i":{"x":[0.31],"y":[1]},"o":{"x":[0.578],"y":[0]},"t":57,"s":[-172]},{"t":119,"s":[287]}],"ix":3},"y":{"a":1,"k":[{"i":{"x":[0.988],"y":[1]},"o":{"x":[0.012],"y":[0]},"t":57,"s":[113.5]},{"t":119,"s":[113.5]}],"ix":4}},"a":{"a":0,"k":[0,0,0],"ix":1},"s":{"a":0,"k":[100,100,100],"ix":6}},"ao":0,"shapes":[{"ty":"rc","d":1,"s":{"a":1,"k":[{"i":{"x":[0.833,0.833],"y":[0.833,1]},"o":{"x":[0.87,0.333],"y":[0,0]},"t":57,"s":[80,395]},{"i":{"x":[0.221,0.667],"y":[1,1]},"o":{"x":[0.167,0.167],"y":[0.167,0]},"t":88,"s":[120,395]},{"t":119,"s":[80,395]}],"ix":2},"p":{"a":0,"k":[0,0],"ix":3},"r":{"a":0,"k":0,"ix":4},"nm":"Rectangle Path 1","mn":"ADBE Vector Shape - Rect","hd":false},{"ty":"fl","c":{"a":0,"k":[1,1,1,1],"ix":4},"o":{"a":0,"k":100,"ix":5},"r":1,"bm":0,"nm":"Fill 1","mn":"ADBE Vector Graphic - Fill","hd":false}],"ip":0,"op":800,"st":0,"bm":0},{"ddd":0,"ind":5,"ty":4,"nm":"badge stroke 2","sr":1,"ks":{"o":{"a":0,"k":100,"ix":11},"r":{"a":0,"k":0,"ix":10},"p":{"a":0,"k":[92.039,97.989,0],"ix":2},"a":{"a":0,"k":[0,0,0],"ix":1},"s":{"a":0,"k":[100,100,100],"ix":6}},"ao":0,"shapes":[{"ty":"gr","it":[{"ind":0,"ty":"sh","ix":1,"ks":{"a":0,"k":{"i":[[0.43,0.13],[0,0],[-0.96,4.01],[0,0],[0.1,0.41],[0,0],[-3.99,1.18],[0,0],[-0.32,0.3],[0,0],[-3.04,-2.77],[0,0],[-0.43,-0.13],[0,0],[0.96,-4.01],[0,0],[-0.09,-0.4],[0,0],[3.99,-1.18],[0,0],[0.32,-0.3],[0,0],[3.04,2.77],[0,0]],"o":[[0,0],[-3.99,-1.19],[0,0],[0.1,-0.41],[0,0],[-0.96,-4.01],[0,0],[0.43,-0.13],[0,0],[3.05,-2.77],[0,0],[0.33,0.3],[0,0],[4,1.19],[0,0],[-0.09,0.41],[0,0],[0.96,4.02],[0,0],[-0.43,0.13],[0,0],[-3.04,2.77],[0,0],[-0.32,-0.3]],"v":[[-12.325,19.611],[-19.895,17.371],[-25.325,8.131],[-23.535,0.621],[-23.535,-0.619],[-25.325,-8.129],[-19.895,-17.359],[-12.325,-19.609],[-11.175,-20.259],[-5.395,-25.519],[5.395,-25.519],[11.175,-20.259],[12.325,-19.609],[19.895,-17.369],[25.325,-8.129],[23.535,-0.619],[23.535,0.611],[25.325,8.121],[19.895,17.361],[12.325,19.611],[11.175,20.261],[5.395,25.521],[-5.395,25.521],[-11.175,20.261]],"c":true},"ix":2},"nm":"Path 1","mn":"ADBE Vector Shape - Group","hd":false},{"ty":"st","c":{"a":0,"k":[1,0.694118022919,0,1],"ix":3},"o":{"a":0,"k":100,"ix":4},"w":{"a":0,"k":5.007,"ix":5},"lc":1,"lj":1,"ml":4,"bm":0,"nm":"Stroke 1","mn":"ADBE Vector Graphic - Stroke","hd":false},{"ty":"tr","p":{"a":0,"k":[0,0],"ix":2},"a":{"a":0,"k":[0,0],"ix":1},"s":{"a":0,"k":[324.324,324.324],"ix":3},"r":{"a":0,"k":0,"ix":6},"o":{"a":0,"k":100,"ix":7},"sk":{"a":0,"k":0,"ix":4},"sa":{"a":0,"k":0,"ix":5},"nm":"Transform"}],"nm":"badge","np":2,"cix":2,"bm":0,"ix":1,"mn":"ADBE Vector Group","hd":false}],"ip":0,"op":800,"st":0,"bm":0},{"ddd":0,"ind":6,"ty":4,"nm":"badge 2","td":1,"sr":1,"ks":{"o":{"a":0,"k":100,"ix":11},"r":{"a":0,"k":0,"ix":10},"p":{"a":0,"k":[92.039,97.989,0],"ix":2},"a":{"a":0,"k":[0,0,0],"ix":1},"s":{"a":0,"k":[100,100,100],"ix":6}},"ao":0,"shapes":[{"ty":"gr","it":[{"ind":0,"ty":"sh","ix":1,"ks":{"a":0,"k":{"i":[[0.43,0.13],[0,0],[-0.96,4.01],[0,0],[0.1,0.41],[0,0],[-3.99,1.18],[0,0],[-0.32,0.3],[0,0],[-3.04,-2.77],[0,0],[-0.43,-0.13],[0,0],[0.96,-4.01],[0,0],[-0.09,-0.4],[0,0],[3.99,-1.18],[0,0],[0.32,-0.3],[0,0],[3.04,2.77],[0,0]],"o":[[0,0],[-3.99,-1.19],[0,0],[0.1,-0.41],[0,0],[-0.96,-4.01],[0,0],[0.43,-0.13],[0,0],[3.05,-2.77],[0,0],[0.33,0.3],[0,0],[4,1.19],[0,0],[-0.09,0.41],[0,0],[0.96,4.02],[0,0],[-0.43,0.13],[0,0],[-3.04,2.77],[0,0],[-0.32,-0.3]],"v":[[-12.325,19.611],[-19.895,17.371],[-25.325,8.131],[-23.535,0.621],[-23.535,-0.619],[-25.325,-8.129],[-19.895,-17.359],[-12.325,-19.609],[-11.175,-20.259],[-5.395,-25.519],[5.395,-25.519],[11.175,-20.259],[12.325,-19.609],[19.895,-17.369],[25.325,-8.129],[23.535,-0.619],[23.535,0.611],[25.325,8.121],[19.895,17.361],[12.325,19.611],[11.175,20.261],[5.395,25.521],[-5.395,25.521],[-11.175,20.261]],"c":true},"ix":2},"nm":"Path 1","mn":"ADBE Vector Shape - Group","hd":false},{"ty":"fl","c":{"a":0,"k":[1,0.784313976765,0,1],"ix":4},"o":{"a":0,"k":100,"ix":5},"r":1,"bm":0,"nm":"Fill 1","mn":"ADBE Vector Graphic - Fill","hd":false},{"ty":"tr","p":{"a":0,"k":[0,0],"ix":2},"a":{"a":0,"k":[0,0],"ix":1},"s":{"a":0,"k":[324.324,324.324],"ix":3},"r":{"a":0,"k":0,"ix":6},"o":{"a":0,"k":100,"ix":7},"sk":{"a":0,"k":0,"ix":4},"sa":{"a":0,"k":0,"ix":5},"nm":"Transform"}],"nm":"badge","np":2,"cix":2,"bm":0,"ix":1,"mn":"ADBE Vector Group","hd":false}],"ip":0,"op":800,"st":0,"bm":0},{"ddd":0,"ind":7,"ty":4,"nm":"SHINE ANIM","tt":1,"sr":1,"ks":{"o":{"a":0,"k":85,"ix":11},"r":{"a":0,"k":48,"ix":10},"p":{"s":true,"x":{"a":1,"k":[{"i":{"x":[0.31],"y":[1]},"o":{"x":[0.578],"y":[0]},"t":50,"s":[-172]},{"t":112,"s":[277]}],"ix":3},"y":{"a":1,"k":[{"i":{"x":[0.988],"y":[1]},"o":{"x":[0.012],"y":[0]},"t":50,"s":[113.5]},{"t":112,"s":[113.5]}],"ix":4}},"a":{"a":0,"k":[0,0,0],"ix":1},"s":{"a":0,"k":[100,100,100],"ix":6}},"ao":0,"shapes":[{"ty":"rc","d":1,"s":{"a":1,"k":[{"i":{"x":[0.833,0.833],"y":[0.833,1]},"o":{"x":[0.87,0.333],"y":[0,0]},"t":50,"s":[80,395]},{"i":{"x":[0.221,0.667],"y":[1,1]},"o":{"x":[0.167,0.167],"y":[0.167,0]},"t":81,"s":[120,395]},{"t":112,"s":[80,395]}],"ix":2},"p":{"a":0,"k":[0,0],"ix":3},"r":{"a":0,"k":0,"ix":4},"nm":"Rectangle Path 1","mn":"ADBE Vector Shape - Rect","hd":false},{"ty":"fl","c":{"a":0,"k":[1,1,1,1],"ix":4},"o":{"a":0,"k":100,"ix":5},"r":1,"bm":0,"nm":"Fill 1","mn":"ADBE Vector Graphic - Fill","hd":false}],"ip":0,"op":800,"st":0,"bm":0},{"ddd":0,"ind":8,"ty":4,"nm":"arrow","sr":1,"ks":{"o":{"a":0,"k":100,"ix":11},"r":{"a":0,"k":0,"ix":10},"p":{"a":0,"k":[92.117,96.791,0],"ix":2},"a":{"a":0,"k":[0,0,0],"ix":1},"s":{"a":0,"k":[100,100,100],"ix":6}},"ao":0,"shapes":[{"ty":"gr","it":[{"ind":0,"ty":"sh","ix":1,"ks":{"a":0,"k":{"i":[[0,0],[0,0],[0.73,0],[0,0],[0,0.72],[0,0],[0,0],[0,0.67],[-0.26,0.23],[0,0],[-0.5,-0.47],[0,0],[0.45,-0.49],[0.35,0]],"o":[[0,0],[0,0.72],[0,0],[-0.73,0],[0,0],[0,0],[-0.68,0],[0,-0.34],[0,0],[0.51,-0.47],[0,0],[0.5,0.45],[-0.24,0.25],[0,0]],"v":[[6.111,2.068],[6.111,8.798],[4.791,10.108],[-4.789,10.108],[-6.119,8.798],[-6.119,2.068],[-10.739,2.068],[-11.969,0.848],[-11.569,-0.052],[-0.899,-9.762],[0.891,-9.762],[11.571,-0.052],[11.651,1.668],[10.741,2.068]],"c":true},"ix":2},"nm":"Path 1","mn":"ADBE Vector Shape - Group","hd":false},{"ty":"fl","c":{"a":0,"k":[1,1,1,1],"ix":4},"o":{"a":0,"k":100,"ix":5},"r":1,"bm":0,"nm":"Fill 1","mn":"ADBE Vector Graphic - Fill","hd":false},{"ty":"tr","p":{"a":0,"k":[0,0],"ix":2},"a":{"a":0,"k":[0,0],"ix":1},"s":{"a":0,"k":[324.324,324.324],"ix":3},"r":{"a":0,"k":0,"ix":6},"o":{"a":0,"k":100,"ix":7},"sk":{"a":0,"k":0,"ix":4},"sa":{"a":0,"k":0,"ix":5},"nm":"Transform"}],"nm":"arrow","np":2,"cix":2,"bm":0,"ix":1,"mn":"ADBE Vector Group","hd":false}],"ip":0,"op":800,"st":0,"bm":0},{"ddd":0,"ind":9,"ty":4,"nm":"shine 01","sr":1,"ks":{"o":{"a":0,"k":100,"ix":11},"r":{"a":0,"k":0,"ix":10},"p":{"a":0,"k":[70.936,114.65,0],"ix":2},"a":{"a":0,"k":[0,0,0],"ix":1},"s":{"a":0,"k":[100,100,100],"ix":6}},"ao":0,"shapes":[{"ty":"gr","it":[{"ind":0,"ty":"sh","ix":1,"ks":{"a":0,"k":{"i":[[0,0],[0.03,0.14],[0,0],[-1.16,1.25],[0,0],[0.16,-0.15],[0,0],[0.02,-0.02],[0,0]],"o":[[-0.02,-0.15],[0,0],[-0.41,-1.75],[0,0],[-0.19,0.13],[0,0],[-0.02,0.02],[0,0],[0,0]],"v":[[-14.513,-5.904],[-14.593,-6.334],[-16.383,-13.844],[-15.113,-18.594],[16.527,12.846],[15.997,13.266],[10.217,18.536],[10.147,18.596],[-14.513,-5.904]],"c":true},"ix":2},"nm":"Path 1","mn":"ADBE Vector Shape - Group","hd":false},{"ty":"fl","c":{"a":0,"k":[1,0.850979983807,0,1],"ix":4},"o":{"a":0,"k":100,"ix":5},"r":1,"bm":0,"nm":"Fill 1","mn":"ADBE Vector Graphic - Fill","hd":false},{"ty":"tr","p":{"a":0,"k":[0,0],"ix":2},"a":{"a":0,"k":[0,0],"ix":1},"s":{"a":0,"k":[324.324,324.324],"ix":3},"r":{"a":0,"k":0,"ix":6},"o":{"a":0,"k":100,"ix":7},"sk":{"a":0,"k":0,"ix":4},"sa":{"a":0,"k":0,"ix":5},"nm":"Transform"}],"nm":"shine 01","np":2,"cix":2,"bm":0,"ix":1,"mn":"ADBE Vector Group","hd":false}],"ip":0,"op":800,"st":0,"bm":0},{"ddd":0,"ind":10,"ty":4,"nm":"shine 02","sr":1,"ks":{"o":{"a":0,"k":100,"ix":11},"r":{"a":0,"k":0,"ix":10},"p":{"a":0,"k":[109.532,81.234,0],"ix":2},"a":{"a":0,"k":[0,0,0],"ix":1},"s":{"a":0,"k":[100,100,100],"ix":6}},"ao":0,"shapes":[{"ty":"gr","it":[{"ind":0,"ty":"sh","ix":1,"ks":{"a":0,"k":{"i":[[0,0],[0,0],[-0.61,0.55],[0,0],[-2.08,-1.91],[0,0],[-0.79,-0.24],[0,0],[0.65,-2.71],[0,0],[-0.18,-0.79],[0,0],[2.39,-1]],"o":[[0,0],[0.79,-0.24],[0,0],[2.08,-1.91],[0,0],[0.61,0.55],[0,0],[2.74,0.81],[0,0],[-0.18,0.79],[0,0],[0.6,2.52],[0,0]],"v":[[-17.637,-11.86],[-17.007,-12.04],[-14.877,-13.24],[-9.097,-18.5],[-1.687,-18.5],[4.093,-13.24],[6.223,-12.04],[13.783,-9.8],[17.493,-3.54],[15.703,3.97],[15.703,6.36],[17.493,13.87],[14.353,19.93]],"c":true},"ix":2},"nm":"Path 1","mn":"ADBE Vector Shape - Group","hd":false},{"ty":"fl","c":{"a":0,"k":[1,0.850979983807,0,1],"ix":4},"o":{"a":0,"k":100,"ix":5},"r":1,"bm":0,"nm":"Fill 1","mn":"ADBE Vector Graphic - Fill","hd":false},{"ty":"tr","p":{"a":0,"k":[0,0],"ix":2},"a":{"a":0,"k":[0,0],"ix":1},"s":{"a":0,"k":[324.324,324.324],"ix":3},"r":{"a":0,"k":0,"ix":6},"o":{"a":0,"k":100,"ix":7},"sk":{"a":0,"k":0,"ix":4},"sa":{"a":0,"k":0,"ix":5},"nm":"Transform"}],"nm":"shine 02","np":2,"cix":2,"bm":0,"ix":1,"mn":"ADBE Vector Group","hd":false}],"ip":0,"op":800,"st":0,"bm":0},{"ddd":0,"ind":11,"ty":4,"nm":"badge","sr":1,"ks":{"o":{"a":0,"k":100,"ix":11},"r":{"a":0,"k":0,"ix":10},"p":{"a":0,"k":[92.039,97.989,0],"ix":2},"a":{"a":0,"k":[0,0,0],"ix":1},"s":{"a":0,"k":[100,100,100],"ix":6}},"ao":0,"shapes":[{"ty":"gr","it":[{"ind":0,"ty":"sh","ix":1,"ks":{"a":0,"k":{"i":[[0.43,0.13],[0,0],[-0.96,4.01],[0,0],[0.1,0.41],[0,0],[-3.99,1.18],[0,0],[-0.32,0.3],[0,0],[-3.04,-2.77],[0,0],[-0.43,-0.13],[0,0],[0.96,-4.01],[0,0],[-0.09,-0.4],[0,0],[3.99,-1.18],[0,0],[0.32,-0.3],[0,0],[3.04,2.77],[0,0]],"o":[[0,0],[-3.99,-1.19],[0,0],[0.1,-0.41],[0,0],[-0.96,-4.01],[0,0],[0.43,-0.13],[0,0],[3.05,-2.77],[0,0],[0.33,0.3],[0,0],[4,1.19],[0,0],[-0.09,0.41],[0,0],[0.96,4.02],[0,0],[-0.43,0.13],[0,0],[-3.04,2.77],[0,0],[-0.32,-0.3]],"v":[[-12.325,19.611],[-19.895,17.371],[-25.325,8.131],[-23.535,0.621],[-23.535,-0.619],[-25.325,-8.129],[-19.895,-17.359],[-12.325,-19.609],[-11.175,-20.259],[-5.395,-25.519],[5.395,-25.519],[11.175,-20.259],[12.325,-19.609],[19.895,-17.369],[25.325,-8.129],[23.535,-0.619],[23.535,0.611],[25.325,8.121],[19.895,17.361],[12.325,19.611],[11.175,20.261],[5.395,25.521],[-5.395,25.521],[-11.175,20.261]],"c":true},"ix":2},"nm":"Path 1","mn":"ADBE Vector Shape - Group","hd":false},{"ty":"fl","c":{"a":0,"k":[1,0.784313976765,0,1],"ix":4},"o":{"a":0,"k":100,"ix":5},"r":1,"bm":0,"nm":"Fill 1","mn":"ADBE Vector Graphic - Fill","hd":false},{"ty":"tr","p":{"a":0,"k":[0,0],"ix":2},"a":{"a":0,"k":[0,0],"ix":1},"s":{"a":0,"k":[324.324,324.324],"ix":3},"r":{"a":0,"k":0,"ix":6},"o":{"a":0,"k":100,"ix":7},"sk":{"a":0,"k":0,"ix":4},"sa":{"a":0,"k":0,"ix":5},"nm":"Transform"}],"nm":"badge","np":2,"cix":2,"bm":0,"ix":1,"mn":"ADBE Vector Group","hd":false}],"ip":0,"op":800,"st":0,"bm":0},{"ddd":0,"ind":12,"ty":4,"nm":"badge tail 2","sr":1,"ks":{"o":{"a":0,"k":100,"ix":11},"r":{"a":0,"k":0,"ix":10},"p":{"a":0,"k":[92.93,185.211,0],"ix":2},"a":{"a":0,"k":[0,0,0],"ix":1},"s":{"a":0,"k":[100,100,100],"ix":6}},"ao":0,"shapes":[{"ty":"gr","it":[{"ind":0,"ty":"sh","ix":1,"ks":{"a":0,"k":{"i":[[0,0],[0,0],[0.22,-0.2],[0,0],[3.42,3.15],[0,0],[0.29,0.09],[0,0],[0,0],[-0.67,0],[0,0],[0,-0.66]],"o":[[0,0],[-0.29,0.09],[0,0],[-3.42,3.14],[0,0],[-0.22,-0.2],[0,0],[0,0],[0,-0.66],[0,0],[0.67,0],[0,0]],"v":[[18.465,-2.099],[12.985,-0.469],[12.205,-0.029],[6.485,5.231],[-5.665,5.211],[-11.405,-0.059],[-12.185,-0.499],[-18.465,-2.389],[-18.465,-6.379],[-17.255,-7.579],[17.255,-7.579],[18.465,-6.379]],"c":true},"ix":2},"nm":"Path 1","mn":"ADBE Vector Shape - Group","hd":false},{"ty":"fl","c":{"a":0,"k":[0,0,0,0.108639001846],"ix":4},"o":{"a":0,"k":11,"ix":5},"r":1,"bm":0,"nm":"Fill 1","mn":"ADBE Vector Graphic - Fill","hd":false},{"ty":"tr","p":{"a":0,"k":[0,0],"ix":2},"a":{"a":0,"k":[0,0],"ix":1},"s":{"a":0,"k":[324.324,324.324],"ix":3},"r":{"a":0,"k":0,"ix":6},"o":{"a":0,"k":100,"ix":7},"sk":{"a":0,"k":0,"ix":4},"sa":{"a":0,"k":0,"ix":5},"nm":"Transform"}],"nm":"badge tail","np":2,"cix":2,"bm":0,"ix":1,"mn":"ADBE Vector Group","hd":false}],"ip":0,"op":800,"st":0,"bm":0},{"ddd":0,"ind":13,"ty":4,"nm":"badge tail","sr":1,"ks":{"o":{"a":0,"k":100,"ix":11},"r":{"a":0,"k":0,"ix":10},"p":{"a":0,"k":[94.125,188.14,0],"ix":2},"a":{"a":0,"k":[0,0,0],"ix":1},"s":{"a":0,"k":[100,100,100],"ix":6}},"ao":0,"shapes":[{"ty":"gr","it":[{"ind":0,"ty":"sh","ix":1,"ks":{"a":0,"k":{"i":[[0,0],[0,0],[0,0],[0,0],[0,0],[0.19,-0.04],[0,0]],"o":[[0,0],[0,0],[0,0],[0,0],[-0.19,-0.04],[0,0],[0,0]],"v":[[-7.887,-9.553],[7.883,-9.553],[7.883,9.557],[7.673,9.557],[-0.087,7.627],[-0.667,7.627],[-7.887,9.417]],"c":true},"ix":2},"nm":"Path 1","mn":"ADBE Vector Shape - Group","hd":false},{"ty":"fl","c":{"a":0,"k":[1,0.784313976765,0.015685999766,1],"ix":4},"o":{"a":0,"k":100,"ix":5},"r":1,"bm":0,"nm":"Fill 1","mn":"ADBE Vector Graphic - Fill","hd":false},{"ty":"tr","p":{"a":0,"k":[0,0],"ix":2},"a":{"a":0,"k":[0,0],"ix":1},"s":{"a":0,"k":[324.324,324.324],"ix":3},"r":{"a":0,"k":0,"ix":6},"o":{"a":0,"k":100,"ix":7},"sk":{"a":0,"k":0,"ix":4},"sa":{"a":0,"k":0,"ix":5},"nm":"Transform"}],"nm":"badge tail","np":2,"cix":2,"bm":0,"ix":1,"mn":"ADBE Vector Group","hd":false}],"ip":0,"op":800,"st":0,"bm":0},{"ddd":0,"ind":14,"ty":4,"nm":"badge TAIL","sr":1,"ks":{"o":{"a":0,"k":100,"ix":11},"r":{"a":0,"k":0,"ix":10},"p":{"a":0,"k":[92.902,191.76,0],"ix":2},"a":{"a":0,"k":[0,0,0],"ix":1},"s":{"a":0,"k":[100,100,100],"ix":6}},"ao":0,"shapes":[{"ty":"gr","it":[{"ind":0,"ty":"sh","ix":1,"ks":{"a":0,"k":{"i":[[-0.67,0],[0,0],[0,-0.67],[0,0],[0.67,0],[0.09,0.03],[0,0],[0.19,-0.04],[0,0],[0.16,0.65],[0,0.09],[0,0]],"o":[[0,0],[0.67,0],[0,0],[0,0.66],[-0.1,0],[0,0],[-0.2,-0.04],[0,0],[-0.65,0.16],[-0.03,-0.1],[0,0],[0,-0.67]],"v":[[-17.215,-10.669],[17.215,-10.669],[18.425,-9.459],[18.425,9.461],[17.215,10.671],[16.925,10.631],[0.295,6.511],[-0.295,6.511],[-16.925,10.631],[-18.385,9.751],[-18.425,9.461],[-18.425,-9.459]],"c":true},"ix":2},"nm":"Path 1","mn":"ADBE Vector Shape - Group","hd":false},{"ty":"fl","c":{"a":0,"k":[1,0.694118022919,0,1],"ix":4},"o":{"a":0,"k":100,"ix":5},"r":1,"bm":0,"nm":"Fill 1","mn":"ADBE Vector Graphic - Fill","hd":false},{"ty":"tr","p":{"a":0,"k":[0,0],"ix":2},"a":{"a":0,"k":[0,0],"ix":1},"s":{"a":0,"k":[324.324,324.324],"ix":3},"r":{"a":0,"k":0,"ix":6},"o":{"a":0,"k":100,"ix":7},"sk":{"a":0,"k":0,"ix":4},"sa":{"a":0,"k":0,"ix":5},"nm":"Transform"}],"nm":"badge TAIL","np":2,"cix":2,"bm":0,"ix":1,"mn":"ADBE Vector Group","hd":false}],"ip":0,"op":800,"st":0,"bm":0},{"ddd":0,"ind":15,"ty":4,"nm":"Badge","sr":1,"ks":{"o":{"a":0,"k":100,"ix":11},"r":{"a":0,"k":0,"ix":10},"p":{"a":0,"k":[92.039,113.383,0],"ix":2},"a":{"a":0,"k":[0,0,0],"ix":1},"s":{"a":0,"k":[100,100,100],"ix":6}},"ao":0,"shapes":[{"ty":"gr","it":[{"ind":0,"ty":"sh","ix":1,"ks":{"a":0,"k":{"i":[[0,0],[0,0],[-1.27,5.3],[0,0],[0,0.03],[0,0],[-5.27,1.56],[0,0],[-0.05,0.04],[0,0],[-4.01,-3.65],[0,0],[-0.07,-0.02],[0,0],[1.26,-5.3],[0,0],[-0.01,-0.03],[0,0],[5.26,-1.57],[0,0],[0,0],[0.67,0],[0.09,0.03],[0,0],[0.19,-0.05],[0,0],[0.16,0.65],[0,0.1]],"o":[[0,0],[-5.27,-1.56],[0,0],[0,-0.04],[0,0],[-1.26,-5.3],[0,0],[0.06,-0.01],[0,0],[4.01,-3.65],[0,0],[0.04,0.04],[0,0],[5.26,1.56],[0,0],[-0.01,0.03],[0,0],[1.26,5.31],[0,0],[0,0],[0,0.67],[-0.1,0],[0,0],[-0.19,-0.05],[0,0],[-0.65,0.16],[-0.02,-0.1],[0,0]],"v":[[-18.157,15.735],[-20.617,15.005],[-27.777,2.815],[-25.987,-4.695],[-25.987,-4.795],[-27.777,-12.305],[-20.617,-24.495],[-13.047,-26.745],[-12.877,-26.835],[-7.107,-32.095],[7.103,-32.095],[12.883,-26.835],[13.053,-26.745],[20.623,-24.495],[27.783,-12.305],[25.993,-4.795],[25.993,-4.705],[27.783,2.805],[20.623,15.005],[18.693,15.575],[18.693,33.625],[17.483,34.835],[17.193,34.795],[0.553,30.685],[-0.027,30.685],[-16.657,34.795],[-18.127,33.915],[-18.157,33.625]],"c":true},"ix":2},"nm":"Path 1","mn":"ADBE Vector Shape - Group","hd":false},{"ty":"tr","p":{"a":0,"k":[0,0],"ix":2},"a":{"a":0,"k":[0,0],"ix":1},"s":{"a":0,"k":[324.324,324.324],"ix":3},"r":{"a":0,"k":0,"ix":6},"o":{"a":0,"k":100,"ix":7},"sk":{"a":0,"k":0,"ix":4},"sa":{"a":0,"k":0,"ix":5},"nm":"Transform"}],"nm":"BADGE","np":1,"cix":2,"bm":0,"ix":1,"mn":"ADBE Vector Group","hd":false}],"ip":0,"op":800,"st":0,"bm":0}]},{"id":"comp_2","layers":[{"ddd":0,"ind":1,"ty":4,"nm":"Shape Layer 2","sr":1,"ks":{"o":{"a":1,"k":[{"i":{"x":[0.059],"y":[1]},"o":{"x":[0.333],"y":[0]},"t":0,"s":[0]},{"i":{"x":[0.2],"y":[1]},"o":{"x":[0.131],"y":[0]},"t":5,"s":[100]},{"t":26,"s":[0]}],"ix":11},"r":{"a":1,"k":[{"i":{"x":[0.667],"y":[1]},"o":{"x":[0.333],"y":[0]},"t":0,"s":[108]},{"t":63,"s":[720]}],"ix":10},"p":{"a":0,"k":[100.062,99.844,0],"ix":2},"a":{"a":0,"k":[0.062,-0.156,0],"ix":1},"s":{"a":1,"k":[{"i":{"x":[0.322,0.322,0.667],"y":[1,1,1]},"o":{"x":[0.333,0.333,0.333],"y":[0,0,0]},"t":0,"s":[33,33,100]},{"i":{"x":[0.667,0.667,0.667],"y":[1,1,1]},"o":{"x":[0.652,0.652,0.333],"y":[0,0,0]},"t":7,"s":[150,150,100]},{"t":43,"s":[50,50,100]}],"ix":6}},"ao":0,"shapes":[{"ty":"gr","it":[{"ind":0,"ty":"sh","ix":1,"ks":{"a":0,"k":{"i":[[0,0],[0,0]],"o":[[0,0],[0,0]],"v":[[-5.375,5.75],[5.375,-5.875]],"c":false},"ix":2},"nm":"Path 1","mn":"ADBE Vector Shape - Group","hd":false},{"ty":"st","c":{"a":0,"k":[1,1,1,1],"ix":3},"o":{"a":0,"k":100,"ix":4},"w":{"a":0,"k":2,"ix":5},"lc":2,"lj":1,"ml":4,"bm":0,"nm":"Stroke 1","mn":"ADBE Vector Graphic - Stroke","hd":false},{"ty":"fl","c":{"a":0,"k":[1,1,1,1],"ix":4},"o":{"a":0,"k":100,"ix":5},"r":1,"bm":0,"nm":"Fill 1","mn":"ADBE Vector Graphic - Fill","hd":false},{"ty":"tr","p":{"a":0,"k":[0,0],"ix":2},"a":{"a":0,"k":[0,0],"ix":1},"s":{"a":0,"k":[100,100],"ix":3},"r":{"a":0,"k":0,"ix":6},"o":{"a":0,"k":100,"ix":7},"sk":{"a":0,"k":0,"ix":4},"sa":{"a":0,"k":0,"ix":5},"nm":"Transform"}],"nm":"Shape 1","np":3,"cix":2,"bm":0,"ix":1,"mn":"ADBE Vector Group","hd":false}],"ip":0,"op":83,"st":0,"bm":0},{"ddd":0,"ind":2,"ty":4,"nm":"Shape Layer 1","sr":1,"ks":{"o":{"a":1,"k":[{"i":{"x":[0.059],"y":[1]},"o":{"x":[0.333],"y":[0]},"t":0,"s":[0]},{"i":{"x":[0.2],"y":[1]},"o":{"x":[0.131],"y":[0]},"t":5,"s":[100]},{"t":26,"s":[0]}],"ix":11},"r":{"a":1,"k":[{"i":{"x":[0.667],"y":[1]},"o":{"x":[0.333],"y":[0]},"t":0,"s":[0]},{"t":63,"s":[720]}],"ix":10},"p":{"a":0,"k":[100.062,99.844,0],"ix":2},"a":{"a":0,"k":[0.062,-0.156,0],"ix":1},"s":{"a":1,"k":[{"i":{"x":[0.322,0.322,0.667],"y":[1,1,1]},"o":{"x":[0.333,0.333,0.333],"y":[0,0,0]},"t":0,"s":[33,33,100]},{"i":{"x":[0.667,0.667,0.667],"y":[1,1,1]},"o":{"x":[0.652,0.652,0.333],"y":[0,0,0]},"t":7,"s":[150,150,100]},{"t":43,"s":[50,50,100]}],"ix":6}},"ao":0,"shapes":[{"ty":"gr","it":[{"ind":0,"ty":"sh","ix":1,"ks":{"a":0,"k":{"i":[[0,0],[0,0]],"o":[[0,0],[0,0]],"v":[[-5.375,5.75],[5.375,-5.875]],"c":false},"ix":2},"nm":"Path 1","mn":"ADBE Vector Shape - Group","hd":false},{"ty":"st","c":{"a":0,"k":[1,1,1,1],"ix":3},"o":{"a":0,"k":100,"ix":4},"w":{"a":0,"k":2,"ix":5},"lc":2,"lj":1,"ml":4,"bm":0,"nm":"Stroke 1","mn":"ADBE Vector Graphic - Stroke","hd":false},{"ty":"fl","c":{"a":0,"k":[1,1,1,1],"ix":4},"o":{"a":0,"k":100,"ix":5},"r":1,"bm":0,"nm":"Fill 1","mn":"ADBE Vector Graphic - Fill","hd":false},{"ty":"tr","p":{"a":0,"k":[0,0],"ix":2},"a":{"a":0,"k":[0,0],"ix":1},"s":{"a":0,"k":[100,100],"ix":3},"r":{"a":0,"k":0,"ix":6},"o":{"a":0,"k":100,"ix":7},"sk":{"a":0,"k":0,"ix":4},"sa":{"a":0,"k":0,"ix":5},"nm":"Transform"}],"nm":"Shape 1","np":3,"cix":2,"bm":0,"ix":1,"mn":"ADBE Vector Group","hd":false}],"ip":0,"op":83,"st":0,"bm":0},{"ddd":0,"ind":3,"ty":4,"nm":"sparkle 14","sr":1,"ks":{"o":{"a":1,"k":[{"i":{"x":[0.16],"y":[1]},"o":{"x":[0.163],"y":[0.41]},"t":0,"s":[0]},{"i":{"x":[0.319],"y":[0.762]},"o":{"x":[0.167],"y":[0]},"t":5,"s":[74]},{"i":{"x":[0.682],"y":[0.829]},"o":{"x":[0.388],"y":[0.52]},"t":38.732,"s":[13.434]},{"i":{"x":[0.607],"y":[1]},"o":{"x":[0.295],"y":[0.726]},"t":63,"s":[2.046]},{"t":83,"s":[0]}],"ix":11},"r":{"a":1,"k":[{"i":{"x":[0.549],"y":[0.67]},"o":{"x":[0.333],"y":[0]},"t":0,"s":[0]},{"i":{"x":[0.643],"y":[0.922]},"o":{"x":[0.268],"y":[0.691]},"t":46.988,"s":[235.834]},{"i":{"x":[0.702],"y":[1]},"o":{"x":[0.356],"y":[1.071]},"t":113.855,"s":[331.093]},{"t":150,"s":[334.861]}],"ix":10},"p":{"s":true,"x":{"a":0,"k":100,"ix":3},"y":{"a":0,"k":100,"ix":4}},"a":{"a":0,"k":[0,0,0],"ix":1},"s":{"a":1,"k":[{"i":{"x":[0.667,0.667,0.667],"y":[1,1,1]},"o":{"x":[0.333,0.333,0.333],"y":[0,0,0]},"t":0,"s":[0,0,100]},{"i":{"x":[0.388,0.388,0.833],"y":[0.072,0.072,5.021]},"o":{"x":[0.172,0.172,0.333],"y":[0,0,0]},"t":12.752,"s":[35,35,100]},{"i":{"x":[0.68,0.68,0.7],"y":[1,1,1]},"o":{"x":[0.23,0.23,0.177],"y":[0.905,0.905,-8.082]},"t":37,"s":[14.774,14.774,100]},{"t":83,"s":[0,0,100]}],"ix":6}},"ao":0,"shapes":[{"ty":"gr","it":[{"ind":0,"ty":"sh","ix":1,"ks":{"a":0,"k":{"i":[[0,0],[1.12,-0.65],[0,0],[0.65,1.12],[0,0],[-1.13,0.65],[0,0],[-0.65,-1.13]],"o":[[0.65,1.12],[0,0],[-1.13,0.65],[0,0],[-0.65,-1.13],[0,0],[1.12,-0.65],[0,0]],"v":[[5.652,-0.208],[4.792,3.012],[0.212,5.652],[-3.008,4.792],[-5.648,0.212],[-4.788,-3.008],[-0.208,-5.648],[3.012,-4.788]],"c":true},"ix":2},"nm":"Path 1","mn":"ADBE Vector Shape - Group","hd":false},{"ty":"fl","c":{"a":0,"k":[1,1,1,1],"ix":4},"o":{"a":0,"k":100,"ix":5},"r":1,"bm":0,"nm":"Fill 1","mn":"ADBE Vector Graphic - Fill","hd":false},{"ty":"tr","p":{"a":0,"k":[0,0],"ix":2},"a":{"a":0,"k":[0,0],"ix":1},"s":{"a":0,"k":[600,600],"ix":3},"r":{"a":0,"k":0,"ix":6},"o":{"a":0,"k":100,"ix":7},"sk":{"a":0,"k":0,"ix":4},"sa":{"a":0,"k":0,"ix":5},"nm":"Transform"}],"nm":"Group 1","np":2,"cix":2,"bm":0,"ix":1,"mn":"ADBE Vector Group","hd":false}],"ip":0,"op":83,"st":-270,"bm":0}]},{"id":"comp_3","layers":[{"ddd":0,"ind":1,"ty":4,"nm":"specular","sr":1,"ks":{"o":{"a":0,"k":100,"ix":11},"r":{"a":0,"k":0,"ix":10},"p":{"a":0,"k":[351.795,198.136,0],"ix":2},"a":{"a":0,"k":[0,0,0],"ix":1},"s":{"a":0,"k":[100,100,100],"ix":6}},"ao":0,"shapes":[{"ty":"gr","it":[{"ind":0,"ty":"sh","ix":1,"ks":{"a":0,"k":{"i":[[-4.95,0],[0,4.9],[4.94,0],[0,-4.91]],"o":[[4.94,0],[0,-4.91],[-4.95,0],[0,4.9]],"v":[[0.003,8.884],[8.953,0.004],[0.003,-8.886],[-8.957,0.004]],"c":true},"ix":2},"nm":"Path 1","mn":"ADBE Vector Shape - Group","hd":false},{"ty":"fl","c":{"a":0,"k":[1,1,1,1],"ix":4},"o":{"a":0,"k":100,"ix":5},"r":1,"bm":0,"nm":"Fill 1","mn":"ADBE Vector Graphic - Fill","hd":false},{"ty":"tr","p":{"a":0,"k":[0,0],"ix":2},"a":{"a":0,"k":[0,0],"ix":1},"s":{"a":0,"k":[324.324,324.324],"ix":3},"r":{"a":0,"k":15,"ix":6},"o":{"a":0,"k":100,"ix":7},"sk":{"a":0,"k":0,"ix":4},"sa":{"a":0,"k":0,"ix":5},"nm":"Transform"}],"nm":"specular","np":2,"cix":2,"bm":0,"ix":1,"mn":"ADBE Vector Group","hd":false}],"ip":0,"op":800,"st":0,"bm":0},{"ddd":0,"ind":2,"ty":4,"nm":"glass","sr":1,"ks":{"o":{"a":0,"k":39,"ix":11},"r":{"a":0,"k":0,"ix":10},"p":{"a":0,"k":[405.295,289.403,0],"ix":2},"a":{"a":0,"k":[0,0,0],"ix":1},"s":{"a":0,"k":[100,100,100],"ix":6}},"ao":0,"shapes":[{"ty":"gr","it":[{"ind":0,"ty":"sh","ix":1,"ks":{"a":0,"k":{"i":[[-14.21,2.83],[-11.07,-2.96],[-6.95,-6.15],[3.73,-13.94],[0,0],[4.26,-1.41],[16.26,4.35],[10.26,11.68],[-1.15,4.29],[0,0]],"o":[[9.17,-1.83],[10.94,2.94],[10.81,9.57],[0,0],[-1.16,4.33],[-14.95,4.95],[-16.24,-4.36],[-2.93,-3.34],[0,0],[3.75,-14]],"v":[[-17.783,-41.632],[12.577,-39.932],[39.417,-26.302],[50.957,12.068],[46.277,29.548],[37.597,38.738],[-9.213,39.628],[-48.953,15.568],[-51.803,3.348],[-47.113,-14.142]],"c":true},"ix":2},"nm":"Path 1","mn":"ADBE Vector Shape - Group","hd":false},{"ty":"fl","c":{"a":0,"k":[0.596077978611,0.866666972637,1,1],"ix":4},"o":{"a":0,"k":100,"ix":5},"r":1,"bm":0,"nm":"Fill 1","mn":"ADBE Vector Graphic - Fill","hd":false},{"ty":"tr","p":{"a":0,"k":[0,0],"ix":2},"a":{"a":0,"k":[0,0],"ix":1},"s":{"a":0,"k":[324.324,324.324],"ix":3},"r":{"a":0,"k":0,"ix":6},"o":{"a":0,"k":100,"ix":7},"sk":{"a":0,"k":0,"ix":4},"sa":{"a":0,"k":0,"ix":5},"nm":"Transform"}],"nm":"glass","np":2,"cix":2,"bm":0,"ix":1,"mn":"ADBE Vector Group","hd":false}],"ip":0,"op":800,"st":0,"bm":0},{"ddd":0,"ind":3,"ty":0,"nm":"BLINK","refId":"comp_4","sr":1,"ks":{"o":{"a":0,"k":100,"ix":11},"r":{"a":0,"k":0,"ix":10},"p":{"a":0,"k":[425,425,0],"ix":2},"a":{"a":0,"k":[425,425,0],"ix":1},"s":{"a":0,"k":[100,100,100],"ix":6}},"ao":0,"hasMask":true,"masksProperties":[{"inv":false,"mode":"a","pt":{"a":1,"k":[{"i":{"x":0.833,"y":0.833},"o":{"x":1,"y":0},"t":18,"s":[{"i":[[0,0],[0,0],[0,0],[0,0],[0,0],[0,0],[48.602,13.488],[0,0],[0,0],[52.306,13.593],[0,0],[0,0],[-43.72,-11.308],[0,0],[0,0],[-46.407,-11.479],[0,0],[0,0]],"o":[[0,0],[0,0],[0,0],[0,0],[0,0],[0,0],[-48.602,-13.488],[0,0],[0,0],[-52.307,-13.593],[0,0],[0,0],[43.72,11.308],[0,0],[0,0],[46.407,11.479],[0,0],[0,0]],"v":[[626.569,231.994],[213.358,123.853],[142.431,390.006],[555.643,498.147],[566.537,457.413],[530.524,447.781],[469.602,431.488],[395.051,411.549],[349.626,399.4],[279.307,380.593],[213.337,364.008],[259.14,191.793],[326.28,208.692],[400.332,228.497],[444.39,240.28],[512.593,258.521],[575.631,275.38],[612.34,285.198]],"c":true}]},{"i":{"x":0.833,"y":0.833},"o":{"x":0.167,"y":0.167},"t":21,"s":[{"i":[[0,0],[0,0],[0,0],[0,0],[0,0],[0,0],[48.602,13.488],[0,0],[0,0],[52.306,13.593],[0,0],[0,0],[-43.72,-11.308],[0,0],[0,0],[-46.407,-11.479],[0,0],[0,0]],"o":[[0,0],[0,0],[0,0],[0,0],[0,0],[0,0],[-48.602,-13.488],[0,0],[0,0],[-52.307,-13.593],[0,0],[0,0],[43.72,11.308],[0,0],[0,0],[46.407,11.479],[0,0],[0,0]],"v":[[626.569,231.994],[213.358,123.853],[142.431,390.006],[555.643,498.147],[566.537,457.413],[530.524,447.781],[469.602,431.488],[395.051,411.549],[349.626,399.4],[279.307,380.593],[226.337,367.008],[256.14,258.793],[319.28,242.692],[384.332,292.497],[428.39,304.28],[505.593,290.521],[559.631,339.38],[599.34,337.198]],"c":true}]},{"i":{"x":0.833,"y":0.833},"o":{"x":0.167,"y":0.167},"t":23,"s":[{"i":[[0,0],[0,0],[0,0],[0,0],[0,0],[0,0],[48.602,13.488],[0,0],[0,0],[52.306,13.593],[0,0],[0,0],[-43.72,-11.308],[0,0],[0,0],[-46.407,-11.479],[0,0],[0,0]],"o":[[0,0],[0,0],[0,0],[0,0],[0,0],[0,0],[-48.602,-13.488],[0,0],[0,0],[-52.307,-13.593],[0,0],[0,0],[43.72,11.308],[0,0],[0,0],[46.407,11.479],[0,0],[0,0]],"v":[[626.569,231.994],[213.358,123.853],[142.431,390.006],[555.643,498.147],[566.537,457.413],[530.524,447.781],[469.602,431.488],[395.051,411.549],[349.626,399.4],[279.307,380.593],[226.337,367.008],[246.14,287.793],[305.28,282.692],[374.332,321.497],[418.39,333.28],[490.593,327.521],[549.631,368.38],[589.34,366.198]],"c":true}]},{"i":{"x":0.833,"y":0.833},"o":{"x":0.167,"y":0.167},"t":24,"s":[{"i":[[0,0],[0,0],[0,0],[0,0],[0,0],[0,0],[48.602,13.488],[0,0],[0,0],[52.306,13.593],[0,0],[0,0],[-43.72,-11.308],[0,0],[0,0],[-46.407,-11.479],[0,0],[0,0]],"o":[[0,0],[0,0],[0,0],[0,0],[0,0],[0,0],[-48.602,-13.488],[0,0],[0,0],[-52.307,-13.593],[0,0],[0,0],[43.72,11.308],[0,0],[0,0],[46.407,11.479],[0,0],[0,0]],"v":[[626.569,231.994],[213.358,123.853],[142.431,390.006],[555.643,498.147],[566.537,457.413],[530.524,447.781],[469.602,431.488],[395.051,411.549],[349.626,399.4],[279.307,380.593],[226.337,367.008],[242.14,316.793],[293.28,353.692],[370.332,350.497],[414.39,362.28],[473.593,407.521],[545.631,397.38],[585.34,395.198]],"c":true}]},{"i":{"x":0.833,"y":0.833},"o":{"x":0.167,"y":0.167},"t":32,"s":[{"i":[[0,0],[0,0],[0,0],[0,0],[0,0],[0,0],[48.602,13.488],[0,0],[0,0],[52.306,13.593],[0,0],[0,0],[-43.72,-11.308],[0,0],[0,0],[-46.407,-11.479],[0,0],[0,0]],"o":[[0,0],[0,0],[0,0],[0,0],[0,0],[0,0],[-48.602,-13.488],[0,0],[0,0],[-52.307,-13.593],[0,0],[0,0],[43.72,11.308],[0,0],[0,0],[46.407,11.479],[0,0],[0,0]],"v":[[626.569,231.994],[213.358,123.853],[142.431,390.006],[555.643,498.147],[566.537,457.413],[530.524,447.781],[469.602,431.488],[395.051,411.549],[349.626,399.4],[279.307,380.593],[226.337,367.008],[242.14,316.793],[293.28,353.692],[370.332,350.497],[414.39,362.28],[473.593,407.521],[545.631,397.38],[585.34,395.198]],"c":true}]},{"i":{"x":0.833,"y":0.833},"o":{"x":0.167,"y":0.167},"t":33,"s":[{"i":[[0,0],[0,0],[0,0],[0,0],[0,0],[0,0],[48.602,13.488],[0,0],[0,0],[52.306,13.593],[0,0],[0,0],[-43.72,-11.308],[0,0],[0,0],[-46.407,-11.479],[0,0],[0,0]],"o":[[0,0],[0,0],[0,0],[0,0],[0,0],[0,0],[-48.602,-13.488],[0,0],[0,0],[-52.307,-13.593],[0,0],[0,0],[43.72,11.308],[0,0],[0,0],[46.407,11.479],[0,0],[0,0]],"v":[[626.569,231.994],[213.358,123.853],[142.431,390.006],[555.643,498.147],[566.537,457.413],[530.524,447.781],[469.602,431.488],[395.051,411.549],[349.626,399.4],[279.307,380.593],[226.337,367.008],[249.14,280.793],[307.28,279.692],[377.332,314.497],[421.39,326.28],[492.593,331.521],[552.631,361.38],[592.34,359.198]],"c":true}]},{"i":{"x":0,"y":1},"o":{"x":0.167,"y":0.167},"t":37,"s":[{"i":[[0,0],[0,0],[0,0],[0,0],[0,0],[0,0],[48.602,13.488],[0,0],[0,0],[52.306,13.593],[0,0],[0,0],[-43.72,-11.308],[0,0],[0,0],[-46.407,-11.479],[0,0],[0,0]],"o":[[0,0],[0,0],[0,0],[0,0],[0,0],[0,0],[-48.602,-13.488],[0,0],[0,0],[-52.307,-13.593],[0,0],[0,0],[43.72,11.308],[0,0],[0,0],[46.407,11.479],[0,0],[0,0]],"v":[[626.569,231.994],[213.358,123.853],[142.431,390.006],[555.643,498.147],[566.537,457.413],[530.524,447.781],[469.602,431.488],[395.051,411.549],[349.626,399.4],[279.307,380.593],[226.337,367.008],[256.14,258.793],[319.28,242.692],[384.332,292.497],[428.39,304.28],[505.593,290.521],[559.631,339.38],[599.34,337.198]],"c":true}]},{"i":{"x":0.833,"y":1},"o":{"x":0.167,"y":0},"t":43,"s":[{"i":[[0,0],[0,0],[0,0],[0,0],[0,0],[0,0],[48.602,13.488],[0,0],[0,0],[52.306,13.593],[0,0],[0,0],[-43.72,-11.308],[0,0],[0,0],[-46.407,-11.479],[0,0],[0,0]],"o":[[0,0],[0,0],[0,0],[0,0],[0,0],[0,0],[-48.602,-13.488],[0,0],[0,0],[-52.307,-13.593],[0,0],[0,0],[43.72,11.308],[0,0],[0,0],[46.407,11.479],[0,0],[0,0]],"v":[[626.569,231.994],[213.358,123.853],[142.431,390.006],[555.643,498.147],[566.537,457.413],[530.524,447.781],[469.602,431.488],[395.051,411.549],[349.626,399.4],[279.307,380.593],[213.337,364.008],[259.14,191.793],[326.28,208.692],[400.332,228.497],[444.39,240.28],[512.593,258.521],[575.631,275.38],[612.34,285.198]],"c":true}]},{"i":{"x":0.833,"y":0.833},"o":{"x":1,"y":0},"t":171,"s":[{"i":[[0,0],[0,0],[0,0],[0,0],[0,0],[0,0],[48.602,13.488],[0,0],[0,0],[52.306,13.593],[0,0],[0,0],[-43.72,-11.308],[0,0],[0,0],[-46.407,-11.479],[0,0],[0,0]],"o":[[0,0],[0,0],[0,0],[0,0],[0,0],[0,0],[-48.602,-13.488],[0,0],[0,0],[-52.307,-13.593],[0,0],[0,0],[43.72,11.308],[0,0],[0,0],[46.407,11.479],[0,0],[0,0]],"v":[[626.569,231.994],[213.358,123.853],[142.431,390.006],[555.643,498.147],[566.537,457.413],[530.524,447.781],[469.602,431.488],[395.051,411.549],[349.626,399.4],[279.307,380.593],[213.337,364.008],[259.14,191.793],[326.28,208.692],[400.332,228.497],[444.39,240.28],[512.593,258.521],[575.631,275.38],[612.34,285.198]],"c":true}]},{"i":{"x":0.833,"y":0.833},"o":{"x":0.167,"y":0.167},"t":174,"s":[{"i":[[0,0],[0,0],[0,0],[0,0],[0,0],[0,0],[48.602,13.488],[0,0],[0,0],[52.306,13.593],[0,0],[0,0],[-43.72,-11.308],[0,0],[0,0],[-46.407,-11.479],[0,0],[0,0]],"o":[[0,0],[0,0],[0,0],[0,0],[0,0],[0,0],[-48.602,-13.488],[0,0],[0,0],[-52.307,-13.593],[0,0],[0,0],[43.72,11.308],[0,0],[0,0],[46.407,11.479],[0,0],[0,0]],"v":[[626.569,231.994],[213.358,123.853],[142.431,390.006],[555.643,498.147],[566.537,457.413],[530.524,447.781],[469.602,431.488],[395.051,411.549],[349.626,399.4],[279.307,380.593],[226.337,367.008],[256.14,258.793],[319.28,242.692],[384.332,292.497],[428.39,304.28],[505.593,290.521],[559.631,339.38],[599.34,337.198]],"c":true}]},{"i":{"x":0.833,"y":0.833},"o":{"x":0.167,"y":0.167},"t":176,"s":[{"i":[[0,0],[0,0],[0,0],[0,0],[0,0],[0,0],[48.602,13.488],[0,0],[0,0],[52.306,13.593],[0,0],[0,0],[-43.72,-11.308],[0,0],[0,0],[-46.407,-11.479],[0,0],[0,0]],"o":[[0,0],[0,0],[0,0],[0,0],[0,0],[0,0],[-48.602,-13.488],[0,0],[0,0],[-52.307,-13.593],[0,0],[0,0],[43.72,11.308],[0,0],[0,0],[46.407,11.479],[0,0],[0,0]],"v":[[626.569,231.994],[213.358,123.853],[142.431,390.006],[555.643,498.147],[566.537,457.413],[530.524,447.781],[469.602,431.488],[395.051,411.549],[349.626,399.4],[279.307,380.593],[226.337,367.008],[246.14,287.793],[305.28,282.692],[374.332,321.497],[418.39,333.28],[490.593,327.521],[549.631,368.38],[589.34,366.198]],"c":true}]},{"i":{"x":0.833,"y":0.833},"o":{"x":0.167,"y":0.167},"t":177,"s":[{"i":[[0,0],[0,0],[0,0],[0,0],[0,0],[0,0],[48.602,13.488],[0,0],[0,0],[52.306,13.593],[0,0],[0,0],[-43.72,-11.308],[0,0],[0,0],[-46.407,-11.479],[0,0],[0,0]],"o":[[0,0],[0,0],[0,0],[0,0],[0,0],[0,0],[-48.602,-13.488],[0,0],[0,0],[-52.307,-13.593],[0,0],[0,0],[43.72,11.308],[0,0],[0,0],[46.407,11.479],[0,0],[0,0]],"v":[[626.569,231.994],[213.358,123.853],[142.431,390.006],[555.643,498.147],[566.537,457.413],[530.524,447.781],[469.602,431.488],[395.051,411.549],[349.626,399.4],[279.307,380.593],[226.337,367.008],[242.14,316.793],[293.28,353.692],[370.332,350.497],[414.39,362.28],[473.593,407.521],[545.631,397.38],[585.34,395.198]],"c":true}]},{"i":{"x":0.833,"y":0.833},"o":{"x":0.167,"y":0.167},"t":185,"s":[{"i":[[0,0],[0,0],[0,0],[0,0],[0,0],[0,0],[48.602,13.488],[0,0],[0,0],[52.306,13.593],[0,0],[0,0],[-43.72,-11.308],[0,0],[0,0],[-46.407,-11.479],[0,0],[0,0]],"o":[[0,0],[0,0],[0,0],[0,0],[0,0],[0,0],[-48.602,-13.488],[0,0],[0,0],[-52.307,-13.593],[0,0],[0,0],[43.72,11.308],[0,0],[0,0],[46.407,11.479],[0,0],[0,0]],"v":[[626.569,231.994],[213.358,123.853],[142.431,390.006],[555.643,498.147],[566.537,457.413],[530.524,447.781],[469.602,431.488],[395.051,411.549],[349.626,399.4],[279.307,380.593],[226.337,367.008],[242.14,316.793],[293.28,353.692],[370.332,350.497],[414.39,362.28],[473.593,407.521],[545.631,397.38],[585.34,395.198]],"c":true}]},{"i":{"x":0.833,"y":0.833},"o":{"x":0.167,"y":0.167},"t":186,"s":[{"i":[[0,0],[0,0],[0,0],[0,0],[0,0],[0,0],[48.602,13.488],[0,0],[0,0],[52.306,13.593],[0,0],[0,0],[-43.72,-11.308],[0,0],[0,0],[-46.407,-11.479],[0,0],[0,0]],"o":[[0,0],[0,0],[0,0],[0,0],[0,0],[0,0],[-48.602,-13.488],[0,0],[0,0],[-52.307,-13.593],[0,0],[0,0],[43.72,11.308],[0,0],[0,0],[46.407,11.479],[0,0],[0,0]],"v":[[626.569,231.994],[213.358,123.853],[142.431,390.006],[555.643,498.147],[566.537,457.413],[530.524,447.781],[469.602,431.488],[395.051,411.549],[349.626,399.4],[279.307,380.593],[226.337,367.008],[249.14,280.793],[307.28,279.692],[377.332,314.497],[421.39,326.28],[492.593,331.521],[552.631,361.38],[592.34,359.198]],"c":true}]},{"i":{"x":0,"y":1},"o":{"x":0.167,"y":0.167},"t":190,"s":[{"i":[[0,0],[0,0],[0,0],[0,0],[0,0],[0,0],[48.602,13.488],[0,0],[0,0],[52.306,13.593],[0,0],[0,0],[-43.72,-11.308],[0,0],[0,0],[-46.407,-11.479],[0,0],[0,0]],"o":[[0,0],[0,0],[0,0],[0,0],[0,0],[0,0],[-48.602,-13.488],[0,0],[0,0],[-52.307,-13.593],[0,0],[0,0],[43.72,11.308],[0,0],[0,0],[46.407,11.479],[0,0],[0,0]],"v":[[626.569,231.994],[213.358,123.853],[142.431,390.006],[555.643,498.147],[566.537,457.413],[530.524,447.781],[469.602,431.488],[395.051,411.549],[349.626,399.4],[279.307,380.593],[226.337,367.008],[256.14,258.793],[319.28,242.692],[384.332,292.497],[428.39,304.28],[505.593,290.521],[559.631,339.38],[599.34,337.198]],"c":true}]},{"i":{"x":0.833,"y":1},"o":{"x":0.167,"y":0},"t":196,"s":[{"i":[[0,0],[0,0],[0,0],[0,0],[0,0],[0,0],[48.602,13.488],[0,0],[0,0],[52.306,13.593],[0,0],[0,0],[-43.72,-11.308],[0,0],[0,0],[-46.407,-11.479],[0,0],[0,0]],"o":[[0,0],[0,0],[0,0],[0,0],[0,0],[0,0],[-48.602,-13.488],[0,0],[0,0],[-52.307,-13.593],[0,0],[0,0],[43.72,11.308],[0,0],[0,0],[46.407,11.479],[0,0],[0,0]],"v":[[626.569,231.994],[213.358,123.853],[142.431,390.006],[555.643,498.147],[566.537,457.413],[530.524,447.781],[469.602,431.488],[395.051,411.549],[349.626,399.4],[279.307,380.593],[213.337,364.008],[259.14,191.793],[326.28,208.692],[400.332,228.497],[444.39,240.28],[512.593,258.521],[575.631,275.38],[612.34,285.198]],"c":true}]},{"i":{"x":0.833,"y":0.833},"o":{"x":1,"y":0},"t":223,"s":[{"i":[[0,0],[0,0],[0,0],[0,0],[0,0],[0,0],[48.602,13.488],[0,0],[0,0],[52.306,13.593],[0,0],[0,0],[-43.72,-11.308],[0,0],[0,0],[-46.407,-11.479],[0,0],[0,0]],"o":[[0,0],[0,0],[0,0],[0,0],[0,0],[0,0],[-48.602,-13.488],[0,0],[0,0],[-52.307,-13.593],[0,0],[0,0],[43.72,11.308],[0,0],[0,0],[46.407,11.479],[0,0],[0,0]],"v":[[626.569,231.994],[213.358,123.853],[142.431,390.006],[555.643,498.147],[566.537,457.413],[530.524,447.781],[469.602,431.488],[395.051,411.549],[349.626,399.4],[279.307,380.593],[213.337,364.008],[259.14,191.793],[326.28,208.692],[400.332,228.497],[444.39,240.28],[512.593,258.521],[575.631,275.38],[612.34,285.198]],"c":true}]},{"i":{"x":0.833,"y":0.833},"o":{"x":0.167,"y":0.167},"t":226,"s":[{"i":[[0,0],[0,0],[0,0],[0,0],[0,0],[0,0],[48.602,13.488],[0,0],[0,0],[52.306,13.593],[0,0],[0,0],[-43.72,-11.308],[0,0],[0,0],[-46.407,-11.479],[0,0],[0,0]],"o":[[0,0],[0,0],[0,0],[0,0],[0,0],[0,0],[-48.602,-13.488],[0,0],[0,0],[-52.307,-13.593],[0,0],[0,0],[43.72,11.308],[0,0],[0,0],[46.407,11.479],[0,0],[0,0]],"v":[[626.569,231.994],[213.358,123.853],[142.431,390.006],[555.643,498.147],[566.537,457.413],[530.524,447.781],[469.602,431.488],[395.051,411.549],[349.626,399.4],[279.307,380.593],[226.337,367.008],[256.14,258.793],[319.28,242.692],[384.332,292.497],[428.39,304.28],[505.593,290.521],[559.631,339.38],[599.34,337.198]],"c":true}]},{"i":{"x":0.833,"y":0.833},"o":{"x":0.167,"y":0.167},"t":228,"s":[{"i":[[0,0],[0,0],[0,0],[0,0],[0,0],[0,0],[48.602,13.488],[0,0],[0,0],[52.306,13.593],[0,0],[0,0],[-43.72,-11.308],[0,0],[0,0],[-46.407,-11.479],[0,0],[0,0]],"o":[[0,0],[0,0],[0,0],[0,0],[0,0],[0,0],[-48.602,-13.488],[0,0],[0,0],[-52.307,-13.593],[0,0],[0,0],[43.72,11.308],[0,0],[0,0],[46.407,11.479],[0,0],[0,0]],"v":[[626.569,231.994],[213.358,123.853],[142.431,390.006],[555.643,498.147],[566.537,457.413],[530.524,447.781],[469.602,431.488],[395.051,411.549],[349.626,399.4],[279.307,380.593],[226.337,367.008],[246.14,287.793],[305.28,282.692],[374.332,321.497],[418.39,333.28],[490.593,327.521],[549.631,368.38],[589.34,366.198]],"c":true}]},{"i":{"x":0.833,"y":0.833},"o":{"x":0.167,"y":0.167},"t":229,"s":[{"i":[[0,0],[0,0],[0,0],[0,0],[0,0],[0,0],[48.602,13.488],[0,0],[0,0],[52.306,13.593],[0,0],[0,0],[-43.72,-11.308],[0,0],[0,0],[-46.407,-11.479],[0,0],[0,0]],"o":[[0,0],[0,0],[0,0],[0,0],[0,0],[0,0],[-48.602,-13.488],[0,0],[0,0],[-52.307,-13.593],[0,0],[0,0],[43.72,11.308],[0,0],[0,0],[46.407,11.479],[0,0],[0,0]],"v":[[626.569,231.994],[213.358,123.853],[142.431,390.006],[555.643,498.147],[566.537,457.413],[530.524,447.781],[469.602,431.488],[395.051,411.549],[349.626,399.4],[279.307,380.593],[226.337,367.008],[241.807,311.46],[296.78,327.858],[369.999,345.163],[414.057,356.947],[484.427,375.687],[545.298,392.047],[585.007,389.864]],"c":true}]},{"i":{"x":0.833,"y":0.833},"o":{"x":0.167,"y":0.167},"t":230,"s":[{"i":[[0,0],[0,0],[0,0],[0,0],[0,0],[0,0],[48.602,13.488],[0,0],[0,0],[52.306,13.593],[0,0],[0,0],[-43.72,-11.308],[0,0],[0,0],[-46.407,-11.479],[0,0],[0,0]],"o":[[0,0],[0,0],[0,0],[0,0],[0,0],[0,0],[-48.602,-13.488],[0,0],[0,0],[-52.307,-13.593],[0,0],[0,0],[43.72,11.308],[0,0],[0,0],[46.407,11.479],[0,0],[0,0]],"v":[[626.569,231.994],[213.358,123.853],[142.431,390.006],[555.643,498.147],[566.537,457.413],[530.524,447.781],[469.602,431.488],[395.051,411.549],[349.626,399.4],[279.307,380.593],[226.337,367.008],[243.474,307.127],[286.28,365.025],[371.665,340.83],[415.724,352.613],[468.26,415.854],[546.964,387.713],[586.673,385.531]],"c":true}]},{"i":{"x":0.833,"y":0.833},"o":{"x":0.167,"y":0.167},"t":231,"s":[{"i":[[0,0],[0,0],[0,0],[0,0],[0,0],[0,0],[48.602,13.488],[0,0],[0,0],[52.306,13.593],[0,0],[0,0],[-43.72,-11.308],[0,0],[0,0],[-46.407,-11.479],[0,0],[0,0]],"o":[[0,0],[0,0],[0,0],[0,0],[0,0],[0,0],[-48.602,-13.488],[0,0],[0,0],[-52.307,-13.593],[0,0],[0,0],[43.72,11.308],[0,0],[0,0],[46.407,11.479],[0,0],[0,0]],"v":[[626.569,231.994],[213.358,123.853],[142.431,390.006],[555.643,498.147],[566.537,457.413],[530.524,447.781],[469.602,431.488],[395.051,411.549],[349.626,399.4],[279.307,380.593],[226.337,367.008],[242.14,316.793],[293.28,353.692],[370.332,350.497],[414.39,362.28],[473.593,407.521],[545.631,397.38],[585.34,395.198]],"c":true}]},{"i":{"x":0.833,"y":0.833},"o":{"x":0.167,"y":0.167},"t":236,"s":[{"i":[[0,0],[0,0],[0,0],[0,0],[0,0],[0,0],[48.602,13.488],[0,0],[0,0],[52.306,13.593],[0,0],[0,0],[-43.72,-11.308],[0,0],[0,0],[-46.407,-11.479],[0,0],[0,0]],"o":[[0,0],[0,0],[0,0],[0,0],[0,0],[0,0],[-48.602,-13.488],[0,0],[0,0],[-52.307,-13.593],[0,0],[0,0],[43.72,11.308],[0,0],[0,0],[46.407,11.479],[0,0],[0,0]],"v":[[626.569,231.994],[213.358,123.853],[142.431,390.006],[555.643,498.147],[566.537,457.413],[530.524,447.781],[469.602,431.488],[395.051,411.549],[349.626,399.4],[279.307,380.593],[226.337,367.008],[242.14,316.793],[293.28,353.692],[370.332,350.497],[414.39,362.28],[473.593,407.521],[545.631,397.38],[585.34,395.198]],"c":true}]},{"i":{"x":0.833,"y":0.833},"o":{"x":0.167,"y":0.167},"t":237,"s":[{"i":[[0,0],[0,0],[0,0],[0,0],[0,0],[0,0],[48.602,13.488],[0,0],[0,0],[52.306,13.593],[0,0],[0,0],[-43.72,-11.308],[0,0],[0,0],[-46.407,-11.479],[0,0],[0,0]],"o":[[0,0],[0,0],[0,0],[0,0],[0,0],[0,0],[-48.602,-13.488],[0,0],[0,0],[-52.307,-13.593],[0,0],[0,0],[43.72,11.308],[0,0],[0,0],[46.407,11.479],[0,0],[0,0]],"v":[[626.569,231.994],[213.358,123.853],[142.431,390.006],[555.643,498.147],[566.537,457.413],[530.524,447.781],[469.602,431.488],[395.051,411.549],[349.626,399.4],[279.307,380.593],[226.337,367.008],[249.14,280.793],[307.28,279.692],[377.332,314.497],[421.39,326.28],[492.593,331.521],[552.631,361.38],[592.34,359.198]],"c":true}]},{"i":{"x":0,"y":1},"o":{"x":0.167,"y":0.167},"t":242,"s":[{"i":[[0,0],[0,0],[0,0],[0,0],[0,0],[0,0],[48.602,13.488],[0,0],[0,0],[52.306,13.593],[0,0],[0,0],[-43.72,-11.308],[0,0],[0,0],[-46.407,-11.479],[0,0],[0,0]],"o":[[0,0],[0,0],[0,0],[0,0],[0,0],[0,0],[-48.602,-13.488],[0,0],[0,0],[-52.307,-13.593],[0,0],[0,0],[43.72,11.308],[0,0],[0,0],[46.407,11.479],[0,0],[0,0]],"v":[[626.569,231.994],[213.358,123.853],[142.431,390.006],[555.643,498.147],[566.537,457.413],[530.524,447.781],[469.602,431.488],[395.051,411.549],[349.626,399.4],[279.307,380.593],[226.337,367.008],[256.14,258.793],[319.28,242.692],[384.332,292.497],[428.39,304.28],[505.593,290.521],[559.631,339.38],[599.34,337.198]],"c":true}]},{"t":248,"s":[{"i":[[0,0],[0,0],[0,0],[0,0],[0,0],[0,0],[48.602,13.488],[0,0],[0,0],[52.306,13.593],[0,0],[0,0],[-43.72,-11.308],[0,0],[0,0],[-46.407,-11.479],[0,0],[0,0]],"o":[[0,0],[0,0],[0,0],[0,0],[0,0],[0,0],[-48.602,-13.488],[0,0],[0,0],[-52.307,-13.593],[0,0],[0,0],[43.72,11.308],[0,0],[0,0],[46.407,11.479],[0,0],[0,0]],"v":[[626.569,231.994],[213.358,123.853],[142.431,390.006],[555.643,498.147],[566.537,457.413],[530.524,447.781],[469.602,431.488],[395.051,411.549],[349.626,399.4],[279.307,380.593],[213.337,364.008],[259.14,191.793],[326.28,208.692],[400.332,228.497],[444.39,240.28],[512.593,258.521],[575.631,275.38],[612.34,285.198]],"c":true}]}],"ix":1},"o":{"a":0,"k":100,"ix":3},"x":{"a":0,"k":0,"ix":4},"nm":"Mask 1"}],"w":850,"h":850,"ip":0,"op":800,"st":0,"bm":0},{"ddd":0,"ind":4,"ty":4,"nm":"cheek L","sr":1,"ks":{"o":{"a":1,"k":[{"t":0,"s":[100],"h":1},{"t":186,"s":[0],"h":1},{"t":231,"s":[100],"h":1}],"ix":11},"r":{"a":0,"k":0,"ix":10},"p":{"a":0,"k":[486.112,411.108,0],"ix":2},"a":{"a":0,"k":[-2.5,22,0],"ix":1},"s":{"a":1,"k":[{"i":{"x":[0.833,0.833,0.833],"y":[0.833,0.833,0.833]},"o":{"x":[0.167,0.167,0.167],"y":[0.167,0.167,0.167]},"t":0,"s":[100,100,100]},{"i":{"x":[0.833,0.833,0.833],"y":[0.833,0.833,0.833]},"o":{"x":[0.167,0.167,0.167],"y":[0.167,0.167,0.167]},"t":177,"s":[100,100,100]},{"i":{"x":[0,0,0.667],"y":[1,1,1]},"o":{"x":[0.167,0.167,0.167],"y":[0,0.167,0]},"t":236,"s":[100,80,100]},{"t":248,"s":[100,100,100]}],"ix":6}},"ao":0,"shapes":[{"ty":"gr","it":[{"ind":0,"ty":"sh","ix":1,"ks":{"a":0,"k":{"i":[[-9.94,-0.79],[0,0],[10.739,1.724],[0,0]],"o":[[0,0],[-10.37,3.418],[0,0],[13,-1.88]],"v":[[17.199,-7.916],[15.423,4.565],[-15.091,8.264],[-17.201,-6.266]],"c":true},"ix":2},"nm":"Path 1","mn":"ADBE Vector Shape - Group","hd":false},{"ty":"fl","c":{"a":0,"k":[0.55686300993,0.878431022167,0,1],"ix":4},"o":{"a":0,"k":100,"ix":5},"r":1,"bm":0,"nm":"Fill 1","mn":"ADBE Vector Graphic - Fill","hd":false},{"ty":"tr","p":{"a":0,"k":[0,0],"ix":2},"a":{"a":0,"k":[0,0],"ix":1},"s":{"a":0,"k":[324.324,324.324],"ix":3},"r":{"a":0,"k":0,"ix":6},"o":{"a":0,"k":100,"ix":7},"sk":{"a":0,"k":0,"ix":4},"sa":{"a":0,"k":0,"ix":5},"nm":"Transform"}],"nm":"cheek L","np":2,"cix":2,"bm":0,"ix":1,"mn":"ADBE Vector Group","hd":false}],"ip":0,"op":800,"st":0,"bm":0},{"ddd":0,"ind":5,"ty":4,"nm":"cheek R","sr":1,"ks":{"o":{"a":1,"k":[{"t":0,"s":[100],"h":1},{"t":186,"s":[0],"h":1},{"t":231,"s":[100],"h":1}],"ix":11},"r":{"a":0,"k":0,"ix":10},"p":{"a":0,"k":[281.044,356.949,0],"ix":2},"a":{"a":0,"k":[-10.5,22.5,0],"ix":1},"s":{"a":1,"k":[{"i":{"x":[0.833,0.833,0.833],"y":[0.833,0.833,0.833]},"o":{"x":[0.167,0.167,0.167],"y":[0.167,0.167,0.167]},"t":0,"s":[100,100,100]},{"i":{"x":[0.833,0.833,0.833],"y":[0.833,0.833,0.833]},"o":{"x":[0.167,0.167,0.167],"y":[0.167,0.167,0.167]},"t":177,"s":[100,100,100]},{"i":{"x":[0,0,0.667],"y":[1,1,1]},"o":{"x":[0.167,0.167,0.167],"y":[0,0.167,0]},"t":236,"s":[100,80,100]},{"t":248,"s":[100,100,100]}],"ix":6}},"ao":0,"shapes":[{"ty":"gr","it":[{"ind":0,"ty":"sh","ix":1,"ks":{"a":0,"k":{"i":[[0,0],[0.21,1.93],[0,0],[-10.32,-8.13],[0,0],[6.266,6.502]],"o":[[-1.02,-1.68],[0,0],[9.01,4.29],[0,0],[-9.232,-3.655],[0,0]],"v":[[-13.834,-1.152],[-15.684,-6.642],[-12.203,-15.081],[16.767,3.549],[7.677,15.079],[-13.834,-1.152]],"c":true},"ix":2},"nm":"Path 1","mn":"ADBE Vector Shape - Group","hd":false},{"ty":"fl","c":{"a":0,"k":[0.55686300993,0.878431022167,0,1],"ix":4},"o":{"a":0,"k":100,"ix":5},"r":1,"bm":0,"nm":"Fill 1","mn":"ADBE Vector Graphic - Fill","hd":false},{"ty":"tr","p":{"a":0,"k":[0,0],"ix":2},"a":{"a":0,"k":[0,0],"ix":1},"s":{"a":0,"k":[324.324,324.324],"ix":3},"r":{"a":0,"k":0,"ix":6},"o":{"a":0,"k":100,"ix":7},"sk":{"a":0,"k":0,"ix":4},"sa":{"a":0,"k":0,"ix":5},"nm":"Transform"}],"nm":"cheek R","np":2,"cix":2,"bm":0,"ix":1,"mn":"ADBE Vector Group","hd":false}],"ip":0,"op":800,"st":0,"bm":0},{"ddd":0,"ind":6,"ty":4,"nm":"shine L","parent":8,"sr":1,"ks":{"o":{"a":0,"k":100,"ix":11},"r":{"a":0,"k":0,"ix":10},"p":{"a":0,"k":[-16.903,-29.01,0],"ix":2},"a":{"a":0,"k":[0,0,0],"ix":1},"s":{"a":0,"k":[100,100,100],"ix":6}},"ao":0,"shapes":[{"ty":"gr","it":[{"ind":0,"ty":"sh","ix":1,"ks":{"a":0,"k":{"i":[[-2.66,0],[0,2.65],[2.67,0],[0,-2.64]],"o":[[2.67,0],[0,-2.64],[-2.66,0],[0,2.65]],"v":[[-0.003,4.785],[4.827,-0.005],[-0.003,-4.785],[-4.823,-0.005]],"c":true},"ix":2},"nm":"Path 1","mn":"ADBE Vector Shape - Group","hd":false},{"ty":"fl","c":{"a":0,"k":[1,1,1,1],"ix":4},"o":{"a":0,"k":100,"ix":5},"r":1,"bm":0,"nm":"Fill 1","mn":"ADBE Vector Graphic - Fill","hd":false},{"ty":"tr","p":{"a":0,"k":[0,0],"ix":2},"a":{"a":0,"k":[0,0],"ix":1},"s":{"a":0,"k":[324.324,324.324],"ix":3},"r":{"a":0,"k":15,"ix":6},"o":{"a":0,"k":100,"ix":7},"sk":{"a":0,"k":0,"ix":4},"sa":{"a":0,"k":0,"ix":5},"nm":"Transform"}],"nm":"shine L","np":2,"cix":2,"bm":0,"ix":1,"mn":"ADBE Vector Group","hd":false}],"ip":0,"op":800,"st":0,"bm":0},{"ddd":0,"ind":7,"ty":4,"nm":"shine R","parent":9,"sr":1,"ks":{"o":{"a":0,"k":100,"ix":11},"r":{"a":0,"k":0,"ix":10},"p":{"a":0,"k":[-14.025,-28.239,0],"ix":2},"a":{"a":0,"k":[0,0,0],"ix":1},"s":{"a":0,"k":[100,100,100],"ix":6}},"ao":0,"shapes":[{"ty":"gr","it":[{"ind":0,"ty":"sh","ix":1,"ks":{"a":0,"k":{"i":[[-2.66,0],[0,2.65],[2.67,0],[0,-2.64]],"o":[[2.67,0],[0,-2.64],[-2.66,0],[0,2.65]],"v":[[-0.003,4.785],[4.827,-0.005],[-0.003,-4.785],[-4.823,-0.005]],"c":true},"ix":2},"nm":"Path 1","mn":"ADBE Vector Shape - Group","hd":false},{"ty":"fl","c":{"a":0,"k":[1,1,1,1],"ix":4},"o":{"a":0,"k":100,"ix":5},"r":1,"bm":0,"nm":"Fill 1","mn":"ADBE Vector Graphic - Fill","hd":false},{"ty":"tr","p":{"a":0,"k":[0,0],"ix":2},"a":{"a":0,"k":[0,0],"ix":1},"s":{"a":0,"k":[324.324,324.324],"ix":3},"r":{"a":0,"k":15,"ix":6},"o":{"a":0,"k":100,"ix":7},"sk":{"a":0,"k":0,"ix":4},"sa":{"a":0,"k":0,"ix":5},"nm":"Transform"}],"nm":"shine R","np":2,"cix":2,"bm":0,"ix":1,"mn":"ADBE Vector Group","hd":false}],"ip":0,"op":800,"st":0,"bm":0},{"ddd":0,"ind":8,"ty":4,"nm":"pupil L","sr":1,"ks":{"o":{"a":0,"k":100,"ix":11},"r":{"a":0,"k":0,"ix":10},"p":{"a":1,"k":[{"t":0,"s":[482,339.586,0],"h":1},{"t":55,"s":[479,337.586,0],"h":1},{"t":114,"s":[483,339.586,0],"h":1},{"t":177,"s":[476,359.586,0],"h":1},{"t":231,"s":[482,339.586,0],"h":1}],"ix":2},"a":{"a":0,"k":[0,0,0],"ix":1},"s":{"a":0,"k":[100,100,100],"ix":6}},"ao":0,"shapes":[{"ty":"gr","it":[{"ind":0,"ty":"sh","ix":1,"ks":{"a":0,"k":{"i":[[-4.04,-1.08],[1.09,-4.04],[0,0],[4.04,1.08],[-1.08,4.04],[0,0]],"o":[[4.05,1.08],[0,0],[-1.08,4.04],[-4.04,-1.08],[0,0],[1.09,-4.04]],"v":[[3.003,-11.224],[8.363,-1.944],[6.273,5.866],[-3.007,11.226],[-8.367,1.946],[-6.277,-5.864]],"c":true},"ix":2},"nm":"Path 1","mn":"ADBE Vector Shape - Group","hd":false},{"ty":"fl","c":{"a":0,"k":[0.294117987156,0.294117987156,0.294117987156,1],"ix":4},"o":{"a":0,"k":100,"ix":5},"r":1,"bm":0,"nm":"Fill 1","mn":"ADBE Vector Graphic - Fill","hd":false},{"ty":"tr","p":{"a":0,"k":[0,0],"ix":2},"a":{"a":0,"k":[0,0],"ix":1},"s":{"a":0,"k":[324.324,324.324],"ix":3},"r":{"a":0,"k":0,"ix":6},"o":{"a":0,"k":100,"ix":7},"sk":{"a":0,"k":0,"ix":4},"sa":{"a":0,"k":0,"ix":5},"nm":"Transform"}],"nm":"pupil L","np":2,"cix":2,"bm":0,"ix":1,"mn":"ADBE Vector Group","hd":false}],"ip":0,"op":800,"st":0,"bm":0},{"ddd":0,"ind":9,"ty":4,"nm":"pupil R","sr":1,"ks":{"o":{"a":0,"k":100,"ix":11},"r":{"a":0,"k":0,"ix":10},"p":{"a":1,"k":[{"t":0,"s":[319.399,296.018,0],"h":1},{"t":55,"s":[316.399,294.018,0],"h":1},{"t":114,"s":[320.399,296.018,0],"h":1},{"t":177,"s":[313.399,316.018,0],"h":1},{"t":231,"s":[319.399,296.018,0],"h":1}],"ix":2},"a":{"a":0,"k":[0,0,0],"ix":1},"s":{"a":0,"k":[100,100,100],"ix":6}},"ao":0,"shapes":[{"ty":"gr","it":[{"ind":0,"ty":"sh","ix":1,"ks":{"a":0,"k":{"i":[[-4.04,-1.08],[1.09,-4.04],[0,0],[4.04,1.08],[-1.08,4.04],[0,0]],"o":[[4.05,1.08],[0,0],[-1.08,4.04],[-4.04,-1.08],[0,0],[1.09,-4.04]],"v":[[3.003,-11.224],[8.363,-1.944],[6.273,5.866],[-3.007,11.226],[-8.367,1.946],[-6.277,-5.864]],"c":true},"ix":2},"nm":"Path 1","mn":"ADBE Vector Shape - Group","hd":false},{"ty":"fl","c":{"a":0,"k":[0.294117987156,0.294117987156,0.294117987156,1],"ix":4},"o":{"a":0,"k":100,"ix":5},"r":1,"bm":0,"nm":"Fill 1","mn":"ADBE Vector Graphic - Fill","hd":false},{"ty":"tr","p":{"a":0,"k":[0,0],"ix":2},"a":{"a":0,"k":[0,0],"ix":1},"s":{"a":0,"k":[324.324,324.324],"ix":3},"r":{"a":0,"k":0,"ix":6},"o":{"a":0,"k":100,"ix":7},"sk":{"a":0,"k":0,"ix":4},"sa":{"a":0,"k":0,"ix":5},"nm":"Transform"}],"nm":"pupil R","np":2,"cix":2,"bm":0,"ix":1,"mn":"ADBE Vector Group","hd":false}],"ip":0,"op":800,"st":0,"bm":0},{"ddd":0,"ind":10,"ty":0,"nm":"BEAK","refId":"comp_5","sr":1,"ks":{"o":{"a":0,"k":100,"ix":11},"r":{"a":0,"k":0,"ix":10},"p":{"a":0,"k":[425,425,0],"ix":2},"a":{"a":0,"k":[425,425,0],"ix":1},"s":{"a":0,"k":[100,100,100],"ix":6}},"ao":0,"w":850,"h":850,"ip":0,"op":800,"st":0,"bm":0},{"ddd":0,"ind":11,"ty":4,"nm":"eye L","sr":1,"ks":{"o":{"a":0,"k":100,"ix":11},"r":{"a":0,"k":0,"ix":10},"p":{"a":0,"k":[489.914,341.707,0],"ix":2},"a":{"a":0,"k":[0,0,0],"ix":1},"s":{"a":0,"k":[100,100,100],"ix":6}},"ao":0,"shapes":[{"ty":"gr","it":[{"ind":0,"ty":"sh","ix":1,"ks":{"a":0,"k":{"i":[[-8.57,-2.3],[2.3,-8.57],[0,0],[8.58,2.3],[-2.3,8.57],[0,0]],"o":[[8.58,2.3],[0,0],[-2.3,8.58],[-8.58,-2.3],[0,0],[2.3,-8.58]],"v":[[5.364,-20.029],[16.734,-0.339],[14.324,8.661],[-5.366,20.031],[-16.736,0.341],[-14.326,-8.659]],"c":true},"ix":2},"nm":"Path 1","mn":"ADBE Vector Shape - Group","hd":false},{"ty":"fl","c":{"a":0,"k":[1,1,1,1],"ix":4},"o":{"a":0,"k":100,"ix":5},"r":1,"bm":0,"nm":"Fill 1","mn":"ADBE Vector Graphic - Fill","hd":false},{"ty":"tr","p":{"a":0,"k":[0,0],"ix":2},"a":{"a":0,"k":[0,0],"ix":1},"s":{"a":0,"k":[324.324,324.324],"ix":3},"r":{"a":0,"k":0,"ix":6},"o":{"a":0,"k":100,"ix":7},"sk":{"a":0,"k":0,"ix":4},"sa":{"a":0,"k":0,"ix":5},"nm":"Transform"}],"nm":"eye L","np":2,"cix":2,"bm":0,"ix":1,"mn":"ADBE Vector Group","hd":false}],"ip":0,"op":800,"st":0,"bm":0},{"ddd":0,"ind":12,"ty":4,"nm":"eye R","sr":1,"ks":{"o":{"a":0,"k":100,"ix":11},"r":{"a":0,"k":0,"ix":10},"p":{"a":0,"k":[311.484,293.897,0],"ix":2},"a":{"a":0,"k":[0,0,0],"ix":1},"s":{"a":0,"k":[100,100,100],"ix":6}},"ao":0,"shapes":[{"ty":"gr","it":[{"ind":0,"ty":"sh","ix":1,"ks":{"a":0,"k":{"i":[[-8.57,-2.3],[2.3,-8.57],[0,0],[8.58,2.3],[-2.3,8.57],[0,0]],"o":[[8.58,2.3],[0,0],[-2.3,8.58],[-8.58,-2.3],[0,0],[2.3,-8.58]],"v":[[5.364,-20.029],[16.734,-0.339],[14.324,8.661],[-5.366,20.031],[-16.736,0.341],[-14.326,-8.659]],"c":true},"ix":2},"nm":"Path 1","mn":"ADBE Vector Shape - Group","hd":false},{"ty":"fl","c":{"a":0,"k":[1,1,1,1],"ix":4},"o":{"a":0,"k":100,"ix":5},"r":1,"bm":0,"nm":"Fill 1","mn":"ADBE Vector Graphic - Fill","hd":false},{"ty":"tr","p":{"a":0,"k":[0,0],"ix":2},"a":{"a":0,"k":[0,0],"ix":1},"s":{"a":0,"k":[324.324,324.324],"ix":3},"r":{"a":0,"k":0,"ix":6},"o":{"a":0,"k":100,"ix":7},"sk":{"a":0,"k":0,"ix":4},"sa":{"a":0,"k":0,"ix":5},"nm":"Transform"}],"nm":"eye R","np":2,"cix":2,"bm":0,"ix":1,"mn":"ADBE Vector Group","hd":false}],"ip":0,"op":800,"st":0,"bm":0},{"ddd":0,"ind":13,"ty":4,"nm":"Stroke","sr":1,"ks":{"o":{"a":0,"k":100,"ix":11},"r":{"a":0,"k":0,"ix":10},"p":{"a":0,"k":[404.535,289.458,0],"ix":2},"a":{"a":0,"k":[0,0,0],"ix":1},"s":{"a":0,"k":[100,100,100],"ix":6}},"ao":0,"shapes":[{"ty":"gr","it":[{"ind":0,"ty":"sh","ix":1,"ks":{"a":0,"k":{"i":[[-14.87,2.91],[-11.17,-2.99],[-7.18,-6.25],[3.93,-14.64],[0,0],[4.73,-1.6],[16.6,4.45],[10.46,12.07],[-1.28,4.78],[0,0]],"o":[[9.34,-1.83],[11.18,3],[11.42,9.96],[0,0],[-1.29,4.82],[-15.32,5.16],[-16.6,-4.45],[-3.25,-3.74],[0,0],[3.92,-14.64]],"v":[[-18.019,-43.259],[12.751,-41.509],[40.291,-27.639],[52.541,12.551],[47.901,29.871],[38.271,40.141],[-9.639,41.211],[-50.249,16.431],[-53.389,2.801],[-48.729,-14.579]],"c":true},"ix":2},"nm":"Path 1","mn":"ADBE Vector Shape - Group","hd":false},{"ty":"st","c":{"a":0,"k":[1,1,1,1],"ix":3},"o":{"a":0,"k":100,"ix":4},"w":{"a":0,"k":3.212,"ix":5},"lc":1,"lj":1,"ml":4,"bm":0,"nm":"Stroke 1","mn":"ADBE Vector Graphic - Stroke","hd":false},{"ty":"tr","p":{"a":0,"k":[0,0],"ix":2},"a":{"a":0,"k":[0,0],"ix":1},"s":{"a":0,"k":[324.324,324.324],"ix":3},"r":{"a":0,"k":0,"ix":6},"o":{"a":0,"k":100,"ix":7},"sk":{"a":0,"k":0,"ix":4},"sa":{"a":0,"k":0,"ix":5},"nm":"Transform"}],"nm":"MASK","np":2,"cix":2,"bm":0,"ix":1,"mn":"ADBE Vector Group","hd":false}],"ip":0,"op":800,"st":0,"bm":0},{"ddd":0,"ind":14,"ty":0,"nm":"MASK","refId":"comp_6","sr":1,"ks":{"o":{"a":0,"k":100,"ix":11},"r":{"a":0,"k":0,"ix":10},"p":{"a":0,"k":[425,425,0],"ix":2},"a":{"a":0,"k":[425,425,0],"ix":1},"s":{"a":0,"k":[100,100,100],"ix":6}},"ao":0,"w":850,"h":850,"ip":0,"op":800,"st":0,"bm":0},{"ddd":0,"ind":15,"ty":4,"nm":"FACE","sr":1,"ks":{"o":{"a":0,"k":100,"ix":11},"r":{"a":0,"k":0,"ix":10},"p":{"a":0,"k":[404.535,290.257,0],"ix":2},"a":{"a":0,"k":[0,0,0],"ix":1},"s":{"a":0,"k":[100,100,100],"ix":6}},"ao":0,"shapes":[{"ty":"gr","it":[{"ind":0,"ty":"sh","ix":1,"ks":{"a":0,"k":{"i":[[-1.05,0.14],[-4.88,-1.3],[-13.51,1.67],[-0.81,-0.71],[3.76,-14.05],[0,0],[4.22,-1.43],[16.3,4.37],[10.26,11.82],[-1.14,4.27],[0,0],[-14.27,2.8]],"o":[[10.93,8.2],[4.88,1.31],[0.87,0.67],[10.97,9.56],[0,0],[-1.15,4.3],[-15.02,5.06],[-16.29,-4.37],[-2.89,-3.34],[0,0],[3.77,-14.04],[1.03,-0.2]],"v":[[-14.583,-42.447],[9.127,-28.197],[36.707,-28.737],[39.227,-26.677],[50.997,11.893],[46.357,29.203],[37.757,38.373],[-9.223,39.413],[-49.043,15.133],[-51.843,2.973],[-47.183,-14.417],[-17.713,-41.937]],"c":true},"ix":2},"nm":"Path 1","mn":"ADBE Vector Shape - Group","hd":false},{"ty":"fl","c":{"a":0,"k":[0.470587998629,0.784313976765,0,1],"ix":4},"o":{"a":0,"k":100,"ix":5},"r":1,"bm":0,"nm":"Fill 1","mn":"ADBE Vector Graphic - Fill","hd":false},{"ty":"tr","p":{"a":0,"k":[0,0],"ix":2},"a":{"a":0,"k":[0,0],"ix":1},"s":{"a":0,"k":[324.324,324.324],"ix":3},"r":{"a":0,"k":0,"ix":6},"o":{"a":0,"k":100,"ix":7},"sk":{"a":0,"k":0,"ix":4},"sa":{"a":0,"k":0,"ix":5},"nm":"Transform"}],"nm":"HEAD","np":2,"cix":2,"bm":0,"ix":1,"mn":"ADBE Vector Group","hd":false}],"ip":0,"op":800,"st":0,"bm":0}]},{"id":"comp_4","layers":[{"ddd":0,"ind":1,"ty":4,"nm":"eye L 2","sr":1,"ks":{"o":{"a":0,"k":100,"ix":11},"r":{"a":0,"k":0,"ix":10},"p":{"a":0,"k":[489.914,341.707,0],"ix":2},"a":{"a":0,"k":[0,0,0],"ix":1},"s":{"a":0,"k":[105,105,100],"ix":6}},"ao":0,"shapes":[{"ty":"gr","it":[{"ind":0,"ty":"sh","ix":1,"ks":{"a":0,"k":{"i":[[-8.57,-2.3],[2.3,-8.57],[0,0],[8.58,2.3],[-2.3,8.57],[0,0]],"o":[[8.58,2.3],[0,0],[-2.3,8.58],[-8.58,-2.3],[0,0],[2.3,-8.58]],"v":[[5.364,-20.029],[16.734,-0.339],[14.324,8.661],[-5.366,20.031],[-16.736,0.341],[-14.326,-8.659]],"c":true},"ix":2},"nm":"Path 1","mn":"ADBE Vector Shape - Group","hd":false},{"ty":"fl","c":{"a":0,"k":[0.556862745098,0.878431432387,0,1],"ix":4},"o":{"a":0,"k":100,"ix":5},"r":1,"bm":0,"nm":"Fill 1","mn":"ADBE Vector Graphic - Fill","hd":false},{"ty":"tr","p":{"a":0,"k":[0,0],"ix":2},"a":{"a":0,"k":[0,0],"ix":1},"s":{"a":0,"k":[324.324,324.324],"ix":3},"r":{"a":0,"k":0,"ix":6},"o":{"a":0,"k":100,"ix":7},"sk":{"a":0,"k":0,"ix":4},"sa":{"a":0,"k":0,"ix":5},"nm":"Transform"}],"nm":"eye L","np":2,"cix":2,"bm":0,"ix":1,"mn":"ADBE Vector Group","hd":false}],"ip":0,"op":800,"st":0,"bm":0},{"ddd":0,"ind":2,"ty":4,"nm":"eye R 2","sr":1,"ks":{"o":{"a":0,"k":100,"ix":11},"r":{"a":0,"k":0,"ix":10},"p":{"a":0,"k":[311.484,293.897,0],"ix":2},"a":{"a":0,"k":[0,0,0],"ix":1},"s":{"a":0,"k":[105,105,100],"ix":6}},"ao":0,"shapes":[{"ty":"gr","it":[{"ind":0,"ty":"sh","ix":1,"ks":{"a":0,"k":{"i":[[-8.57,-2.3],[2.3,-8.57],[0,0],[8.58,2.3],[-2.3,8.57],[0,0]],"o":[[8.58,2.3],[0,0],[-2.3,8.58],[-8.58,-2.3],[0,0],[2.3,-8.58]],"v":[[5.364,-20.029],[16.734,-0.339],[14.324,8.661],[-5.366,20.031],[-16.736,0.341],[-14.326,-8.659]],"c":true},"ix":2},"nm":"Path 1","mn":"ADBE Vector Shape - Group","hd":false},{"ty":"fl","c":{"a":0,"k":[0.556862745098,0.878431432387,0,1],"ix":4},"o":{"a":0,"k":100,"ix":5},"r":1,"bm":0,"nm":"Fill 1","mn":"ADBE Vector Graphic - Fill","hd":false},{"ty":"tr","p":{"a":0,"k":[0,0],"ix":2},"a":{"a":0,"k":[0,0],"ix":1},"s":{"a":0,"k":[324.324,324.324],"ix":3},"r":{"a":0,"k":0,"ix":6},"o":{"a":0,"k":100,"ix":7},"sk":{"a":0,"k":0,"ix":4},"sa":{"a":0,"k":0,"ix":5},"nm":"Transform"}],"nm":"eye R","np":2,"cix":2,"bm":0,"ix":1,"mn":"ADBE Vector Group","hd":false}],"ip":0,"op":800,"st":0,"bm":0}]},{"id":"comp_5","layers":[{"ddd":0,"ind":1,"ty":4,"nm":"beak SHINE","sr":1,"ks":{"o":{"a":0,"k":100,"ix":11},"r":{"a":0,"k":0,"ix":10},"p":{"a":0,"k":[397.402,332.937,0],"ix":2},"a":{"a":0,"k":[0,0,0],"ix":1},"s":{"a":0,"k":[100,100,100],"ix":6}},"ao":0,"shapes":[{"ty":"gr","it":[{"ind":0,"ty":"sh","ix":1,"ks":{"a":0,"k":{"i":[[1.4,-0.11],[0.07,0.9],[-0.9,0.08],[-1.79,-1.24],[0.51,-0.74],[0.75,0.52]],"o":[[-0.9,0.08],[-0.08,-0.9],[2.17,-0.18],[0.74,0.52],[-0.52,0.75],[-1.15,-0.8]],"v":[[-2.301,0.991],[-4.071,-0.499],[-2.581,-2.279],[3.379,-0.679],[3.789,1.601],[1.499,2.011]],"c":true},"ix":2},"nm":"Path 1","mn":"ADBE Vector Shape - Group","hd":false},{"ty":"fl","c":{"a":0,"k":[1,0.870588004589,0,1],"ix":4},"o":{"a":0,"k":100,"ix":5},"r":1,"bm":0,"nm":"Fill 1","mn":"ADBE Vector Graphic - Fill","hd":false},{"ty":"tr","p":{"a":0,"k":[0,0],"ix":2},"a":{"a":0,"k":[0,0],"ix":1},"s":{"a":0,"k":[324.324,324.324],"ix":3},"r":{"a":0,"k":0,"ix":6},"o":{"a":0,"k":100,"ix":7},"sk":{"a":0,"k":0,"ix":4},"sa":{"a":0,"k":0,"ix":5},"nm":"Transform"}],"nm":"beak SHINE","np":2,"cix":2,"bm":0,"ix":1,"mn":"ADBE Vector Group","hd":false}],"ip":0,"op":800,"st":0,"bm":0},{"ddd":0,"ind":2,"ty":4,"nm":"beak TOP","sr":1,"ks":{"o":{"a":0,"k":100,"ix":11},"r":{"a":0,"k":0,"ix":10},"p":{"a":0,"k":[393.195,341.508,0],"ix":2},"a":{"a":0,"k":[0,0,0],"ix":1},"s":{"a":0,"k":[100,100,100],"ix":6}},"ao":0,"shapes":[{"ty":"gr","it":[{"ind":0,"ty":"sh","ix":1,"ks":{"a":0,"k":{"i":[[0,0],[-5.82,-1.56],[0.42,-5.28],[0,0],[0,0],[0,0]],"o":[[2.28,-4.78],[5.19,1.39],[0,0],[0,0],[0,0],[0,0]],"v":[[-11.024,-0.132],[2.776,-6.002],[11.156,5.818],[10.986,6.448],[-0.604,5.358],[-11.194,0.508]],"c":true},"ix":2},"nm":"Path 1","mn":"ADBE Vector Shape - Group","hd":false},{"ty":"fl","c":{"a":0,"k":[1,0.760783970356,0,1],"ix":4},"o":{"a":0,"k":100,"ix":5},"r":1,"bm":0,"nm":"Fill 1","mn":"ADBE Vector Graphic - Fill","hd":false},{"ty":"tr","p":{"a":0,"k":[0,0],"ix":2},"a":{"a":0,"k":[0,0],"ix":1},"s":{"a":0,"k":[324.324,324.324],"ix":3},"r":{"a":0,"k":0,"ix":6},"o":{"a":0,"k":100,"ix":7},"sk":{"a":0,"k":0,"ix":4},"sa":{"a":0,"k":0,"ix":5},"nm":"Transform"}],"nm":"beak TOP","np":2,"cix":2,"bm":0,"ix":1,"mn":"ADBE Vector Group","hd":false}],"ip":0,"op":800,"st":0,"bm":0},{"ddd":0,"ind":3,"ty":4,"nm":"beak FILL","sr":1,"ks":{"o":{"a":0,"k":100,"ix":11},"r":{"a":0,"k":0,"ix":10},"p":{"a":0,"k":[387.411,373.149,0],"ix":2},"a":{"a":0,"k":[0,0,0],"ix":1},"s":{"a":0,"k":[100,100,100],"ix":6}},"ao":0,"shapes":[{"ty":"gr","it":[{"ind":0,"ty":"sh","ix":1,"ks":{"a":0,"k":{"i":[[-3.43,-0.92],[0.92,-3.43],[0,0],[3.43,0.92],[-0.92,3.43],[0,0]],"o":[[3.43,0.92],[0,0],[-0.92,3.43],[-3.43,-0.92],[0,0],[0.92,-3.43]],"v":[[2.832,-10.565],[7.382,-2.685],[5.042,6.015],[-2.828,10.565],[-7.378,2.685],[-5.048,-6.015]],"c":true},"ix":2},"nm":"Path 1","mn":"ADBE Vector Shape - Group","hd":false},{"ty":"fl","c":{"a":0,"k":[0.721569001675,0.427451014519,0,1],"ix":4},"o":{"a":0,"k":100,"ix":5},"r":1,"bm":0,"nm":"Fill 1","mn":"ADBE Vector Graphic - Fill","hd":false},{"ty":"tr","p":{"a":0,"k":[0,0],"ix":2},"a":{"a":0,"k":[0,0],"ix":1},"s":{"a":0,"k":[324.324,324.324],"ix":3},"r":{"a":0,"k":0,"ix":6},"o":{"a":0,"k":100,"ix":7},"sk":{"a":0,"k":0,"ix":4},"sa":{"a":0,"k":0,"ix":5},"nm":"Transform"}],"nm":"beak FILL","np":2,"cix":2,"bm":0,"ix":1,"mn":"ADBE Vector Group","hd":false}],"ip":0,"op":800,"st":0,"bm":0},{"ddd":0,"ind":4,"ty":4,"nm":"beak BOTTOM","sr":1,"ks":{"o":{"a":0,"k":100,"ix":11},"r":{"a":0,"k":0,"ix":10},"p":{"a":0,"k":[386.646,374.997,0],"ix":2},"a":{"a":0,"k":[0,0,0],"ix":1},"s":{"a":0,"k":[100,100,100],"ix":6}},"ao":0,"shapes":[{"ty":"gr","it":[{"ind":0,"ty":"sh","ix":1,"ks":{"a":0,"k":{"i":[[0,0],[1.7,0.46],[1.49,0.48],[-0.69,2.6],[0,0],[-4.41,-1.18],[0,0],[1.19,-4.4],[0,0],[2.3,-0.94]],"o":[[-1.7,-0.35],[-1.55,-0.41],[-1.54,-1.98],[0,0],[1.18,-4.4],[0,0],[4.41,1.18],[0,0],[-0.7,2.59],[0,0]],"v":[[1.396,14.499],[-3.704,13.279],[-8.274,11.939],[-9.744,4.719],[-6.234,-8.381],[3.886,-14.221],[3.896,-14.211],[9.736,-4.101],[6.236,8.999],[1.396,14.499]],"c":true},"ix":2},"nm":"Path 1","mn":"ADBE Vector Shape - Group","hd":false},{"ty":"fl","c":{"a":0,"k":[1,0.694118022919,0,1],"ix":4},"o":{"a":0,"k":100,"ix":5},"r":1,"bm":0,"nm":"Fill 1","mn":"ADBE Vector Graphic - Fill","hd":false},{"ty":"tr","p":{"a":0,"k":[0,0],"ix":2},"a":{"a":0,"k":[0,0],"ix":1},"s":{"a":0,"k":[324.324,324.324],"ix":3},"r":{"a":0,"k":0,"ix":6},"o":{"a":0,"k":100,"ix":7},"sk":{"a":0,"k":0,"ix":4},"sa":{"a":0,"k":0,"ix":5},"nm":"Transform"}],"nm":"beak BOTTOM","np":2,"cix":2,"bm":0,"ix":1,"mn":"ADBE Vector Group","hd":false}],"ip":0,"op":800,"st":0,"bm":0}]},{"id":"comp_6","layers":[{"ddd":0,"ind":1,"ty":4,"nm":"mask L","sr":1,"ks":{"o":{"a":0,"k":100,"ix":11},"r":{"a":0,"k":0,"ix":10},"p":{"a":0,"k":[491.381,337.115,0],"ix":2},"a":{"a":0,"k":[0,0,0],"ix":1},"s":{"a":0,"k":[100,100,100],"ix":6}},"ao":0,"shapes":[{"ty":"gr","it":[{"ind":0,"ty":"sh","ix":1,"ks":{"a":0,"k":{"i":[[0,0],[0,0],[0,0],[4.22,-1.43],[7.03,-0.37],[-2.89,11.12],[0,0],[-11.68,-3.04],[-0.06,-0.02],[0,0],[1.5,-10.77]],"o":[[0,0],[0,0],[-1.15,4.3],[-6.77,2.28],[-10.69,-3.68],[0,0],[3.03,-11.68],[0.05,0.01],[0,0],[10.78,2.88],[0,0]],"v":[[24.227,-2.584],[24.217,-2.554],[19.577,14.756],[10.977,23.926],[-9.713,27.896],[-23.723,1.746],[-20.283,-11.524],[6.357,-27.184],[6.527,-27.144],[8.227,-26.684],[24.227,-2.584]],"c":true},"ix":2},"nm":"Path 1","mn":"ADBE Vector Shape - Group","hd":false},{"ty":"fl","c":{"a":0,"k":[0.55686300993,0.878431022167,0,1],"ix":4},"o":{"a":0,"k":100,"ix":5},"r":1,"bm":0,"nm":"Fill 1","mn":"ADBE Vector Graphic - Fill","hd":false},{"ty":"tr","p":{"a":0,"k":[0,0],"ix":2},"a":{"a":0,"k":[0,0],"ix":1},"s":{"a":0,"k":[324.324,324.324],"ix":3},"r":{"a":0,"k":0,"ix":6},"o":{"a":0,"k":100,"ix":7},"sk":{"a":0,"k":0,"ix":4},"sa":{"a":0,"k":0,"ix":5},"nm":"Transform"}],"nm":"mask L","np":2,"cix":2,"bm":0,"ix":1,"mn":"ADBE Vector Group","hd":false}],"ip":0,"op":800,"st":0,"bm":0},{"ddd":0,"ind":2,"ty":4,"nm":"mask R","sr":1,"ks":{"o":{"a":0,"k":100,"ix":11},"r":{"a":0,"k":0,"ix":10},"p":{"a":0,"k":[314.093,293.761,0],"ix":2},"a":{"a":0,"k":[0,0,0],"ix":1},"s":{"a":0,"k":[100,100,100],"ix":6}},"ao":0,"shapes":[{"ty":"gr","it":[{"ind":0,"ty":"sh","ix":1,"ks":{"a":0,"k":{"i":[[0,0],[4.9,5.65],[-1.14,4.27],[0,0],[-10.77,-2.89],[0,0],[3.13,-11.66],[0,0],[10.91,1.73]],"o":[[-6.27,-3.95],[-2.89,-3.34],[0,0],[4.08,-10.08],[0,0],[11.66,3.12],[0,0],[-2.92,10.9],[0,0]],"v":[[-4.397,28.441],[-21.157,14.051],[-23.957,1.891],[-19.407,-15.079],[6.493,-27.959],[8.203,-27.499],[23.653,-0.739],[20.103,12.511],[-4.397,28.441]],"c":true},"ix":2},"nm":"Path 1","mn":"ADBE Vector Shape - Group","hd":false},{"ty":"fl","c":{"a":0,"k":[0.55686300993,0.878431022167,0,1],"ix":4},"o":{"a":0,"k":100,"ix":5},"r":1,"bm":0,"nm":"Fill 1","mn":"ADBE Vector Graphic - Fill","hd":false},{"ty":"tr","p":{"a":0,"k":[0,0],"ix":2},"a":{"a":0,"k":[0,0],"ix":1},"s":{"a":0,"k":[324.324,324.324],"ix":3},"r":{"a":0,"k":0,"ix":6},"o":{"a":0,"k":100,"ix":7},"sk":{"a":0,"k":0,"ix":4},"sa":{"a":0,"k":0,"ix":5},"nm":"Transform"}],"nm":"mask R","np":2,"cix":2,"bm":0,"ix":1,"mn":"ADBE Vector Group","hd":false}],"ip":0,"op":800,"st":0,"bm":0},{"ddd":0,"ind":3,"ty":4,"nm":"mask M","sr":1,"ks":{"o":{"a":0,"k":100,"ix":11},"r":{"a":0,"k":0,"ix":10},"p":{"a":0,"k":[404.355,307.35,0],"ix":2},"a":{"a":0,"k":[0,0,0],"ix":1},"s":{"a":0,"k":[100,100,100],"ix":6}},"ao":0,"shapes":[{"ty":"gr","it":[{"ind":0,"ty":"sh","ix":1,"ks":{"a":0,"k":{"i":[[-3.65,13.42],[-7.24,4.73],[0,0],[14.49,3.8]],"o":[[4.02,7.75],[0,0],[0.02,-0.07],[2.79,-10.62]],"v":[[-6.025,-20.94],[15.685,-15.15],[6.015,20.94],[-15.685,15.13]],"c":true},"ix":2},"nm":"Path 1","mn":"ADBE Vector Shape - Group","hd":false},{"ty":"fl","c":{"a":0,"k":[0.55686300993,0.878431022167,0,1],"ix":4},"o":{"a":0,"k":100,"ix":5},"r":1,"bm":0,"nm":"Fill 1","mn":"ADBE Vector Graphic - Fill","hd":false},{"ty":"tr","p":{"a":0,"k":[0,0],"ix":2},"a":{"a":0,"k":[0,0],"ix":1},"s":{"a":0,"k":[324.324,324.324],"ix":3},"r":{"a":0,"k":0,"ix":6},"o":{"a":0,"k":100,"ix":7},"sk":{"a":0,"k":0,"ix":4},"sa":{"a":0,"k":0,"ix":5},"nm":"Transform"}],"nm":"mask M","np":2,"cix":2,"bm":0,"ix":1,"mn":"ADBE Vector Group","hd":false}],"ip":0,"op":800,"st":0,"bm":0},{"ddd":0,"ind":4,"ty":4,"nm":"brow L 2","sr":1,"ks":{"o":{"a":0,"k":100,"ix":11},"r":{"a":0,"k":30,"ix":10},"p":{"a":0,"k":[510.846,274.081,0],"ix":2},"a":{"a":0,"k":[0,0,0],"ix":1},"s":{"a":0,"k":[100,100,100],"ix":6}},"ao":0,"shapes":[{"ty":"gr","it":[{"ind":0,"ty":"sh","ix":1,"ks":{"a":0,"k":{"i":[[0,0],[-0.98,-0.97],[3.11,-6.03],[6.54,1.01],[-0.63,1.22]],"o":[[0.63,-1.23],[4.67,4.64],[-3.1,6.03],[-1.36,-0.22],[0,0]],"v":[[2.137,-12.398],[5.387,-12.918],[8.107,4.982],[-8.133,13.332],[-9.613,10.422]],"c":true},"ix":2},"nm":"Path 1","mn":"ADBE Vector Shape - Group","hd":false},{"ty":"fl","c":{"a":0,"k":[0.55686300993,0.878431022167,0,1],"ix":4},"o":{"a":0,"k":100,"ix":5},"r":1,"bm":0,"nm":"Fill 1","mn":"ADBE Vector Graphic - Fill","hd":false},{"ty":"tr","p":{"a":0,"k":[0,0],"ix":2},"a":{"a":0,"k":[0,0],"ix":1},"s":{"a":0,"k":[324.324,324.324],"ix":3},"r":{"a":0,"k":0,"ix":6},"o":{"a":0,"k":100,"ix":7},"sk":{"a":0,"k":0,"ix":4},"sa":{"a":0,"k":0,"ix":5},"nm":"Transform"}],"nm":"brow L","np":2,"cix":2,"bm":0,"ix":1,"mn":"ADBE Vector Group","hd":false}],"ip":0,"op":800,"st":0,"bm":0},{"ddd":0,"ind":5,"ty":4,"nm":"brow L","sr":1,"ks":{"o":{"a":0,"k":100,"ix":11},"r":{"a":0,"k":30,"ix":10},"p":{"a":0,"k":[487.331,252.48,0],"ix":2},"a":{"a":0,"k":[0,0,0],"ix":1},"s":{"a":0,"k":[100,100,100],"ix":6}},"ao":0,"shapes":[{"ty":"gr","it":[{"ind":0,"ty":"sh","ix":1,"ks":{"a":0,"k":{"i":[[0,0],[-0.98,-0.97],[3.11,-6.03],[6.54,1.01],[-0.63,1.22]],"o":[[0.63,-1.23],[4.67,4.64],[-3.1,6.03],[-1.36,-0.22],[0,0]],"v":[[2.137,-12.398],[5.387,-12.918],[8.107,4.982],[-8.133,13.332],[-9.613,10.422]],"c":true},"ix":2},"nm":"Path 1","mn":"ADBE Vector Shape - Group","hd":false},{"ty":"fl","c":{"a":0,"k":[0.55686300993,0.878431022167,0,1],"ix":4},"o":{"a":0,"k":100,"ix":5},"r":1,"bm":0,"nm":"Fill 1","mn":"ADBE Vector Graphic - Fill","hd":false},{"ty":"tr","p":{"a":0,"k":[0,0],"ix":2},"a":{"a":0,"k":[0,0],"ix":1},"s":{"a":0,"k":[324.324,324.324],"ix":3},"r":{"a":0,"k":0,"ix":6},"o":{"a":0,"k":100,"ix":7},"sk":{"a":0,"k":0,"ix":4},"sa":{"a":0,"k":0,"ix":5},"nm":"Transform"}],"nm":"brow L","np":2,"cix":2,"bm":0,"ix":1,"mn":"ADBE Vector Group","hd":false}],"ip":0,"op":800,"st":0,"bm":0},{"ddd":0,"ind":6,"ty":4,"nm":"brow R 2","sr":1,"ks":{"o":{"a":0,"k":100,"ix":11},"r":{"a":0,"k":0,"ix":10},"p":{"a":0,"k":[329.482,226.624,0],"ix":2},"a":{"a":0,"k":[0,0,0],"ix":1},"s":{"a":0,"k":[100,100,100],"ix":6}},"ao":0,"shapes":[{"ty":"gr","it":[{"ind":0,"ty":"sh","ix":1,"ks":{"a":0,"k":{"i":[[-0.63,-1.23],[0,0],[1.36,-0.22],[3.1,6.03],[-4.68,4.64]],"o":[[0,0],[0.63,1.22],[-6.55,1.01],[-3.11,-6.03],[0.97,-0.97]],"v":[[-2.133,-12.398],[9.617,10.422],[8.137,13.332],[-8.103,4.982],[-5.383,-12.918]],"c":true},"ix":2},"nm":"Path 1","mn":"ADBE Vector Shape - Group","hd":false},{"ty":"fl","c":{"a":0,"k":[0.55686300993,0.878431022167,0,1],"ix":4},"o":{"a":0,"k":100,"ix":5},"r":1,"bm":0,"nm":"Fill 1","mn":"ADBE Vector Graphic - Fill","hd":false},{"ty":"tr","p":{"a":0,"k":[0,0],"ix":2},"a":{"a":0,"k":[0,0],"ix":1},"s":{"a":0,"k":[324.324,324.324],"ix":3},"r":{"a":0,"k":0,"ix":6},"o":{"a":0,"k":100,"ix":7},"sk":{"a":0,"k":0,"ix":4},"sa":{"a":0,"k":0,"ix":5},"nm":"Transform"}],"nm":"brow R","np":2,"cix":2,"bm":0,"ix":1,"mn":"ADBE Vector Group","hd":false}],"ip":0,"op":800,"st":0,"bm":0},{"ddd":0,"ind":7,"ty":4,"nm":"brow R","sr":1,"ks":{"o":{"a":0,"k":100,"ix":11},"r":{"a":0,"k":0,"ix":10},"p":{"a":0,"k":[362.098,220.03,0],"ix":2},"a":{"a":0,"k":[0,0,0],"ix":1},"s":{"a":0,"k":[100,100,100],"ix":6}},"ao":0,"shapes":[{"ty":"gr","it":[{"ind":0,"ty":"sh","ix":1,"ks":{"a":0,"k":{"i":[[-0.63,-1.23],[0,0],[1.36,-0.22],[3.11,6.03],[-4.67,4.65]],"o":[[0,0],[0.63,1.22],[-6.54,1.01],[-3.1,-6.03],[0.98,-0.96]],"v":[[-2.49,-12.468],[9.61,10.432],[8.13,13.342],[-8.11,5.002],[-5.38,-12.898]],"c":true},"ix":2},"nm":"Path 1","mn":"ADBE Vector Shape - Group","hd":false},{"ty":"fl","c":{"a":0,"k":[0.55686300993,0.878431022167,0,1],"ix":4},"o":{"a":0,"k":100,"ix":5},"r":1,"bm":0,"nm":"Fill 1","mn":"ADBE Vector Graphic - Fill","hd":false},{"ty":"tr","p":{"a":0,"k":[0,0],"ix":2},"a":{"a":0,"k":[0,0],"ix":1},"s":{"a":0,"k":[324.324,324.324],"ix":3},"r":{"a":0,"k":0,"ix":6},"o":{"a":0,"k":100,"ix":7},"sk":{"a":0,"k":0,"ix":4},"sa":{"a":0,"k":0,"ix":5},"nm":"Transform"}],"nm":"brow R","np":2,"cix":2,"bm":0,"ix":1,"mn":"ADBE Vector Group","hd":false}],"ip":0,"op":800,"st":0,"bm":0}]},{"id":"comp_7","layers":[{"ddd":0,"ind":1,"ty":4,"nm":"FILL","sr":1,"ks":{"o":{"a":0,"k":100,"ix":11},"r":{"a":0,"k":0,"ix":10},"p":{"a":0,"k":[404.535,289.458,0],"ix":2},"a":{"a":0,"k":[0,0,0],"ix":1},"s":{"a":0,"k":[100,100,100],"ix":6}},"ao":0,"shapes":[{"ty":"gr","it":[{"ind":0,"ty":"sh","ix":1,"ks":{"a":0,"k":{"i":[[-14.87,2.91],[-11.17,-2.99],[-7.18,-6.25],[3.93,-14.64],[0,0],[4.73,-1.6],[16.6,4.45],[10.46,12.07],[-1.28,4.78],[0,0]],"o":[[9.34,-1.83],[11.18,3],[11.42,9.96],[0,0],[-1.29,4.82],[-15.32,5.16],[-16.6,-4.45],[-3.25,-3.74],[0,0],[3.92,-14.64]],"v":[[-18.019,-43.259],[12.751,-41.509],[40.291,-27.639],[52.541,12.551],[47.901,29.871],[38.271,40.141],[-9.639,41.211],[-50.249,16.431],[-53.389,2.801],[-48.729,-14.579]],"c":true},"ix":2},"nm":"Path 1","mn":"ADBE Vector Shape - Group","hd":false},{"ty":"st","c":{"a":0,"k":[1,1,1,1],"ix":3},"o":{"a":0,"k":100,"ix":4},"w":{"a":0,"k":3.212,"ix":5},"lc":1,"lj":1,"ml":4,"bm":0,"nm":"Stroke 1","mn":"ADBE Vector Graphic - Stroke","hd":false},{"ty":"fl","c":{"a":0,"k":[0.137254998088,0.325489997864,0.564706027508,1],"ix":4},"o":{"a":0,"k":100,"ix":5},"r":1,"bm":0,"nm":"Fill 1","mn":"ADBE Vector Graphic - Fill","hd":false},{"ty":"tr","p":{"a":0,"k":[0,0],"ix":2},"a":{"a":0,"k":[0,0],"ix":1},"s":{"a":0,"k":[324.324,324.324],"ix":3},"r":{"a":0,"k":0,"ix":6},"o":{"a":0,"k":100,"ix":7},"sk":{"a":0,"k":0,"ix":4},"sa":{"a":0,"k":0,"ix":5},"nm":"Transform"}],"nm":"MASK","np":3,"cix":2,"bm":0,"ix":1,"mn":"ADBE Vector Group","hd":false}],"ip":0,"op":800,"st":0,"bm":0},{"ddd":0,"ind":2,"ty":4,"nm":"stripe","sr":1,"ks":{"o":{"a":0,"k":100,"ix":11},"r":{"a":0,"k":0,"ix":10},"p":{"a":0,"k":[395.604,344.258,0],"ix":2},"a":{"a":0,"k":[0,0,0],"ix":1},"s":{"a":0,"k":[100,100,100],"ix":6}},"ao":0,"shapes":[{"ty":"gr","it":[{"ind":0,"ty":"sh","ix":1,"ks":{"a":0,"k":{"i":[[0,0],[-3.18,-0.85],[-3.06,-1.27],[0,0],[2.44,0.65],[0,0],[-0.66,2.45]],"o":[[3.29,0.43],[3.18,0.85],[0,0],[-0.66,2.45],[0,0],[-2.45,-0.66],[0,0]],"v":[[7.203,-66.432],[16.903,-64.502],[26.273,-61.322],[-7.037,63.028],[-12.657,66.278],[-22.877,63.538],[-26.117,57.918]],"c":true},"ix":2},"nm":"Path 1","mn":"ADBE Vector Shape - Group","hd":false},{"ty":"fl","c":{"a":0,"k":[1,1,1,1],"ix":4},"o":{"a":0,"k":100,"ix":5},"r":1,"bm":0,"nm":"Fill 1","mn":"ADBE Vector Graphic - Fill","hd":false},{"ty":"tr","p":{"a":0,"k":[0,0],"ix":2},"a":{"a":0,"k":[0,0],"ix":1},"s":{"a":0,"k":[324.324,324.324],"ix":3},"r":{"a":0,"k":0,"ix":6},"o":{"a":0,"k":100,"ix":7},"sk":{"a":0,"k":0,"ix":4},"sa":{"a":0,"k":0,"ix":5},"nm":"Transform"}],"nm":"stripe","np":2,"cix":2,"bm":0,"ix":1,"mn":"ADBE Vector Group","hd":false}],"ip":0,"op":800,"st":0,"bm":0},{"ddd":0,"ind":3,"ty":0,"nm":"LOGO","refId":"comp_8","sr":1,"ks":{"o":{"a":0,"k":100,"ix":11},"r":{"a":0,"k":0,"ix":10},"p":{"a":0,"k":[253.5,440.5,0],"ix":2},"a":{"a":0,"k":[39.5,40,0],"ix":1},"s":{"a":0,"k":[100,100,100],"ix":6}},"ao":0,"w":79,"h":80,"ip":0,"op":800,"st":0,"bm":0},{"ddd":0,"ind":4,"ty":4,"nm":"name","sr":1,"ks":{"o":{"a":0,"k":100,"ix":11},"r":{"a":0,"k":0,"ix":10},"p":{"a":0,"k":[458.034,481.809,0],"ix":2},"a":{"a":0,"k":[0,0,0],"ix":1},"s":{"a":0,"k":[100,100,100],"ix":6}},"ao":0,"shapes":[{"ty":"gr","it":[{"ind":0,"ty":"sh","ix":1,"ks":{"a":0,"k":{"i":[[-2.18,-0.59],[0,0],[0.58,-2.18],[2.18,0.59],[0,0],[-0.59,2.19]],"o":[[0,0],[2.19,0.59],[-0.59,2.19],[0,0],[-2.19,-0.58],[0.59,-2.19]],"v":[[-6.294,-5.932],[8.416,-1.992],[11.316,3.028],[6.296,5.928],[-8.414,1.988],[-11.314,-3.032]],"c":true},"ix":2},"nm":"Path 1","mn":"ADBE Vector Shape - Group","hd":false},{"ty":"fl","c":{"a":0,"k":[0.137254998088,0.325489997864,0.564706027508,1],"ix":4},"o":{"a":0,"k":100,"ix":5},"r":1,"bm":0,"nm":"Fill 1","mn":"ADBE Vector Graphic - Fill","hd":false},{"ty":"tr","p":{"a":0,"k":[0,0],"ix":2},"a":{"a":0,"k":[0,0],"ix":1},"s":{"a":0,"k":[324.324,324.324],"ix":3},"r":{"a":0,"k":0,"ix":6},"o":{"a":0,"k":100,"ix":7},"sk":{"a":0,"k":0,"ix":4},"sa":{"a":0,"k":0,"ix":5},"nm":"Transform"}],"nm":"name","np":2,"cix":2,"bm":0,"ix":1,"mn":"ADBE Vector Group","hd":false}],"ip":0,"op":800,"st":0,"bm":0},{"ddd":0,"ind":5,"ty":4,"nm":"TORSO","sr":1,"ks":{"o":{"a":0,"k":100,"ix":11},"r":{"a":0,"k":0,"ix":10},"p":{"a":0,"k":[392.168,364.651,0],"ix":2},"a":{"a":0,"k":[0,0,0],"ix":1},"s":{"a":0,"k":[100,100,100],"ix":6}},"ao":0,"shapes":[{"ty":"gr","it":[{"ind":0,"ty":"sh","ix":1,"ks":{"a":0,"k":{"i":[[-18.76,2.11],[-9.48,-2.54],[-8.49,-6.26],[4.88,-18.23],[0,0],[31.24,8.37],[-8.37,31.24],[0,0]],"o":[[10.47,-1.18],[9.47,2.54],[15.18,11.2],[0,0],[-8.37,31.24],[-31.24,-8.38],[0,0],[4.88,-18.23]],"v":[[-11.961,-72.833],[17.969,-70.793],[44.909,-57.593],[61.989,-8.793],[51.599,29.977],[-20.131,71.387],[-61.541,-0.343],[-51.151,-39.113]],"c":true},"ix":2},"nm":"Path 1","mn":"ADBE Vector Shape - Group","hd":false},{"ty":"fl","c":{"a":0,"k":[0.188234999776,0.447059005499,0.776471018791,1],"ix":4},"o":{"a":0,"k":100,"ix":5},"r":1,"bm":0,"nm":"Fill 1","mn":"ADBE Vector Graphic - Fill","hd":false},{"ty":"tr","p":{"a":0,"k":[0,0],"ix":2},"a":{"a":0,"k":[0,0],"ix":1},"s":{"a":0,"k":[324.324,324.324],"ix":3},"r":{"a":0,"k":0,"ix":6},"o":{"a":0,"k":100,"ix":7},"sk":{"a":0,"k":0,"ix":4},"sa":{"a":0,"k":0,"ix":5},"nm":"Transform"}],"nm":"TORSO","np":2,"cix":2,"bm":0,"ix":1,"mn":"ADBE Vector Group","hd":false}],"ip":0,"op":800,"st":0,"bm":0}]},{"id":"comp_8","layers":[{"ddd":0,"ind":1,"ty":4,"nm":"logo 3","sr":1,"ks":{"o":{"a":0,"k":100,"ix":11},"r":{"a":0,"k":0,"ix":10},"p":{"a":0,"k":[29.644,49.772,0],"ix":2},"a":{"a":0,"k":[0,0,0],"ix":1},"s":{"a":0,"k":[100,100,100],"ix":6}},"ao":0,"shapes":[{"ty":"gr","it":[{"ind":0,"ty":"sh","ix":1,"ks":{"a":0,"k":{"i":[[0.25,0.96],[0,0],[0,0],[-0.41,-0.79],[0.05,-0.33],[0,0],[0,0],[0.46,0],[0.49,0.08],[0,0],[0,0],[0.13,-0.02],[0,0],[0,0]],"o":[[0,0],[0,0],[0.79,-0.41],[0.15,0.3],[0,0],[0,0],[-0.44,0.06],[-0.5,0],[0,0],[0,0],[-0.02,-0.12],[0,0],[0,0],[-0.51,-0.84]],"v":[[-6.541,-0.552],[-6.671,-1.082],[4.339,-6.712],[6.499,-6.022],[6.649,-5.052],[4.889,6.728],[4.379,6.798],[3.019,6.888],[1.529,6.778],[1.049,6.708],[0.209,2.118],[-0.051,1.928],[-5.171,2.528],[-5.401,2.158]],"c":true},"ix":2},"nm":"Path 1","mn":"ADBE Vector Shape - Group","hd":false},{"ty":"fl","c":{"a":0,"k":[0.137254998088,0.325489997864,0.564706027508,1],"ix":4},"o":{"a":0,"k":100,"ix":5},"r":1,"bm":0,"nm":"Fill 1","mn":"ADBE Vector Graphic - Fill","hd":false},{"ty":"tr","p":{"a":0,"k":[0,0],"ix":2},"a":{"a":0,"k":[0,0],"ix":1},"s":{"a":0,"k":[324.324,324.324],"ix":3},"r":{"a":0,"k":0,"ix":6},"o":{"a":0,"k":100,"ix":7},"sk":{"a":0,"k":0,"ix":4},"sa":{"a":0,"k":0,"ix":5},"nm":"Transform"}],"nm":"logo","np":2,"cix":2,"bm":0,"ix":1,"mn":"ADBE Vector Group","hd":false}],"ip":0,"op":800,"st":0,"bm":0},{"ddd":0,"ind":2,"ty":4,"nm":"logo 2","sr":1,"ks":{"o":{"a":0,"k":100,"ix":11},"r":{"a":0,"k":0,"ix":10},"p":{"a":0,"k":[39.452,40.069,0],"ix":2},"a":{"a":0,"k":[0,0,0],"ix":1},"s":{"a":0,"k":[100,100,100],"ix":6}},"ao":0,"shapes":[{"ty":"gr","it":[{"ind":0,"ty":"sh","ix":1,"ks":{"a":0,"k":{"i":[[5.08,0],[0,5.09],[-5.07,0],[0,-5.08]],"o":[[-5.07,0],[0,-5.08],[5.08,0],[0,5.09]],"v":[[-0.004,9.207],[-9.184,-0.003],[-0.004,-9.203],[9.186,-0.003]],"c":true},"ix":2},"nm":"Path 1","mn":"ADBE Vector Shape - Group","hd":false},{"ty":"fl","c":{"a":0,"k":[1,1,1,1],"ix":4},"o":{"a":0,"k":100,"ix":5},"r":1,"bm":0,"nm":"Fill 1","mn":"ADBE Vector Graphic - Fill","hd":false},{"ty":"tr","p":{"a":0,"k":[0,0],"ix":2},"a":{"a":0,"k":[0,0],"ix":1},"s":{"a":0,"k":[324.324,324.324],"ix":3},"r":{"a":0,"k":0,"ix":6},"o":{"a":0,"k":100,"ix":7},"sk":{"a":0,"k":0,"ix":4},"sa":{"a":0,"k":0,"ix":5},"nm":"Transform"}],"nm":"logo","np":2,"cix":2,"bm":0,"ix":1,"mn":"ADBE Vector Group","hd":false}],"ip":0,"op":800,"st":0,"bm":0},{"ddd":0,"ind":3,"ty":4,"nm":"logo","sr":1,"ks":{"o":{"a":0,"k":100,"ix":11},"r":{"a":0,"k":0,"ix":10},"p":{"a":0,"k":[39.452,40.069,0],"ix":2},"a":{"a":0,"k":[0,0,0],"ix":1},"s":{"a":0,"k":[100,100,100],"ix":6}},"ao":0,"shapes":[{"ty":"gr","it":[{"ind":0,"ty":"sh","ix":1,"ks":{"a":0,"k":{"i":[[-6.59,0],[0,6.61],[6.6,0],[0,-6.6]],"o":[[6.6,0],[0,-6.6],[-6.59,0],[0,6.61]],"v":[[-0.004,11.967],[11.946,-0.003],[-0.004,-11.963],[-11.944,-0.003]],"c":true},"ix":2},"nm":"Path 1","mn":"ADBE Vector Shape - Group","hd":false},{"ty":"fl","c":{"a":0,"k":[0.137254998088,0.325489997864,0.564706027508,1],"ix":4},"o":{"a":0,"k":100,"ix":5},"r":1,"bm":0,"nm":"Fill 1","mn":"ADBE Vector Graphic - Fill","hd":false},{"ty":"tr","p":{"a":0,"k":[0,0],"ix":2},"a":{"a":0,"k":[0,0],"ix":1},"s":{"a":0,"k":[324.324,324.324],"ix":3},"r":{"a":0,"k":0,"ix":6},"o":{"a":0,"k":100,"ix":7},"sk":{"a":0,"k":0,"ix":4},"sa":{"a":0,"k":0,"ix":5},"nm":"Transform"}],"nm":"logo","np":2,"cix":2,"bm":0,"ix":1,"mn":"ADBE Vector Group","hd":false}],"ip":0,"op":800,"st":0,"bm":0}]},{"id":"comp_9","layers":[{"ddd":0,"ind":1,"ty":4,"nm":"arm patch","sr":1,"ks":{"o":{"a":0,"k":100,"ix":11},"r":{"a":0,"k":0,"ix":10},"p":{"a":0,"k":[98.076,57.331,0],"ix":2},"a":{"a":0,"k":[0,0,0],"ix":1},"s":{"a":0,"k":[100,100,100],"ix":6}},"ao":0,"shapes":[{"ty":"gr","it":[{"ind":0,"ty":"sh","ix":1,"ks":{"a":0,"k":{"i":[[0,0],[0,0],[0,0],[1.96,1.17],[0.01,0],[0,0],[-1.16,1.95]],"o":[[0,0],[0,0],[-1.16,1.96],[-0.01,0],[0,0],[-1.94,-1.17],[0,0]],"v":[[-8.03,-10.567],[12.71,1.013],[8.21,8.553],[2.55,9.983],[2.53,9.973],[-10.72,1.943],[-12.13,-3.697]],"c":true},"ix":2},"nm":"Path 1","mn":"ADBE Vector Shape - Group","hd":false},{"ty":"fl","c":{"a":0,"k":[0.137254998088,0.325489997864,0.564706027508,1],"ix":4},"o":{"a":0,"k":100,"ix":5},"r":1,"bm":0,"nm":"Fill 1","mn":"ADBE Vector Graphic - Fill","hd":false},{"ty":"tr","p":{"a":0,"k":[0,0],"ix":2},"a":{"a":0,"k":[0,0],"ix":1},"s":{"a":0,"k":[324.324,324.324],"ix":3},"r":{"a":0,"k":0,"ix":6},"o":{"a":0,"k":100,"ix":7},"sk":{"a":0,"k":0,"ix":4},"sa":{"a":0,"k":0,"ix":5},"nm":"Transform"}],"nm":"arm patch","np":2,"cix":2,"bm":0,"ix":1,"mn":"ADBE Vector Group","hd":false}],"ip":0,"op":800,"st":0,"bm":0},{"ddd":0,"ind":2,"ty":4,"nm":"arm R","sr":1,"ks":{"o":{"a":0,"k":100,"ix":11},"r":{"a":0,"k":0,"ix":10},"p":{"a":0,"k":[148.805,112.067,0],"ix":2},"a":{"a":0,"k":[0,0,0],"ix":1},"s":{"a":0,"k":[100,100,100],"ix":6}},"ao":0,"shapes":[{"ty":"gr","it":[{"ind":0,"ty":"sh","ix":1,"ks":{"a":0,"k":{"i":[[-4.09,-2.29],[0,0],[3.42,-3.21],[20.17,11.26],[-4.29,22.19]],"o":[[0,0],[4.09,2.29],[-16.42,15.42],[-20.16,-11.25],[0.89,-4.62]],"v":[[-34.413,-33.434],[41.907,9.156],[43.267,20.286],[-18.123,27.576],[-44.503,-28.704]],"c":true},"ix":2},"nm":"Path 1","mn":"ADBE Vector Shape - Group","hd":false},{"ty":"fl","c":{"a":0,"k":[0.188234999776,0.447059005499,0.776471018791,1],"ix":4},"o":{"a":0,"k":100,"ix":5},"r":1,"bm":0,"nm":"Fill 1","mn":"ADBE Vector Graphic - Fill","hd":false},{"ty":"tr","p":{"a":0,"k":[0,0],"ix":2},"a":{"a":0,"k":[0,0],"ix":1},"s":{"a":0,"k":[324.324,324.324],"ix":3},"r":{"a":0,"k":0,"ix":6},"o":{"a":0,"k":100,"ix":7},"sk":{"a":0,"k":0,"ix":4},"sa":{"a":0,"k":0,"ix":5},"nm":"Transform"}],"nm":"arm R","np":2,"cix":2,"bm":0,"ix":1,"mn":"ADBE Vector Group","hd":false}],"ip":0,"op":800,"st":0,"bm":0}]},{"id":"comp_10","layers":[{"ddd":0,"ind":1,"ty":3,"nm":"Null 4","sr":1,"ks":{"o":{"a":0,"k":0,"ix":11},"r":{"a":0,"k":0,"ix":10},"p":{"s":true,"x":{"a":0,"k":439,"ix":3},"y":{"a":1,"k":[{"i":{"x":[0.667],"y":[1]},"o":{"x":[0.333],"y":[0]},"t":0,"s":[636.75]},{"i":{"x":[0.795],"y":[-0.004]},"o":{"x":[0.333],"y":[0]},"t":53,"s":[634.432]},{"i":{"x":[0.667],"y":[1]},"o":{"x":[0.303],"y":[0.186]},"t":168,"s":[639.889]},{"i":{"x":[0.667],"y":[1]},"o":{"x":[0.333],"y":[0]},"t":222,"s":[660.293]},{"i":{"x":[0.667],"y":[1]},"o":{"x":[0.333],"y":[0]},"t":263,"s":[631.03]},{"t":300,"s":[636.75]}],"ix":4}},"a":{"a":0,"k":[0,0,0],"ix":1},"s":{"a":0,"k":[100,100,100],"ix":6}},"ao":0,"ip":0,"op":800,"st":0,"bm":0},{"ddd":0,"ind":2,"ty":4,"nm":"foot L","parent":1,"sr":1,"ks":{"o":{"a":0,"k":100,"ix":11},"r":{"a":1,"k":[{"i":{"x":[0.667],"y":[1]},"o":{"x":[0.333],"y":[0]},"t":157,"s":[0]},{"i":{"x":[0.667],"y":[1]},"o":{"x":[0.333],"y":[0]},"t":165,"s":[-3.565]},{"i":{"x":[0.667],"y":[1]},"o":{"x":[0.333],"y":[0]},"t":173,"s":[27.732]},{"i":{"x":[0.667],"y":[1]},"o":{"x":[0.333],"y":[0]},"t":181,"s":[-17.1]},{"i":{"x":[0.667],"y":[1]},"o":{"x":[0.333],"y":[0]},"t":189,"s":[33.136]},{"i":{"x":[0.667],"y":[1]},"o":{"x":[0.333],"y":[0]},"t":197,"s":[-22.829]},{"i":{"x":[0.667],"y":[1]},"o":{"x":[0.333],"y":[0]},"t":205,"s":[33.136]},{"i":{"x":[0.667],"y":[1]},"o":{"x":[0.333],"y":[0]},"t":213,"s":[-22.829]},{"i":{"x":[0.667],"y":[1]},"o":{"x":[0.333],"y":[0]},"t":223,"s":[33.136]},{"i":{"x":[0.667],"y":[1]},"o":{"x":[0.333],"y":[0]},"t":233,"s":[-18.646]},{"i":{"x":[0.667],"y":[1]},"o":{"x":[0.333],"y":[0]},"t":243,"s":[27.732]},{"i":{"x":[0.667],"y":[1]},"o":{"x":[0.333],"y":[0]},"t":253,"s":[5.266]},{"i":{"x":[0.667],"y":[1]},"o":{"x":[0.333],"y":[0]},"t":269,"s":[9.736]},{"t":300,"s":[0]}],"ix":10},"p":{"s":true,"x":{"a":0,"k":0.035,"ix":3},"y":{"a":1,"k":[{"i":{"x":[0.667],"y":[1]},"o":{"x":[0.333],"y":[0]},"t":159,"s":[0]},{"i":{"x":[0.667],"y":[1]},"o":{"x":[0.333],"y":[0]},"t":167,"s":[6.49]},{"i":{"x":[0.667],"y":[1]},"o":{"x":[0.333],"y":[0]},"t":175,"s":[0]},{"i":{"x":[0.667],"y":[1]},"o":{"x":[0.333],"y":[0]},"t":183,"s":[20]},{"i":{"x":[0.667],"y":[1]},"o":{"x":[0.333],"y":[0]},"t":191,"s":[0]},{"i":{"x":[0.667],"y":[1]},"o":{"x":[0.333],"y":[0]},"t":199,"s":[20]},{"i":{"x":[0.667],"y":[1]},"o":{"x":[0.333],"y":[0]},"t":207,"s":[0]},{"i":{"x":[0.667],"y":[1]},"o":{"x":[0.333],"y":[0]},"t":215,"s":[20]},{"i":{"x":[0.667],"y":[1]},"o":{"x":[0.333],"y":[0]},"t":225,"s":[0]},{"i":{"x":[0.667],"y":[1]},"o":{"x":[0.333],"y":[0]},"t":235,"s":[10.683]},{"i":{"x":[0.667],"y":[1]},"o":{"x":[0.333],"y":[0]},"t":245,"s":[0]},{"i":{"x":[0.667],"y":[1]},"o":{"x":[0.333],"y":[0]},"t":255,"s":[2.39]},{"t":265,"s":[0]}],"ix":4}},"a":{"a":0,"k":[-18.484,-2.747,0],"ix":1},"s":{"a":0,"k":[100,100,100],"ix":6}},"ao":0,"shapes":[{"ty":"gr","it":[{"ind":0,"ty":"sh","ix":1,"ks":{"a":0,"k":{"i":[[0.65,-4.09],[4.1,0.64],[0,0],[0.01,0],[-0.65,4.09],[-4.11,-0.64],[0,0],[0,0]],"o":[[-0.65,4.1],[0,0],[-0.01,-0.01],[-4.09,-0.65],[0.66,-4.1],[0,0],[0,0.01],[4.1,0.65]],"v":[[13.382,2.105],[4.772,8.365],[-7.138,6.495],[-7.158,6.485],[-13.388,-2.105],[-4.768,-8.365],[7.142,-6.495],[7.152,-6.485]],"c":true},"ix":2},"nm":"Path 1","mn":"ADBE Vector Shape - Group","hd":false},{"ty":"fl","c":{"a":0,"k":[0.137254998088,0.325489997864,0.564706027508,1],"ix":4},"o":{"a":0,"k":100,"ix":5},"r":1,"bm":0,"nm":"Fill 1","mn":"ADBE Vector Graphic - Fill","hd":false},{"ty":"tr","p":{"a":0,"k":[0,0],"ix":2},"a":{"a":0,"k":[0,0],"ix":1},"s":{"a":0,"k":[324.324,324.324],"ix":3},"r":{"a":0,"k":0,"ix":6},"o":{"a":0,"k":100,"ix":7},"sk":{"a":0,"k":0,"ix":4},"sa":{"a":0,"k":0,"ix":5},"nm":"Transform"}],"nm":"foot L","np":2,"cix":2,"bm":0,"ix":1,"mn":"ADBE Vector Group","hd":false}],"ip":0,"op":800,"st":0,"bm":0}]}],"layers":[{"ddd":0,"ind":3,"ty":0,"nm":"ANIM_Progress","refId":"comp_0","sr":1,"ks":{"o":{"a":0,"k":100,"ix":11},"r":{"a":0,"k":0,"ix":10},"p":{"a":0,"k":[445,425,0],"ix":2},"a":{"a":0,"k":[425,425,0],"ix":1},"s":{"a":0,"k":[76,76,100],"ix":6}},"ao":0,"w":850,"h":850,"ip":0,"op":306,"st":0,"bm":0}],"markers":[]}
