{"v":"5.7.0","fr":60,"ip":0,"op":150,"w":540,"h":540,"nm":"02_EGG","ddd":0,"assets":[{"id":"comp_0","layers":[{"ddd":0,"ind":1,"ty":3,"nm":"▽ Pattern 6","sr":1,"ks":{"o":{"a":0,"k":100,"ix":11},"r":{"a":0,"k":0,"ix":10},"p":{"a":0,"k":[0,0,0],"ix":2},"a":{"a":0,"k":[0,0,0],"ix":1},"s":{"a":0,"k":[100,100,100],"ix":6}},"ao":0,"ip":0,"op":3600,"st":0,"bm":0},{"ddd":0,"ind":2,"ty":4,"nm":"Path","parent":1,"sr":1,"ks":{"o":{"a":0,"k":100,"ix":11},"r":{"a":0,"k":0,"ix":10},"p":{"a":0,"k":[173.664,134.502,0],"ix":2},"a":{"a":0,"k":[0,0,0],"ix":1},"s":{"a":0,"k":[100,100,100],"ix":6}},"ao":0,"shapes":[{"ty":"gr","it":[{"ind":0,"ty":"sh","ix":1,"ks":{"a":0,"k":{"i":[[0,-12.91],[-6.12,-4.23],[0,0],[-3.07,2.76],[0,0],[0,7.33],[13.2,0],[4.35,-4.4],[6.74,0]],"o":[[0,7.89],[0,0],[3.1,2.7],[0,0],[5.4,-4.28],[0,-12.91],[-6.74,0],[-4.34,-4.4],[-13.2,0]],"v":[[-41.082,-10.262],[-30.962,8.838],[-4.832,31.628],[5.968,31.538],[32.228,7.888],[41.078,-10.262],[17.178,-33.632],[-0.002,-26.502],[-17.182,-33.632]],"c":true},"ix":2},"nm":"Path 1","mn":"ADBE Vector Shape - Group","hd":false},{"ty":"fl","c":{"a":0,"k":[1,0.788235008717,0.788235008717,1],"ix":4},"o":{"a":0,"k":100,"ix":5},"r":1,"bm":0,"nm":"Fill 1","mn":"ADBE Vector Graphic - Fill","hd":false},{"ty":"tr","p":{"a":0,"k":[0,0],"ix":2},"a":{"a":0,"k":[0,0],"ix":1},"s":{"a":0,"k":[100,100],"ix":3},"r":{"a":0,"k":0,"ix":6},"o":{"a":0,"k":100,"ix":7},"sk":{"a":0,"k":0,"ix":4},"sa":{"a":0,"k":0,"ix":5},"nm":"Transform"}],"nm":"Path","np":2,"cix":2,"bm":0,"ix":1,"mn":"ADBE Vector Group","hd":false}],"ip":0,"op":3600,"st":0,"bm":0},{"ddd":0,"ind":3,"ty":4,"nm":"Path","parent":1,"sr":1,"ks":{"o":{"a":0,"k":100,"ix":11},"r":{"a":0,"k":0,"ix":10},"p":{"a":0,"k":[54.832,112.476,0],"ix":2},"a":{"a":0,"k":[0,0,0],"ix":1},"s":{"a":0,"k":[100,100,100],"ix":6}},"ao":0,"shapes":[{"ty":"gr","it":[{"ind":0,"ty":"sh","ix":1,"ks":{"a":0,"k":{"i":[[0,0],[0,7.89],[-13.2,0],[-4.34,-4.4],[-6.74,0],[0,-12.91],[5.4,-4.28],[0,0],[3.11,2.7]],"o":[[-6.12,-4.23],[0,-12.91],[6.74,0],[4.35,-4.4],[13.2,0],[0,7.33],[0,0],[-3.06,2.76],[0,0]],"v":[[-30.962,8.838],[-41.082,-10.262],[-17.182,-33.632],[-0.002,-26.502],[17.178,-33.632],[41.078,-10.262],[32.228,7.888],[5.958,31.538],[-4.842,31.628]],"c":true},"ix":2},"nm":"Path 1","mn":"ADBE Vector Shape - Group","hd":false},{"ty":"fl","c":{"a":0,"k":[1,0.788235008717,0.788235008717,1],"ix":4},"o":{"a":0,"k":100,"ix":5},"r":1,"bm":0,"nm":"Fill 1","mn":"ADBE Vector Graphic - Fill","hd":false},{"ty":"tr","p":{"a":0,"k":[0,0],"ix":2},"a":{"a":0,"k":[0,0],"ix":1},"s":{"a":0,"k":[100,100],"ix":3},"r":{"a":0,"k":0,"ix":6},"o":{"a":0,"k":100,"ix":7},"sk":{"a":0,"k":0,"ix":4},"sa":{"a":0,"k":0,"ix":5},"nm":"Transform"}],"nm":"Path","np":2,"cix":2,"bm":0,"ix":1,"mn":"ADBE Vector Group","hd":false}],"ip":0,"op":3600,"st":0,"bm":0},{"ddd":0,"ind":4,"ty":4,"nm":"Path","parent":1,"sr":1,"ks":{"o":{"a":0,"k":100,"ix":11},"r":{"a":0,"k":0,"ix":10},"p":{"a":0,"k":[146.835,33.655,0],"ix":2},"a":{"a":0,"k":[0,0,0],"ix":1},"s":{"a":0,"k":[100,100,100],"ix":6}},"ao":0,"shapes":[{"ty":"gr","it":[{"ind":0,"ty":"sh","ix":1,"ks":{"a":0,"k":{"i":[[-5.96,-7.51],[0,-0.91],[5.4,-4.28],[0,0],[3.11,2.7],[0,0],[0,7.89],[-13.2,0],[-4.34,-4.4],[-6.74,0],[-1.49,-0.29]],"o":[[0.1,0.88],[0,7.33],[0,0],[-3.06,2.76],[0,0],[-6.12,-4.23],[0,-12.91],[6.74,0],[4.35,-4.4],[1.58,0],[6.77,5.91]],"v":[[40.928,-12.942],[41.079,-10.262],[32.229,7.888],[5.958,31.538],[-4.842,31.628],[-30.962,8.838],[-41.081,-10.262],[-17.182,-33.632],[-0.001,-26.502],[17.178,-33.632],[21.798,-33.192]],"c":true},"ix":2},"nm":"Path 1","mn":"ADBE Vector Shape - Group","hd":false},{"ty":"fl","c":{"a":0,"k":[1,0.788235008717,0.788235008717,1],"ix":4},"o":{"a":0,"k":100,"ix":5},"r":1,"bm":0,"nm":"Fill 1","mn":"ADBE Vector Graphic - Fill","hd":false},{"ty":"tr","p":{"a":0,"k":[0,0],"ix":2},"a":{"a":0,"k":[0,0],"ix":1},"s":{"a":0,"k":[100,100],"ix":3},"r":{"a":0,"k":0,"ix":6},"o":{"a":0,"k":100,"ix":7},"sk":{"a":0,"k":0,"ix":4},"sa":{"a":0,"k":0,"ix":5},"nm":"Transform"}],"nm":"Path","np":2,"cix":2,"bm":0,"ix":1,"mn":"ADBE Vector Group","hd":false}],"ip":0,"op":3600,"st":0,"bm":0},{"ddd":0,"ind":5,"ty":4,"nm":"Path","parent":1,"sr":1,"ks":{"o":{"a":0,"k":100,"ix":11},"r":{"a":0,"k":0,"ix":10},"p":{"a":0,"k":[159.648,236.638,0],"ix":2},"a":{"a":0,"k":[0,0,0],"ix":1},"s":{"a":0,"k":[100,100,100],"ix":6}},"ao":0,"shapes":[{"ty":"gr","it":[{"ind":0,"ty":"sh","ix":1,"ks":{"a":0,"k":{"i":[[0.21,-1.23],[20.07,-6.1],[0,0],[0,7.89],[-13.2,0],[-4.34,-4.4],[-6.74,0],[0,-12.91]],"o":[[-14.21,15],[0,0],[-6.12,-4.23],[0,-12.91],[6.74,0],[4.35,-4.4],[13.2,0],[0,1.28]],"v":[[40.768,-2.636],[-11.382,29.774],[-30.962,12.694],[-41.081,-6.406],[-17.182,-29.776],[-0.001,-22.646],[17.178,-29.776],[41.079,-6.406]],"c":true},"ix":2},"nm":"Path 1","mn":"ADBE Vector Shape - Group","hd":false},{"ty":"fl","c":{"a":0,"k":[1,0.788235008717,0.788235008717,1],"ix":4},"o":{"a":0,"k":100,"ix":5},"r":1,"bm":0,"nm":"Fill 1","mn":"ADBE Vector Graphic - Fill","hd":false},{"ty":"tr","p":{"a":0,"k":[0,0],"ix":2},"a":{"a":0,"k":[0,0],"ix":1},"s":{"a":0,"k":[100,100],"ix":3},"r":{"a":0,"k":0,"ix":6},"o":{"a":0,"k":100,"ix":7},"sk":{"a":0,"k":0,"ix":4},"sa":{"a":0,"k":0,"ix":5},"nm":"Transform"}],"nm":"Path","np":2,"cix":2,"bm":0,"ix":1,"mn":"ADBE Vector Group","hd":false}],"ip":0,"op":3600,"st":0,"bm":0},{"ddd":0,"ind":6,"ty":4,"nm":"Path","parent":1,"sr":1,"ks":{"o":{"a":0,"k":100,"ix":11},"r":{"a":0,"k":0,"ix":10},"p":{"a":0,"k":[36.643,215.322,0],"ix":2},"a":{"a":0,"k":[0,0,0],"ix":1},"s":{"a":0,"k":[100,100,100],"ix":6}},"ao":0,"shapes":[{"ty":"gr","it":[{"ind":0,"ty":"sh","ix":1,"ks":{"a":0,"k":{"i":[[-18.6,-14.49],[0,0],[0,7.33],[13.2,0],[4.34,-4.4],[6.75,0],[4,-2.96]],"o":[[0,0],[5.4,-4.28],[0,-12.91],[-6.75,0],[-4.35,-4.4],[-5.4,0],[7.93,23.04]],"v":[[4.581,31.07],[27.481,10.451],[36.331,-7.699],[12.431,-31.07],[-4.749,-23.939],[-21.939,-31.07],[-36.329,-26.359]],"c":true},"ix":2},"nm":"Path 1","mn":"ADBE Vector Shape - Group","hd":false},{"ty":"fl","c":{"a":0,"k":[1,0.788235008717,0.788235008717,1],"ix":4},"o":{"a":0,"k":100,"ix":5},"r":1,"bm":0,"nm":"Fill 1","mn":"ADBE Vector Graphic - Fill","hd":false},{"ty":"tr","p":{"a":0,"k":[0,0],"ix":2},"a":{"a":0,"k":[0,0],"ix":1},"s":{"a":0,"k":[100,100],"ix":3},"r":{"a":0,"k":0,"ix":6},"o":{"a":0,"k":100,"ix":7},"sk":{"a":0,"k":0,"ix":4},"sa":{"a":0,"k":0,"ix":5},"nm":"Transform"}],"nm":"Path","np":2,"cix":2,"bm":0,"ix":1,"mn":"ADBE Vector Group","hd":false}],"ip":0,"op":3600,"st":0,"bm":0}]},{"id":"comp_1","layers":[{"ddd":0,"ind":1,"ty":3,"nm":"▽ Pattern 4","sr":1,"ks":{"o":{"a":0,"k":100,"ix":11},"r":{"a":0,"k":0,"ix":10},"p":{"a":0,"k":[0,0,0],"ix":2},"a":{"a":0,"k":[0,0,0],"ix":1},"s":{"a":0,"k":[100,100,100],"ix":6}},"ao":0,"ip":0,"op":3600,"st":0,"bm":0},{"ddd":0,"ind":2,"ty":4,"nm":"Path","parent":1,"sr":1,"ks":{"o":{"a":0,"k":100,"ix":11},"r":{"a":0,"k":0,"ix":10},"p":{"a":0,"k":[211.139,117.702,0],"ix":2},"a":{"a":0,"k":[0,0,0],"ix":1},"s":{"a":0,"k":[100,100,100],"ix":6}},"ao":0,"shapes":[{"ty":"gr","it":[{"ind":0,"ty":"sh","ix":1,"ks":{"a":0,"k":{"i":[[0,-4.3],[4.3,0],[0,4.3],[-4.3,0]],"o":[[0,4.3],[-4.3,0],[0,-4.3],[4.3,0]],"v":[[7.788,-0.001],[-0.001,7.788],[-7.792,-0.001],[-0.001,-7.792]],"c":true},"ix":2},"nm":"Path 1","mn":"ADBE Vector Shape - Group","hd":false},{"ty":"fl","c":{"a":0,"k":[1,0.913725018501,0.415686011314,1],"ix":4},"o":{"a":0,"k":100,"ix":5},"r":1,"bm":0,"nm":"Fill 1","mn":"ADBE Vector Graphic - Fill","hd":false},{"ty":"tr","p":{"a":0,"k":[0,0],"ix":2},"a":{"a":0,"k":[0,0],"ix":1},"s":{"a":0,"k":[100,100],"ix":3},"r":{"a":0,"k":0,"ix":6},"o":{"a":0,"k":100,"ix":7},"sk":{"a":0,"k":0,"ix":4},"sa":{"a":0,"k":0,"ix":5},"nm":"Transform"}],"nm":"Path","np":2,"cix":2,"bm":0,"ix":1,"mn":"ADBE Vector Group","hd":false}],"ip":0,"op":3600,"st":0,"bm":0},{"ddd":0,"ind":3,"ty":4,"nm":"Path","parent":1,"sr":1,"ks":{"o":{"a":0,"k":100,"ix":11},"r":{"a":0,"k":0,"ix":10},"p":{"a":0,"k":[161.536,62.878,0],"ix":2},"a":{"a":0,"k":[0,0,0],"ix":1},"s":{"a":0,"k":[100,100,100],"ix":6}},"ao":0,"shapes":[{"ty":"gr","it":[{"ind":0,"ty":"sh","ix":1,"ks":{"a":0,"k":{"i":[[0,-4.3],[4.3,0],[0,4.31],[-4.3,0]],"o":[[0,4.31],[-4.3,0],[0,-4.3],[4.3,0]],"v":[[7.788,-0.002],[-0.002,7.788],[-7.792,-0.002],[-0.002,-7.792]],"c":true},"ix":2},"nm":"Path 1","mn":"ADBE Vector Shape - Group","hd":false},{"ty":"fl","c":{"a":0,"k":[1,0.913725018501,0.415686011314,1],"ix":4},"o":{"a":0,"k":100,"ix":5},"r":1,"bm":0,"nm":"Fill 1","mn":"ADBE Vector Graphic - Fill","hd":false},{"ty":"tr","p":{"a":0,"k":[0,0],"ix":2},"a":{"a":0,"k":[0,0],"ix":1},"s":{"a":0,"k":[100,100],"ix":3},"r":{"a":0,"k":0,"ix":6},"o":{"a":0,"k":100,"ix":7},"sk":{"a":0,"k":0,"ix":4},"sa":{"a":0,"k":0,"ix":5},"nm":"Transform"}],"nm":"Path","np":2,"cix":2,"bm":0,"ix":1,"mn":"ADBE Vector Group","hd":false}],"ip":0,"op":3600,"st":0,"bm":0},{"ddd":0,"ind":4,"ty":4,"nm":"Path","parent":1,"sr":1,"ks":{"o":{"a":0,"k":100,"ix":11},"r":{"a":0,"k":0,"ix":10},"p":{"a":0,"k":[101.049,244.209,0],"ix":2},"a":{"a":0,"k":[0,0,0],"ix":1},"s":{"a":0,"k":[100,100,100],"ix":6}},"ao":0,"shapes":[{"ty":"gr","it":[{"ind":0,"ty":"sh","ix":1,"ks":{"a":0,"k":{"i":[[-4.3,0],[0,4.31],[4.3,0],[0,-4.3]],"o":[[4.3,0],[0,-4.3],[-4.3,0],[0,4.31]],"v":[[-0.002,7.788],[7.788,-0.002],[-0.002,-7.792],[-7.792,-0.002]],"c":true},"ix":2},"nm":"Path 1","mn":"ADBE Vector Shape - Group","hd":false},{"ty":"fl","c":{"a":0,"k":[1,0.913725018501,0.415686011314,1],"ix":4},"o":{"a":0,"k":100,"ix":5},"r":1,"bm":0,"nm":"Fill 1","mn":"ADBE Vector Graphic - Fill","hd":false},{"ty":"tr","p":{"a":0,"k":[0,0],"ix":2},"a":{"a":0,"k":[0,0],"ix":1},"s":{"a":0,"k":[100,100],"ix":3},"r":{"a":0,"k":0,"ix":6},"o":{"a":0,"k":100,"ix":7},"sk":{"a":0,"k":0,"ix":4},"sa":{"a":0,"k":0,"ix":5},"nm":"Transform"}],"nm":"Path","np":2,"cix":2,"bm":0,"ix":1,"mn":"ADBE Vector Group","hd":false}],"ip":0,"op":3600,"st":0,"bm":0},{"ddd":0,"ind":5,"ty":4,"nm":"Path","parent":1,"sr":1,"ks":{"o":{"a":0,"k":100,"ix":11},"r":{"a":0,"k":0,"ix":10},"p":{"a":0,"k":[113.891,99.924,0],"ix":2},"a":{"a":0,"k":[0,0,0],"ix":1},"s":{"a":0,"k":[100,100,100],"ix":6}},"ao":0,"shapes":[{"ty":"gr","it":[{"ind":0,"ty":"sh","ix":1,"ks":{"a":0,"k":{"i":[[0,-4.3],[4.3,0],[0,4.31],[-4.3,0]],"o":[[0,4.31],[-4.3,0],[0,-4.3],[4.3,0]],"v":[[7.788,-0.001],[-0.002,7.788],[-7.792,-0.001],[-0.002,-7.792]],"c":true},"ix":2},"nm":"Path 1","mn":"ADBE Vector Shape - Group","hd":false},{"ty":"fl","c":{"a":0,"k":[1,0.913725018501,0.415686011314,1],"ix":4},"o":{"a":0,"k":100,"ix":5},"r":1,"bm":0,"nm":"Fill 1","mn":"ADBE Vector Graphic - Fill","hd":false},{"ty":"tr","p":{"a":0,"k":[0,0],"ix":2},"a":{"a":0,"k":[0,0],"ix":1},"s":{"a":0,"k":[100,100],"ix":3},"r":{"a":0,"k":0,"ix":6},"o":{"a":0,"k":100,"ix":7},"sk":{"a":0,"k":0,"ix":4},"sa":{"a":0,"k":0,"ix":5},"nm":"Transform"}],"nm":"Path","np":2,"cix":2,"bm":0,"ix":1,"mn":"ADBE Vector Group","hd":false}],"ip":0,"op":3600,"st":0,"bm":0},{"ddd":0,"ind":6,"ty":4,"nm":"Path","parent":1,"sr":1,"ks":{"o":{"a":0,"k":100,"ix":11},"r":{"a":0,"k":0,"ix":10},"p":{"a":0,"k":[126.291,192.604,0],"ix":2},"a":{"a":0,"k":[0,0,0],"ix":1},"s":{"a":0,"k":[100,100,100],"ix":6}},"ao":0,"shapes":[{"ty":"gr","it":[{"ind":0,"ty":"sh","ix":1,"ks":{"a":0,"k":{"i":[[-4.3,0],[0,4.3],[4.3,0],[0,-4.3]],"o":[[4.3,0],[0,-4.3],[-4.3,0],[0,4.3]],"v":[[-0.001,7.788],[7.788,-0.002],[-0.001,-7.792],[-7.792,-0.002]],"c":true},"ix":2},"nm":"Path 1","mn":"ADBE Vector Shape - Group","hd":false},{"ty":"fl","c":{"a":0,"k":[1,0.913725018501,0.415686011314,1],"ix":4},"o":{"a":0,"k":100,"ix":5},"r":1,"bm":0,"nm":"Fill 1","mn":"ADBE Vector Graphic - Fill","hd":false},{"ty":"tr","p":{"a":0,"k":[0,0],"ix":2},"a":{"a":0,"k":[0,0],"ix":1},"s":{"a":0,"k":[100,100],"ix":3},"r":{"a":0,"k":0,"ix":6},"o":{"a":0,"k":100,"ix":7},"sk":{"a":0,"k":0,"ix":4},"sa":{"a":0,"k":0,"ix":5},"nm":"Transform"}],"nm":"Path","np":2,"cix":2,"bm":0,"ix":1,"mn":"ADBE Vector Group","hd":false}],"ip":0,"op":3600,"st":0,"bm":0},{"ddd":0,"ind":7,"ty":4,"nm":"Path","parent":1,"sr":1,"ks":{"o":{"a":0,"k":100,"ix":11},"r":{"a":0,"k":0,"ix":10},"p":{"a":0,"k":[175.428,233.307,0],"ix":2},"a":{"a":0,"k":[0,0,0],"ix":1},"s":{"a":0,"k":[100,100,100],"ix":6}},"ao":0,"shapes":[{"ty":"gr","it":[{"ind":0,"ty":"sh","ix":1,"ks":{"a":0,"k":{"i":[[0,-4.3],[4.3,0],[0,4.31],[-4.3,0]],"o":[[0,4.31],[-4.3,0],[0,-4.3],[4.3,0]],"v":[[7.788,-0.001],[-0.001,7.788],[-7.792,-0.001],[-0.001,-7.792]],"c":true},"ix":2},"nm":"Path 1","mn":"ADBE Vector Shape - Group","hd":false},{"ty":"fl","c":{"a":0,"k":[1,0.913725018501,0.415686011314,1],"ix":4},"o":{"a":0,"k":100,"ix":5},"r":1,"bm":0,"nm":"Fill 1","mn":"ADBE Vector Graphic - Fill","hd":false},{"ty":"tr","p":{"a":0,"k":[0,0],"ix":2},"a":{"a":0,"k":[0,0],"ix":1},"s":{"a":0,"k":[100,100],"ix":3},"r":{"a":0,"k":0,"ix":6},"o":{"a":0,"k":100,"ix":7},"sk":{"a":0,"k":0,"ix":4},"sa":{"a":0,"k":0,"ix":5},"nm":"Transform"}],"nm":"Path","np":2,"cix":2,"bm":0,"ix":1,"mn":"ADBE Vector Group","hd":false}],"ip":0,"op":3600,"st":0,"bm":0},{"ddd":0,"ind":8,"ty":4,"nm":"Path","parent":1,"sr":1,"ks":{"o":{"a":0,"k":100,"ix":11},"r":{"a":0,"k":0,"ix":10},"p":{"a":0,"k":[201.583,187.336,0],"ix":2},"a":{"a":0,"k":[0,0,0],"ix":1},"s":{"a":0,"k":[100,100,100],"ix":6}},"ao":0,"shapes":[{"ty":"gr","it":[{"ind":0,"ty":"sh","ix":1,"ks":{"a":0,"k":{"i":[[0,-4.3],[4.3,0],[0,4.3],[-4.3,0]],"o":[[0,4.3],[-4.3,0],[0,-4.3],[4.3,0]],"v":[[7.788,-0.002],[-0.002,7.788],[-7.792,-0.002],[-0.002,-7.792]],"c":true},"ix":2},"nm":"Path 1","mn":"ADBE Vector Shape - Group","hd":false},{"ty":"fl","c":{"a":0,"k":[1,0.913725018501,0.415686011314,1],"ix":4},"o":{"a":0,"k":100,"ix":5},"r":1,"bm":0,"nm":"Fill 1","mn":"ADBE Vector Graphic - Fill","hd":false},{"ty":"tr","p":{"a":0,"k":[0,0],"ix":2},"a":{"a":0,"k":[0,0],"ix":1},"s":{"a":0,"k":[100,100],"ix":3},"r":{"a":0,"k":0,"ix":6},"o":{"a":0,"k":100,"ix":7},"sk":{"a":0,"k":0,"ix":4},"sa":{"a":0,"k":0,"ix":5},"nm":"Transform"}],"nm":"Path","np":2,"cix":2,"bm":0,"ix":1,"mn":"ADBE Vector Group","hd":false}],"ip":0,"op":3600,"st":0,"bm":0},{"ddd":0,"ind":9,"ty":4,"nm":"Path","parent":1,"sr":1,"ks":{"o":{"a":0,"k":100,"ix":11},"r":{"a":0,"k":0,"ix":10},"p":{"a":0,"k":[161.536,146.917,0],"ix":2},"a":{"a":0,"k":[0,0,0],"ix":1},"s":{"a":0,"k":[100,100,100],"ix":6}},"ao":0,"shapes":[{"ty":"gr","it":[{"ind":0,"ty":"sh","ix":1,"ks":{"a":0,"k":{"i":[[-4.3,0],[0,4.3],[4.3,0],[0,-4.3]],"o":[[4.3,0],[0,-4.3],[-4.3,0],[0,4.3]],"v":[[-0.002,7.788],[7.788,-0.001],[-0.002,-7.792],[-7.792,-0.001]],"c":true},"ix":2},"nm":"Path 1","mn":"ADBE Vector Shape - Group","hd":false},{"ty":"fl","c":{"a":0,"k":[1,0.913725018501,0.415686011314,1],"ix":4},"o":{"a":0,"k":100,"ix":5},"r":1,"bm":0,"nm":"Fill 1","mn":"ADBE Vector Graphic - Fill","hd":false},{"ty":"tr","p":{"a":0,"k":[0,0],"ix":2},"a":{"a":0,"k":[0,0],"ix":1},"s":{"a":0,"k":[100,100],"ix":3},"r":{"a":0,"k":0,"ix":6},"o":{"a":0,"k":100,"ix":7},"sk":{"a":0,"k":0,"ix":4},"sa":{"a":0,"k":0,"ix":5},"nm":"Transform"}],"nm":"Path","np":2,"cix":2,"bm":0,"ix":1,"mn":"ADBE Vector Group","hd":false}],"ip":0,"op":3600,"st":0,"bm":0},{"ddd":0,"ind":10,"ty":4,"nm":"Path","parent":1,"sr":1,"ks":{"o":{"a":0,"k":100,"ix":11},"r":{"a":0,"k":0,"ix":10},"p":{"a":0,"k":[111.764,12.62,0],"ix":2},"a":{"a":0,"k":[0,0,0],"ix":1},"s":{"a":0,"k":[100,100,100],"ix":6}},"ao":0,"shapes":[{"ty":"gr","it":[{"ind":0,"ty":"sh","ix":1,"ks":{"a":0,"k":{"i":[[0,-4.3],[4.31,0],[0,4.31],[-4.3,0]],"o":[[0,4.31],[-4.3,0],[0,-4.3],[4.31,0]],"v":[[7.788,-0.002],[-0.002,7.788],[-7.792,-0.002],[-0.002,-7.792]],"c":true},"ix":2},"nm":"Path 1","mn":"ADBE Vector Shape - Group","hd":false},{"ty":"fl","c":{"a":0,"k":[1,0.913725018501,0.415686011314,1],"ix":4},"o":{"a":0,"k":100,"ix":5},"r":1,"bm":0,"nm":"Fill 1","mn":"ADBE Vector Graphic - Fill","hd":false},{"ty":"tr","p":{"a":0,"k":[0,0],"ix":2},"a":{"a":0,"k":[0,0],"ix":1},"s":{"a":0,"k":[100,100],"ix":3},"r":{"a":0,"k":0,"ix":6},"o":{"a":0,"k":100,"ix":7},"sk":{"a":0,"k":0,"ix":4},"sa":{"a":0,"k":0,"ix":5},"nm":"Transform"}],"nm":"Path","np":2,"cix":2,"bm":0,"ix":1,"mn":"ADBE Vector Group","hd":false}],"ip":0,"op":3600,"st":0,"bm":0},{"ddd":0,"ind":11,"ty":4,"nm":"Path","parent":1,"sr":1,"ks":{"o":{"a":0,"k":100,"ix":11},"r":{"a":0,"k":0,"ix":10},"p":{"a":0,"k":[44.539,197.172,0],"ix":2},"a":{"a":0,"k":[0,0,0],"ix":1},"s":{"a":0,"k":[100,100,100],"ix":6}},"ao":0,"shapes":[{"ty":"gr","it":[{"ind":0,"ty":"sh","ix":1,"ks":{"a":0,"k":{"i":[[-4.3,0],[0,4.3],[4.31,0],[0,-4.3]],"o":[[4.31,0],[0,-4.3],[-4.3,0],[0,4.3]],"v":[[-0.002,7.788],[7.788,-0.002],[-0.002,-7.792],[-7.792,-0.002]],"c":true},"ix":2},"nm":"Path 1","mn":"ADBE Vector Shape - Group","hd":false},{"ty":"fl","c":{"a":0,"k":[1,0.913725018501,0.415686011314,1],"ix":4},"o":{"a":0,"k":100,"ix":5},"r":1,"bm":0,"nm":"Fill 1","mn":"ADBE Vector Graphic - Fill","hd":false},{"ty":"tr","p":{"a":0,"k":[0,0],"ix":2},"a":{"a":0,"k":[0,0],"ix":1},"s":{"a":0,"k":[100,100],"ix":3},"r":{"a":0,"k":0,"ix":6},"o":{"a":0,"k":100,"ix":7},"sk":{"a":0,"k":0,"ix":4},"sa":{"a":0,"k":0,"ix":5},"nm":"Transform"}],"nm":"Path","np":2,"cix":2,"bm":0,"ix":1,"mn":"ADBE Vector Group","hd":false}],"ip":0,"op":3600,"st":0,"bm":0},{"ddd":0,"ind":12,"ty":4,"nm":"Path","parent":1,"sr":1,"ks":{"o":{"a":0,"k":100,"ix":11},"r":{"a":0,"k":0,"ix":10},"p":{"a":0,"k":[8.399,148.904,0],"ix":2},"a":{"a":0,"k":[0,0,0],"ix":1},"s":{"a":0,"k":[100,100,100],"ix":6}},"ao":0,"shapes":[{"ty":"gr","it":[{"ind":0,"ty":"sh","ix":1,"ks":{"a":0,"k":{"i":[[0,-4.3],[4.3,0],[0,4.3],[-4.3,0]],"o":[[0,4.3],[-4.3,0],[0,-4.3],[4.3,0]],"v":[[7.788,-0.001],[-0.002,7.788],[-7.792,-0.001],[-0.002,-7.792]],"c":true},"ix":2},"nm":"Path 1","mn":"ADBE Vector Shape - Group","hd":false},{"ty":"fl","c":{"a":0,"k":[1,0.913725018501,0.415686011314,1],"ix":4},"o":{"a":0,"k":100,"ix":5},"r":1,"bm":0,"nm":"Fill 1","mn":"ADBE Vector Graphic - Fill","hd":false},{"ty":"tr","p":{"a":0,"k":[0,0],"ix":2},"a":{"a":0,"k":[0,0],"ix":1},"s":{"a":0,"k":[100,100],"ix":3},"r":{"a":0,"k":0,"ix":6},"o":{"a":0,"k":100,"ix":7},"sk":{"a":0,"k":0,"ix":4},"sa":{"a":0,"k":0,"ix":5},"nm":"Transform"}],"nm":"Path","np":2,"cix":2,"bm":0,"ix":1,"mn":"ADBE Vector Group","hd":false}],"ip":0,"op":3600,"st":0,"bm":0},{"ddd":0,"ind":13,"ty":4,"nm":"Path","parent":1,"sr":1,"ks":{"o":{"a":0,"k":100,"ix":11},"r":{"a":0,"k":0,"ix":10},"p":{"a":0,"k":[68.035,146.917,0],"ix":2},"a":{"a":0,"k":[0,0,0],"ix":1},"s":{"a":0,"k":[100,100,100],"ix":6}},"ao":0,"shapes":[{"ty":"gr","it":[{"ind":0,"ty":"sh","ix":1,"ks":{"a":0,"k":{"i":[[0,-4.3],[4.3,0],[0,4.3],[-4.3,0]],"o":[[0,4.3],[-4.3,0],[0,-4.3],[4.3,0]],"v":[[7.788,-0.001],[-0.002,7.788],[-7.792,-0.001],[-0.002,-7.792]],"c":true},"ix":2},"nm":"Path 1","mn":"ADBE Vector Shape - Group","hd":false},{"ty":"fl","c":{"a":0,"k":[1,0.913725018501,0.415686011314,1],"ix":4},"o":{"a":0,"k":100,"ix":5},"r":1,"bm":0,"nm":"Fill 1","mn":"ADBE Vector Graphic - Fill","hd":false},{"ty":"tr","p":{"a":0,"k":[0,0],"ix":2},"a":{"a":0,"k":[0,0],"ix":1},"s":{"a":0,"k":[100,100],"ix":3},"r":{"a":0,"k":0,"ix":6},"o":{"a":0,"k":100,"ix":7},"sk":{"a":0,"k":0,"ix":4},"sa":{"a":0,"k":0,"ix":5},"nm":"Transform"}],"nm":"Path","np":2,"cix":2,"bm":0,"ix":1,"mn":"ADBE Vector Group","hd":false}],"ip":0,"op":3600,"st":0,"bm":0},{"ddd":0,"ind":14,"ty":4,"nm":"Path","parent":1,"sr":1,"ks":{"o":{"a":0,"k":100,"ix":11},"r":{"a":0,"k":0,"ix":10},"p":{"a":0,"k":[22.348,94.049,0],"ix":2},"a":{"a":0,"k":[0,0,0],"ix":1},"s":{"a":0,"k":[100,100,100],"ix":6}},"ao":0,"shapes":[{"ty":"gr","it":[{"ind":0,"ty":"sh","ix":1,"ks":{"a":0,"k":{"i":[[-4.3,0],[0,4.3],[4.31,0],[0,-4.3]],"o":[[4.31,0],[0,-4.3],[-4.3,0],[0,4.3]],"v":[[-0.002,7.788],[7.788,-0.001],[-0.002,-7.792],[-7.792,-0.001]],"c":true},"ix":2},"nm":"Path 1","mn":"ADBE Vector Shape - Group","hd":false},{"ty":"fl","c":{"a":0,"k":[1,0.913725018501,0.415686011314,1],"ix":4},"o":{"a":0,"k":100,"ix":5},"r":1,"bm":0,"nm":"Fill 1","mn":"ADBE Vector Graphic - Fill","hd":false},{"ty":"tr","p":{"a":0,"k":[0,0],"ix":2},"a":{"a":0,"k":[0,0],"ix":1},"s":{"a":0,"k":[100,100],"ix":3},"r":{"a":0,"k":0,"ix":6},"o":{"a":0,"k":100,"ix":7},"sk":{"a":0,"k":0,"ix":4},"sa":{"a":0,"k":0,"ix":5},"nm":"Transform"}],"nm":"Path","np":2,"cix":2,"bm":0,"ix":1,"mn":"ADBE Vector Group","hd":false}],"ip":0,"op":3600,"st":0,"bm":0},{"ddd":0,"ind":15,"ty":4,"nm":"Path","parent":1,"sr":1,"ks":{"o":{"a":0,"k":100,"ix":11},"r":{"a":0,"k":0,"ix":10},"p":{"a":0,"k":[68.035,62.876,0],"ix":2},"a":{"a":0,"k":[0,0,0],"ix":1},"s":{"a":0,"k":[100,100,100],"ix":6}},"ao":0,"shapes":[{"ty":"gr","it":[{"ind":0,"ty":"sh","ix":1,"ks":{"a":0,"k":{"i":[[0,-4.3],[4.3,0],[0,4.31],[-4.3,0]],"o":[[0,4.31],[-4.3,0],[0,-4.3],[4.3,0]],"v":[[7.788,-0.002],[-0.002,7.788],[-7.792,-0.002],[-0.002,-7.792]],"c":true},"ix":2},"nm":"Path 1","mn":"ADBE Vector Shape - Group","hd":false},{"ty":"fl","c":{"a":0,"k":[1,0.913725018501,0.415686011314,1],"ix":4},"o":{"a":0,"k":100,"ix":5},"r":1,"bm":0,"nm":"Fill 1","mn":"ADBE Vector Graphic - Fill","hd":false},{"ty":"tr","p":{"a":0,"k":[0,0],"ix":2},"a":{"a":0,"k":[0,0],"ix":1},"s":{"a":0,"k":[100,100],"ix":3},"r":{"a":0,"k":0,"ix":6},"o":{"a":0,"k":100,"ix":7},"sk":{"a":0,"k":0,"ix":4},"sa":{"a":0,"k":0,"ix":5},"nm":"Transform"}],"nm":"Path","np":2,"cix":2,"bm":0,"ix":1,"mn":"ADBE Vector Group","hd":false}],"ip":0,"op":3600,"st":0,"bm":0},{"ddd":0,"ind":16,"ty":4,"nm":"Path","parent":1,"sr":1,"ks":{"o":{"a":0,"k":100,"ix":11},"r":{"a":0,"k":0,"ix":10},"p":{"a":0,"k":[232.163,156.569,0],"ix":2},"a":{"a":0,"k":[0,0,0],"ix":1},"s":{"a":0,"k":[100,100,100],"ix":6}},"ao":0,"shapes":[{"ty":"gr","it":[{"ind":0,"ty":"sh","ix":1,"ks":{"a":0,"k":{"i":[[0,-0.63],[0.48,-4.48],[0,4.05],[-4.28,0.02]],"o":[[0,4.61],[-3.95,-0.38],[0,-4.29],[0.01,0.64]],"v":[[3.878,-5.864],[3.158,7.776],[-3.883,0.016],[3.867,-7.774]],"c":true},"ix":2},"nm":"Path 1","mn":"ADBE Vector Shape - Group","hd":false},{"ty":"fl","c":{"a":0,"k":[1,0.913725018501,0.415686011314,1],"ix":4},"o":{"a":0,"k":100,"ix":5},"r":1,"bm":0,"nm":"Fill 1","mn":"ADBE Vector Graphic - Fill","hd":false},{"ty":"tr","p":{"a":0,"k":[0,0],"ix":2},"a":{"a":0,"k":[0,0],"ix":1},"s":{"a":0,"k":[100,100],"ix":3},"r":{"a":0,"k":0,"ix":6},"o":{"a":0,"k":100,"ix":7},"sk":{"a":0,"k":0,"ix":4},"sa":{"a":0,"k":0,"ix":5},"nm":"Transform"}],"nm":"Path","np":2,"cix":2,"bm":0,"ix":1,"mn":"ADBE Vector Group","hd":false}],"ip":0,"op":3600,"st":0,"bm":0},{"ddd":0,"ind":17,"ty":4,"nm":"Path","parent":1,"sr":1,"ks":{"o":{"a":0,"k":100,"ix":11},"r":{"a":0,"k":0,"ix":10},"p":{"a":0,"k":[170.154,9.163,0],"ix":2},"a":{"a":0,"k":[0,0,0],"ix":1},"s":{"a":0,"k":[100,100,100],"ix":6}},"ao":0,"shapes":[{"ty":"gr","it":[{"ind":0,"ty":"sh","ix":1,"ks":{"a":0,"k":{"i":[[3.41,2.84],[0,-3.48],[-4.3,0],[-0.8,3.46]],"o":[[-3.15,1],[0,4.3],[3.7,0],[-3.22,-3.28]],"v":[[-2.262,-7.61],[-7.691,-0.18],[0.098,7.61],[7.689,1.58]],"c":true},"ix":2},"nm":"Path 1","mn":"ADBE Vector Shape - Group","hd":false},{"ty":"fl","c":{"a":0,"k":[1,0.913725018501,0.415686011314,1],"ix":4},"o":{"a":0,"k":100,"ix":5},"r":1,"bm":0,"nm":"Fill 1","mn":"ADBE Vector Graphic - Fill","hd":false},{"ty":"tr","p":{"a":0,"k":[0,0],"ix":2},"a":{"a":0,"k":[0,0],"ix":1},"s":{"a":0,"k":[100,100],"ix":3},"r":{"a":0,"k":0,"ix":6},"o":{"a":0,"k":100,"ix":7},"sk":{"a":0,"k":0,"ix":4},"sa":{"a":0,"k":0,"ix":5},"nm":"Transform"}],"nm":"Path","np":2,"cix":2,"bm":0,"ix":1,"mn":"ADBE Vector Group","hd":false}],"ip":0,"op":3600,"st":0,"bm":0},{"ddd":0,"ind":18,"ty":4,"nm":"Path","parent":1,"sr":1,"ks":{"o":{"a":0,"k":100,"ix":11},"r":{"a":0,"k":0,"ix":10},"p":{"a":0,"k":[60.49,8.136,0],"ix":2},"a":{"a":0,"k":[0,0,0],"ix":1},"s":{"a":0,"k":[100,100,100],"ix":6}},"ao":0,"shapes":[{"ty":"gr","it":[{"ind":0,"ty":"sh","ix":1,"ks":{"a":0,"k":{"i":[[3.52,-3.59],[-3.16,0],[0,4.31],[2.37,1.34]],"o":[[1.23,2.7],[4.3,0],[0,-2.91],[-3.75,3.07]],"v":[[-7.445,2.718],[-0.345,7.288],[7.445,-0.502],[3.475,-7.292]],"c":true},"ix":2},"nm":"Path 1","mn":"ADBE Vector Shape - Group","hd":false},{"ty":"fl","c":{"a":0,"k":[1,0.913725018501,0.415686011314,1],"ix":4},"o":{"a":0,"k":100,"ix":5},"r":1,"bm":0,"nm":"Fill 1","mn":"ADBE Vector Graphic - Fill","hd":false},{"ty":"tr","p":{"a":0,"k":[0,0],"ix":2},"a":{"a":0,"k":[0,0],"ix":1},"s":{"a":0,"k":[100,100],"ix":3},"r":{"a":0,"k":0,"ix":6},"o":{"a":0,"k":100,"ix":7},"sk":{"a":0,"k":0,"ix":4},"sa":{"a":0,"k":0,"ix":5},"nm":"Transform"}],"nm":"Path","np":2,"cix":2,"bm":0,"ix":1,"mn":"ADBE Vector Group","hd":false}],"ip":0,"op":3600,"st":0,"bm":0},{"ddd":0,"ind":19,"ty":4,"nm":"Path","parent":1,"sr":1,"ks":{"o":{"a":0,"k":100,"ix":11},"r":{"a":0,"k":0,"ix":10},"p":{"a":0,"k":[49.53,249.997,0],"ix":2},"a":{"a":0,"k":[0,0,0],"ix":1},"s":{"a":0,"k":[100,100,100],"ix":6}},"ao":0,"shapes":[{"ty":"gr","it":[{"ind":0,"ty":"sh","ix":1,"ks":{"a":0,"k":{"i":[[-4.16,-2.55],[0,2.65],[4.3,0],[0.87,-3.35]],"o":[[2.03,-1.41],[0,-4.3],[-3.62,0],[3.82,3.03]],"v":[[4.314,7.102],[7.664,0.692],[-0.126,-7.098],[-7.666,-1.278]],"c":true},"ix":2},"nm":"Path 1","mn":"ADBE Vector Shape - Group","hd":false},{"ty":"fl","c":{"a":0,"k":[1,0.913725018501,0.415686011314,1],"ix":4},"o":{"a":0,"k":100,"ix":5},"r":1,"bm":0,"nm":"Fill 1","mn":"ADBE Vector Graphic - Fill","hd":false},{"ty":"tr","p":{"a":0,"k":[0,0],"ix":2},"a":{"a":0,"k":[0,0],"ix":1},"s":{"a":0,"k":[100,100],"ix":3},"r":{"a":0,"k":0,"ix":6},"o":{"a":0,"k":100,"ix":7},"sk":{"a":0,"k":0,"ix":4},"sa":{"a":0,"k":0,"ix":5},"nm":"Transform"}],"nm":"Path","np":2,"cix":2,"bm":0,"ix":1,"mn":"ADBE Vector Group","hd":false}],"ip":0,"op":3600,"st":0,"bm":0}]},{"id":"comp_2","layers":[{"ddd":0,"ind":1,"ty":3,"nm":"▽ Pattern 3","sr":1,"ks":{"o":{"a":0,"k":100,"ix":11},"r":{"a":0,"k":0,"ix":10},"p":{"a":0,"k":[0,0,0],"ix":2},"a":{"a":0,"k":[0,0,0],"ix":1},"s":{"a":0,"k":[100,100,100],"ix":6}},"ao":0,"ip":0,"op":3600,"st":0,"bm":0},{"ddd":0,"ind":2,"ty":4,"nm":"Path","parent":1,"sr":1,"ks":{"o":{"a":0,"k":100,"ix":11},"r":{"a":0,"k":0,"ix":10},"p":{"a":0,"k":[119.327,275.238,0],"ix":2},"a":{"a":0,"k":[0,0,0],"ix":1},"s":{"a":0,"k":[100,100,100],"ix":6}},"ao":0,"shapes":[{"ty":"gr","it":[{"ind":0,"ty":"sh","ix":1,"ks":{"a":0,"k":{"i":[[0,-2.9],[-0.17,-0.58],[0.44,0.14],[0.91,-2.8],[-2.76,-0.89],[-0.66,-0.01],[0.29,-0.4],[-2.38,-1.73],[-1.71,2.36],[-0.22,0.73],[-0.3,-0.4],[-2.38,1.73],[1.71,2.36],[0.62,0.44],[-0.33,0.11],[0.91,2.81],[2.76,-0.9],[0.21,-0.11],[0,0.29],[2.95,0]],"o":[[0,0.43],[-0.54,-0.39],[-2.76,-0.9],[-0.91,2.81],[0.44,0.15],[-0.6,0.43],[-1.71,2.36],[2.39,1.73],[0.29,-0.4],[0.23,0.73],[1.71,2.36],[2.39,-1.73],[-0.3,-0.4],[0.47,-0.03],[2.77,-0.89],[-0.91,-2.8],[-0.2,0.06],[0.08,-0.35],[0,-2.9],[-2.95,0]],"v":[[-4.964,-7.743],[-4.714,-6.233],[-6.194,-7.033],[-12.844,-3.593],[-9.494,3.107],[-7.844,3.337],[-9.184,4.577],[-7.964,11.977],[-0.544,10.847],[0.236,9.147],[1.026,10.847],[8.436,11.977],[9.666,4.577],[8.296,3.317],[9.486,3.107],[12.846,-3.593],[6.196,-7.033],[5.586,-6.783],[5.706,-7.743],[0.366,-13.003]],"c":true},"ix":2},"nm":"Path 1","mn":"ADBE Vector Shape - Group","hd":false},{"ty":"fl","c":{"a":0,"k":[0.866666972637,0.956862986088,1,1],"ix":4},"o":{"a":0,"k":100,"ix":5},"r":1,"bm":0,"nm":"Fill 1","mn":"ADBE Vector Graphic - Fill","hd":false},{"ty":"tr","p":{"a":0,"k":[0,0],"ix":2},"a":{"a":0,"k":[0,0],"ix":1},"s":{"a":0,"k":[100,100],"ix":3},"r":{"a":0,"k":0,"ix":6},"o":{"a":0,"k":100,"ix":7},"sk":{"a":0,"k":0,"ix":4},"sa":{"a":0,"k":0,"ix":5},"nm":"Transform"}],"nm":"Path","np":2,"cix":2,"bm":0,"ix":1,"mn":"ADBE Vector Group","hd":false}],"ip":0,"op":3600,"st":0,"bm":0},{"ddd":0,"ind":3,"ty":4,"nm":"Path","parent":1,"sr":1,"ks":{"o":{"a":0,"k":100,"ix":11},"r":{"a":0,"k":0,"ix":10},"p":{"a":0,"k":[198.096,185.23,0],"ix":2},"a":{"a":0,"k":[0,0,0],"ix":1},"s":{"a":0,"k":[100,100,100],"ix":6}},"ao":0,"shapes":[{"ty":"gr","it":[{"ind":0,"ty":"sh","ix":1,"ks":{"a":0,"k":{"i":[[-0.54,-0.39],[0,0.43],[-2.95,0],[0,-2.9],[0.08,-0.35],[-0.2,0.06],[-0.91,-2.8],[2.77,-0.89],[0.46,-0.03],[-0.3,-0.4],[2.39,-1.73],[1.71,2.36],[0.23,0.73],[0.29,-0.41],[2.39,1.73],[-1.71,2.36],[-0.6,0.43],[0.44,0.14],[-0.91,2.81],[-2.76,-0.9]],"o":[[-0.17,-0.58],[0,-2.9],[2.95,0],[0,0.29],[0.21,-0.11],[2.76,-0.9],[0.91,2.81],[-0.33,0.11],[0.61,0.44],[1.71,2.36],[-2.38,1.73],[-0.3,-0.41],[-0.22,0.73],[-1.71,2.36],[-2.38,-1.73],[0.29,-0.4],[-0.66,-0.01],[-2.76,-0.89],[0.91,-2.8],[0.44,0.14]],"v":[[-4.714,-6.234],[-4.964,-7.744],[0.366,-13.004],[5.706,-7.744],[5.586,-6.784],[6.196,-7.034],[12.846,-3.594],[9.486,3.106],[8.306,3.316],[9.666,4.576],[8.436,11.976],[1.026,10.846],[0.236,9.146],[-0.544,10.846],[-7.964,11.976],[-9.184,4.576],[-7.844,3.336],[-9.494,3.106],[-12.844,-3.594],[-6.194,-7.034]],"c":true},"ix":2},"nm":"Path 1","mn":"ADBE Vector Shape - Group","hd":false},{"ty":"fl","c":{"a":0,"k":[0.866666972637,0.956862986088,1,1],"ix":4},"o":{"a":0,"k":100,"ix":5},"r":1,"bm":0,"nm":"Fill 1","mn":"ADBE Vector Graphic - Fill","hd":false},{"ty":"tr","p":{"a":0,"k":[0,0],"ix":2},"a":{"a":0,"k":[0,0],"ix":1},"s":{"a":0,"k":[100,100],"ix":3},"r":{"a":0,"k":0,"ix":6},"o":{"a":0,"k":100,"ix":7},"sk":{"a":0,"k":0,"ix":4},"sa":{"a":0,"k":0,"ix":5},"nm":"Transform"}],"nm":"Path","np":2,"cix":2,"bm":0,"ix":1,"mn":"ADBE Vector Group","hd":false}],"ip":0,"op":3600,"st":0,"bm":0},{"ddd":0,"ind":4,"ty":4,"nm":"Path","parent":1,"sr":1,"ks":{"o":{"a":0,"k":100,"ix":11},"r":{"a":0,"k":0,"ix":10},"p":{"a":0,"k":[119.327,185.23,0],"ix":2},"a":{"a":0,"k":[0,0,0],"ix":1},"s":{"a":0,"k":[100,100,100],"ix":6}},"ao":0,"shapes":[{"ty":"gr","it":[{"ind":0,"ty":"sh","ix":1,"ks":{"a":0,"k":{"i":[[0,-2.9],[-0.17,-0.58],[0.44,0.14],[0.91,-2.8],[-2.76,-0.89],[-0.66,-0.01],[0.29,-0.4],[-2.38,-1.73],[-1.71,2.36],[-0.22,0.73],[-0.3,-0.41],[-2.38,1.73],[1.71,2.36],[0.62,0.44],[-0.33,0.11],[0.91,2.81],[2.76,-0.9],[0.21,-0.11],[0,0.29],[2.95,0]],"o":[[0,0.43],[-0.54,-0.39],[-2.76,-0.9],[-0.91,2.81],[0.44,0.14],[-0.6,0.43],[-1.71,2.36],[2.39,1.73],[0.29,-0.41],[0.23,0.73],[1.71,2.36],[2.39,-1.73],[-0.3,-0.4],[0.47,-0.03],[2.77,-0.89],[-0.91,-2.8],[-0.2,0.06],[0.08,-0.35],[0,-2.9],[-2.95,0]],"v":[[-4.964,-7.744],[-4.714,-6.234],[-6.194,-7.034],[-12.844,-3.594],[-9.494,3.106],[-7.844,3.336],[-9.184,4.576],[-7.964,11.976],[-0.544,10.846],[0.236,9.146],[1.026,10.846],[8.436,11.976],[9.666,4.576],[8.296,3.316],[9.486,3.106],[12.846,-3.594],[6.196,-7.034],[5.586,-6.784],[5.706,-7.744],[0.366,-13.004]],"c":true},"ix":2},"nm":"Path 1","mn":"ADBE Vector Shape - Group","hd":false},{"ty":"fl","c":{"a":0,"k":[0.866666972637,0.956862986088,1,1],"ix":4},"o":{"a":0,"k":100,"ix":5},"r":1,"bm":0,"nm":"Fill 1","mn":"ADBE Vector Graphic - Fill","hd":false},{"ty":"tr","p":{"a":0,"k":[0,0],"ix":2},"a":{"a":0,"k":[0,0],"ix":1},"s":{"a":0,"k":[100,100],"ix":3},"r":{"a":0,"k":0,"ix":6},"o":{"a":0,"k":100,"ix":7},"sk":{"a":0,"k":0,"ix":4},"sa":{"a":0,"k":0,"ix":5},"nm":"Transform"}],"nm":"Path","np":2,"cix":2,"bm":0,"ix":1,"mn":"ADBE Vector Group","hd":false}],"ip":0,"op":3600,"st":0,"bm":0},{"ddd":0,"ind":5,"ty":4,"nm":"Path","parent":1,"sr":1,"ks":{"o":{"a":0,"k":100,"ix":11},"r":{"a":0,"k":0,"ix":10},"p":{"a":0,"k":[40.559,185.23,0],"ix":2},"a":{"a":0,"k":[0,0,0],"ix":1},"s":{"a":0,"k":[100,100,100],"ix":6}},"ao":0,"shapes":[{"ty":"gr","it":[{"ind":0,"ty":"sh","ix":1,"ks":{"a":0,"k":{"i":[[-0.54,-0.39],[0,0.43],[-2.95,0],[0,-2.9],[0.08,-0.35],[-0.2,0.06],[-0.91,-2.8],[2.77,-0.89],[0.47,-0.03],[-0.3,-0.4],[2.39,-1.73],[1.71,2.36],[0.23,0.73],[0.29,-0.41],[2.39,1.73],[-1.71,2.36],[-0.6,0.43],[0.44,0.14],[-0.91,2.81],[-2.76,-0.9]],"o":[[-0.17,-0.58],[0,-2.9],[2.95,0],[0,0.29],[0.21,-0.11],[2.76,-0.9],[0.91,2.81],[-0.33,0.11],[0.62,0.44],[1.71,2.36],[-2.38,1.73],[-0.3,-0.41],[-0.22,0.73],[-1.71,2.36],[-2.38,-1.73],[0.29,-0.4],[-0.66,-0.01],[-2.76,-0.89],[0.91,-2.8],[0.44,0.14]],"v":[[-4.714,-6.234],[-4.964,-7.744],[0.366,-13.004],[5.706,-7.744],[5.586,-6.784],[6.196,-7.034],[12.846,-3.594],[9.486,3.106],[8.296,3.316],[9.666,4.576],[8.436,11.976],[1.026,10.846],[0.236,9.146],[-0.544,10.846],[-7.964,11.976],[-9.184,4.576],[-7.844,3.336],[-9.494,3.106],[-12.844,-3.594],[-6.194,-7.034]],"c":true},"ix":2},"nm":"Path 1","mn":"ADBE Vector Shape - Group","hd":false},{"ty":"fl","c":{"a":0,"k":[0.866666972637,0.956862986088,1,1],"ix":4},"o":{"a":0,"k":100,"ix":5},"r":1,"bm":0,"nm":"Fill 1","mn":"ADBE Vector Graphic - Fill","hd":false},{"ty":"tr","p":{"a":0,"k":[0,0],"ix":2},"a":{"a":0,"k":[0,0],"ix":1},"s":{"a":0,"k":[100,100],"ix":3},"r":{"a":0,"k":0,"ix":6},"o":{"a":0,"k":100,"ix":7},"sk":{"a":0,"k":0,"ix":4},"sa":{"a":0,"k":0,"ix":5},"nm":"Transform"}],"nm":"Path","np":2,"cix":2,"bm":0,"ix":1,"mn":"ADBE Vector Group","hd":false}],"ip":0,"op":3600,"st":0,"bm":0},{"ddd":0,"ind":6,"ty":4,"nm":"Path","parent":1,"sr":1,"ks":{"o":{"a":0,"k":100,"ix":11},"r":{"a":0,"k":0,"ix":10},"p":{"a":0,"k":[198.096,95.214,0],"ix":2},"a":{"a":0,"k":[0,0,0],"ix":1},"s":{"a":0,"k":[100,100,100],"ix":6}},"ao":0,"shapes":[{"ty":"gr","it":[{"ind":0,"ty":"sh","ix":1,"ks":{"a":0,"k":{"i":[[0,-2.9],[-0.17,-0.58],[0.44,0.14],[0.91,-2.8],[-2.76,-0.89],[-0.66,-0.01],[0.29,-0.4],[-2.38,-1.74],[-1.71,2.36],[-0.22,0.73],[-0.3,-0.41],[-2.38,1.73],[1.71,2.35],[0.61,0.44],[-0.33,0.11],[0.91,2.81],[2.76,-0.9],[0.21,-0.11],[0,0.29],[2.95,0]],"o":[[0,0.43],[-0.54,-0.39],[-2.76,-0.9],[-0.91,2.81],[0.44,0.14],[-0.6,0.43],[-1.71,2.35],[2.39,1.73],[0.29,-0.41],[0.23,0.73],[1.71,2.36],[2.39,-1.74],[-0.3,-0.4],[0.46,-0.03],[2.77,-0.89],[-0.91,-2.8],[-0.2,0.06],[0.08,-0.35],[0,-2.9],[-2.95,0]],"v":[[-4.964,-7.743],[-4.714,-6.233],[-6.194,-7.033],[-12.844,-3.593],[-9.494,3.107],[-7.844,3.337],[-9.184,4.577],[-7.964,11.977],[-0.544,10.847],[0.236,9.147],[1.026,10.847],[8.436,11.977],[9.666,4.577],[8.306,3.317],[9.486,3.107],[12.846,-3.593],[6.196,-7.033],[5.586,-6.783],[5.706,-7.743],[0.366,-13.003]],"c":true},"ix":2},"nm":"Path 1","mn":"ADBE Vector Shape - Group","hd":false},{"ty":"fl","c":{"a":0,"k":[0.866666972637,0.956862986088,1,1],"ix":4},"o":{"a":0,"k":100,"ix":5},"r":1,"bm":0,"nm":"Fill 1","mn":"ADBE Vector Graphic - Fill","hd":false},{"ty":"tr","p":{"a":0,"k":[0,0],"ix":2},"a":{"a":0,"k":[0,0],"ix":1},"s":{"a":0,"k":[100,100],"ix":3},"r":{"a":0,"k":0,"ix":6},"o":{"a":0,"k":100,"ix":7},"sk":{"a":0,"k":0,"ix":4},"sa":{"a":0,"k":0,"ix":5},"nm":"Transform"}],"nm":"Path","np":2,"cix":2,"bm":0,"ix":1,"mn":"ADBE Vector Group","hd":false}],"ip":0,"op":3600,"st":0,"bm":0},{"ddd":0,"ind":7,"ty":4,"nm":"Path","parent":1,"sr":1,"ks":{"o":{"a":0,"k":100,"ix":11},"r":{"a":0,"k":0,"ix":10},"p":{"a":0,"k":[119.327,95.214,0],"ix":2},"a":{"a":0,"k":[0,0,0],"ix":1},"s":{"a":0,"k":[100,100,100],"ix":6}},"ao":0,"shapes":[{"ty":"gr","it":[{"ind":0,"ty":"sh","ix":1,"ks":{"a":0,"k":{"i":[[-0.54,-0.39],[0,0.43],[-2.95,0],[0,-2.9],[0.08,-0.35],[-0.2,0.06],[-0.91,-2.8],[2.77,-0.89],[0.47,-0.03],[-0.3,-0.4],[2.39,-1.74],[1.71,2.36],[0.23,0.73],[0.29,-0.41],[2.39,1.73],[-1.71,2.35],[-0.6,0.43],[0.44,0.14],[-0.91,2.81],[-2.76,-0.9]],"o":[[-0.17,-0.58],[0,-2.9],[2.95,0],[0,0.29],[0.21,-0.11],[2.76,-0.9],[0.91,2.81],[-0.33,0.11],[0.62,0.44],[1.71,2.35],[-2.38,1.73],[-0.3,-0.41],[-0.22,0.73],[-1.71,2.36],[-2.38,-1.74],[0.29,-0.4],[-0.66,-0.01],[-2.76,-0.89],[0.91,-2.8],[0.44,0.14]],"v":[[-4.714,-6.233],[-4.964,-7.743],[0.366,-13.003],[5.706,-7.743],[5.586,-6.783],[6.196,-7.033],[12.846,-3.593],[9.486,3.107],[8.296,3.317],[9.666,4.577],[8.436,11.977],[1.026,10.847],[0.236,9.147],[-0.544,10.847],[-7.964,11.977],[-9.184,4.577],[-7.844,3.337],[-9.494,3.107],[-12.844,-3.593],[-6.194,-7.033]],"c":true},"ix":2},"nm":"Path 1","mn":"ADBE Vector Shape - Group","hd":false},{"ty":"fl","c":{"a":0,"k":[0.866666972637,0.956862986088,1,1],"ix":4},"o":{"a":0,"k":100,"ix":5},"r":1,"bm":0,"nm":"Fill 1","mn":"ADBE Vector Graphic - Fill","hd":false},{"ty":"tr","p":{"a":0,"k":[0,0],"ix":2},"a":{"a":0,"k":[0,0],"ix":1},"s":{"a":0,"k":[100,100],"ix":3},"r":{"a":0,"k":0,"ix":6},"o":{"a":0,"k":100,"ix":7},"sk":{"a":0,"k":0,"ix":4},"sa":{"a":0,"k":0,"ix":5},"nm":"Transform"}],"nm":"Path","np":2,"cix":2,"bm":0,"ix":1,"mn":"ADBE Vector Group","hd":false}],"ip":0,"op":3600,"st":0,"bm":0},{"ddd":0,"ind":8,"ty":4,"nm":"Path","parent":1,"sr":1,"ks":{"o":{"a":0,"k":100,"ix":11},"r":{"a":0,"k":0,"ix":10},"p":{"a":0,"k":[40.559,95.214,0],"ix":2},"a":{"a":0,"k":[0,0,0],"ix":1},"s":{"a":0,"k":[100,100,100],"ix":6}},"ao":0,"shapes":[{"ty":"gr","it":[{"ind":0,"ty":"sh","ix":1,"ks":{"a":0,"k":{"i":[[0,-2.9],[-0.17,-0.58],[0.44,0.14],[0.91,-2.8],[-2.76,-0.89],[-0.66,-0.01],[0.29,-0.4],[-2.38,-1.74],[-1.71,2.36],[-0.22,0.73],[-0.3,-0.41],[-2.38,1.73],[1.71,2.35],[0.62,0.44],[-0.33,0.11],[0.91,2.81],[2.76,-0.9],[0.21,-0.11],[0,0.29],[2.95,0]],"o":[[0,0.43],[-0.54,-0.39],[-2.76,-0.9],[-0.91,2.81],[0.44,0.14],[-0.6,0.43],[-1.71,2.35],[2.39,1.73],[0.29,-0.41],[0.23,0.73],[1.71,2.36],[2.39,-1.74],[-0.3,-0.4],[0.47,-0.03],[2.77,-0.89],[-0.91,-2.8],[-0.2,0.06],[0.08,-0.35],[0,-2.9],[-2.95,0]],"v":[[-4.964,-7.743],[-4.714,-6.233],[-6.194,-7.033],[-12.844,-3.593],[-9.494,3.107],[-7.844,3.337],[-9.184,4.577],[-7.964,11.977],[-0.544,10.847],[0.236,9.147],[1.026,10.847],[8.436,11.977],[9.666,4.577],[8.296,3.317],[9.486,3.107],[12.846,-3.593],[6.196,-7.033],[5.586,-6.783],[5.706,-7.743],[0.366,-13.003]],"c":true},"ix":2},"nm":"Path 1","mn":"ADBE Vector Shape - Group","hd":false},{"ty":"fl","c":{"a":0,"k":[0.866666972637,0.956862986088,1,1],"ix":4},"o":{"a":0,"k":100,"ix":5},"r":1,"bm":0,"nm":"Fill 1","mn":"ADBE Vector Graphic - Fill","hd":false},{"ty":"tr","p":{"a":0,"k":[0,0],"ix":2},"a":{"a":0,"k":[0,0],"ix":1},"s":{"a":0,"k":[100,100],"ix":3},"r":{"a":0,"k":0,"ix":6},"o":{"a":0,"k":100,"ix":7},"sk":{"a":0,"k":0,"ix":4},"sa":{"a":0,"k":0,"ix":5},"nm":"Transform"}],"nm":"Path","np":2,"cix":2,"bm":0,"ix":1,"mn":"ADBE Vector Group","hd":false}],"ip":0,"op":3600,"st":0,"bm":0},{"ddd":0,"ind":9,"ty":4,"nm":"Path","parent":1,"sr":1,"ks":{"o":{"a":0,"k":100,"ix":11},"r":{"a":0,"k":0,"ix":10},"p":{"a":0,"k":[158.711,140.222,0],"ix":2},"a":{"a":0,"k":[0,0,0],"ix":1},"s":{"a":0,"k":[100,100,100],"ix":6}},"ao":0,"shapes":[{"ty":"gr","it":[{"ind":0,"ty":"sh","ix":1,"ks":{"a":0,"k":{"i":[[-0.54,-0.39],[0,0.43],[-2.95,0],[0,-2.9],[0.08,-0.35],[-0.2,0.06],[-0.91,-2.8],[2.77,-0.89],[0.46,-0.03],[-0.3,-0.4],[2.39,-1.74],[1.71,2.36],[0.23,0.73],[0.29,-0.41],[2.39,1.73],[-1.71,2.35],[-0.6,0.43],[0.44,0.14],[-0.91,2.81],[-2.76,-0.9]],"o":[[-0.17,-0.58],[0,-2.9],[2.95,0],[0,0.29],[0.21,-0.11],[2.76,-0.9],[0.91,2.81],[-0.33,0.11],[0.61,0.44],[1.71,2.35],[-2.38,1.73],[-0.3,-0.41],[-0.22,0.73],[-1.71,2.36],[-2.38,-1.74],[0.29,-0.4],[-0.66,-0.01],[-2.76,-0.89],[0.91,-2.8],[0.44,0.14]],"v":[[-4.714,-6.234],[-4.964,-7.744],[0.366,-13.004],[5.706,-7.744],[5.586,-6.784],[6.196,-7.034],[12.846,-3.594],[9.486,3.106],[8.306,3.316],[9.666,4.576],[8.436,11.976],[1.026,10.846],[0.236,9.146],[-0.544,10.846],[-7.964,11.976],[-9.184,4.576],[-7.844,3.336],[-9.494,3.106],[-12.844,-3.594],[-6.194,-7.034]],"c":true},"ix":2},"nm":"Path 1","mn":"ADBE Vector Shape - Group","hd":false},{"ty":"fl","c":{"a":0,"k":[0.866666972637,0.956862986088,1,1],"ix":4},"o":{"a":0,"k":100,"ix":5},"r":1,"bm":0,"nm":"Fill 1","mn":"ADBE Vector Graphic - Fill","hd":false},{"ty":"tr","p":{"a":0,"k":[0,0],"ix":2},"a":{"a":0,"k":[0,0],"ix":1},"s":{"a":0,"k":[100,100],"ix":3},"r":{"a":0,"k":0,"ix":6},"o":{"a":0,"k":100,"ix":7},"sk":{"a":0,"k":0,"ix":4},"sa":{"a":0,"k":0,"ix":5},"nm":"Transform"}],"nm":"Path","np":2,"cix":2,"bm":0,"ix":1,"mn":"ADBE Vector Group","hd":false}],"ip":0,"op":3600,"st":0,"bm":0},{"ddd":0,"ind":10,"ty":4,"nm":"Path","parent":1,"sr":1,"ks":{"o":{"a":0,"k":100,"ix":11},"r":{"a":0,"k":0,"ix":10},"p":{"a":0,"k":[79.943,140.222,0],"ix":2},"a":{"a":0,"k":[0,0,0],"ix":1},"s":{"a":0,"k":[100,100,100],"ix":6}},"ao":0,"shapes":[{"ty":"gr","it":[{"ind":0,"ty":"sh","ix":1,"ks":{"a":0,"k":{"i":[[0,-2.9],[-0.17,-0.58],[0.44,0.14],[0.91,-2.8],[-2.76,-0.89],[-0.66,-0.01],[0.29,-0.4],[-2.38,-1.74],[-1.71,2.36],[-0.22,0.73],[-0.3,-0.41],[-2.38,1.73],[1.71,2.35],[0.62,0.44],[-0.33,0.11],[0.91,2.81],[2.77,-0.9],[0.21,-0.11],[0,0.29],[2.95,0]],"o":[[0,0.43],[-0.55,-0.39],[-2.76,-0.9],[-0.91,2.81],[0.44,0.14],[-0.6,0.43],[-1.71,2.35],[2.39,1.73],[0.29,-0.41],[0.23,0.73],[1.71,2.36],[2.39,-1.74],[-0.3,-0.4],[0.47,-0.03],[2.77,-0.89],[-0.91,-2.8],[-0.19,0.06],[0.08,-0.35],[0,-2.9],[-2.95,0]],"v":[[-4.974,-7.744],[-4.714,-6.234],[-6.194,-7.034],[-12.844,-3.594],[-9.494,3.106],[-7.844,3.336],[-9.184,4.576],[-7.964,11.976],[-0.544,10.846],[0.236,9.146],[1.026,10.846],[8.436,11.976],[9.666,4.576],[8.296,3.316],[9.486,3.106],[12.846,-3.594],[6.186,-7.034],[5.586,-6.784],[5.706,-7.744],[0.366,-13.004]],"c":true},"ix":2},"nm":"Path 1","mn":"ADBE Vector Shape - Group","hd":false},{"ty":"fl","c":{"a":0,"k":[0.866666972637,0.956862986088,1,1],"ix":4},"o":{"a":0,"k":100,"ix":5},"r":1,"bm":0,"nm":"Fill 1","mn":"ADBE Vector Graphic - Fill","hd":false},{"ty":"tr","p":{"a":0,"k":[0,0],"ix":2},"a":{"a":0,"k":[0,0],"ix":1},"s":{"a":0,"k":[100,100],"ix":3},"r":{"a":0,"k":0,"ix":6},"o":{"a":0,"k":100,"ix":7},"sk":{"a":0,"k":0,"ix":4},"sa":{"a":0,"k":0,"ix":5},"nm":"Transform"}],"nm":"Path","np":2,"cix":2,"bm":0,"ix":1,"mn":"ADBE Vector Group","hd":false}],"ip":0,"op":3600,"st":0,"bm":0},{"ddd":0,"ind":11,"ty":4,"nm":"Path","parent":1,"sr":1,"ks":{"o":{"a":0,"k":100,"ix":11},"r":{"a":0,"k":0,"ix":10},"p":{"a":0,"k":[210.717,245.575,0],"ix":2},"a":{"a":0,"k":[0,0,0],"ix":1},"s":{"a":0,"k":[100,100,100],"ix":6}},"ao":0,"shapes":[{"ty":"gr","it":[{"ind":0,"ty":"sh","ix":1,"ks":{"a":0,"k":{"i":[[-2.95,0],[-0.31,-2.61],[5.56,-5.79],[-1.33,1.83],[-0.6,0.43],[0.44,0.14],[-0.91,2.81],[-2.76,-0.9],[-0.54,-0.39],[0,0.43]],"o":[[2.74,0],[-4.37,6.83],[-1.2,-1.79],[0.29,-0.4],[-0.66,-0.01],[-2.76,-0.9],[0.91,-2.8],[0.44,0.14],[-0.17,-0.58],[0,-2.9]],"v":[[4.089,-11.806],[9.389,-7.166],[-5.551,11.804],[-5.461,5.774],[-4.121,4.534],[-5.771,4.304],[-9.121,-2.396],[-2.471,-5.836],[-0.991,-5.036],[-1.241,-6.546]],"c":true},"ix":2},"nm":"Path 1","mn":"ADBE Vector Shape - Group","hd":false},{"ty":"fl","c":{"a":0,"k":[0.866666972637,0.956862986088,1,1],"ix":4},"o":{"a":0,"k":100,"ix":5},"r":1,"bm":0,"nm":"Fill 1","mn":"ADBE Vector Graphic - Fill","hd":false},{"ty":"tr","p":{"a":0,"k":[0,0],"ix":2},"a":{"a":0,"k":[0,0],"ix":1},"s":{"a":0,"k":[100,100],"ix":3},"r":{"a":0,"k":0,"ix":6},"o":{"a":0,"k":100,"ix":7},"sk":{"a":0,"k":0,"ix":4},"sa":{"a":0,"k":0,"ix":5},"nm":"Transform"}],"nm":"Path","np":2,"cix":2,"bm":0,"ix":1,"mn":"ADBE Vector Group","hd":false}],"ip":0,"op":3600,"st":0,"bm":0},{"ddd":0,"ind":12,"ty":4,"nm":"Path","parent":1,"sr":1,"ks":{"o":{"a":0,"k":100,"ix":11},"r":{"a":0,"k":0,"ix":10},"p":{"a":0,"k":[161.764,230.234,0],"ix":2},"a":{"a":0,"k":[0,0,0],"ix":1},"s":{"a":0,"k":[100,100,100],"ix":6}},"ao":0,"shapes":[{"ty":"gr","it":[{"ind":0,"ty":"sh","ix":1,"ks":{"a":0,"k":{"i":[[-0.54,-0.39],[0,0.43],[-2.95,0],[0,-2.9],[0.08,-0.35],[-0.2,0.06],[-0.91,-2.8],[2.77,-0.9],[0.46,-0.03],[-0.3,-0.4],[2.39,-1.74],[1.71,2.36],[0.23,0.73],[0.29,-0.41],[2.39,1.73],[-1.71,2.35],[-0.6,0.43],[0.44,0.14],[-0.91,2.81],[-2.76,-0.9]],"o":[[-0.17,-0.58],[0,-2.9],[2.95,0],[0,0.29],[0.21,-0.11],[2.76,-0.9],[0.91,2.81],[-0.33,0.11],[0.61,0.44],[1.71,2.35],[-2.38,1.73],[-0.3,-0.41],[-0.22,0.73],[-1.71,2.36],[-2.38,-1.74],[0.29,-0.4],[-0.66,-0.01],[-2.76,-0.9],[0.91,-2.8],[0.44,0.14]],"v":[[-4.714,-6.234],[-4.964,-7.744],[0.366,-13.004],[5.706,-7.744],[5.586,-6.784],[6.196,-7.034],[12.846,-3.594],[9.486,3.106],[8.306,3.316],[9.666,4.576],[8.436,11.976],[1.026,10.846],[0.236,9.146],[-0.544,10.846],[-7.964,11.976],[-9.184,4.576],[-7.844,3.336],[-9.494,3.106],[-12.844,-3.594],[-6.194,-7.034]],"c":true},"ix":2},"nm":"Path 1","mn":"ADBE Vector Shape - Group","hd":false},{"ty":"fl","c":{"a":0,"k":[0.866666972637,0.956862986088,1,1],"ix":4},"o":{"a":0,"k":100,"ix":5},"r":1,"bm":0,"nm":"Fill 1","mn":"ADBE Vector Graphic - Fill","hd":false},{"ty":"tr","p":{"a":0,"k":[0,0],"ix":2},"a":{"a":0,"k":[0,0],"ix":1},"s":{"a":0,"k":[100,100],"ix":3},"r":{"a":0,"k":0,"ix":6},"o":{"a":0,"k":100,"ix":7},"sk":{"a":0,"k":0,"ix":4},"sa":{"a":0,"k":0,"ix":5},"nm":"Transform"}],"nm":"Path","np":2,"cix":2,"bm":0,"ix":1,"mn":"ADBE Vector Group","hd":false}],"ip":0,"op":3600,"st":0,"bm":0},{"ddd":0,"ind":13,"ty":4,"nm":"Path","parent":1,"sr":1,"ks":{"o":{"a":0,"k":100,"ix":11},"r":{"a":0,"k":0,"ix":10},"p":{"a":0,"k":[36.551,254.891,0],"ix":2},"a":{"a":0,"k":[0,0,0],"ix":1},"s":{"a":0,"k":[100,100,100],"ix":6}},"ao":0,"shapes":[{"ty":"gr","it":[{"ind":0,"ty":"sh","ix":1,"ks":{"a":0,"k":{"i":[[-2.95,0],[0,-2.9],[0.08,-0.35],[-0.19,0.06],[-0.91,-2.8],[2.77,-0.89],[0.47,-0.03],[-0.3,-0.4],[1.67,-1.82],[5.4,6.77],[-0.9,-0.3],[-0.55,-0.39],[0,0.43]],"o":[[2.95,0],[0,0.29],[0.21,-0.11],[2.77,-0.9],[0.91,2.81],[-0.33,0.11],[0.62,0.44],[1.49,2.06],[-6.66,-5.46],[0.87,-0.19],[0.44,0.14],[-0.17,-0.58],[0,-2.9]],"v":[[-1.743,-12.122],[3.597,-6.862],[3.477,-5.902],[4.077,-6.152],[10.737,-2.712],[7.377,3.988],[6.187,4.198],[7.557,5.458],[7.147,12.118],[-11.003,-6.292],[-8.303,-6.152],[-6.823,-5.352],[-7.083,-6.862]],"c":true},"ix":2},"nm":"Path 1","mn":"ADBE Vector Shape - Group","hd":false},{"ty":"fl","c":{"a":0,"k":[0.866666972637,0.956862986088,1,1],"ix":4},"o":{"a":0,"k":100,"ix":5},"r":1,"bm":0,"nm":"Fill 1","mn":"ADBE Vector Graphic - Fill","hd":false},{"ty":"tr","p":{"a":0,"k":[0,0],"ix":2},"a":{"a":0,"k":[0,0],"ix":1},"s":{"a":0,"k":[100,100],"ix":3},"r":{"a":0,"k":0,"ix":6},"o":{"a":0,"k":100,"ix":7},"sk":{"a":0,"k":0,"ix":4},"sa":{"a":0,"k":0,"ix":5},"nm":"Transform"}],"nm":"Path","np":2,"cix":2,"bm":0,"ix":1,"mn":"ADBE Vector Group","hd":false}],"ip":0,"op":3600,"st":0,"bm":0},{"ddd":0,"ind":14,"ty":4,"nm":"Path","parent":1,"sr":1,"ks":{"o":{"a":0,"k":100,"ix":11},"r":{"a":0,"k":0,"ix":10},"p":{"a":0,"k":[75.536,230.234,0],"ix":2},"a":{"a":0,"k":[0,0,0],"ix":1},"s":{"a":0,"k":[100,100,100],"ix":6}},"ao":0,"shapes":[{"ty":"gr","it":[{"ind":0,"ty":"sh","ix":1,"ks":{"a":0,"k":{"i":[[0,-2.9],[-0.17,-0.58],[0.44,0.14],[0.91,-2.8],[-2.76,-0.9],[-0.66,-0.01],[0.29,-0.4],[-2.38,-1.74],[-1.71,2.36],[-0.22,0.73],[-0.3,-0.41],[-2.38,1.73],[1.71,2.35],[0.62,0.44],[-0.33,0.11],[0.91,2.81],[2.76,-0.9],[0.21,-0.11],[0,0.29],[2.95,0]],"o":[[0,0.43],[-0.54,-0.39],[-2.76,-0.9],[-0.91,2.81],[0.44,0.14],[-0.6,0.43],[-1.71,2.35],[2.39,1.73],[0.29,-0.41],[0.23,0.73],[1.71,2.36],[2.39,-1.74],[-0.3,-0.4],[0.47,-0.03],[2.77,-0.9],[-0.91,-2.8],[-0.2,0.06],[0.08,-0.35],[0,-2.9],[-2.95,0]],"v":[[-4.964,-7.744],[-4.714,-6.234],[-6.194,-7.034],[-12.844,-3.594],[-9.494,3.106],[-7.844,3.336],[-9.184,4.576],[-7.964,11.976],[-0.544,10.846],[0.236,9.146],[1.026,10.846],[8.436,11.976],[9.666,4.576],[8.296,3.316],[9.486,3.106],[12.846,-3.594],[6.196,-7.034],[5.586,-6.784],[5.706,-7.744],[0.366,-13.004]],"c":true},"ix":2},"nm":"Path 1","mn":"ADBE Vector Shape - Group","hd":false},{"ty":"fl","c":{"a":0,"k":[0.866666972637,0.956862986088,1,1],"ix":4},"o":{"a":0,"k":100,"ix":5},"r":1,"bm":0,"nm":"Fill 1","mn":"ADBE Vector Graphic - Fill","hd":false},{"ty":"tr","p":{"a":0,"k":[0,0],"ix":2},"a":{"a":0,"k":[0,0],"ix":1},"s":{"a":0,"k":[100,100],"ix":3},"r":{"a":0,"k":0,"ix":6},"o":{"a":0,"k":100,"ix":7},"sk":{"a":0,"k":0,"ix":4},"sa":{"a":0,"k":0,"ix":5},"nm":"Transform"}],"nm":"Path","np":2,"cix":2,"bm":0,"ix":1,"mn":"ADBE Vector Group","hd":false}],"ip":0,"op":3600,"st":0,"bm":0},{"ddd":0,"ind":15,"ty":4,"nm":"Path","parent":1,"sr":1,"ks":{"o":{"a":0,"k":100,"ix":11},"r":{"a":0,"k":0,"ix":10},"p":{"a":0,"k":[161.764,50.207,0],"ix":2},"a":{"a":0,"k":[0,0,0],"ix":1},"s":{"a":0,"k":[100,100,100],"ix":6}},"ao":0,"shapes":[{"ty":"gr","it":[{"ind":0,"ty":"sh","ix":1,"ks":{"a":0,"k":{"i":[[-0.54,-0.39],[0,0.43],[-2.95,0],[0,-2.9],[0.08,-0.35],[-0.2,0.06],[-0.91,-2.8],[2.77,-0.89],[0.46,-0.03],[-0.3,-0.4],[2.39,-1.73],[1.71,2.36],[0.23,0.73],[0.29,-0.41],[2.39,1.73],[-1.71,2.35],[-0.6,0.43],[0.44,0.14],[-0.91,2.81],[-2.76,-0.9]],"o":[[-0.17,-0.58],[0,-2.9],[2.95,0],[0,0.29],[0.21,-0.11],[2.76,-0.9],[0.91,2.81],[-0.33,0.11],[0.61,0.44],[1.71,2.35],[-2.38,1.73],[-0.3,-0.41],[-0.22,0.73],[-1.71,2.36],[-2.38,-1.73],[0.29,-0.4],[-0.66,-0.01],[-2.76,-0.89],[0.91,-2.8],[0.44,0.14]],"v":[[-4.714,-6.234],[-4.964,-7.744],[0.366,-13.004],[5.706,-7.744],[5.586,-6.784],[6.196,-7.034],[12.846,-3.594],[9.486,3.106],[8.306,3.316],[9.666,4.576],[8.436,11.976],[1.026,10.846],[0.236,9.146],[-0.544,10.846],[-7.964,11.976],[-9.184,4.576],[-7.844,3.336],[-9.494,3.106],[-12.844,-3.594],[-6.194,-7.034]],"c":true},"ix":2},"nm":"Path 1","mn":"ADBE Vector Shape - Group","hd":false},{"ty":"fl","c":{"a":0,"k":[0.866666972637,0.956862986088,1,1],"ix":4},"o":{"a":0,"k":100,"ix":5},"r":1,"bm":0,"nm":"Fill 1","mn":"ADBE Vector Graphic - Fill","hd":false},{"ty":"tr","p":{"a":0,"k":[0,0],"ix":2},"a":{"a":0,"k":[0,0],"ix":1},"s":{"a":0,"k":[100,100],"ix":3},"r":{"a":0,"k":0,"ix":6},"o":{"a":0,"k":100,"ix":7},"sk":{"a":0,"k":0,"ix":4},"sa":{"a":0,"k":0,"ix":5},"nm":"Transform"}],"nm":"Path","np":2,"cix":2,"bm":0,"ix":1,"mn":"ADBE Vector Group","hd":false}],"ip":0,"op":3600,"st":0,"bm":0},{"ddd":0,"ind":16,"ty":4,"nm":"Path","parent":1,"sr":1,"ks":{"o":{"a":0,"k":100,"ix":11},"r":{"a":0,"k":0,"ix":10},"p":{"a":0,"k":[75.536,50.207,0],"ix":2},"a":{"a":0,"k":[0,0,0],"ix":1},"s":{"a":0,"k":[100,100,100],"ix":6}},"ao":0,"shapes":[{"ty":"gr","it":[{"ind":0,"ty":"sh","ix":1,"ks":{"a":0,"k":{"i":[[-0.54,-0.39],[0,0.43],[-2.95,0],[0,-2.9],[0.08,-0.35],[-0.2,0.06],[-0.91,-2.8],[2.77,-0.89],[0.47,-0.03],[-0.3,-0.4],[2.39,-1.73],[1.71,2.36],[0.23,0.73],[0.29,-0.41],[2.39,1.73],[-1.71,2.35],[-0.6,0.43],[0.44,0.14],[-0.91,2.81],[-2.76,-0.9]],"o":[[-0.17,-0.58],[0,-2.9],[2.95,0],[0,0.29],[0.21,-0.11],[2.76,-0.9],[0.91,2.81],[-0.33,0.11],[0.62,0.44],[1.71,2.35],[-2.38,1.73],[-0.3,-0.41],[-0.22,0.73],[-1.71,2.36],[-2.38,-1.73],[0.29,-0.4],[-0.66,-0.01],[-2.76,-0.89],[0.91,-2.8],[0.44,0.14]],"v":[[-4.714,-6.234],[-4.964,-7.744],[0.366,-13.004],[5.706,-7.744],[5.586,-6.784],[6.196,-7.034],[12.846,-3.594],[9.486,3.106],[8.296,3.316],[9.666,4.576],[8.436,11.976],[1.026,10.846],[0.236,9.146],[-0.544,10.846],[-7.964,11.976],[-9.184,4.576],[-7.844,3.336],[-9.494,3.106],[-12.844,-3.594],[-6.194,-7.034]],"c":true},"ix":2},"nm":"Path 1","mn":"ADBE Vector Shape - Group","hd":false},{"ty":"fl","c":{"a":0,"k":[0.866666972637,0.956862986088,1,1],"ix":4},"o":{"a":0,"k":100,"ix":5},"r":1,"bm":0,"nm":"Fill 1","mn":"ADBE Vector Graphic - Fill","hd":false},{"ty":"tr","p":{"a":0,"k":[0,0],"ix":2},"a":{"a":0,"k":[0,0],"ix":1},"s":{"a":0,"k":[100,100],"ix":3},"r":{"a":0,"k":0,"ix":6},"o":{"a":0,"k":100,"ix":7},"sk":{"a":0,"k":0,"ix":4},"sa":{"a":0,"k":0,"ix":5},"nm":"Transform"}],"nm":"Path","np":2,"cix":2,"bm":0,"ix":1,"mn":"ADBE Vector Group","hd":false}],"ip":0,"op":3600,"st":0,"bm":0},{"ddd":0,"ind":17,"ty":4,"nm":"Path","parent":1,"sr":1,"ks":{"o":{"a":0,"k":100,"ix":11},"r":{"a":0,"k":0,"ix":10},"p":{"a":0,"k":[231.47,140.905,0],"ix":2},"a":{"a":0,"k":[0,0,0],"ix":1},"s":{"a":0,"k":[100,100,100],"ix":6}},"ao":0,"shapes":[{"ty":"gr","it":[{"ind":0,"ty":"sh","ix":1,"ks":{"a":0,"k":{"i":[[-1.08,0.96],[-0.95,-7.36],[0.02,0.03],[0.23,0.73],[0.29,-0.41],[2.39,1.73],[-1.71,2.35],[-0.6,0.43],[0.43,0.14],[-0.91,2.8],[-2.76,-0.9],[-0.54,-0.39],[0,0.42]],"o":[[1.91,7.65],[-0.02,-0.03],[-0.3,-0.41],[-0.22,0.73],[-1.71,2.35],[-2.38,-1.73],[0.29,-0.4],[-0.66,-0.01],[-2.77,-0.9],[0.91,-2.8],[0.44,0.14],[-0.17,-0.58],[0,-1.55]],"v":[[2.795,-12.321],[7.105,10.259],[7.035,10.169],[6.245,8.459],[5.465,10.169],[-1.955,11.289],[-3.175,3.899],[-1.835,2.649],[-3.475,2.429],[-6.835,-4.271],[-0.185,-7.721],[1.295,-6.921],[1.045,-8.421]],"c":true},"ix":2},"nm":"Path 1","mn":"ADBE Vector Shape - Group","hd":false},{"ty":"fl","c":{"a":0,"k":[0.866666972637,0.956862986088,1,1],"ix":4},"o":{"a":0,"k":100,"ix":5},"r":1,"bm":0,"nm":"Fill 1","mn":"ADBE Vector Graphic - Fill","hd":false},{"ty":"tr","p":{"a":0,"k":[0,0],"ix":2},"a":{"a":0,"k":[0,0],"ix":1},"s":{"a":0,"k":[100,100],"ix":3},"r":{"a":0,"k":0,"ix":6},"o":{"a":0,"k":100,"ix":7},"sk":{"a":0,"k":0,"ix":4},"sa":{"a":0,"k":0,"ix":5},"nm":"Transform"}],"nm":"Path","np":2,"cix":2,"bm":0,"ix":1,"mn":"ADBE Vector Group","hd":false}],"ip":0,"op":3600,"st":0,"bm":0},{"ddd":0,"ind":18,"ty":4,"nm":"Path","parent":1,"sr":1,"ks":{"o":{"a":0,"k":100,"ix":11},"r":{"a":0,"k":0,"ix":10},"p":{"a":0,"k":[7.144,140.667,0],"ix":2},"a":{"a":0,"k":[0,0,0],"ix":1},"s":{"a":0,"k":[100,100,100],"ix":6}},"ao":0,"shapes":[{"ty":"gr","it":[{"ind":0,"ty":"sh","ix":1,"ks":{"a":0,"k":{"i":[[0.23,-0.21],[-2.03,8.03],[0,-1.82],[0.08,-0.35],[-0.19,0.06],[-0.91,-2.8],[2.77,-0.89],[0.46,-0.03],[-0.3,-0.4],[2.39,-1.74],[1.71,2.35],[0.23,0.73],[0.29,-0.41]],"o":[[0.96,-7.71],[1.43,0.94],[0,0.29],[0.21,-0.11],[2.76,-0.9],[0.91,2.81],[-0.33,0.11],[0.61,0.44],[1.71,2.35],[-2.38,1.73],[-0.3,-0.41],[-0.22,0.73],[-0.19,0.26]],"v":[[-7.144,11.121],[-2.634,-12.559],[-0.264,-8.189],[-0.384,-7.229],[0.226,-7.479],[6.876,-4.039],[3.516,2.661],[2.336,2.871],[3.696,4.131],[2.466,11.531],[-4.944,10.411],[-5.734,8.701],[-6.514,10.411]],"c":true},"ix":2},"nm":"Path 1","mn":"ADBE Vector Shape - Group","hd":false},{"ty":"fl","c":{"a":0,"k":[0.866666972637,0.956862986088,1,1],"ix":4},"o":{"a":0,"k":100,"ix":5},"r":1,"bm":0,"nm":"Fill 1","mn":"ADBE Vector Graphic - Fill","hd":false},{"ty":"tr","p":{"a":0,"k":[0,0],"ix":2},"a":{"a":0,"k":[0,0],"ix":1},"s":{"a":0,"k":[100,100],"ix":3},"r":{"a":0,"k":0,"ix":6},"o":{"a":0,"k":100,"ix":7},"sk":{"a":0,"k":0,"ix":4},"sa":{"a":0,"k":0,"ix":5},"nm":"Transform"}],"nm":"Path","np":2,"cix":2,"bm":0,"ix":1,"mn":"ADBE Vector Group","hd":false}],"ip":0,"op":3600,"st":0,"bm":0},{"ddd":0,"ind":19,"ty":4,"nm":"Path","parent":1,"sr":1,"ks":{"o":{"a":0,"k":100,"ix":11},"r":{"a":0,"k":0,"ix":10},"p":{"a":0,"k":[119.327,9.099,0],"ix":2},"a":{"a":0,"k":[0,0,0],"ix":1},"s":{"a":0,"k":[100,100,100],"ix":6}},"ao":0,"shapes":[{"ty":"gr","it":[{"ind":0,"ty":"sh","ix":1,"ks":{"a":0,"k":{"i":[[0.05,0.12],[4.3,0],[4.18,-0.82],[0.04,-0.12],[-2.76,-0.89],[-0.66,-0.01],[0.29,-0.4],[-2.38,-1.73],[-1.71,2.35],[-0.22,0.73],[-0.3,-0.41],[-2.38,1.73],[1.71,2.36],[0.62,0.44],[-0.33,0.11],[0.91,2.81]],"o":[[-4.18,-0.82],[-4.29,0],[-0.05,0.12],[-0.91,2.81],[0.44,0.15],[-0.6,0.43],[-1.71,2.36],[2.39,1.73],[0.29,-0.41],[0.23,0.73],[1.71,2.35],[2.39,-1.73],[-0.3,-0.4],[0.47,-0.03],[2.77,-0.89],[-0.04,-0.12]],"v":[[12.716,-7.859],[-0.004,-9.099],[-12.714,-7.859],[-12.844,-7.499],[-9.494,-0.799],[-7.844,-0.569],[-9.184,0.671],[-7.964,8.071],[-0.544,6.951],[0.236,5.241],[1.026,6.951],[8.436,8.071],[9.666,0.671],[8.296,-0.589],[9.486,-0.799],[12.846,-7.499]],"c":true},"ix":2},"nm":"Path 1","mn":"ADBE Vector Shape - Group","hd":false},{"ty":"fl","c":{"a":0,"k":[0.866666972637,0.956862986088,1,1],"ix":4},"o":{"a":0,"k":100,"ix":5},"r":1,"bm":0,"nm":"Fill 1","mn":"ADBE Vector Graphic - Fill","hd":false},{"ty":"tr","p":{"a":0,"k":[0,0],"ix":2},"a":{"a":0,"k":[0,0],"ix":1},"s":{"a":0,"k":[100,100],"ix":3},"r":{"a":0,"k":0,"ix":6},"o":{"a":0,"k":100,"ix":7},"sk":{"a":0,"k":0,"ix":4},"sa":{"a":0,"k":0,"ix":5},"nm":"Transform"}],"nm":"Path","np":2,"cix":2,"bm":0,"ix":1,"mn":"ADBE Vector Group","hd":false}],"ip":0,"op":3600,"st":0,"bm":0}]},{"id":"comp_3","layers":[{"ddd":0,"ind":1,"ty":3,"nm":"▽ Pattern 2","sr":1,"ks":{"o":{"a":0,"k":100,"ix":11},"r":{"a":0,"k":0,"ix":10},"p":{"a":0,"k":[0,0,0],"ix":2},"a":{"a":0,"k":[0,0,0],"ix":1},"s":{"a":0,"k":[100,100,100],"ix":6}},"ao":0,"ip":0,"op":3600,"st":0,"bm":0},{"ddd":0,"ind":2,"ty":4,"nm":"Path","parent":1,"sr":1,"ks":{"o":{"a":0,"k":100,"ix":11},"r":{"a":0,"k":0,"ix":10},"p":{"a":0,"k":[120.546,58.696,0],"ix":2},"a":{"a":0,"k":[0,0,0],"ix":1},"s":{"a":0,"k":[100,100,100],"ix":6}},"ao":0,"shapes":[{"ty":"gr","it":[{"ind":0,"ty":"sh","ix":1,"ks":{"a":0,"k":{"i":[[8.34,-20.28],[0,0],[13.31,16.08],[0,0]],"o":[[0,0],[-8.34,-20.28],[0,0],[-13.32,16.08]],"v":[[-104.335,27.924],[104.335,27.924],[71.465,-27.926],[-71.455,-27.926]],"c":true},"ix":2},"nm":"Path 1","mn":"ADBE Vector Shape - Group","hd":false},{"ty":"fl","c":{"a":0,"k":[1,0.850979983807,0,1],"ix":4},"o":{"a":0,"k":100,"ix":5},"r":1,"bm":0,"nm":"Fill 1","mn":"ADBE Vector Graphic - Fill","hd":false},{"ty":"tr","p":{"a":0,"k":[0,0],"ix":2},"a":{"a":0,"k":[0,0],"ix":1},"s":{"a":0,"k":[100,100],"ix":3},"r":{"a":0,"k":0,"ix":6},"o":{"a":0,"k":100,"ix":7},"sk":{"a":0,"k":0,"ix":4},"sa":{"a":0,"k":0,"ix":5},"nm":"Transform"}],"nm":"Path","np":2,"cix":2,"bm":0,"ix":1,"mn":"ADBE Vector Group","hd":false}],"ip":0,"op":3600,"st":0,"bm":0},{"ddd":0,"ind":3,"ty":4,"nm":"Path","parent":1,"sr":1,"ks":{"o":{"a":0,"k":100,"ix":11},"r":{"a":0,"k":0,"ix":10},"p":{"a":0,"k":[120.546,154.321,0],"ix":2},"a":{"a":0,"k":[0,0,0],"ix":1},"s":{"a":0,"k":[100,100,100],"ix":6}},"ao":0,"shapes":[{"ty":"gr","it":[{"ind":0,"ty":"sh","ix":1,"ks":{"a":0,"k":{"i":[[-1.21,-7.03],[0,0],[0,7.38],[2.51,11.88],[0,0],[0,-10.75]],"o":[[0,0],[1.21,-7.03],[0,-10.75],[0,0],[-2.51,11.88],[0,7.38]],"v":[[-118.706,27.923],[118.704,27.923],[120.544,6.283],[116.704,-27.926],[-116.706,-27.926],[-120.546,6.283]],"c":true},"ix":2},"nm":"Path 1","mn":"ADBE Vector Shape - Group","hd":false},{"ty":"fl","c":{"a":0,"k":[1,0.850979983807,0,1],"ix":4},"o":{"a":0,"k":100,"ix":5},"r":1,"bm":0,"nm":"Fill 1","mn":"ADBE Vector Graphic - Fill","hd":false},{"ty":"tr","p":{"a":0,"k":[0,0],"ix":2},"a":{"a":0,"k":[0,0],"ix":1},"s":{"a":0,"k":[100,100],"ix":3},"r":{"a":0,"k":0,"ix":6},"o":{"a":0,"k":100,"ix":7},"sk":{"a":0,"k":0,"ix":4},"sa":{"a":0,"k":0,"ix":5},"nm":"Transform"}],"nm":"Path","np":2,"cix":2,"bm":0,"ix":1,"mn":"ADBE Vector Group","hd":false}],"ip":0,"op":3600,"st":0,"bm":0},{"ddd":0,"ind":4,"ty":4,"nm":"Path","parent":1,"sr":1,"ks":{"o":{"a":0,"k":100,"ix":11},"r":{"a":0,"k":0,"ix":10},"p":{"a":0,"k":[120.546,249.946,0],"ix":2},"a":{"a":0,"k":[0,0,0],"ix":1},"s":{"a":0,"k":[100,100,100],"ix":6}},"ao":0,"shapes":[{"ty":"gr","it":[{"ind":0,"ty":"sh","ix":1,"ks":{"a":0,"k":{"i":[[-28.06,-9.76],[0,0],[-14.5,26.01],[0,0]],"o":[[0,0],[28.06,-9.76],[0,0],[14.5,26.01]],"v":[[-38.695,27.923],[38.695,27.923],[104.685,-27.926],[-104.685,-27.926]],"c":true},"ix":2},"nm":"Path 1","mn":"ADBE Vector Shape - Group","hd":false},{"ty":"fl","c":{"a":0,"k":[1,0.850979983807,0,1],"ix":4},"o":{"a":0,"k":100,"ix":5},"r":1,"bm":0,"nm":"Fill 1","mn":"ADBE Vector Graphic - Fill","hd":false},{"ty":"tr","p":{"a":0,"k":[0,0],"ix":2},"a":{"a":0,"k":[0,0],"ix":1},"s":{"a":0,"k":[100,100],"ix":3},"r":{"a":0,"k":0,"ix":6},"o":{"a":0,"k":100,"ix":7},"sk":{"a":0,"k":0,"ix":4},"sa":{"a":0,"k":0,"ix":5},"nm":"Transform"}],"nm":"Path","np":2,"cix":2,"bm":0,"ix":1,"mn":"ADBE Vector Group","hd":false}],"ip":0,"op":3600,"st":0,"bm":0},{"ddd":0,"ind":5,"ty":4,"nm":"Path","parent":1,"sr":1,"ks":{"o":{"a":0,"k":100,"ix":11},"r":{"a":0,"k":0,"ix":10},"p":{"a":0,"k":[120.546,10.887,0],"ix":2},"a":{"a":0,"k":[0,0,0],"ix":1},"s":{"a":0,"k":[100,100,100],"ix":6}},"ao":0,"shapes":[{"ty":"gr","it":[{"ind":0,"ty":"sh","ix":1,"ks":{"a":0,"k":{"i":[[8.55,-8.88],[0,0],[9.79,5.43],[0,0]],"o":[[0,0],[-8.55,-8.88],[0,0],[-9.79,5.43]],"v":[[-63.444,10.883],[63.446,10.883],[35.846,-10.887],[-35.844,-10.887]],"c":true},"ix":2},"nm":"Path 1","mn":"ADBE Vector Shape - Group","hd":false},{"ty":"fl","c":{"a":0,"k":[1,0.898038983345,0.537254989147,1],"ix":4},"o":{"a":0,"k":100,"ix":5},"r":1,"bm":0,"nm":"Fill 1","mn":"ADBE Vector Graphic - Fill","hd":false},{"ty":"tr","p":{"a":0,"k":[0,0],"ix":2},"a":{"a":0,"k":[0,0],"ix":1},"s":{"a":0,"k":[100,100],"ix":3},"r":{"a":0,"k":0,"ix":6},"o":{"a":0,"k":100,"ix":7},"sk":{"a":0,"k":0,"ix":4},"sa":{"a":0,"k":0,"ix":5},"nm":"Transform"}],"nm":"Path","np":2,"cix":2,"bm":0,"ix":1,"mn":"ADBE Vector Group","hd":false}],"ip":0,"op":3600,"st":0,"bm":0},{"ddd":0,"ind":6,"ty":4,"nm":"Path","parent":1,"sr":1,"ks":{"o":{"a":0,"k":100,"ix":11},"r":{"a":0,"k":0,"ix":10},"p":{"a":0,"k":[120.546,106.508,0],"ix":2},"a":{"a":0,"k":[0,0,0],"ix":1},"s":{"a":0,"k":[100,100,100],"ix":6}},"ao":0,"shapes":[{"ty":"gr","it":[{"ind":0,"ty":"sh","ix":1,"ks":{"a":0,"k":{"i":[[1.86,-7.23],[0,0],[2.64,7.24],[0,0]],"o":[[0,0],[-1.86,-7.23],[0,0],[-2.64,7.24]],"v":[[-114.6,10.883],[114.6,10.883],[107.83,-10.887],[-107.83,-10.887]],"c":true},"ix":2},"nm":"Path 1","mn":"ADBE Vector Shape - Group","hd":false},{"ty":"fl","c":{"a":0,"k":[1,0.898038983345,0.537254989147,1],"ix":4},"o":{"a":0,"k":100,"ix":5},"r":1,"bm":0,"nm":"Fill 1","mn":"ADBE Vector Graphic - Fill","hd":false},{"ty":"tr","p":{"a":0,"k":[0,0],"ix":2},"a":{"a":0,"k":[0,0],"ix":1},"s":{"a":0,"k":[100,100],"ix":3},"r":{"a":0,"k":0,"ix":6},"o":{"a":0,"k":100,"ix":7},"sk":{"a":0,"k":0,"ix":4},"sa":{"a":0,"k":0,"ix":5},"nm":"Transform"}],"nm":"Path","np":2,"cix":2,"bm":0,"ix":1,"mn":"ADBE Vector Group","hd":false}],"ip":0,"op":3600,"st":0,"bm":0},{"ddd":0,"ind":7,"ty":4,"nm":"Path","parent":1,"sr":1,"ks":{"o":{"a":0,"k":100,"ix":11},"r":{"a":0,"k":0,"ix":10},"p":{"a":0,"k":[120.546,202.133,0],"ix":2},"a":{"a":0,"k":[0,0,0],"ix":1},"s":{"a":0,"k":[100,100,100],"ix":6}},"ao":0,"shapes":[{"ty":"gr","it":[{"ind":0,"ty":"sh","ix":1,"ks":{"a":0,"k":{"i":[[-3.16,-6.93],[0,0],[-1.88,7.56],[0,0]],"o":[[0,0],[3.16,-6.93],[0,0],[1.87,7.56]],"v":[[-109.234,10.883],[109.236,10.883],[116.826,-10.887],[-116.824,-10.887]],"c":true},"ix":2},"nm":"Path 1","mn":"ADBE Vector Shape - Group","hd":false},{"ty":"fl","c":{"a":0,"k":[1,0.898038983345,0.537254989147,1],"ix":4},"o":{"a":0,"k":100,"ix":5},"r":1,"bm":0,"nm":"Fill 1","mn":"ADBE Vector Graphic - Fill","hd":false},{"ty":"tr","p":{"a":0,"k":[0,0],"ix":2},"a":{"a":0,"k":[0,0],"ix":1},"s":{"a":0,"k":[100,100],"ix":3},"r":{"a":0,"k":0,"ix":6},"o":{"a":0,"k":100,"ix":7},"sk":{"a":0,"k":0,"ix":4},"sa":{"a":0,"k":0,"ix":5},"nm":"Transform"}],"nm":"Path","np":2,"cix":2,"bm":0,"ix":1,"mn":"ADBE Vector Group","hd":false}],"ip":0,"op":3600,"st":0,"bm":0}]},{"id":"comp_4","layers":[{"ddd":0,"ind":1,"ty":3,"nm":"▽ Pattern 1","sr":1,"ks":{"o":{"a":0,"k":100,"ix":11},"r":{"a":0,"k":0,"ix":10},"p":{"a":0,"k":[0,0,0],"ix":2},"a":{"a":0,"k":[0,0,0],"ix":1},"s":{"a":0,"k":[100,100,100],"ix":6}},"ao":0,"ip":0,"op":600,"st":0,"bm":0},{"ddd":0,"ind":2,"ty":4,"nm":"Path","parent":1,"sr":1,"ks":{"o":{"a":0,"k":100,"ix":11},"r":{"a":0,"k":0,"ix":10},"p":{"a":0,"k":[173.086,58.834,0],"ix":2},"a":{"a":0,"k":[0,0,0],"ix":1},"s":{"a":0,"k":[100,100,100],"ix":6}},"ao":0,"shapes":[{"ty":"gr","it":[{"ind":0,"ty":"sh","ix":1,"ks":{"a":0,"k":{"i":[[28.62,23.23],[0,-25.67],[-32.83,0],[-10.55,9.82]],"o":[[-21.87,9.01],[0,33.7],[15.36,0],[-10.95,-38.8]],"v":[[-12.365,-58.834],[-49.674,-2.184],[9.766,58.836],[49.676,43.036]],"c":true},"ix":2},"nm":"Path 1","mn":"ADBE Vector Shape - Group","hd":false},{"ty":"fl","c":{"a":0,"k":[0.725489974022,0.905882000923,0.458824008703,1],"ix":4},"o":{"a":0,"k":100,"ix":5},"r":1,"bm":0,"nm":"Fill 1","mn":"ADBE Vector Graphic - Fill","hd":false},{"ty":"tr","p":{"a":0,"k":[0,0],"ix":2},"a":{"a":0,"k":[0,0],"ix":1},"s":{"a":0,"k":[100,100],"ix":3},"r":{"a":0,"k":0,"ix":6},"o":{"a":0,"k":100,"ix":7},"sk":{"a":0,"k":0,"ix":4},"sa":{"a":0,"k":0,"ix":5},"nm":"Transform"}],"nm":"Path","np":2,"cix":2,"bm":0,"ix":1,"mn":"ADBE Vector Group","hd":false}],"ip":0,"op":600,"st":0,"bm":0},{"ddd":0,"ind":3,"ty":4,"nm":"Path","parent":1,"sr":1,"ks":{"o":{"a":0,"k":100,"ix":11},"r":{"a":0,"k":0,"ix":10},"p":{"a":0,"k":[64.527,179.258,0],"ix":2},"a":{"a":0,"k":[0,0,0],"ix":1},"s":{"a":0,"k":[100,100,100],"ix":6}},"ao":0,"shapes":[{"ty":"gr","it":[{"ind":0,"ty":"sh","ix":1,"ks":{"a":0,"k":{"i":[[-23.32,0],[0,23.94],[23.32,0],[0,-23.94]],"o":[[23.32,0],[0,-23.94],[-23.32,0],[0,23.94]],"v":[[0.001,43.339],[42.221,-0.001],[0.001,-43.34],[-42.219,-0.001]],"c":true},"ix":2},"nm":"Path 1","mn":"ADBE Vector Shape - Group","hd":false},{"ty":"fl","c":{"a":0,"k":[0.725489974022,0.905882000923,0.458824008703,1],"ix":4},"o":{"a":0,"k":100,"ix":5},"r":1,"bm":0,"nm":"Fill 1","mn":"ADBE Vector Graphic - Fill","hd":false},{"ty":"tr","p":{"a":0,"k":[0,0],"ix":2},"a":{"a":0,"k":[0,0],"ix":1},"s":{"a":0,"k":[100,100],"ix":3},"r":{"a":0,"k":0,"ix":6},"o":{"a":0,"k":100,"ix":7},"sk":{"a":0,"k":0,"ix":4},"sa":{"a":0,"k":0,"ix":5},"nm":"Transform"}],"nm":"Path","np":2,"cix":2,"bm":0,"ix":1,"mn":"ADBE Vector Group","hd":false}],"ip":0,"op":600,"st":0,"bm":0},{"ddd":0,"ind":4,"ty":4,"nm":"Path","parent":1,"sr":1,"ks":{"o":{"a":0,"k":100,"ix":11},"r":{"a":0,"k":0,"ix":10},"p":{"a":0,"k":[30.042,50.311,0],"ix":2},"a":{"a":0,"k":[0,0,0],"ix":1},"s":{"a":0,"k":[100,100,100],"ix":6}},"ao":0,"shapes":[{"ty":"gr","it":[{"ind":0,"ty":"sh","ix":1,"ks":{"a":0,"k":{"i":[[10.28,-30.13],[-4.05,0],[0,27.4],[7.42,8.72]],"o":[[3.76,0.97],[26.7,0],[0,-12.49],[-20.99,20.96]],"v":[[-30.042,39.646],[-18.292,41.126],[30.038,-8.494],[18.118,-41.124]],"c":true},"ix":2},"nm":"Path 1","mn":"ADBE Vector Shape - Group","hd":false},{"ty":"fl","c":{"a":0,"k":[0.725489974022,0.905882000923,0.458824008703,1],"ix":4},"o":{"a":0,"k":100,"ix":5},"r":1,"bm":0,"nm":"Fill 1","mn":"ADBE Vector Graphic - Fill","hd":false},{"ty":"tr","p":{"a":0,"k":[0,0],"ix":2},"a":{"a":0,"k":[0,0],"ix":1},"s":{"a":0,"k":[100,100],"ix":3},"r":{"a":0,"k":0,"ix":6},"o":{"a":0,"k":100,"ix":7},"sk":{"a":0,"k":0,"ix":4},"sa":{"a":0,"k":0,"ix":5},"nm":"Transform"}],"nm":"Path","np":2,"cix":2,"bm":0,"ix":1,"mn":"ADBE Vector Group","hd":false}],"ip":0,"op":600,"st":0,"bm":0},{"ddd":0,"ind":5,"ty":4,"nm":"Path","parent":1,"sr":1,"ks":{"o":{"a":0,"k":100,"ix":11},"r":{"a":0,"k":0,"ix":10},"p":{"a":0,"k":[166.357,239.015,0],"ix":2},"a":{"a":0,"k":[0,0,0],"ix":1},"s":{"a":0,"k":[100,100,100],"ix":6}},"ao":0,"shapes":[{"ty":"gr","it":[{"ind":0,"ty":"sh","ix":1,"ks":{"a":0,"k":{"i":[[-18.53,27.05],[13.95,0],[0,-27.4],[-1.99,-5.42]],"o":[[-8.82,-9.7],[-26.69,0],[0,6.14],[33.26,-5.13]],"v":[[41.835,-17.752],[6.495,-33.522],[-41.835,16.088],[-38.765,33.518]],"c":true},"ix":2},"nm":"Path 1","mn":"ADBE Vector Shape - Group","hd":false},{"ty":"fl","c":{"a":0,"k":[0.725489974022,0.905882000923,0.458824008703,1],"ix":4},"o":{"a":0,"k":100,"ix":5},"r":1,"bm":0,"nm":"Fill 1","mn":"ADBE Vector Graphic - Fill","hd":false},{"ty":"tr","p":{"a":0,"k":[0,0],"ix":2},"a":{"a":0,"k":[0,0],"ix":1},"s":{"a":0,"k":[100,100],"ix":3},"r":{"a":0,"k":0,"ix":6},"o":{"a":0,"k":100,"ix":7},"sk":{"a":0,"k":0,"ix":4},"sa":{"a":0,"k":0,"ix":5},"nm":"Transform"}],"nm":"Path","np":2,"cix":2,"bm":0,"ix":1,"mn":"ADBE Vector Group","hd":false}],"ip":0,"op":600,"st":0,"bm":0}]},{"id":"comp_5","layers":[{"ddd":0,"ind":1,"ty":4,"nm":"Shadow","sr":1,"ks":{"o":{"a":0,"k":30,"ix":11},"r":{"a":0,"k":0,"ix":10},"p":{"a":0,"k":[130,12,0],"ix":2},"a":{"a":0,"k":[0,0,0],"ix":1},"s":{"a":0,"k":[100,100,100],"ix":6}},"ao":0,"shapes":[{"ty":"gr","it":[{"ty":"rc","d":1,"s":{"a":0,"k":[261.941,23.882],"ix":2},"p":{"a":0,"k":[0,0],"ix":3},"r":{"a":0,"k":11.941,"ix":4},"nm":"Rectangle Path 1","mn":"ADBE Vector Shape - Rect","hd":false},{"ty":"fl","c":{"a":0,"k":[0.686275005341,0.686275005341,0.686275005341,1],"ix":4},"o":{"a":0,"k":100,"ix":5},"r":1,"bm":0,"nm":"Fill 1","mn":"ADBE Vector Graphic - Fill","hd":false},{"ty":"tr","p":{"a":0,"k":[0,0],"ix":2},"a":{"a":0,"k":[0,0],"ix":1},"s":{"a":0,"k":[100,100],"ix":3},"r":{"a":0,"k":0,"ix":6},"o":{"a":0,"k":100,"ix":7},"sk":{"a":0,"k":0,"ix":4},"sa":{"a":0,"k":0,"ix":5},"nm":"Transform"}],"nm":"Shadow","np":2,"cix":2,"bm":0,"ix":1,"mn":"ADBE Vector Group","hd":false}],"ip":0,"op":3600,"st":0,"bm":0}]}],"layers":[{"ddd":0,"ind":1,"ty":0,"nm":"Pattern 6","parent":7,"refId":"comp_0","sr":1,"ks":{"o":{"a":0,"k":100,"ix":11},"r":{"a":0,"k":0,"ix":10},"p":{"a":0,"k":[-7.105,11,0],"ix":2},"a":{"a":0,"k":[107.5,133.5,0],"ix":1},"s":{"a":0,"k":[115,115,100],"ix":6}},"ao":0,"w":215,"h":267,"ip":120,"op":270,"st":120,"bm":0},{"ddd":0,"ind":3,"ty":0,"nm":"Pattern 4","parent":7,"refId":"comp_1","sr":1,"ks":{"o":{"a":0,"k":100,"ix":11},"r":{"a":0,"k":0,"ix":10},"p":{"a":0,"k":[3.895,2,0],"ix":2},"a":{"a":0,"k":[118.5,129,0],"ix":1},"s":{"a":0,"k":[115,115,100],"ix":6}},"ao":0,"w":237,"h":258,"ip":90,"op":120,"st":90,"bm":0},{"ddd":0,"ind":4,"ty":0,"nm":"Pattern 3","parent":7,"refId":"comp_2","sr":1,"ks":{"o":{"a":0,"k":100,"ix":11},"r":{"a":0,"k":0,"ix":10},"p":{"a":0,"k":[-0.105,-4,0],"ix":2},"a":{"a":0,"k":[119.5,144.5,0],"ix":1},"s":{"a":0,"k":[115,115,100],"ix":6}},"ao":0,"w":239,"h":289,"ip":60,"op":90,"st":60,"bm":0},{"ddd":0,"ind":5,"ty":0,"nm":"Pattern 2","parent":7,"refId":"comp_3","sr":1,"ks":{"o":{"a":0,"k":100,"ix":11},"r":{"a":0,"k":0,"ix":10},"p":{"a":0,"k":[0.895,2,0],"ix":2},"a":{"a":0,"k":[121,139,0],"ix":1},"s":{"a":0,"k":[115,115,100],"ix":6}},"ao":0,"w":242,"h":278,"ip":30,"op":60,"st":30,"bm":0},{"ddd":0,"ind":6,"ty":0,"nm":"Pattern 1","parent":7,"refId":"comp_4","sr":1,"ks":{"o":{"a":0,"k":100,"ix":11},"r":{"a":0,"k":0,"ix":10},"p":{"a":0,"k":[2.895,12,0],"ix":2},"a":{"a":0,"k":[111.5,136.5,0],"ix":1},"s":{"a":0,"k":[115,115,100],"ix":6}},"ao":0,"w":223,"h":273,"ip":-569,"op":30,"st":-569,"bm":0},{"ddd":0,"ind":7,"ty":4,"nm":"EGG","sr":1,"ks":{"o":{"a":0,"k":100,"ix":11},"r":{"a":1,"k":[{"i":{"x":[0.667],"y":[1]},"o":{"x":[0.333],"y":[0]},"t":48,"s":[0]},{"i":{"x":[0.667],"y":[1]},"o":{"x":[0.333],"y":[0]},"t":52,"s":[0.516]},{"i":{"x":[0.667],"y":[1]},"o":{"x":[0.333],"y":[0]},"t":56,"s":[-0.423]},{"i":{"x":[0.667],"y":[1]},"o":{"x":[0.333],"y":[0]},"t":60,"s":[1.572]},{"i":{"x":[0.667],"y":[1]},"o":{"x":[0.333],"y":[0]},"t":64,"s":[-2.471]},{"i":{"x":[0.667],"y":[1]},"o":{"x":[0.333],"y":[0]},"t":68,"s":[3.009]},{"i":{"x":[0.667],"y":[1]},"o":{"x":[0.333],"y":[0]},"t":72,"s":[-1.79]},{"i":{"x":[0.667],"y":[1]},"o":{"x":[0.333],"y":[0]},"t":75,"s":[1.842]},{"i":{"x":[0.667],"y":[1]},"o":{"x":[0.333],"y":[0]},"t":78,"s":[-1.505]},{"i":{"x":[0.667],"y":[1]},"o":{"x":[0.167],"y":[0]},"t":81,"s":[1.286]},{"i":{"x":[0.667],"y":[1]},"o":{"x":[0.333],"y":[0]},"t":84,"s":[-1.072]},{"i":{"x":[0.667],"y":[1]},"o":{"x":[0.333],"y":[0]},"t":87,"s":[0.902]},{"i":{"x":[0.667],"y":[1]},"o":{"x":[0.333],"y":[0]},"t":90,"s":[-0.819]},{"i":{"x":[0.667],"y":[1]},"o":{"x":[0.333],"y":[0]},"t":93,"s":[0.722]},{"i":{"x":[0.667],"y":[1]},"o":{"x":[0.333],"y":[0]},"t":96,"s":[-0.667]},{"i":{"x":[0.667],"y":[1]},"o":{"x":[0.167],"y":[0]},"t":99,"s":[0.558]},{"i":{"x":[0.667],"y":[1]},"o":{"x":[0.333],"y":[0]},"t":102,"s":[-0.54]},{"i":{"x":[0.667],"y":[1]},"o":{"x":[0.333],"y":[0]},"t":105,"s":[0.417]},{"i":{"x":[0.667],"y":[1]},"o":{"x":[0.333],"y":[0]},"t":108,"s":[-0.412]},{"i":{"x":[0.667],"y":[1]},"o":{"x":[0.333],"y":[0]},"t":111,"s":[0.256]},{"i":{"x":[0.667],"y":[1]},"o":{"x":[0.333],"y":[0]},"t":114,"s":[-0.282]},{"t":117,"s":[0]}],"ix":10},"p":{"a":0,"k":[267.105,499,0],"ix":2},"a":{"a":0,"k":[0,169,0],"ix":1},"s":{"a":1,"k":[{"i":{"x":[0.667,0.667,0.667],"y":[1,1,1]},"o":{"x":[0.167,0.167,0.167],"y":[0,0,0]},"t":0,"s":[100,100,100]},{"i":{"x":[0.655,0.667,0.667],"y":[1,1,1]},"o":{"x":[0.333,0.333,0.333],"y":[0,0,0]},"t":46,"s":[100,100,100]},{"i":{"x":[0.833,0.567,0.833],"y":[0.956,0.923,1]},"o":{"x":[0.333,0.333,0.333],"y":[0,0,0]},"t":50,"s":[94.139,106.515,100]},{"i":{"x":[0.667,0.56,0.667],"y":[1,1,1]},"o":{"x":[0.167,0.212,0.167],"y":[0.464,0.481,0]},"t":53,"s":[111.156,87.028,100]},{"i":{"x":[0.667,0.667,0.667],"y":[1,1,1]},"o":{"x":[0.333,0.333,0.333],"y":[0,0,0]},"t":59,"s":[114.364,83.989,100]},{"i":{"x":[0.667,0.667,0.667],"y":[1,1,1]},"o":{"x":[0.167,0.167,0.167],"y":[0,0,0]},"t":62,"s":[94.444,107.249,100]},{"i":{"x":[0.667,0.667,0.667],"y":[1,1,1]},"o":{"x":[0.333,0.333,0.333],"y":[0,0,0]},"t":130,"s":[94.444,107.249,100]},{"i":{"x":[0.667,0.667,0.667],"y":[1,1,1]},"o":{"x":[0.333,0.333,0.333],"y":[0,0,0]},"t":135,"s":[82.907,115.512,100]},{"i":{"x":[0.667,0.667,0.667],"y":[1,1,1]},"o":{"x":[0.333,0.333,0.333],"y":[0,0,0]},"t":140,"s":[107.373,92.362,100]},{"i":{"x":[0.667,0.667,0.667],"y":[1,1,1]},"o":{"x":[0.333,0.333,0.333],"y":[0,0,0]},"t":145,"s":[97.809,102.252,100]},{"t":150,"s":[100,100,100]}],"ix":6}},"ao":0,"shapes":[{"ty":"gr","it":[{"ind":0,"ty":"sh","ix":1,"ks":{"a":0,"k":{"i":[[-19.21,0],[0,19.75],[19.2,0],[0,-19.74]],"o":[[19.2,0],[0,-19.74],[-19.21,0],[0,19.75]],"v":[[0.004,42.5],[34.774,6.74],[0.004,-42.5],[-34.776,6.74]],"c":true},"ix":2},"nm":"Path 1","mn":"ADBE Vector Shape - Group","hd":false},{"ty":"fl","c":{"a":1,"k":[{"i":{"x":[0.833],"y":[0.833]},"o":{"x":[0.167],"y":[0.167]},"t":0,"s":[0.803921580315,0.964705884457,0.560784339905,1]},{"i":{"x":[0.833],"y":[0.833]},"o":{"x":[0.167],"y":[0.167]},"t":29,"s":[0.803921580315,0.964705884457,0.560784339905,1]},{"i":{"x":[0.833],"y":[0.833]},"o":{"x":[0.167],"y":[0.167]},"t":30,"s":[1,0.780392169952,0,1]},{"i":{"x":[0.833],"y":[0.833]},"o":{"x":[0.167],"y":[0.167]},"t":59,"s":[1,0.780392169952,0,1]},{"i":{"x":[0.833],"y":[0.833]},"o":{"x":[0.167],"y":[0.167]},"t":60,"s":[0.517647087574,0.847058832645,1,1]},{"i":{"x":[0.833],"y":[0.833]},"o":{"x":[0.167],"y":[0.167]},"t":89,"s":[0.517647087574,0.847058832645,1,1]},{"i":{"x":[0.833],"y":[0.833]},"o":{"x":[0.167],"y":[0.167]},"t":90,"s":[1,0.760784327984,0.419607847929,1]},{"i":{"x":[0.833],"y":[0.833]},"o":{"x":[0.167],"y":[0.167]},"t":119,"s":[1,0.760784327984,0.419607847929,1]},{"i":{"x":[0.833],"y":[0.833]},"o":{"x":[0.167],"y":[0.167]},"t":120,"s":[1,0.698039233685,0.698039233685,1]},{"t":149,"s":[1,0.698039233685,0.698039233685,1]}],"ix":4},"o":{"a":0,"k":100,"ix":5},"r":1,"bm":0,"nm":"Fill 1","mn":"ADBE Vector Graphic - Fill","hd":false},{"ty":"tr","p":{"a":0,"k":[0,0],"ix":2},"a":{"a":0,"k":[0,0],"ix":1},"s":{"a":0,"k":[400,400],"ix":3},"r":{"a":0,"k":0,"ix":6},"o":{"a":0,"k":100,"ix":7},"sk":{"a":0,"k":0,"ix":4},"sa":{"a":0,"k":0,"ix":5},"nm":"Transform"}],"nm":"EGG","np":2,"cix":2,"bm":0,"ix":1,"mn":"ADBE Vector Group","hd":false}],"ip":0,"op":150,"st":0,"bm":0},{"ddd":0,"ind":8,"ty":0,"nm":"Shadow","refId":"comp_5","sr":1,"ks":{"o":{"a":0,"k":100,"ix":11},"r":{"a":0,"k":0,"ix":10},"p":{"a":0,"k":[270,512,0],"ix":2},"a":{"a":0,"k":[131,12,0],"ix":1},"s":{"a":1,"k":[{"i":{"x":[0.833,0.833,0.833],"y":[0.833,0.833,0.833]},"o":{"x":[0.167,0.167,0.167],"y":[0.167,0.167,0.167]},"t":0,"s":[90,100,100]},{"i":{"x":[0.833,0.833,0.833],"y":[0.833,0.833,0.833]},"o":{"x":[0.167,0.167,0.167],"y":[0.167,0.167,0.167]},"t":46,"s":[90,100,100]},{"i":{"x":[0.833,0.833,0.833],"y":[0.833,0.833,0.833]},"o":{"x":[0.167,0.167,0.167],"y":[0.167,0.167,0.167]},"t":50,"s":[80,100,100]},{"i":{"x":[0.833,0.833,0.833],"y":[0.833,0.833,0.833]},"o":{"x":[0.167,0.167,0.167],"y":[0.167,0.167,0.167]},"t":59,"s":[95,100,100]},{"i":{"x":[0.833,0.833,0.833],"y":[0.833,0.833,0.833]},"o":{"x":[0.167,0.167,0.167],"y":[0.167,0.167,0.167]},"t":64,"s":[80,100,100]},{"i":{"x":[0.833,0.833,0.833],"y":[0.833,0.833,0.833]},"o":{"x":[0.167,0.167,0.167],"y":[0.167,0.167,0.167]},"t":130,"s":[80,100,100]},{"i":{"x":[0.833,0.833,0.833],"y":[0.833,0.833,0.833]},"o":{"x":[0.167,0.167,0.167],"y":[0.167,0.167,0.167]},"t":135,"s":[75,100,100]},{"i":{"x":[0.833,0.833,0.833],"y":[0.833,0.833,0.833]},"o":{"x":[0.167,0.167,0.167],"y":[0.167,0.167,0.167]},"t":140,"s":[85,100,100]},{"i":{"x":[0.833,0.833,0.833],"y":[0.833,0.833,0.833]},"o":{"x":[0.167,0.167,0.167],"y":[0.167,0.167,0.167]},"t":145,"s":[80,100,100]},{"t":149,"s":[90,100,100]}],"ix":6}},"ao":0,"w":262,"h":24,"ip":0,"op":3600,"st":0,"bm":0}],"markers":[{"tm":27,"cm":"1","dr":0}]}
