{"v":"5.6.3","fr":60,"ip":0,"op":80,"w":106,"h":155,"nm":"EXPORT - JSON","ddd":0,"assets":[{"id":"comp_0","layers":[{"ddd":0,"ind":1,"ty":4,"nm":"Rectangle","sr":1,"ks":{"o":{"a":0,"k":100,"ix":11},"r":{"a":0,"k":0,"ix":10},"p":{"a":0,"k":[60,144.644,0],"ix":2},"a":{"a":0,"k":[0,0,0],"ix":1},"s":{"a":0,"k":[100,100,100],"ix":6}},"ao":0,"shapes":[{"ty":"gr","it":[{"ind":0,"ty":"sh","ix":1,"ks":{"a":0,"k":{"i":[[-23.15,0],[-2.86,-12.99],[0,0],[22.09,0],[0,22.09],[0,0]],"o":[[23.15,0],[0,0],[0,22.09],[-22.09,0],[0,0],[2.6,-12.99]],"v":[[0,-122.356],[25.62,-85.646],[40,82.354],[0,122.354],[-40,82.354],[-25.75,-85.646]],"c":true},"ix":2},"nm":"Path 1","mn":"ADBE Vector Shape - Group","hd":false},{"ty":"fl","c":{"a":0,"k":[0.956862986088,0.564706027508,0,1],"ix":4},"o":{"a":0,"k":100,"ix":5},"r":1,"bm":0,"nm":"Fill 1","mn":"ADBE Vector Graphic - Fill","hd":false},{"ty":"tr","p":{"a":0,"k":[0,0],"ix":2},"a":{"a":0,"k":[0,0],"ix":1},"s":{"a":0,"k":[100,100],"ix":3},"r":{"a":0,"k":0,"ix":6},"o":{"a":0,"k":100,"ix":7},"sk":{"a":0,"k":0,"ix":4},"sa":{"a":0,"k":0,"ix":5},"nm":"Transform"}],"nm":"Rectangle","np":2,"cix":2,"bm":0,"ix":1,"mn":"ADBE Vector Group","hd":false}],"ip":0,"op":3600,"st":0,"bm":0}]}],"layers":[{"ddd":0,"ind":1,"ty":0,"nm":"EMBER","refId":"comp_0","sr":1,"ks":{"o":{"a":1,"k":[{"i":{"x":[0.833],"y":[0.833]},"o":{"x":[0.167],"y":[0.167]},"t":13,"s":[100]},{"t":21,"s":[0]}],"ix":11},"r":{"a":0,"k":0,"ix":10},"p":{"a":1,"k":[{"i":{"x":0.833,"y":0.833},"o":{"x":0.167,"y":0.167},"t":13,"s":[67.5,36,0],"to":[0,-0.168,0],"ti":[0,2.778,0]},{"t":21,"s":[67.5,10,0]}],"ix":2},"a":{"a":0,"k":[60.5,142.5,0],"ix":1},"s":{"a":1,"k":[{"i":{"x":[0.833,0.833,0.833],"y":[0.833,0.833,0.833]},"o":{"x":[0.167,0.167,0.167],"y":[0.167,0.167,0.167]},"t":13,"s":[10.397,7.397,100]},{"t":21,"s":[4.397,3.128,100]}],"ix":6}},"ao":0,"ef":[{"ty":5,"nm":"Change to Color","np":13,"mn":"ADBE Change To Color","ix":1,"en":1,"ef":[{"ty":2,"nm":"From","mn":"ADBE Change To Color-0001","ix":1,"v":{"a":0,"k":[0.956862807274,0.564705908298,0,1],"ix":1}},{"ty":2,"nm":"To","mn":"ADBE Change To Color-0002","ix":2,"v":{"a":0,"k":[1,0.588235318661,0,1],"ix":2}},{"ty":7,"nm":"Change","mn":"ADBE Change To Color-0003","ix":3,"v":{"a":0,"k":4,"ix":3}},{"ty":7,"nm":"Change By","mn":"ADBE Change To Color-0004","ix":4,"v":{"a":0,"k":1,"ix":4}},{"ty":6,"nm":"Tolerance","mn":"ADBE Change To Color-0010","ix":5,"v":0},{"ty":0,"nm":"Hue","mn":"ADBE Change To Color-0005","ix":6,"v":{"a":0,"k":0.1,"ix":6}},{"ty":0,"nm":"Lightness","mn":"ADBE Change To Color-0006","ix":7,"v":{"a":0,"k":1,"ix":7}},{"ty":0,"nm":"Saturation","mn":"ADBE Change To Color-0007","ix":8,"v":{"a":0,"k":1,"ix":8}},{"ty":6,"nm":"Saturation","mn":"ADBE Change To Color-0011","ix":9,"v":0},{"ty":0,"nm":"Softness","mn":"ADBE Change To Color-0008","ix":10,"v":{"a":0,"k":0.5,"ix":10}},{"ty":7,"nm":"View Correction Matte","mn":"ADBE Change To Color-0009","ix":11,"v":{"a":0,"k":0,"ix":11}}]}],"w":121,"h":285,"ip":13,"op":3545,"st":-55,"bm":0},{"ddd":0,"ind":2,"ty":0,"nm":"EMBER","refId":"comp_0","sr":1,"ks":{"o":{"a":1,"k":[{"i":{"x":[0.833],"y":[0.833]},"o":{"x":[0.167],"y":[0.167]},"t":17,"s":[100]},{"t":25,"s":[0]}],"ix":11},"r":{"a":0,"k":0,"ix":10},"p":{"a":1,"k":[{"i":{"x":0.833,"y":0.833},"o":{"x":0.167,"y":0.167},"t":17,"s":[32.5,28.5,0],"to":[0,-4.333,0],"ti":[0,4.333,0]},{"t":25,"s":[32.5,2.5,0]}],"ix":2},"a":{"a":0,"k":[60.5,142.5,0],"ix":1},"s":{"a":1,"k":[{"i":{"x":[0.833,0.833,0.833],"y":[0.833,0.833,0.833]},"o":{"x":[0.167,0.167,0.167],"y":[0.167,0.167,0.167]},"t":17,"s":[10.397,7.397,100]},{"t":25,"s":[4.397,3.128,100]}],"ix":6}},"ao":0,"ef":[{"ty":5,"nm":"Change to Color","np":13,"mn":"ADBE Change To Color","ix":1,"en":1,"ef":[{"ty":2,"nm":"From","mn":"ADBE Change To Color-0001","ix":1,"v":{"a":0,"k":[0.956862807274,0.564705908298,0,1],"ix":1}},{"ty":2,"nm":"To","mn":"ADBE Change To Color-0002","ix":2,"v":{"a":0,"k":[1,0.588235318661,0,1],"ix":2}},{"ty":7,"nm":"Change","mn":"ADBE Change To Color-0003","ix":3,"v":{"a":0,"k":4,"ix":3}},{"ty":7,"nm":"Change By","mn":"ADBE Change To Color-0004","ix":4,"v":{"a":0,"k":1,"ix":4}},{"ty":6,"nm":"Tolerance","mn":"ADBE Change To Color-0010","ix":5,"v":0},{"ty":0,"nm":"Hue","mn":"ADBE Change To Color-0005","ix":6,"v":{"a":0,"k":0.1,"ix":6}},{"ty":0,"nm":"Lightness","mn":"ADBE Change To Color-0006","ix":7,"v":{"a":0,"k":1,"ix":7}},{"ty":0,"nm":"Saturation","mn":"ADBE Change To Color-0007","ix":8,"v":{"a":0,"k":1,"ix":8}},{"ty":6,"nm":"Saturation","mn":"ADBE Change To Color-0011","ix":9,"v":0},{"ty":0,"nm":"Softness","mn":"ADBE Change To Color-0008","ix":10,"v":{"a":0,"k":0.5,"ix":10}},{"ty":7,"nm":"View Correction Matte","mn":"ADBE Change To Color-0009","ix":11,"v":{"a":0,"k":0,"ix":11}}]}],"w":121,"h":285,"ip":17,"op":3549,"st":-51,"bm":0},{"ddd":0,"ind":3,"ty":0,"nm":"EMBER","refId":"comp_0","sr":1,"ks":{"o":{"a":1,"k":[{"i":{"x":[0.833],"y":[0.833]},"o":{"x":[0.167],"y":[0.167]},"t":68,"s":[100]},{"t":76,"s":[0]}],"ix":11},"r":{"a":0,"k":0,"ix":10},"p":{"a":1,"k":[{"i":{"x":0.833,"y":0.833},"o":{"x":0.167,"y":0.167},"t":68,"s":[26.5,33.5,0],"to":[0,-4.333,0],"ti":[0,4.333,0]},{"t":76,"s":[26.5,7.5,0]}],"ix":2},"a":{"a":0,"k":[60.5,142.5,0],"ix":1},"s":{"a":1,"k":[{"i":{"x":[0.833,0.833,0.833],"y":[0.833,0.833,0.833]},"o":{"x":[0.167,0.167,0.167],"y":[0.167,0.167,0.167]},"t":68,"s":[10.397,7.397,100]},{"t":76,"s":[4.397,3.128,100]}],"ix":6}},"ao":0,"ef":[{"ty":5,"nm":"Change to Color","np":13,"mn":"ADBE Change To Color","ix":1,"en":1,"ef":[{"ty":2,"nm":"From","mn":"ADBE Change To Color-0001","ix":1,"v":{"a":0,"k":[0.956862807274,0.564705908298,0,1],"ix":1}},{"ty":2,"nm":"To","mn":"ADBE Change To Color-0002","ix":2,"v":{"a":0,"k":[1,0.588235318661,0,1],"ix":2}},{"ty":7,"nm":"Change","mn":"ADBE Change To Color-0003","ix":3,"v":{"a":0,"k":4,"ix":3}},{"ty":7,"nm":"Change By","mn":"ADBE Change To Color-0004","ix":4,"v":{"a":0,"k":1,"ix":4}},{"ty":6,"nm":"Tolerance","mn":"ADBE Change To Color-0010","ix":5,"v":0},{"ty":0,"nm":"Hue","mn":"ADBE Change To Color-0005","ix":6,"v":{"a":0,"k":0.1,"ix":6}},{"ty":0,"nm":"Lightness","mn":"ADBE Change To Color-0006","ix":7,"v":{"a":0,"k":1,"ix":7}},{"ty":0,"nm":"Saturation","mn":"ADBE Change To Color-0007","ix":8,"v":{"a":0,"k":1,"ix":8}},{"ty":6,"nm":"Saturation","mn":"ADBE Change To Color-0011","ix":9,"v":0},{"ty":0,"nm":"Softness","mn":"ADBE Change To Color-0008","ix":10,"v":{"a":0,"k":0.5,"ix":10}},{"ty":7,"nm":"View Correction Matte","mn":"ADBE Change To Color-0009","ix":11,"v":{"a":0,"k":0,"ix":11}}]}],"w":121,"h":285,"ip":68,"op":3600,"st":0,"bm":0},{"ddd":0,"ind":4,"ty":4,"nm":"Fire Front R","sr":1,"ks":{"o":{"a":0,"k":100,"ix":11},"r":{"a":0,"k":0,"ix":10},"p":{"a":0,"k":[35.582,142.872,0],"ix":2},"a":{"a":0,"k":[0,0,0],"ix":1},"s":{"a":0,"k":[100,100,100],"ix":6}},"ao":0,"shapes":[{"ty":"gr","it":[{"ind":0,"ty":"sh","ix":1,"ks":{"a":1,"k":[{"i":{"x":0.667,"y":1},"o":{"x":0.333,"y":0},"t":1,"s":[{"i":[[-5.55,0],[-9.829,0],[8.626,-2.523],[0,0],[-3.594,0]],"o":[[5.55,0],[6.553,0],[0,0],[-3.437,-2.523],[5.391,0]],"v":[[-4.777,-7.451],[15.119,3.666],[12.01,7.451],[-16.843,7.451],[-16.606,3.666]],"c":true}]},{"i":{"x":0.833,"y":1},"o":{"x":0.333,"y":0},"t":5,"s":[{"i":[[-5.55,0],[-9.829,0],[8.626,-2.523],[0,0],[-3.594,0]],"o":[[5.55,0],[6.553,0],[0,0],[-3.437,-2.523],[5.391,0]],"v":[[1.973,-7.951],[15.119,3.666],[12.01,7.451],[-16.843,7.451],[-16.606,3.666]],"c":true}]},{"i":{"x":0.833,"y":1},"o":{"x":0.167,"y":0},"t":9,"s":[{"i":[[-5.55,0],[-9.829,0],[8.626,-2.523],[0,0],[-3.594,0]],"o":[[5.55,0],[6.553,0],[0,0],[-3.437,-2.523],[5.391,0]],"v":[[-3.527,-4.951],[15.119,3.666],[12.01,7.451],[-16.843,7.451],[-16.606,3.666]],"c":true}]},{"i":{"x":0.833,"y":1},"o":{"x":0.167,"y":0},"t":15,"s":[{"i":[[-5.55,0],[-9.829,0],[8.626,-2.523],[0,0],[-3.594,0]],"o":[[5.55,0],[6.553,0],[0,0],[-3.437,-2.523],[5.391,0]],"v":[[-5.777,-8.201],[15.119,3.666],[12.01,7.451],[-16.843,7.451],[-16.606,3.666]],"c":true}]},{"i":{"x":0.833,"y":1},"o":{"x":0.167,"y":0},"t":18,"s":[{"i":[[-5.55,0],[-9.829,0],[8.626,-2.523],[0,0],[-3.594,0]],"o":[[5.55,0],[6.553,0],[0,0],[-3.437,-2.523],[5.391,0]],"v":[[-3.277,-4.951],[15.119,3.666],[12.01,7.451],[-16.843,7.451],[-16.606,3.666]],"c":true}]},{"i":{"x":0.833,"y":1},"o":{"x":0.167,"y":0},"t":21,"s":[{"i":[[-5.55,0],[-9.829,0],[8.626,-2.523],[0,0],[-3.594,0]],"o":[[5.55,0],[6.553,0],[0,0],[-3.437,-2.523],[5.391,0]],"v":[[-2.027,-10.201],[15.119,3.666],[12.01,7.451],[-16.843,7.451],[-16.606,3.666]],"c":true}]},{"i":{"x":0.833,"y":1},"o":{"x":0.167,"y":0},"t":27,"s":[{"i":[[-5.55,0],[-9.829,0],[8.626,-2.523],[0,0],[-3.594,0]],"o":[[5.55,0],[6.553,0],[0,0],[-3.437,-2.523],[5.391,0]],"v":[[-0.527,-5.951],[15.119,3.666],[12.01,7.451],[-16.843,7.451],[-16.606,3.666]],"c":true}]},{"i":{"x":0.833,"y":1},"o":{"x":0.167,"y":0},"t":32,"s":[{"i":[[-5.55,0],[-9.829,0],[8.626,-2.523],[0,0],[-3.594,0]],"o":[[5.55,0],[6.553,0],[0,0],[-3.437,-2.523],[5.391,0]],"v":[[1.723,-9.951],[15.119,3.666],[12.01,7.451],[-16.843,7.451],[-16.606,3.666]],"c":true}]},{"i":{"x":0.667,"y":1},"o":{"x":0.167,"y":0},"t":38,"s":[{"i":[[-5.55,0],[-9.829,0],[8.626,-2.523],[0,0],[-3.594,0]],"o":[[5.55,0],[6.553,0],[0,0],[-3.437,-2.523],[5.391,0]],"v":[[-2.777,-4.701],[15.119,3.666],[12.01,7.451],[-16.843,7.451],[-16.606,3.666]],"c":true}]},{"i":{"x":0.667,"y":1},"o":{"x":0.333,"y":0},"t":43,"s":[{"i":[[-5.55,0],[-9.829,0],[8.626,-2.523],[0,0],[-3.594,0]],"o":[[5.55,0],[6.553,0],[0,0],[-3.437,-2.523],[5.391,0]],"v":[[-4.777,-7.451],[15.119,3.666],[12.01,7.451],[-16.843,7.451],[-16.606,3.666]],"c":true}]},{"i":{"x":0.833,"y":1},"o":{"x":0.333,"y":0},"t":47,"s":[{"i":[[-5.55,0],[-9.829,0],[8.626,-2.523],[0,0],[-3.594,0]],"o":[[5.55,0],[6.553,0],[0,0],[-3.437,-2.523],[5.391,0]],"v":[[1.973,-7.951],[15.119,3.666],[12.01,7.451],[-16.843,7.451],[-16.606,3.666]],"c":true}]},{"i":{"x":0.833,"y":1},"o":{"x":0.167,"y":0},"t":51,"s":[{"i":[[-5.55,0],[-9.829,0],[8.626,-2.523],[0,0],[-3.594,0]],"o":[[5.55,0],[6.553,0],[0,0],[-3.437,-2.523],[5.391,0]],"v":[[-3.527,-4.951],[15.119,3.666],[12.01,7.451],[-16.843,7.451],[-16.606,3.666]],"c":true}]},{"i":{"x":0.833,"y":1},"o":{"x":0.167,"y":0},"t":57,"s":[{"i":[[-5.55,0],[-9.829,0],[8.626,-2.523],[0,0],[-3.594,0]],"o":[[5.55,0],[6.553,0],[0,0],[-3.437,-2.523],[5.391,0]],"v":[[-5.777,-8.201],[15.119,3.666],[12.01,7.451],[-16.843,7.451],[-16.606,3.666]],"c":true}]},{"i":{"x":0.833,"y":1},"o":{"x":0.167,"y":0},"t":60,"s":[{"i":[[-5.55,0],[-9.829,0],[8.626,-2.523],[0,0],[-3.594,0]],"o":[[5.55,0],[6.553,0],[0,0],[-3.437,-2.523],[5.391,0]],"v":[[-3.277,-4.951],[15.119,3.666],[12.01,7.451],[-16.843,7.451],[-16.606,3.666]],"c":true}]},{"i":{"x":0.833,"y":1},"o":{"x":0.167,"y":0},"t":63,"s":[{"i":[[-5.55,0],[-9.829,0],[8.626,-2.523],[0,0],[-3.594,0]],"o":[[5.55,0],[6.553,0],[0,0],[-3.437,-2.523],[5.391,0]],"v":[[-2.027,-10.201],[15.119,3.666],[12.01,7.451],[-16.843,7.451],[-16.606,3.666]],"c":true}]},{"i":{"x":0.833,"y":1},"o":{"x":0.167,"y":0},"t":69,"s":[{"i":[[-5.55,0],[-9.829,0],[8.626,-2.523],[0,0],[-3.594,0]],"o":[[5.55,0],[6.553,0],[0,0],[-3.437,-2.523],[5.391,0]],"v":[[-0.527,-5.951],[15.119,3.666],[12.01,7.451],[-16.843,7.451],[-16.606,3.666]],"c":true}]},{"i":{"x":0.667,"y":1},"o":{"x":0.167,"y":0},"t":74,"s":[{"i":[[-5.55,0],[-9.829,0],[8.626,-2.523],[0,0],[-3.594,0]],"o":[[5.55,0],[6.553,0],[0,0],[-3.437,-2.523],[5.391,0]],"v":[[1.723,-9.951],[15.119,3.666],[12.01,7.451],[-16.843,7.451],[-16.606,3.666]],"c":true}]},{"t":80,"s":[{"i":[[-5.55,0],[-9.829,0],[8.626,-2.523],[0,0],[-3.594,0]],"o":[[5.55,0],[6.553,0],[0,0],[-3.437,-2.523],[5.391,0]],"v":[[-4.777,-7.451],[15.119,3.666],[12.01,7.451],[-16.843,7.451],[-16.606,3.666]],"c":true}]}],"ix":2},"nm":"Path 1","mn":"ADBE Vector Shape - Group","hd":false},{"ty":"fl","c":{"a":0,"k":[1,0.588235318661,0,1],"ix":4},"o":{"a":0,"k":100,"ix":5},"r":1,"bm":0,"nm":"Fill 1","mn":"ADBE Vector Graphic - Fill","hd":false},{"ty":"tr","p":{"a":0,"k":[0,0],"ix":2},"a":{"a":0,"k":[0,0],"ix":1},"s":{"a":0,"k":[100,100],"ix":3},"r":{"a":0,"k":0,"ix":6},"o":{"a":0,"k":100,"ix":7},"sk":{"a":0,"k":0,"ix":4},"sa":{"a":0,"k":0,"ix":5},"nm":"Transform"}],"nm":"Fire Front R","np":2,"cix":2,"bm":0,"ix":1,"mn":"ADBE Vector Group","hd":false}],"ip":0,"op":250,"st":0,"bm":0},{"ddd":0,"ind":5,"ty":4,"nm":"Fire Front L","sr":1,"ks":{"o":{"a":0,"k":100,"ix":11},"r":{"a":0,"k":0,"ix":10},"p":{"a":0,"k":[74.871,138.909,0],"ix":2},"a":{"a":0,"k":[0,0,0],"ix":1},"s":{"a":0,"k":[100,100,100],"ix":6}},"ao":0,"shapes":[{"ty":"gr","it":[{"ind":0,"ty":"sh","ix":1,"ks":{"a":1,"k":[{"i":{"x":0.667,"y":1},"o":{"x":0.333,"y":0},"t":0,"s":[{"i":[[5.55,0],[9.829,0],[-8.687,-2.51],[0,0],[3.594,0]],"o":[[-5.55,0],[-6.553,0],[0,0],[3.363,-2.51],[-5.391,0]],"v":[[8.362,-11.415],[-15.133,7.649],[-11.932,11.415],[16.921,11.415],[16.574,7.649]],"c":true}]},{"i":{"x":0.833,"y":1},"o":{"x":0.333,"y":0},"t":4,"s":[{"i":[[5.55,0],[9.829,0],[-8.687,-2.51],[0,0],[3.594,0]],"o":[[-5.55,0],[-6.553,0],[0,0],[3.363,-2.51],[-5.391,0]],"v":[[6.862,-9.165],[-15.133,7.649],[-11.932,11.415],[16.921,11.415],[16.574,7.649]],"c":true}]},{"i":{"x":0.833,"y":1},"o":{"x":0.167,"y":0},"t":8,"s":[{"i":[[5.55,0],[9.829,0],[-8.687,-2.51],[0,0],[3.594,0]],"o":[[-5.55,0],[-6.553,0],[0,0],[3.363,-2.51],[-5.391,0]],"v":[[1.112,-9.665],[-15.133,7.649],[-11.932,11.415],[16.921,11.415],[16.574,7.649]],"c":true}]},{"i":{"x":0.833,"y":1},"o":{"x":0.167,"y":0},"t":11,"s":[{"i":[[5.55,0],[9.829,0],[-8.687,-2.51],[0,0],[3.594,0]],"o":[[-5.55,0],[-6.553,0],[0,0],[3.363,-2.51],[-5.391,0]],"v":[[3.362,-7.915],[-15.133,7.649],[-11.932,11.415],[16.921,11.415],[16.574,7.649]],"c":true}]},{"i":{"x":0.833,"y":1},"o":{"x":0.167,"y":0},"t":14,"s":[{"i":[[5.55,0],[9.829,0],[-8.687,-2.51],[0,0],[3.594,0]],"o":[[-5.55,0],[-6.553,0],[0,0],[3.363,-2.51],[-5.391,0]],"v":[[4.612,-8.415],[-15.133,7.649],[-11.932,11.415],[16.921,11.415],[16.574,7.649]],"c":true}]},{"i":{"x":0.833,"y":1},"o":{"x":0.167,"y":0},"t":18,"s":[{"i":[[5.55,0],[9.829,0],[-8.687,-2.51],[0,0],[3.594,0]],"o":[[-5.55,0],[-6.553,0],[0,0],[3.363,-2.51],[-5.391,0]],"v":[[4.612,-5.665],[-15.133,7.649],[-11.932,11.415],[16.921,11.415],[16.574,7.649]],"c":true}]},{"i":{"x":0.833,"y":1},"o":{"x":0.167,"y":0},"t":21,"s":[{"i":[[5.55,0],[9.829,0],[-8.687,-2.51],[0,0],[3.594,0]],"o":[[-5.55,0],[-6.553,0],[0,0],[3.363,-2.51],[-5.391,0]],"v":[[0.862,-9.165],[-15.133,7.649],[-11.932,11.415],[16.921,11.415],[16.574,7.649]],"c":true}]},{"i":{"x":0.833,"y":1},"o":{"x":0.167,"y":0},"t":25,"s":[{"i":[[5.55,0],[9.829,0],[-8.687,-2.51],[0,0],[3.594,0]],"o":[[-5.55,0],[-6.553,0],[0,0],[3.363,-2.51],[-5.391,0]],"v":[[6.612,-6.415],[-15.133,7.649],[-11.932,11.415],[16.921,11.415],[16.574,7.649]],"c":true}]},{"i":{"x":0.833,"y":1},"o":{"x":0.167,"y":0},"t":29,"s":[{"i":[[5.55,0],[9.829,0],[-8.687,-2.51],[0,0],[3.594,0]],"o":[[-5.55,0],[-6.553,0],[0,0],[3.363,-2.51],[-5.391,0]],"v":[[4.362,-10.165],[-15.133,7.649],[-11.932,11.415],[16.921,11.415],[16.574,7.649]],"c":true}]},{"i":{"x":0.833,"y":1},"o":{"x":0.167,"y":0},"t":33,"s":[{"i":[[5.55,0],[9.829,0],[-8.687,-2.51],[0,0],[3.594,0]],"o":[[-5.55,0],[-6.553,0],[0,0],[3.363,-2.51],[-5.391,0]],"v":[[6.112,-7.415],[-15.133,7.649],[-11.932,11.415],[16.921,11.415],[16.574,7.649]],"c":true}]},{"i":{"x":0.833,"y":1},"o":{"x":0.167,"y":0},"t":36,"s":[{"i":[[5.55,0],[9.829,0],[-8.687,-2.51],[0,0],[3.594,0]],"o":[[-5.55,0],[-6.553,0],[0,0],[3.363,-2.51],[-5.391,0]],"v":[[4.862,-10.415],[-15.133,7.649],[-11.932,11.415],[16.921,11.415],[16.574,7.649]],"c":true}]},{"i":{"x":0.667,"y":1},"o":{"x":0.167,"y":0},"t":39,"s":[{"i":[[5.55,0],[9.829,0],[-8.687,-2.51],[0,0],[3.594,0]],"o":[[-5.55,0],[-6.553,0],[0,0],[3.363,-2.51],[-5.391,0]],"v":[[4.862,-7.665],[-15.133,7.649],[-11.932,11.415],[16.921,11.415],[16.574,7.649]],"c":true}]},{"i":{"x":0.667,"y":1},"o":{"x":0.333,"y":0},"t":42,"s":[{"i":[[5.55,0],[9.829,0],[-8.687,-2.51],[0,0],[3.594,0]],"o":[[-5.55,0],[-6.553,0],[0,0],[3.363,-2.51],[-5.391,0]],"v":[[8.362,-11.415],[-15.133,7.649],[-11.932,11.415],[16.921,11.415],[16.574,7.649]],"c":true}]},{"i":{"x":0.833,"y":1},"o":{"x":0.333,"y":0},"t":46,"s":[{"i":[[5.55,0],[9.829,0],[-8.687,-2.51],[0,0],[3.594,0]],"o":[[-5.55,0],[-6.553,0],[0,0],[3.363,-2.51],[-5.391,0]],"v":[[5.862,-4.915],[-15.133,7.649],[-11.932,11.415],[16.921,11.415],[16.574,7.649]],"c":true}]},{"i":{"x":0.833,"y":1},"o":{"x":0.167,"y":0},"t":50,"s":[{"i":[[5.55,0],[9.829,0],[-8.687,-2.51],[0,0],[3.594,0]],"o":[[-5.55,0],[-6.553,0],[0,0],[3.363,-2.51],[-5.391,0]],"v":[[2.362,-10.165],[-15.133,7.649],[-11.932,11.415],[16.921,11.415],[16.574,7.649]],"c":true}]},{"i":{"x":0.833,"y":1},"o":{"x":0.167,"y":0},"t":53,"s":[{"i":[[5.55,0],[9.829,0],[-8.687,-2.51],[0,0],[3.594,0]],"o":[[-5.55,0],[-6.553,0],[0,0],[3.363,-2.51],[-5.391,0]],"v":[[3.362,-7.665],[-15.133,7.649],[-11.932,11.415],[16.921,11.415],[16.574,7.649]],"c":true}]},{"i":{"x":0.833,"y":1},"o":{"x":0.167,"y":0},"t":56,"s":[{"i":[[5.55,0],[9.829,0],[-8.687,-2.51],[0,0],[3.594,0]],"o":[[-5.55,0],[-6.553,0],[0,0],[3.363,-2.51],[-5.391,0]],"v":[[4.362,-11.915],[-15.133,7.649],[-11.932,11.415],[16.921,11.415],[16.574,7.649]],"c":true}]},{"i":{"x":0.833,"y":1},"o":{"x":0.167,"y":0},"t":60,"s":[{"i":[[5.55,0],[9.829,0],[-8.687,-2.51],[0,0],[3.594,0]],"o":[[-5.55,0],[-6.553,0],[0,0],[3.363,-2.51],[-5.391,0]],"v":[[2.862,-9.165],[-15.133,7.649],[-11.932,11.415],[16.921,11.415],[16.574,7.649]],"c":true}]},{"i":{"x":0.833,"y":1},"o":{"x":0.167,"y":0},"t":63,"s":[{"i":[[5.55,0],[9.829,0],[-8.687,-2.51],[0,0],[3.594,0]],"o":[[-5.55,0],[-6.553,0],[0,0],[3.363,-2.51],[-5.391,0]],"v":[[5.362,-13.415],[-15.133,7.649],[-11.932,11.415],[16.921,11.415],[16.574,7.649]],"c":true}]},{"i":{"x":0.833,"y":1},"o":{"x":0.167,"y":0},"t":68,"s":[{"i":[[5.55,0],[9.829,0],[-8.687,-2.51],[0,0],[3.594,0]],"o":[[-5.55,0],[-6.553,0],[0,0],[3.363,-2.51],[-5.391,0]],"v":[[6.612,-6.415],[-15.133,7.649],[-11.932,11.415],[16.921,11.415],[16.574,7.649]],"c":true}]},{"i":{"x":0.833,"y":1},"o":{"x":0.167,"y":0},"t":71,"s":[{"i":[[5.55,0],[9.829,0],[-8.687,-2.51],[0,0],[3.594,0]],"o":[[-5.55,0],[-6.553,0],[0,0],[3.363,-2.51],[-5.391,0]],"v":[[4.612,-12.665],[-15.133,7.649],[-11.932,11.415],[16.921,11.415],[16.574,7.649]],"c":true}]},{"i":{"x":0.833,"y":1},"o":{"x":0.167,"y":0},"t":75,"s":[{"i":[[5.55,0],[9.829,0],[-8.687,-2.51],[0,0],[3.594,0]],"o":[[-5.55,0],[-6.553,0],[0,0],[3.363,-2.51],[-5.391,0]],"v":[[7.612,-9.665],[-15.133,7.649],[-11.932,11.415],[16.921,11.415],[16.574,7.649]],"c":true}]},{"i":{"x":0.667,"y":1},"o":{"x":0.167,"y":0},"t":78,"s":[{"i":[[5.55,0],[9.829,0],[-8.687,-2.51],[0,0],[3.594,0]],"o":[[-5.55,0],[-6.553,0],[0,0],[3.363,-2.51],[-5.391,0]],"v":[[4.112,-14.415],[-15.133,7.649],[-11.932,11.415],[16.921,11.415],[16.574,7.649]],"c":true}]},{"t":80,"s":[{"i":[[5.55,0],[9.829,0],[-8.687,-2.51],[0,0],[3.594,0]],"o":[[-5.55,0],[-6.553,0],[0,0],[3.363,-2.51],[-5.391,0]],"v":[[8.362,-11.415],[-15.133,7.649],[-11.932,11.415],[16.921,11.415],[16.574,7.649]],"c":true}]}],"ix":2},"nm":"Path 1","mn":"ADBE Vector Shape - Group","hd":false},{"ty":"fl","c":{"a":0,"k":[1,0.588235318661,0,1],"ix":4},"o":{"a":0,"k":100,"ix":5},"r":1,"bm":0,"nm":"Fill 1","mn":"ADBE Vector Graphic - Fill","hd":false},{"ty":"tr","p":{"a":0,"k":[0,0],"ix":2},"a":{"a":0,"k":[0,0],"ix":1},"s":{"a":0,"k":[100,100],"ix":3},"r":{"a":0,"k":0,"ix":6},"o":{"a":0,"k":100,"ix":7},"sk":{"a":0,"k":0,"ix":4},"sa":{"a":0,"k":0,"ix":5},"nm":"Transform"}],"nm":"Fire Front L","np":2,"cix":2,"bm":0,"ix":1,"mn":"ADBE Vector Group","hd":false}],"ip":0,"op":250,"st":0,"bm":0},{"ddd":0,"ind":6,"ty":4,"nm":"Loop L","sr":1,"ks":{"o":{"a":0,"k":100,"ix":11},"r":{"a":0,"k":0,"ix":10},"p":{"a":0,"k":[75.829,67.885,0],"ix":2},"a":{"a":0,"k":[0,0,0],"ix":1},"s":{"a":0,"k":[100,100,100],"ix":6}},"ao":0,"shapes":[{"ty":"gr","it":[{"ind":0,"ty":"sh","ix":1,"ks":{"a":0,"k":{"i":[[-2.802,0],[0,-2.802],[0,0],[2.802,0],[0,2.802],[0,0]],"o":[[2.802,0],[0,0],[0,2.802],[-2.802,0],[0,0],[0,-2.802]],"v":[[0,-11.415],[5.073,-6.341],[5.073,6.341],[0,11.415],[-5.073,6.341],[-5.073,-6.341]],"c":true},"ix":2},"nm":"Path 1","mn":"ADBE Vector Shape - Group","hd":false},{"ty":"fl","c":{"a":0,"k":[1,1,1,1],"ix":4},"o":{"a":0,"k":100,"ix":5},"r":1,"bm":0,"nm":"Fill 1","mn":"ADBE Vector Graphic - Fill","hd":false},{"ty":"tr","p":{"a":0,"k":[0,0],"ix":2},"a":{"a":0,"k":[0,0],"ix":1},"s":{"a":0,"k":[100,100],"ix":3},"r":{"a":0,"k":0,"ix":6},"o":{"a":0,"k":100,"ix":7},"sk":{"a":0,"k":0,"ix":4},"sa":{"a":0,"k":0,"ix":5},"nm":"Transform"}],"nm":"Loop L","np":2,"cix":2,"bm":0,"ix":1,"mn":"ADBE Vector Group","hd":false}],"ip":0,"op":250,"st":0,"bm":0},{"ddd":0,"ind":7,"ty":4,"nm":"Loop R","sr":1,"ks":{"o":{"a":0,"k":100,"ix":11},"r":{"a":0,"k":0,"ix":10},"p":{"a":0,"k":[31.439,67.885,0],"ix":2},"a":{"a":0,"k":[0,0,0],"ix":1},"s":{"a":0,"k":[100,100,100],"ix":6}},"ao":0,"shapes":[{"ty":"gr","it":[{"ind":0,"ty":"sh","ix":1,"ks":{"a":0,"k":{"i":[[-2.802,0],[0,-2.802],[0,0],[2.802,0],[0,2.802],[0,0]],"o":[[2.802,0],[0,0],[0,2.802],[-2.802,0],[0,0],[0,-2.802]],"v":[[0,-11.415],[5.073,-6.341],[5.073,6.341],[0,11.415],[-5.073,6.341],[-5.073,-6.341]],"c":true},"ix":2},"nm":"Path 1","mn":"ADBE Vector Shape - Group","hd":false},{"ty":"fl","c":{"a":0,"k":[1,1,1,1],"ix":4},"o":{"a":0,"k":100,"ix":5},"r":1,"bm":0,"nm":"Fill 1","mn":"ADBE Vector Graphic - Fill","hd":false},{"ty":"tr","p":{"a":0,"k":[0,0],"ix":2},"a":{"a":0,"k":[0,0],"ix":1},"s":{"a":0,"k":[100,100],"ix":3},"r":{"a":0,"k":0,"ix":6},"o":{"a":0,"k":100,"ix":7},"sk":{"a":0,"k":0,"ix":4},"sa":{"a":0,"k":0,"ix":5},"nm":"Transform"}],"nm":"Loop R","np":2,"cix":2,"bm":0,"ix":1,"mn":"ADBE Vector Group","hd":false}],"ip":0,"op":250,"st":0,"bm":0},{"ddd":0,"ind":8,"ty":4,"nm":"7","sr":1,"ks":{"o":{"a":0,"k":100,"ix":11},"r":{"a":0,"k":0,"ix":10},"p":{"a":0,"k":[53,116.643,0],"ix":2},"a":{"a":0,"k":[0,0,0],"ix":1},"s":{"a":0,"k":[100,100,100],"ix":6}},"ao":0,"shapes":[{"ty":"gr","it":[{"ind":0,"ty":"sh","ix":1,"ks":{"a":0,"k":{"i":[[-1.075,2.204],[0,0],[0,1.098],[2.452,0],[0,0],[0,-2.452],[-2.452,0],[0,0],[0,0],[-2.203,-1.075]],"o":[[0,0],[0.661,-0.775],[0,-2.452],[0,0],[-2.452,0],[0,2.452],[0,0],[0,0],[-1.075,2.204],[2.203,1.075]],"v":[[-0.224,14.557],[11.623,-9.733],[12.683,-12.612],[8.244,-17.051],[-8.244,-17.051],[-12.683,-12.612],[-8.244,-8.173],[0.984,-8.173],[-8.203,10.665],[-6.159,16.6]],"c":true},"ix":2},"nm":"Path 1","mn":"ADBE Vector Shape - Group","hd":false},{"ty":"fl","c":{"a":0,"k":[0.952941179276,0.282352954149,0.282352954149,1],"ix":4},"o":{"a":0,"k":100,"ix":5},"r":1,"bm":0,"nm":"Fill 1","mn":"ADBE Vector Graphic - Fill","hd":false},{"ty":"tr","p":{"a":0,"k":[0,0],"ix":2},"a":{"a":0,"k":[0,0],"ix":1},"s":{"a":0,"k":[100,100],"ix":3},"r":{"a":0,"k":0,"ix":6},"o":{"a":0,"k":100,"ix":7},"sk":{"a":0,"k":0,"ix":4},"sa":{"a":0,"k":0,"ix":5},"nm":"Transform"}],"nm":"7","np":2,"cix":2,"bm":0,"ix":1,"mn":"ADBE Vector Group","hd":false}],"ip":0,"op":250,"st":0,"bm":0},{"ddd":0,"ind":9,"ty":4,"nm":"Hole L","sr":1,"ks":{"o":{"a":0,"k":100,"ix":11},"r":{"a":0,"k":0,"ix":10},"p":{"a":0,"k":[75.829,75.494,0],"ix":2},"a":{"a":0,"k":[0,0,0],"ix":1},"s":{"a":0,"k":[100,100,100],"ix":6}},"ao":0,"shapes":[{"ty":"gr","it":[{"ind":0,"ty":"sh","ix":1,"ks":{"a":0,"k":{"i":[[0,-3.502],[3.502,0],[0,3.502],[-3.502,0]],"o":[[0,3.502],[-3.502,0],[0,-3.502],[3.502,0]],"v":[[6.341,0],[0,6.341],[-6.341,0],[0,-6.341]],"c":true},"ix":2},"nm":"Path 1","mn":"ADBE Vector Shape - Group","hd":false},{"ty":"fl","c":{"a":0,"k":[0.760784327984,0.180392161012,0.180392161012,1],"ix":4},"o":{"a":0,"k":100,"ix":5},"r":1,"bm":0,"nm":"Fill 1","mn":"ADBE Vector Graphic - Fill","hd":false},{"ty":"tr","p":{"a":0,"k":[0,0],"ix":2},"a":{"a":0,"k":[0,0],"ix":1},"s":{"a":0,"k":[100,100],"ix":3},"r":{"a":0,"k":0,"ix":6},"o":{"a":0,"k":100,"ix":7},"sk":{"a":0,"k":0,"ix":4},"sa":{"a":0,"k":0,"ix":5},"nm":"Transform"}],"nm":"Hole L","np":2,"cix":2,"bm":0,"ix":1,"mn":"ADBE Vector Group","hd":false}],"ip":0,"op":250,"st":0,"bm":0},{"ddd":0,"ind":10,"ty":4,"nm":"Hole R","sr":1,"ks":{"o":{"a":0,"k":100,"ix":11},"r":{"a":0,"k":0,"ix":10},"p":{"a":0,"k":[31.439,75.494,0],"ix":2},"a":{"a":0,"k":[0,0,0],"ix":1},"s":{"a":0,"k":[100,100,100],"ix":6}},"ao":0,"shapes":[{"ty":"gr","it":[{"ind":0,"ty":"sh","ix":1,"ks":{"a":0,"k":{"i":[[0,-3.502],[3.502,0],[0,3.502],[-3.502,0]],"o":[[0,3.502],[-3.502,0],[0,-3.502],[3.502,0]],"v":[[6.341,0],[0,6.341],[-6.341,0],[0,-6.341]],"c":true},"ix":2},"nm":"Path 1","mn":"ADBE Vector Shape - Group","hd":false},{"ty":"fl","c":{"a":0,"k":[0.760784327984,0.180392161012,0.180392161012,1],"ix":4},"o":{"a":0,"k":100,"ix":5},"r":1,"bm":0,"nm":"Fill 1","mn":"ADBE Vector Graphic - Fill","hd":false},{"ty":"tr","p":{"a":0,"k":[0,0],"ix":2},"a":{"a":0,"k":[0,0],"ix":1},"s":{"a":0,"k":[100,100],"ix":3},"r":{"a":0,"k":0,"ix":6},"o":{"a":0,"k":100,"ix":7},"sk":{"a":0,"k":0,"ix":4},"sa":{"a":0,"k":0,"ix":5},"nm":"Transform"}],"nm":"Hole R","np":2,"cix":2,"bm":0,"ix":1,"mn":"ADBE Vector Group","hd":false}],"ip":0,"op":250,"st":0,"bm":0},{"ddd":0,"ind":11,"ty":4,"nm":"Calendar Top","sr":1,"ks":{"o":{"a":0,"k":100,"ix":11},"r":{"a":0,"k":0,"ix":10},"p":{"a":0,"k":[53,76.763,0],"ix":2},"a":{"a":0,"k":[0,0,0],"ix":1},"s":{"a":0,"k":[100,100,100],"ix":6}},"ao":0,"shapes":[{"ty":"gr","it":[{"ind":0,"ty":"sh","ix":1,"ks":{"a":0,"k":{"i":[[0,0],[0,0],[0,0],[2.802,0],[0,0],[0,-2.802]],"o":[[0,0],[0,0],[0,-2.802],[0,0],[-2.802,0],[0,0]],"v":[[-44.39,11.415],[44.39,11.415],[44.39,-6.341],[39.317,-11.415],[-39.317,-11.415],[-44.39,-6.341]],"c":true},"ix":2},"nm":"Path 1","mn":"ADBE Vector Shape - Group","hd":false},{"ty":"fl","c":{"a":0,"k":[0.952941179276,0.282352954149,0.282352954149,1],"ix":4},"o":{"a":0,"k":100,"ix":5},"r":1,"bm":0,"nm":"Fill 1","mn":"ADBE Vector Graphic - Fill","hd":false},{"ty":"tr","p":{"a":0,"k":[0,0],"ix":2},"a":{"a":0,"k":[0,0],"ix":1},"s":{"a":0,"k":[100,100],"ix":3},"r":{"a":0,"k":0,"ix":6},"o":{"a":0,"k":100,"ix":7},"sk":{"a":0,"k":0,"ix":4},"sa":{"a":0,"k":0,"ix":5},"nm":"Transform"}],"nm":"Calendar Top","np":2,"cix":2,"bm":0,"ix":1,"mn":"ADBE Vector Group","hd":false}],"ip":0,"op":250,"st":0,"bm":0},{"ddd":0,"ind":12,"ty":4,"nm":"Calendar Body","sr":1,"ks":{"o":{"a":0,"k":100,"ix":11},"r":{"a":0,"k":0,"ix":10},"p":{"a":0,"k":[53,105.933,0],"ix":2},"a":{"a":0,"k":[0,0,0],"ix":1},"s":{"a":0,"k":[100,100,100],"ix":6}},"ao":0,"shapes":[{"ty":"gr","it":[{"ind":0,"ty":"sh","ix":1,"ks":{"a":0,"k":{"i":[[-2.802,0],[0,0],[0,-2.802],[0,0],[2.802,0],[0,0],[0,2.802],[0,0]],"o":[[0,0],[2.802,0],[0,0],[0,2.802],[0,0],[-2.802,0],[0,0],[0,-2.802]],"v":[[-39.317,-40.585],[39.317,-40.585],[44.39,-35.512],[44.39,35.512],[39.317,40.585],[-39.317,40.585],[-44.39,35.512],[-44.39,-35.512]],"c":true},"ix":2},"nm":"Path 1","mn":"ADBE Vector Shape - Group","hd":false},{"ty":"fl","c":{"a":0,"k":[1,1,1,1],"ix":4},"o":{"a":0,"k":100,"ix":5},"r":1,"bm":0,"nm":"Fill 1","mn":"ADBE Vector Graphic - Fill","hd":false},{"ty":"tr","p":{"a":0,"k":[0,0],"ix":2},"a":{"a":0,"k":[0,0],"ix":1},"s":{"a":0,"k":[100,100],"ix":3},"r":{"a":0,"k":0,"ix":6},"o":{"a":0,"k":100,"ix":7},"sk":{"a":0,"k":0,"ix":4},"sa":{"a":0,"k":0,"ix":5},"nm":"Transform"}],"nm":"Calendar Body","np":2,"cix":2,"bm":0,"ix":1,"mn":"ADBE Vector Group","hd":false}],"ip":0,"op":250,"st":0,"bm":0},{"ddd":0,"ind":13,"ty":4,"nm":"Fire yellow","sr":1,"ks":{"o":{"a":0,"k":100,"ix":11},"r":{"a":0,"k":0,"ix":10},"p":{"a":0,"k":[53.317,67.559,0],"ix":2},"a":{"a":0,"k":[0,0,0],"ix":1},"s":{"a":0,"k":[100,100,100],"ix":6}},"ao":0,"shapes":[{"ty":"gr","it":[{"ind":0,"ty":"sh","ix":1,"ks":{"a":1,"k":[{"i":{"x":0.833,"y":1},"o":{"x":0.333,"y":0},"t":0,"s":[{"i":[[0,0],[0,0],[-1.044,0.42],[-1.046,-2.599],[-0.921,-2.133],[-6.092,3.932],[0,0],[-1.874,-2.083],[-0.22,-0.669],[0,0],[0,0],[0,0]],"o":[[0,0],[0.568,-0.972],[2.599,-1.046],[1.114,2.768],[3.968,6.1],[0,0],[2.083,-1.874],[0.471,0.523],[0,0],[0,0],[0,0],[0,0]],"v":[[-40.902,10.956],[-22.087,-21.256],[-19.6,-23.404],[-13,-20.592],[-9.947,-13.24],[8.313,-9.371],[19.267,-19.223],[26.432,-18.843],[27.479,-17.036],[40.902,23.772],[-28.537,23.772],[-14.288,10.956]],"c":true}]},{"i":{"x":0.833,"y":1},"o":{"x":0.167,"y":0},"t":4,"s":[{"i":[[0,0],[0,0],[-1.044,0.42],[-1.046,-2.599],[-0.921,-2.133],[-6.092,3.932],[0,0],[-1.874,-2.083],[-0.22,-0.669],[0,0],[0,0],[0,0]],"o":[[0,0],[0.568,-0.972],[2.599,-1.046],[1.114,2.768],[3.968,6.1],[0,0],[2.083,-1.874],[0.471,0.523],[0,0],[0,0],[0,0],[0,0]],"v":[[-40.902,10.956],[-21.837,-18.506],[-19.35,-20.654],[-12.75,-17.842],[-9.697,-10.49],[10.022,-12.121],[20.976,-21.973],[28.141,-21.593],[29.188,-19.786],[40.902,23.772],[-28.537,23.772],[-14.288,10.956]],"c":true}]},{"i":{"x":0.833,"y":1},"o":{"x":0.167,"y":0},"t":8,"s":[{"i":[[0,0],[0,0],[-1.044,0.42],[-1.046,-2.599],[-0.921,-2.133],[-16.964,-0.439],[0,0],[-1.874,-2.083],[-0.22,-0.669],[0,0],[0,0],[0,0]],"o":[[0,0],[0.568,-0.972],[2.599,-1.046],[1.114,2.768],[3.968,6.1],[5.409,0.14],[2.083,-1.874],[0.471,0.523],[0,0],[0,0],[0,0],[0,0]],"v":[[-40.902,10.956],[-24.37,-29.006],[-21.883,-31.154],[-15.283,-28.342],[-12.23,-20.99],[8.272,-6.121],[19.226,-15.973],[26.391,-15.593],[27.438,-13.786],[40.902,23.772],[-28.537,23.772],[-14.288,10.956]],"c":true}]},{"i":{"x":0.833,"y":1},"o":{"x":0.167,"y":0},"t":12,"s":[{"i":[[0,0],[0,0],[-1.044,0.42],[-1.046,-2.599],[-0.921,-2.133],[-6.092,3.932],[0,0],[-1.874,-2.083],[-0.22,-0.669],[0,0],[0,0],[0,0]],"o":[[0,0],[0.568,-0.972],[2.599,-1.046],[1.114,2.768],[3.968,6.1],[0,0],[2.083,-1.874],[0.471,0.523],[0,0],[0,0],[0,0],[0,0]],"v":[[-40.902,10.956],[-22.356,-23.131],[-19.87,-25.279],[-13.269,-22.467],[-10.217,-15.115],[8.313,-9.371],[19.267,-19.223],[26.432,-18.843],[27.479,-17.036],[40.902,23.772],[-28.537,23.772],[-14.288,10.956]],"c":true}]},{"i":{"x":0.833,"y":1},"o":{"x":0.167,"y":0},"t":16,"s":[{"i":[[0,0],[0,0],[-1.044,0.42],[-1.046,-2.599],[-0.921,-2.133],[-6.092,3.932],[0,0],[-1.874,-2.083],[-0.22,-0.669],[0,0],[0,0],[0,0]],"o":[[0,0],[0.568,-0.972],[2.599,-1.046],[1.114,2.768],[3.968,6.1],[0,0],[2.083,-1.874],[0.471,0.523],[0,0],[0,0],[0,0],[0,0]],"v":[[-40.902,10.956],[-22.12,-25.881],[-19.633,-28.029],[-13.033,-25.217],[-9.98,-17.865],[8.313,-9.371],[19.226,-16.723],[26.391,-16.343],[27.438,-14.536],[40.902,23.772],[-28.537,23.772],[-14.288,10.956]],"c":true}]},{"i":{"x":0.833,"y":1},"o":{"x":0.167,"y":0},"t":20,"s":[{"i":[[0,0],[0,0],[-1.044,0.42],[-1.046,-2.599],[-0.921,-2.133],[-3.495,3.314],[0,0],[-1.874,-2.083],[-0.22,-0.669],[0,0],[0,0],[0,0]],"o":[[0,0],[0.568,-0.972],[2.599,-1.046],[1.114,2.768],[3.968,6.1],[3.495,-3.314],[2.083,-1.874],[0.471,0.523],[0,0],[0,0],[0,0],[0,0]],"v":[[-40.902,10.956],[-23.212,-19.381],[-20.725,-21.529],[-14.125,-18.717],[-11.072,-11.365],[8.313,-9.371],[20.267,-22.598],[27.432,-22.218],[28.479,-20.411],[40.902,23.772],[-28.537,23.772],[-14.288,10.956]],"c":true}]},{"i":{"x":0.833,"y":1},"o":{"x":0.167,"y":0},"t":24,"s":[{"i":[[0,0],[0,0],[-1.044,0.42],[-1.046,-2.599],[-0.921,-2.133],[-8.818,-0.126],[0,0],[-1.874,-2.083],[-0.22,-0.669],[0,0],[0,0],[0,0]],"o":[[0,0],[0.568,-0.972],[2.599,-1.046],[1.114,2.768],[3.968,6.1],[6.932,-0.251],[2.083,-1.874],[0.471,0.523],[0,0],[0,0],[0,0],[0,0]],"v":[[-40.902,10.956],[-25.712,-36.381],[-23.225,-38.529],[-16.625,-35.717],[-13.572,-28.365],[8.313,-9.371],[19.017,-15.098],[26.182,-14.718],[27.229,-12.911],[40.902,23.772],[-28.537,23.772],[-14.288,10.956]],"c":true}]},{"i":{"x":0.833,"y":1},"o":{"x":0.167,"y":0},"t":28,"s":[{"i":[[0,0],[0,0],[-1.044,0.42],[-1.046,-2.599],[-0.921,-2.133],[-7.068,2.561],[0,0],[-1.874,-2.083],[-0.22,-0.669],[0,0],[0,0],[0,0]],"o":[[0,0],[0.568,-0.972],[2.599,-1.046],[1.114,2.768],[3.968,6.1],[5.807,-3.564],[2.083,-1.874],[0.471,0.523],[0,0],[0,0],[0,0],[0,0]],"v":[[-40.902,10.956],[-22.962,-27.506],[-20.475,-29.654],[-13.875,-26.842],[-10.822,-19.49],[8.313,-9.371],[19.267,-19.223],[26.432,-18.843],[27.479,-17.036],[40.902,23.772],[-28.537,23.772],[-14.288,10.956]],"c":true}]},{"i":{"x":0.833,"y":1},"o":{"x":0.167,"y":0},"t":32,"s":[{"i":[[0,0],[0,0],[-1.044,0.42],[-1.046,-2.599],[-0.921,-2.133],[-8.88,1.124],[0,0],[-1.874,-2.083],[-0.22,-0.669],[0,0],[0,0],[0,0]],"o":[[0,0],[0.568,-0.972],[2.599,-1.046],[1.114,2.768],[3.968,6.1],[6.807,-2.314],[2.083,-1.874],[0.471,0.523],[0,0],[0,0],[0,0],[0,0]],"v":[[-40.902,10.956],[-22.37,-31.006],[-19.883,-33.154],[-13.283,-30.342],[-10.23,-22.99],[8.313,-9.371],[19.017,-16.723],[26.182,-16.343],[27.229,-14.536],[40.902,23.772],[-28.537,23.772],[-14.288,10.956]],"c":true}]},{"i":{"x":0.833,"y":1},"o":{"x":0.167,"y":0},"t":36,"s":[{"i":[[0,0],[0,0],[-1.044,0.42],[-1.046,-2.599],[-0.921,-2.133],[-3.005,2.561],[0,0],[-1.874,-2.083],[-0.22,-0.669],[0,0],[0,0],[0,0]],"o":[[0,0],[0.568,-0.972],[2.599,-1.046],[1.114,2.768],[12.255,9.056],[0,0],[2.083,-1.874],[0.471,0.523],[0,0],[0,0],[0,0],[0,0]],"v":[[-40.902,10.956],[-25.212,-18.006],[-22.725,-20.154],[-16.125,-17.342],[-13.072,-9.99],[8.313,-9.371],[19.267,-19.223],[26.432,-18.843],[27.479,-17.036],[40.902,23.772],[-28.537,23.772],[-14.288,10.956]],"c":true}]},{"i":{"x":0.833,"y":1},"o":{"x":0.167,"y":0},"t":40,"s":[{"i":[[0,0],[0,0],[-1.044,0.42],[-1.046,-2.599],[-0.921,-2.133],[-10.13,2.811],[0,0],[-1.874,-2.083],[-0.22,-0.669],[0,0],[0,0],[0,0]],"o":[[0,0],[0.568,-0.972],[2.599,-1.046],[1.114,2.768],[3.968,6.1],[0,0],[2.083,-1.874],[0.471,0.523],[0,0],[0,0],[0,0],[0,0]],"v":[[-40.902,10.956],[-23.212,-28.256],[-20.725,-30.404],[-14.125,-27.592],[-11.072,-20.24],[8.313,-9.371],[18.767,-15.098],[25.932,-14.718],[26.979,-12.911],[40.902,23.772],[-28.537,23.772],[-14.288,10.956]],"c":true}]},{"i":{"x":0.833,"y":1},"o":{"x":0.167,"y":0},"t":44,"s":[{"i":[[0,0],[0,0],[-1.044,0.42],[-1.046,-2.599],[-0.921,-2.133],[-11.255,5.936],[0,0],[-1.874,-2.083],[-0.22,-0.669],[0,0],[0,0],[0,0]],"o":[[0,0],[0.568,-0.972],[2.599,-1.046],[1.114,2.768],[3.968,6.1],[0,0],[2.083,-1.874],[0.471,0.523],[0,0],[0,0],[0,0],[0,0]],"v":[[-40.902,10.956],[-23.462,-23.506],[-20.975,-25.654],[-14.375,-22.842],[-11.322,-15.49],[8.313,-9.371],[18.767,-19.598],[25.932,-19.218],[26.979,-17.411],[40.902,23.772],[-28.537,23.772],[-14.288,10.956]],"c":true}]},{"i":{"x":0.833,"y":1},"o":{"x":0.167,"y":0},"t":48,"s":[{"i":[[0,0],[0,0],[-1.044,0.42],[-1.046,-2.599],[-0.921,-2.133],[-9.63,1.499],[0,0],[-1.874,-2.083],[-0.22,-0.669],[0,0],[0,0],[0,0]],"o":[[0,0],[0.568,-0.972],[2.599,-1.046],[1.114,2.768],[3.968,6.1],[6.932,-2.501],[2.083,-1.874],[0.471,0.523],[0,0],[0,0],[0,0],[0,0]],"v":[[-40.902,10.956],[-24.62,-28.506],[-22.133,-30.654],[-15.533,-27.842],[-12.48,-20.49],[8.313,-9.371],[18.392,-15.723],[25.557,-15.343],[26.604,-13.536],[40.902,23.772],[-28.537,23.772],[-14.288,10.956]],"c":true}]},{"i":{"x":0.833,"y":1},"o":{"x":0.167,"y":0},"t":52,"s":[{"i":[[0,0],[0,0],[-1.044,0.42],[-1.046,-2.599],[-0.921,-2.133],[-4.38,2.874],[0,0],[-1.874,-2.083],[-0.22,-0.669],[0,0],[0,0],[0,0]],"o":[[0,0],[0.568,-0.972],[2.599,-1.046],[1.114,2.768],[3.968,6.1],[3.37,-2.376],[2.083,-1.874],[0.471,0.523],[0,0],[0,0],[0,0],[0,0]],"v":[[-40.902,10.956],[-21.212,-23.006],[-18.725,-25.154],[-12.125,-22.342],[-9.072,-14.99],[8.313,-9.371],[19.267,-19.223],[26.432,-18.843],[27.479,-17.036],[40.902,23.772],[-28.537,23.772],[-14.288,10.956]],"c":true}]},{"i":{"x":0.833,"y":0.833},"o":{"x":0.167,"y":0},"t":56,"s":[{"i":[[0,0],[0,0],[-1.044,0.42],[-1.046,-2.599],[-0.921,-2.133],[-9.755,1.061],[0,0],[-1.874,-2.083],[-0.22,-0.669],[0,0],[0,0],[0,0]],"o":[[0,0],[0.568,-0.972],[2.599,-1.046],[1.114,2.768],[3.968,6.1],[6.37,-1.876],[2.083,-1.874],[0.471,0.523],[0,0],[0,0],[0,0],[0,0]],"v":[[-40.902,10.956],[-21.37,-29.006],[-18.883,-31.154],[-12.283,-28.342],[-9.23,-20.99],[8.313,-9.371],[19.017,-15.848],[26.182,-15.468],[27.229,-13.661],[40.902,23.772],[-28.537,23.772],[-14.288,10.956]],"c":true}]},{"i":{"x":0.833,"y":1},"o":{"x":0.167,"y":0.167},"t":60,"s":[{"i":[[0,0],[0,0],[-1.044,0.42],[-1.046,-2.599],[-0.921,-2.133],[-4.307,2.314],[0,0],[-1.874,-2.083],[-0.22,-0.669],[0,0],[0,0],[0,0]],"o":[[0,0],[0.568,-0.972],[2.599,-1.046],[1.114,2.768],[3.968,6.1],[4.307,-2.314],[2.083,-1.874],[0.471,0.523],[0,0],[0,0],[0,0],[0,0]],"v":[[-40.902,10.956],[-23.821,-23.119],[-21.335,-25.266],[-14.734,-22.454],[-11.682,-15.102],[8.313,-9.371],[19.116,-20.407],[26.281,-20.028],[27.328,-18.22],[40.902,23.772],[-28.537,23.772],[-14.288,10.956]],"c":true}]},{"i":{"x":0.833,"y":1},"o":{"x":0.167,"y":0},"t":64,"s":[{"i":[[0,0],[0,0],[-1.044,0.42],[-1.046,-2.599],[-0.921,-2.133],[-13.755,-0.939],[0,0],[-1.874,-2.083],[-0.22,-0.669],[0,0],[0,0],[0,0]],"o":[[0,0],[0.568,-0.972],[2.599,-1.046],[1.114,2.768],[3.968,6.1],[8.057,-1.064],[2.083,-1.874],[0.471,0.523],[0,0],[0,0],[0,0],[0,0]],"v":[[-40.902,10.956],[-24.462,-32.506],[-21.975,-34.654],[-15.375,-31.842],[-12.322,-24.49],[7.813,-11.246],[19.142,-16.473],[26.307,-16.093],[27.354,-14.286],[40.902,23.772],[-28.537,23.772],[-14.288,10.956]],"c":true}]},{"i":{"x":0.833,"y":1},"o":{"x":0.167,"y":0},"t":68,"s":[{"i":[[0,0],[0,0],[-1.044,0.42],[-1.046,-2.599],[-0.921,-2.133],[-11.318,0.749],[0,0],[-1.874,-2.083],[-0.22,-0.669],[0,0],[0,0],[0,0]],"o":[[0,0],[0.568,-0.972],[2.599,-1.046],[1.114,2.768],[3.968,6.1],[7.807,-2.251],[2.083,-1.874],[0.471,0.523],[0,0],[0,0],[0,0],[0,0]],"v":[[-40.902,10.956],[-22.962,-27.756],[-20.475,-29.904],[-13.875,-27.092],[-10.822,-19.74],[7.563,-10.621],[20.517,-20.598],[27.682,-20.218],[28.729,-18.411],[40.902,23.772],[-28.537,23.772],[-14.288,10.956]],"c":true}]},{"i":{"x":0.833,"y":1},"o":{"x":0.167,"y":0},"t":72,"s":[{"i":[[0,0],[0,0],[-1.044,0.42],[-1.046,-2.599],[-0.921,-2.133],[-6.932,1.439],[0,0],[-1.874,-2.083],[-0.22,-0.669],[0,0],[0,0],[0,0]],"o":[[0,0],[0.568,-0.972],[2.599,-1.046],[1.114,2.768],[3.968,6.1],[6.932,-1.439],[2.083,-1.874],[0.471,0.523],[0,0],[0,0],[0,0],[0,0]],"v":[[-40.902,10.956],[-22.712,-31.006],[-20.225,-33.154],[-13.625,-30.342],[-10.572,-22.99],[7.563,-11.496],[18.142,-17.098],[25.307,-16.718],[26.354,-14.911],[40.902,23.772],[-28.537,23.772],[-14.288,10.956]],"c":true}]},{"i":{"x":0.667,"y":1},"o":{"x":0.167,"y":0},"t":76,"s":[{"i":[[0,0],[0,0],[-1.044,0.42],[-1.046,-2.599],[-0.921,-2.133],[-5.432,2.251],[0,0],[-1.874,-2.083],[-0.22,-0.669],[0,0],[0,0],[0,0]],"o":[[0,0],[0.568,-0.972],[2.599,-1.046],[1.114,2.768],[3.968,6.1],[5.432,-2.251],[2.083,-1.874],[0.471,0.523],[0,0],[0,0],[0,0],[0,0]],"v":[[-40.902,10.956],[-22.712,-25.256],[-20.225,-27.404],[-13.625,-24.592],[-10.572,-17.24],[7.688,-10.121],[19.267,-19.223],[26.432,-18.843],[27.479,-17.036],[40.902,23.772],[-28.537,23.772],[-14.288,10.956]],"c":true}]},{"t":80,"s":[{"i":[[0,0],[0,0],[-1.044,0.42],[-1.046,-2.599],[-0.921,-2.133],[-6.092,3.932],[0,0],[-1.874,-2.083],[-0.22,-0.669],[0,0],[0,0],[0,0]],"o":[[0,0],[0.568,-0.972],[2.599,-1.046],[1.114,2.768],[3.968,6.1],[0,0],[2.083,-1.874],[0.471,0.523],[0,0],[0,0],[0,0],[0,0]],"v":[[-40.902,10.956],[-22.087,-21.256],[-19.6,-23.404],[-13,-20.592],[-9.947,-13.24],[8.313,-9.371],[19.267,-19.223],[26.432,-18.843],[27.479,-17.036],[40.902,23.772],[-28.537,23.772],[-14.288,10.956]],"c":true}]}],"ix":2},"nm":"Path 1","mn":"ADBE Vector Shape - Group","hd":false},{"ty":"fl","c":{"a":0,"k":[1,0.782608687878,0,1],"ix":4},"o":{"a":0,"k":100,"ix":5},"r":1,"bm":0,"nm":"Fill 1","mn":"ADBE Vector Graphic - Fill","hd":false},{"ty":"tr","p":{"a":0,"k":[0,0],"ix":2},"a":{"a":0,"k":[0,0],"ix":1},"s":{"a":0,"k":[100,100],"ix":3},"r":{"a":0,"k":0,"ix":6},"o":{"a":0,"k":100,"ix":7},"sk":{"a":0,"k":0,"ix":4},"sa":{"a":0,"k":0,"ix":5},"nm":"Transform"}],"nm":"Fire yellow","np":2,"cix":2,"bm":0,"ix":1,"mn":"ADBE Vector Group","hd":false}],"ip":0,"op":250,"st":0,"bm":0},{"ddd":0,"ind":14,"ty":4,"nm":"Fire orange","sr":1,"ks":{"o":{"a":0,"k":100,"ix":11},"r":{"a":0,"k":0,"ix":10},"p":{"a":0,"k":[53,153.299,0],"ix":2},"a":{"a":0,"k":[0,65.75,0],"ix":1},"s":{"a":1,"k":[{"i":{"x":[0.667,0.667,0.667],"y":[1,1,1]},"o":{"x":[0.333,0.333,0.333],"y":[0,0,0]},"t":0,"s":[100,100,100]},{"i":{"x":[0.667,0.667,0.667],"y":[1,1,1]},"o":{"x":[0.333,0.333,0.333],"y":[0,0,0]},"t":4,"s":[100,98,100]},{"i":{"x":[0.667,0.667,0.667],"y":[1,1,1]},"o":{"x":[0.333,0.333,0.333],"y":[0,0,0]},"t":8,"s":[100,100,100]},{"i":{"x":[0.667,0.667,0.667],"y":[1,1,1]},"o":{"x":[0.333,0.333,0.333],"y":[0,0,0]},"t":12,"s":[100,98,100]},{"i":{"x":[0.667,0.667,0.667],"y":[1,1,1]},"o":{"x":[0.333,0.333,0.333],"y":[0,0,0]},"t":16,"s":[100,100,100]},{"i":{"x":[0.667,0.667,0.667],"y":[1,1,1]},"o":{"x":[0.333,0.333,0.333],"y":[0,0,0]},"t":20,"s":[100,98,100]},{"i":{"x":[0.667,0.667,0.667],"y":[1,1,1]},"o":{"x":[0.333,0.333,0.333],"y":[0,0,0]},"t":24,"s":[100,100,100]},{"i":{"x":[0.667,0.667,0.667],"y":[1,1,1]},"o":{"x":[0.333,0.333,0.333],"y":[0,0,0]},"t":28,"s":[100,98,100]},{"i":{"x":[0.667,0.667,0.667],"y":[1,1,1]},"o":{"x":[0.333,0.333,0.333],"y":[0,0,0]},"t":32,"s":[100,100,100]},{"i":{"x":[0.667,0.667,0.667],"y":[1,1,1]},"o":{"x":[0.333,0.333,0.333],"y":[0,0,0]},"t":36,"s":[100,98,100]},{"i":{"x":[0.667,0.667,0.667],"y":[1,1,1]},"o":{"x":[0.333,0.333,0.333],"y":[0,0,0]},"t":40,"s":[100,100,100]},{"i":{"x":[0.667,0.667,0.667],"y":[1,1,1]},"o":{"x":[0.333,0.333,0.333],"y":[0,0,0]},"t":44,"s":[100,98,100]},{"i":{"x":[0.667,0.667,0.667],"y":[1,1,1]},"o":{"x":[0.333,0.333,0.333],"y":[0,0,0]},"t":48,"s":[100,100,100]},{"i":{"x":[0.667,0.667,0.667],"y":[1,1,1]},"o":{"x":[0.333,0.333,0.333],"y":[0,0,0]},"t":52,"s":[100,98,100]},{"i":{"x":[0.667,0.667,0.667],"y":[1,1,1]},"o":{"x":[0.333,0.333,0.333],"y":[0,0,0]},"t":56,"s":[100,100,100]},{"i":{"x":[0.667,0.667,0.667],"y":[1,1,1]},"o":{"x":[0.333,0.333,0.333],"y":[0,0,0]},"t":60,"s":[100,98,100]},{"i":{"x":[0.667,0.667,0.667],"y":[1,1,1]},"o":{"x":[0.333,0.333,0.333],"y":[0,0,0]},"t":64,"s":[100,100,100]},{"i":{"x":[0.667,0.667,0.667],"y":[1,1,1]},"o":{"x":[0.333,0.333,0.333],"y":[0,0,0]},"t":68,"s":[100,98,100]},{"i":{"x":[0.667,0.667,0.667],"y":[1,1,1]},"o":{"x":[0.333,0.333,0.333],"y":[0,0,0]},"t":72,"s":[100,100,100]},{"i":{"x":[0.667,0.667,0.667],"y":[1,1,1]},"o":{"x":[0.333,0.333,0.333],"y":[0,0,0]},"t":76,"s":[100,98,100]},{"t":80,"s":[100,100,100]}],"ix":6}},"ao":0,"shapes":[{"ty":"gr","it":[{"ind":0,"ty":"sh","ix":1,"ks":{"a":1,"k":[{"i":{"x":0.833,"y":1},"o":{"x":0.333,"y":0},"t":0,"s":[{"i":[[-3.72,6.22],[0,0],[-1.044,0.42],[-1.046,-2.599],[-1.603,-2.744],[-0.088,-0.144],[-0.16,-0.274],[-0.644,-0.857],[-5.489,3.821],[0,0],[-1.874,-2.083],[-0.22,-0.669],[0,0],[-2.57,0],[0,0],[0,-4.903],[0,0],[4.903,0],[0,0],[0,4.903],[0,0],[-4.307,0.611],[-0.131,0.027]],"o":[[0,0],[0.568,-0.972],[2.599,-1.046],[3.153,7.834],[0.082,0.14],[0.158,0.23],[0.491,0.755],[4.063,4.587],[0,0],[2.083,-1.874],[0.471,0.523],[0,0],[2.283,4.906],[0,0],[4.903,0],[0,0],[0,4.903],[0,0],[-4.903,0],[0,0],[0,-4.476],[0.113,-0.039],[3.082,-0.632]],"v":[[-32.891,-44.258],[-21.77,-63.298],[-19.283,-65.446],[-12.683,-62.634],[-5.549,-46.766],[-5.294,-46.34],[-4.817,-45.584],[-3.114,-43.164],[12.438,-42.684],[21.371,-47.893],[28.535,-47.513],[29.582,-45.706],[32.93,-41.309],[41.22,-33.113],[43.122,-33.113],[52,-24.235],[52,56.936],[43.122,65.814],[-43.122,65.814],[-52,56.936],[-52,-24.235],[-44.38,-33.024],[-44.014,-33.123]],"c":true}]},{"i":{"x":0.833,"y":1},"o":{"x":0.167,"y":0},"t":4,"s":[{"i":[[-3.72,6.22],[0,0],[-1.044,0.42],[-1.046,-2.599],[-1.603,-2.744],[-0.088,-0.144],[-0.16,-0.274],[-0.644,-0.857],[-5.489,3.821],[0,0],[-1.874,-2.083],[-0.22,-0.669],[0,0],[-2.57,0],[0,0],[0,-4.903],[0,0],[4.903,0],[0,0],[0,4.903],[0,0],[-4.307,0.611],[-0.131,0.027]],"o":[[0,0],[0.568,-0.972],[2.599,-1.046],[3.153,7.834],[0.082,0.14],[0.158,0.23],[0.491,0.755],[4.063,4.587],[0,0],[2.083,-1.874],[0.471,0.523],[0,0],[2.283,4.906],[0,0],[4.903,0],[0,0],[0,4.903],[0,0],[-4.903,0],[0,0],[0,-4.476],[0.113,-0.039],[3.082,-0.632]],"v":[[-33.266,-41.883],[-22.645,-58.798],[-20.158,-60.946],[-13.558,-58.134],[-5.924,-44.391],[-5.669,-43.965],[-5.192,-43.209],[-3.489,-40.789],[13.938,-44.184],[23.246,-52.393],[30.41,-52.013],[31.457,-50.206],[34.43,-42.809],[41.22,-33.113],[43.122,-33.113],[52,-24.235],[52,56.936],[43.122,65.814],[-43.122,65.814],[-52,56.936],[-52,-24.235],[-44.38,-33.024],[-44.014,-33.123]],"c":true}]},{"i":{"x":0.833,"y":1},"o":{"x":0.167,"y":0},"t":8,"s":[{"i":[[-3.72,6.22],[0,0],[-1.044,0.42],[-1.046,-2.599],[-1.603,-2.744],[-0.088,-0.144],[-0.16,-0.274],[-0.644,-0.857],[-5.489,3.821],[0,0],[-1.874,-2.083],[-0.22,-0.669],[0,0],[-2.57,0],[0,0],[0,-4.903],[0,0],[4.903,0],[0,0],[0,4.903],[0,0],[-4.307,0.611],[-0.131,0.027]],"o":[[0,0],[0.568,-0.972],[2.599,-1.046],[3.153,7.834],[0.082,0.14],[0.158,0.23],[0.491,0.755],[4.063,4.587],[0,0],[2.083,-1.874],[0.471,0.523],[0,0],[2.283,4.906],[0,0],[4.903,0],[0,0],[0,4.903],[0,0],[-4.903,0],[0,0],[0,-4.476],[0.113,-0.039],[3.082,-0.632]],"v":[[-34.016,-47.133],[-24.02,-67.923],[-21.533,-70.071],[-14.933,-67.259],[-6.674,-49.641],[-6.419,-49.215],[-5.942,-48.459],[-4.239,-46.039],[12.688,-42.434],[21.496,-48.143],[28.66,-47.763],[29.707,-45.956],[33.18,-41.059],[41.22,-33.113],[43.122,-33.113],[52,-24.235],[52,56.936],[43.122,65.814],[-43.122,65.814],[-52,56.936],[-52,-24.235],[-44.38,-33.024],[-44.014,-33.123]],"c":true}]},{"i":{"x":0.833,"y":1},"o":{"x":0.167,"y":0},"t":12,"s":[{"i":[[-3.72,6.22],[0,0],[-1.044,0.42],[-1.046,-2.599],[-1.603,-2.744],[-0.088,-0.144],[-0.16,-0.274],[-0.644,-0.857],[-5.489,3.821],[0,0],[-1.874,-2.083],[-0.22,-0.669],[0,0],[-2.57,0],[0,0],[0,-4.903],[0,0],[4.903,0],[0,0],[0,4.903],[0,0],[-4.307,0.611],[-0.131,0.027]],"o":[[0,0],[0.568,-0.972],[2.599,-1.046],[3.153,7.834],[0.082,0.14],[0.158,0.23],[0.491,0.755],[4.063,4.587],[0,0],[2.083,-1.874],[0.471,0.523],[0,0],[2.283,4.906],[0,0],[4.903,0],[0,0],[0,4.903],[0,0],[-4.903,0],[0,0],[0,-4.476],[0.113,-0.039],[3.082,-0.632]],"v":[[-32.766,-42.758],[-21.645,-61.798],[-19.158,-63.946],[-12.558,-61.134],[-5.424,-45.266],[-5.169,-44.84],[-4.692,-44.084],[-2.989,-41.664],[11.938,-43.434],[21.246,-50.893],[28.41,-50.513],[29.457,-48.706],[32.43,-42.059],[41.22,-33.113],[43.122,-33.113],[52,-24.235],[52,56.936],[43.122,65.814],[-43.122,65.814],[-52,56.936],[-52,-24.235],[-44.38,-33.024],[-44.014,-33.123]],"c":true}]},{"i":{"x":0.833,"y":1},"o":{"x":0.333,"y":0},"t":16,"s":[{"i":[[-3.72,6.22],[0,0],[-1.044,0.42],[-1.046,-2.599],[-1.603,-2.744],[-0.088,-0.144],[-0.16,-0.274],[-0.644,-0.857],[-5.489,3.821],[0,0],[-1.874,-2.083],[-0.22,-0.669],[0,0],[-2.57,0],[0,0],[0,-4.903],[0,0],[4.903,0],[0,0],[0,4.903],[0,0],[-4.307,0.611],[-0.131,0.027]],"o":[[0,0],[0.568,-0.972],[2.599,-1.046],[3.153,7.834],[0.082,0.14],[0.158,0.23],[0.491,0.755],[4.063,4.587],[0,0],[2.083,-1.874],[0.471,0.523],[0,0],[2.283,4.906],[0,0],[4.903,0],[0,0],[0,4.903],[0,0],[-4.903,0],[0,0],[0,-4.476],[0.113,-0.039],[3.082,-0.632]],"v":[[-32.891,-44.258],[-20.645,-64.298],[-18.158,-66.446],[-11.558,-63.634],[-5.549,-46.766],[-5.294,-46.34],[-4.817,-45.584],[-3.114,-43.164],[12.438,-42.684],[21.371,-47.893],[28.535,-47.513],[29.582,-45.706],[32.93,-41.309],[41.22,-33.113],[43.122,-33.113],[52,-24.235],[52,56.936],[43.122,65.814],[-43.122,65.814],[-52,56.936],[-52,-24.235],[-44.38,-33.024],[-44.014,-33.123]],"c":true}]},{"i":{"x":0.833,"y":1},"o":{"x":0.167,"y":0},"t":20,"s":[{"i":[[-3.72,6.22],[0,0],[-1.044,0.42],[-1.225,-2.52],[-1.603,-2.744],[-0.088,-0.144],[-0.16,-0.274],[-0.644,-0.857],[-5.489,3.821],[0,0],[-1.874,-2.083],[-0.22,-0.669],[0,0],[-2.57,0],[0,0],[0,-4.903],[0,0],[4.903,0],[0,0],[0,4.903],[0,0],[-4.307,0.611],[-0.131,0.027]],"o":[[0,0],[0.568,-0.972],[2.599,-1.046],[3.558,7.32],[0.082,0.14],[0.158,0.23],[0.491,0.755],[4.063,4.587],[0,0],[2.083,-1.874],[0.471,0.523],[0,0],[2.283,4.906],[0,0],[4.903,0],[0,0],[0,4.903],[0,0],[-4.903,0],[0,0],[0,-4.476],[0.113,-0.039],[3.082,-0.632]],"v":[[-33.016,-39.758],[-21.52,-55.173],[-19.033,-57.321],[-12.433,-54.509],[-5.674,-42.266],[-5.419,-41.84],[-4.942,-41.084],[-3.239,-38.664],[13.938,-44.184],[21.996,-54.268],[29.16,-53.888],[30.207,-52.081],[34.43,-42.809],[41.22,-33.113],[43.122,-33.113],[52,-24.235],[52,56.936],[43.122,65.814],[-43.122,65.814],[-52,56.936],[-52,-24.235],[-44.38,-33.024],[-44.014,-33.123]],"c":true}]},{"i":{"x":0.833,"y":1},"o":{"x":0.167,"y":0},"t":24,"s":[{"i":[[-3.72,6.22],[0,0],[-1.044,0.42],[-1.173,-2.544],[-1.603,-2.744],[-0.088,-0.144],[-0.16,-0.274],[-0.644,-0.857],[-5.489,3.821],[0,0],[-1.874,-2.083],[-0.22,-0.669],[0,0],[-2.57,0],[0,0],[0,-4.903],[0,0],[4.903,0],[0,0],[0,4.903],[0,0],[-4.307,0.611],[-0.131,0.027]],"o":[[0,0],[0.568,-0.972],[2.599,-1.046],[3.433,7.445],[0.082,0.14],[0.158,0.23],[0.491,0.755],[4.063,4.587],[0,0],[2.083,-1.874],[0.471,0.523],[0,0],[2.283,4.906],[0,0],[4.903,0],[0,0],[0,4.903],[0,0],[-4.903,0],[0,0],[0,-4.476],[0.113,-0.039],[3.082,-0.632]],"v":[[-33.766,-47.133],[-26.645,-71.673],[-24.158,-73.821],[-17.558,-71.009],[-6.424,-49.641],[-6.169,-49.215],[-5.692,-48.459],[-3.989,-46.039],[12.688,-42.434],[21.496,-48.143],[28.66,-47.763],[29.707,-45.956],[33.18,-41.059],[41.22,-33.113],[43.122,-33.113],[52,-24.235],[52,56.936],[43.122,65.814],[-43.122,65.814],[-52,56.936],[-52,-24.235],[-44.38,-33.024],[-44.014,-33.123]],"c":true}]},{"i":{"x":0.833,"y":1},"o":{"x":0.167,"y":0},"t":28,"s":[{"i":[[-3.72,6.22],[0,0],[-1.044,0.42],[-1.046,-2.599],[-1.603,-2.744],[-0.088,-0.144],[-0.16,-0.274],[-0.644,-0.857],[-5.489,3.821],[0,0],[-1.874,-2.083],[-0.22,-0.669],[0,0],[-2.57,0],[0,0],[0,-4.903],[0,0],[4.903,0],[0,0],[0,4.903],[0,0],[-4.307,0.611],[-0.131,0.027]],"o":[[0,0],[0.568,-0.972],[2.599,-1.046],[3.153,7.834],[0.082,0.14],[0.158,0.23],[0.491,0.755],[4.063,4.587],[0,0],[2.083,-1.874],[0.471,0.523],[0,0],[2.283,4.906],[0,0],[4.903,0],[0,0],[0,4.903],[0,0],[-4.903,0],[0,0],[0,-4.476],[0.113,-0.039],[3.082,-0.632]],"v":[[-32.891,-44.258],[-21.77,-63.298],[-19.283,-65.446],[-12.683,-62.634],[-5.549,-46.766],[-5.294,-46.34],[-4.817,-45.584],[-3.114,-43.164],[11.938,-43.434],[22.371,-53.018],[29.535,-52.638],[30.582,-50.831],[32.43,-42.059],[41.22,-33.113],[43.122,-33.113],[52,-24.235],[52,56.936],[43.122,65.814],[-43.122,65.814],[-52,56.936],[-52,-24.235],[-44.38,-33.024],[-44.014,-33.123]],"c":true}]},{"i":{"x":0.833,"y":1},"o":{"x":0.333,"y":0},"t":32,"s":[{"i":[[-3.72,6.22],[0,0],[-1.044,0.42],[-1.046,-2.599],[-1.603,-2.744],[-0.088,-0.144],[-0.16,-0.274],[-0.644,-0.857],[-5.489,3.821],[0,0],[-1.874,-2.083],[-0.22,-0.669],[0,0],[-2.57,0],[0,0],[0,-4.903],[0,0],[4.903,0],[0,0],[0,4.903],[0,0],[-4.307,0.611],[-0.131,0.027]],"o":[[0,0],[0.568,-0.972],[2.599,-1.046],[3.153,7.834],[0.082,0.14],[0.158,0.23],[0.491,0.755],[4.063,4.587],[0,0],[2.083,-1.874],[0.471,0.523],[0,0],[2.283,4.906],[0,0],[4.903,0],[0,0],[0,4.903],[0,0],[-4.903,0],[0,0],[0,-4.476],[0.113,-0.039],[3.082,-0.632]],"v":[[-32.391,-46.633],[-20.27,-65.923],[-17.783,-68.071],[-11.183,-65.259],[-5.049,-49.141],[-4.794,-48.715],[-4.317,-47.959],[-2.614,-45.539],[12.438,-42.684],[21.371,-47.893],[28.535,-47.513],[29.582,-45.706],[32.93,-41.309],[41.22,-33.113],[43.122,-33.113],[52,-24.235],[52,56.936],[43.122,65.814],[-43.122,65.814],[-52,56.936],[-52,-24.235],[-44.38,-33.024],[-44.014,-33.123]],"c":true}]},{"i":{"x":0.833,"y":1},"o":{"x":0.167,"y":0},"t":36,"s":[{"i":[[-3.72,6.22],[0,0],[-1.044,0.42],[-1.867,-2.089],[-2.576,-2.798],[-0.088,-0.144],[-0.16,-0.274],[-0.644,-0.857],[-5.489,3.821],[0,0],[-1.874,-2.083],[-0.22,-0.669],[0,0],[-2.57,0],[0,0],[0,-4.903],[0,0],[4.903,0],[0,0],[0,4.903],[0,0],[-4.307,0.611],[-0.131,0.027]],"o":[[0,0],[0.568,-0.972],[2.599,-1.046],[4.308,4.82],[0.11,0.119],[0.158,0.23],[0.491,0.755],[4.063,4.587],[0,0],[2.083,-1.874],[0.471,0.523],[0,0],[2.283,4.906],[0,0],[4.903,0],[0,0],[0,4.903],[0,0],[-4.903,0],[0,0],[0,-4.476],[0.113,-0.039],[3.082,-0.632]],"v":[[-33.391,-41.508],[-23.02,-52.923],[-20.533,-55.071],[-13.933,-52.259],[-6.049,-44.016],[-5.794,-43.59],[-5.317,-42.834],[-3.614,-40.414],[13.938,-44.184],[23.246,-52.393],[30.41,-52.013],[31.457,-50.206],[34.43,-42.809],[41.22,-33.113],[43.122,-33.113],[52,-24.235],[52,56.936],[43.122,65.814],[-43.122,65.814],[-52,56.936],[-52,-24.235],[-44.38,-33.024],[-44.014,-33.123]],"c":true}]},{"i":{"x":0.833,"y":1},"o":{"x":0.167,"y":0},"t":40,"s":[{"i":[[-3.72,6.22],[0,0],[-1.044,0.42],[-1.046,-2.599],[-1.603,-2.744],[-0.088,-0.144],[-0.16,-0.274],[-0.644,-0.857],[-5.489,3.821],[0,0],[-1.874,-2.083],[-0.22,-0.669],[0,0],[-2.57,0],[0,0],[0,-4.903],[0,0],[4.903,0],[0,0],[0,4.903],[0,0],[-4.307,0.611],[-0.131,0.027]],"o":[[0,0],[0.568,-0.972],[2.599,-1.046],[3.153,7.834],[0.082,0.14],[0.158,0.23],[0.491,0.755],[4.063,4.587],[0,0],[2.083,-1.874],[0.471,0.523],[0,0],[2.283,4.906],[0,0],[4.903,0],[0,0],[0,4.903],[0,0],[-4.903,0],[0,0],[0,-4.476],[0.113,-0.039],[3.082,-0.632]],"v":[[-32.891,-44.258],[-21.77,-63.298],[-19.283,-65.446],[-12.683,-62.634],[-5.549,-46.766],[-5.294,-46.34],[-4.817,-45.584],[-3.114,-43.164],[12.688,-42.434],[21.496,-48.143],[28.66,-47.763],[29.707,-45.956],[33.18,-41.059],[41.22,-33.113],[43.122,-33.113],[52,-24.235],[52,56.936],[43.122,65.814],[-43.122,65.814],[-52,56.936],[-52,-24.235],[-44.38,-33.024],[-44.014,-33.123]],"c":true}]},{"i":{"x":0.833,"y":1},"o":{"x":0.167,"y":0},"t":44,"s":[{"i":[[-3.72,6.22],[0,0],[-1.044,0.42],[-1.046,-2.599],[-1.603,-2.744],[-0.088,-0.144],[-0.16,-0.274],[-0.644,-0.857],[-5.489,3.821],[0,0],[-1.874,-2.083],[-0.22,-0.669],[0,0],[-2.57,0],[0,0],[0,-4.903],[0,0],[4.903,0],[0,0],[0,4.903],[0,0],[-4.307,0.611],[-0.131,0.027]],"o":[[0,0],[0.568,-0.972],[2.599,-1.046],[3.153,7.834],[0.082,0.14],[0.158,0.23],[0.491,0.755],[4.063,4.587],[0,0],[2.083,-1.874],[0.471,0.523],[0,0],[2.283,4.906],[0,0],[4.903,0],[0,0],[0,4.903],[0,0],[-4.903,0],[0,0],[0,-4.476],[0.113,-0.039],[3.082,-0.632]],"v":[[-33.766,-39.758],[-22.645,-58.798],[-20.158,-60.946],[-13.558,-58.134],[-6.424,-42.266],[-6.169,-41.84],[-5.692,-41.084],[-3.989,-38.664],[11.938,-43.434],[21.246,-50.893],[28.41,-50.513],[29.457,-48.706],[32.43,-42.059],[41.22,-33.113],[43.122,-33.113],[52,-24.235],[52,56.936],[43.122,65.814],[-43.122,65.814],[-52,56.936],[-52,-24.235],[-44.38,-33.024],[-44.014,-33.123]],"c":true}]},{"i":{"x":0.833,"y":1},"o":{"x":0.333,"y":0},"t":48,"s":[{"i":[[-3.72,6.22],[0,0],[-1.044,0.42],[-1.046,-2.599],[-1.603,-2.744],[-0.088,-0.144],[-0.16,-0.274],[-0.644,-0.857],[-5.489,3.821],[0,0],[-1.874,-2.083],[-0.22,-0.669],[0,0],[-2.57,0],[0,0],[0,-4.903],[0,0],[4.903,0],[0,0],[0,4.903],[0,0],[-4.307,0.611],[-0.131,0.027]],"o":[[0,0],[0.568,-0.972],[2.599,-1.046],[3.153,7.834],[0.082,0.14],[0.158,0.23],[0.491,0.755],[4.063,4.587],[0,0],[2.083,-1.874],[0.471,0.523],[0,0],[2.283,4.906],[0,0],[4.903,0],[0,0],[0,4.903],[0,0],[-4.903,0],[0,0],[0,-4.476],[0.113,-0.039],[3.082,-0.632]],"v":[[-34.016,-45.383],[-23.895,-65.048],[-21.408,-67.196],[-14.808,-64.384],[-6.674,-47.891],[-6.419,-47.465],[-5.942,-46.709],[-4.239,-44.289],[12.438,-42.684],[21.371,-47.893],[28.535,-47.513],[29.582,-45.706],[32.93,-41.309],[41.22,-33.113],[43.122,-33.113],[52,-24.235],[52,56.936],[43.122,65.814],[-43.122,65.814],[-52,56.936],[-52,-24.235],[-44.38,-33.024],[-44.014,-33.123]],"c":true}]},{"i":{"x":0.833,"y":1},"o":{"x":0.167,"y":0},"t":52,"s":[{"i":[[-3.72,6.22],[0,0],[-1.044,0.42],[-1.488,-2.374],[-1.603,-2.744],[-0.088,-0.144],[-0.16,-0.274],[-0.644,-0.857],[-5.489,3.821],[0,0],[-1.874,-2.083],[-0.22,-0.669],[0,0],[-2.57,0],[0,0],[0,-4.903],[0,0],[4.903,0],[0,0],[0,4.903],[0,0],[-4.307,0.611],[-0.131,0.027]],"o":[[0,0],[0.568,-0.972],[2.599,-1.046],[4.433,7.07],[0.082,0.14],[0.158,0.23],[0.491,0.755],[4.063,4.587],[0,0],[2.083,-1.874],[0.471,0.523],[0,0],[2.283,4.906],[0,0],[4.903,0],[0,0],[0,4.903],[0,0],[-4.903,0],[0,0],[0,-4.476],[0.113,-0.039],[3.082,-0.632]],"v":[[-31.891,-42.133],[-23.395,-59.923],[-20.908,-62.071],[-14.308,-59.259],[-4.549,-44.641],[-4.294,-44.215],[-3.817,-43.459],[-2.114,-41.039],[13.938,-44.184],[23.246,-52.393],[30.41,-52.013],[31.457,-50.206],[34.43,-42.809],[41.22,-33.113],[43.122,-33.113],[52,-24.235],[52,56.936],[43.122,65.814],[-43.122,65.814],[-52,56.936],[-52,-24.235],[-44.38,-33.024],[-44.014,-33.123]],"c":true}]},{"i":{"x":0.833,"y":1},"o":{"x":0.167,"y":0},"t":56,"s":[{"i":[[-3.72,6.22],[0,0],[-1.044,0.42],[-1.046,-2.599],[-1.603,-2.744],[-0.088,-0.144],[-0.16,-0.274],[-0.644,-0.857],[-5.489,3.821],[0,0],[-1.874,-2.083],[-0.22,-0.669],[0,0],[-2.57,0],[0,0],[0,-4.903],[0,0],[4.903,0],[0,0],[0,4.903],[0,0],[-4.307,0.611],[-0.131,0.027]],"o":[[0,0],[0.568,-0.972],[2.599,-1.046],[3.153,7.834],[0.082,0.14],[0.158,0.23],[0.491,0.755],[4.063,4.587],[0,0],[2.083,-1.874],[0.471,0.523],[0,0],[2.283,4.906],[0,0],[4.903,0],[0,0],[0,4.903],[0,0],[-4.903,0],[0,0],[0,-4.476],[0.113,-0.039],[3.082,-0.632]],"v":[[-31.266,-44.883],[-19.77,-64.923],[-17.283,-67.071],[-10.683,-64.259],[-3.924,-47.391],[-3.669,-46.965],[-3.192,-46.209],[-1.489,-43.789],[12.688,-42.434],[21.496,-48.143],[28.66,-47.763],[29.707,-45.956],[33.18,-41.059],[41.22,-33.113],[43.122,-33.113],[52,-24.235],[52,56.936],[43.122,65.814],[-43.122,65.814],[-52,56.936],[-52,-24.235],[-44.38,-33.024],[-44.014,-33.123]],"c":true}]},{"i":{"x":0.833,"y":1},"o":{"x":0.167,"y":0},"t":60,"s":[{"i":[[-3.72,6.22],[0,0],[-1.044,0.42],[-1.046,-2.599],[-1.603,-2.744],[-0.088,-0.144],[-0.16,-0.274],[-0.644,-0.857],[-5.489,3.821],[0,0],[-1.874,-2.083],[-0.22,-0.669],[0,0],[-2.57,0],[0,0],[0,-4.903],[0,0],[4.903,0],[0,0],[0,4.903],[0,0],[-4.307,0.611],[-0.131,0.027]],"o":[[0,0],[0.568,-0.972],[2.599,-1.046],[3.153,7.834],[0.082,0.14],[0.158,0.23],[0.491,0.755],[4.063,4.587],[0,0],[2.083,-1.874],[0.471,0.523],[0,0],[2.283,4.906],[0,0],[4.903,0],[0,0],[0,4.903],[0,0],[-4.903,0],[0,0],[0,-4.476],[0.113,-0.039],[3.082,-0.632]],"v":[[-34.141,-41.008],[-23.02,-60.048],[-20.533,-62.196],[-13.933,-59.384],[-6.799,-43.516],[-6.544,-43.09],[-6.067,-42.334],[-4.364,-39.914],[11.938,-43.434],[20.496,-52.268],[27.66,-51.888],[28.707,-50.081],[32.43,-42.059],[41.22,-33.113],[43.122,-33.113],[52,-24.235],[52,56.936],[43.122,65.814],[-43.122,65.814],[-52,56.936],[-52,-24.235],[-44.38,-33.024],[-44.014,-33.123]],"c":true}]},{"i":{"x":0.833,"y":1},"o":{"x":0.333,"y":0},"t":64,"s":[{"i":[[-3.72,6.22],[0,0],[-1.044,0.42],[-1.046,-2.599],[-1.603,-2.744],[-0.088,-0.144],[-0.16,-0.274],[-0.644,-0.857],[-5.489,3.821],[0,0],[-1.874,-2.083],[-0.22,-0.669],[0,0],[-2.57,0],[0,0],[0,-4.903],[0,0],[4.903,0],[0,0],[0,4.903],[0,0],[-4.307,0.611],[-0.131,0.027]],"o":[[0,0],[0.568,-0.972],[2.599,-1.046],[3.153,7.834],[0.082,0.14],[0.158,0.23],[0.491,0.755],[4.063,4.587],[0,0],[2.083,-1.874],[0.471,0.523],[0,0],[2.283,4.906],[0,0],[4.903,0],[0,0],[0,4.903],[0,0],[-4.903,0],[0,0],[0,-4.476],[0.113,-0.039],[3.082,-0.632]],"v":[[-33.641,-45.383],[-23.645,-65.423],[-21.158,-67.571],[-14.558,-64.759],[-6.299,-47.891],[-6.044,-47.465],[-5.567,-46.709],[-3.864,-44.289],[12.438,-42.684],[21.371,-47.893],[28.535,-47.513],[29.582,-45.706],[32.93,-41.309],[41.22,-33.113],[43.122,-33.113],[52,-24.235],[52,56.936],[43.122,65.814],[-43.122,65.814],[-52,56.936],[-52,-24.235],[-44.38,-33.024],[-44.014,-33.123]],"c":true}]},{"i":{"x":0.833,"y":1},"o":{"x":0.167,"y":0},"t":68,"s":[{"i":[[-3.72,6.22],[0,0],[-1.044,0.42],[-1.046,-2.599],[-1.603,-2.744],[-0.088,-0.144],[-0.16,-0.274],[-0.644,-0.857],[-5.489,3.821],[0,0],[-1.874,-2.083],[-0.22,-0.669],[0,0],[-2.57,0],[0,0],[0,-4.903],[0,0],[4.903,0],[0,0],[0,4.903],[0,0],[-4.307,0.611],[-0.131,0.027]],"o":[[0,0],[0.568,-0.972],[2.599,-1.046],[3.153,7.834],[0.082,0.14],[0.158,0.23],[0.491,0.755],[4.063,4.587],[0,0],[2.083,-1.874],[0.471,0.523],[0,0],[2.283,4.906],[0,0],[4.903,0],[0,0],[0,4.903],[0,0],[-4.903,0],[0,0],[0,-4.476],[0.113,-0.039],[3.082,-0.632]],"v":[[-33.141,-42.508],[-22.02,-61.548],[-19.533,-63.696],[-12.933,-60.884],[-5.799,-45.016],[-5.544,-44.59],[-5.067,-43.834],[-3.364,-41.414],[13.938,-44.184],[25.246,-53.268],[32.41,-52.888],[33.457,-51.081],[34.43,-42.809],[41.22,-33.113],[43.122,-33.113],[52,-24.235],[52,56.936],[43.122,65.814],[-43.122,65.814],[-52,56.936],[-52,-24.235],[-44.38,-33.024],[-44.014,-33.123]],"c":true}]},{"i":{"x":0.833,"y":1},"o":{"x":0.167,"y":0},"t":72,"s":[{"i":[[-3.72,6.22],[0,0],[-1.044,0.42],[-1.046,-2.599],[-1.603,-2.744],[-0.088,-0.144],[-0.16,-0.274],[-0.644,-0.857],[-5.489,3.821],[0,0],[-1.874,-2.083],[-0.22,-0.669],[0,0],[-2.57,0],[0,0],[0,-4.903],[0,0],[4.903,0],[0,0],[0,4.903],[0,0],[-4.307,0.611],[-0.131,0.027]],"o":[[0,0],[0.568,-0.972],[2.599,-1.046],[3.153,7.834],[0.082,0.14],[0.158,0.23],[0.491,0.755],[4.063,4.587],[0,0],[2.083,-1.874],[0.471,0.523],[0,0],[2.283,4.906],[0,0],[4.903,0],[0,0],[0,4.903],[0,0],[-4.903,0],[0,0],[0,-4.476],[0.113,-0.039],[3.082,-0.632]],"v":[[-32.891,-45.133],[-21.52,-63.798],[-19.033,-65.946],[-12.433,-63.134],[-5.549,-47.641],[-5.294,-47.215],[-4.817,-46.459],[-3.114,-44.039],[12.688,-42.434],[21.496,-48.143],[28.66,-47.763],[29.707,-45.956],[33.18,-41.059],[41.22,-33.113],[43.122,-33.113],[52,-24.235],[52,56.936],[43.122,65.814],[-43.122,65.814],[-52,56.936],[-52,-24.235],[-44.38,-33.024],[-44.014,-33.123]],"c":true}]},{"i":{"x":0.833,"y":1},"o":{"x":0.167,"y":0},"t":76,"s":[{"i":[[-3.72,6.22],[0,0],[-1.044,0.42],[-1.277,-2.494],[-1.603,-2.744],[-0.088,-0.144],[-0.16,-0.274],[-0.644,-0.857],[-5.489,3.821],[0,0],[-1.874,-2.083],[-0.22,-0.669],[0,0],[-2.57,0],[0,0],[0,-4.903],[0,0],[4.903,0],[0,0],[0,4.903],[0,0],[-4.307,0.611],[-0.131,0.027]],"o":[[0,0],[0.568,-0.972],[2.599,-1.046],[3.558,6.945],[0.082,0.14],[0.158,0.23],[0.491,0.755],[4.063,4.587],[0,0],[2.083,-1.874],[0.471,0.523],[0,0],[2.283,4.906],[0,0],[4.903,0],[0,0],[0,4.903],[0,0],[-4.903,0],[0,0],[0,-4.476],[0.113,-0.039],[3.082,-0.632]],"v":[[-33.391,-43.383],[-22.145,-58.298],[-19.658,-60.446],[-13.058,-57.634],[-6.049,-45.891],[-5.794,-45.465],[-5.317,-44.709],[-3.614,-42.289],[11.938,-43.434],[21.246,-50.893],[28.41,-50.513],[29.457,-48.706],[32.43,-42.059],[41.22,-33.113],[43.122,-33.113],[52,-24.235],[52,56.936],[43.122,65.814],[-43.122,65.814],[-52,56.936],[-52,-24.235],[-44.38,-33.024],[-44.014,-33.123]],"c":true}]},{"t":80,"s":[{"i":[[-3.72,6.22],[0,0],[-1.044,0.42],[-1.046,-2.599],[-1.603,-2.744],[-0.088,-0.144],[-0.16,-0.274],[-0.644,-0.857],[-5.489,3.821],[0,0],[-1.874,-2.083],[-0.22,-0.669],[0,0],[-2.57,0],[0,0],[0,-4.903],[0,0],[4.903,0],[0,0],[0,4.903],[0,0],[-4.307,0.611],[-0.131,0.027]],"o":[[0,0],[0.568,-0.972],[2.599,-1.046],[3.153,7.834],[0.082,0.14],[0.158,0.23],[0.491,0.755],[4.063,4.587],[0,0],[2.083,-1.874],[0.471,0.523],[0,0],[2.283,4.906],[0,0],[4.903,0],[0,0],[0,4.903],[0,0],[-4.903,0],[0,0],[0,-4.476],[0.113,-0.039],[3.082,-0.632]],"v":[[-32.891,-44.258],[-21.77,-63.298],[-19.283,-65.446],[-12.683,-62.634],[-5.549,-46.766],[-5.294,-46.34],[-4.817,-45.584],[-3.114,-43.164],[12.438,-42.684],[21.371,-47.893],[28.535,-47.513],[29.582,-45.706],[32.93,-41.309],[41.22,-33.113],[43.122,-33.113],[52,-24.235],[52,56.936],[43.122,65.814],[-43.122,65.814],[-52,56.936],[-52,-24.235],[-44.38,-33.024],[-44.014,-33.123]],"c":true}]}],"ix":2},"nm":"Path 1","mn":"ADBE Vector Shape - Group","hd":false},{"ty":"fl","c":{"a":0,"k":[1,0.588235318661,0,1],"ix":4},"o":{"a":0,"k":100,"ix":5},"r":1,"bm":0,"nm":"Fill 1","mn":"ADBE Vector Graphic - Fill","hd":false},{"ty":"tr","p":{"a":0,"k":[0,0],"ix":2},"a":{"a":0,"k":[0,0],"ix":1},"s":{"a":0,"k":[100,100],"ix":3},"r":{"a":0,"k":0,"ix":6},"o":{"a":0,"k":100,"ix":7},"sk":{"a":0,"k":0,"ix":4},"sa":{"a":0,"k":0,"ix":5},"nm":"Transform"}],"nm":"Fire orange","np":2,"cix":2,"bm":0,"ix":1,"mn":"ADBE Vector Group","hd":false}],"ip":0,"op":250,"st":0,"bm":0}],"markers":[]}
