{"v":"5.5.2","fr":60,"ip":0,"op":299,"w":135,"h":135,"nm":"04_AIRPLANE EXPORT","ddd":0,"assets":[{"id":"comp_0","layers":[{"ddd":0,"ind":1,"ty":4,"nm":"windshield","parent":2,"sr":1,"ks":{"o":{"a":0,"k":100,"ix":11},"r":{"a":0,"k":0,"ix":10},"p":{"s":true,"x":{"a":0,"k":-0.062,"ix":3},"y":{"a":1,"k":[{"i":{"x":[0.667],"y":[1]},"o":{"x":[0.167],"y":[0.167]},"t":0,"s":[-24.402],"e":[-24.402]},{"i":{"x":[0.667],"y":[1]},"o":{"x":[0.333],"y":[0]},"t":35,"s":[-24.402],"e":[-21.402]},{"i":{"x":[0.667],"y":[1]},"o":{"x":[0.333],"y":[0]},"t":50,"s":[-21.402],"e":[-49.684]},{"i":{"x":[0.667],"y":[1]},"o":{"x":[0.333],"y":[0]},"t":73,"s":[-49.684],"e":[-46.112]},{"i":{"x":[0.667],"y":[1]},"o":{"x":[0.333],"y":[0]},"t":103,"s":[-46.112],"e":[-46.453]},{"i":{"x":[0.667],"y":[1]},"o":{"x":[0.333],"y":[0]},"t":137,"s":[-46.453],"e":[-46.453]},{"i":{"x":[0.667],"y":[1]},"o":{"x":[0.333],"y":[0]},"t":237,"s":[-46.453],"e":[-50.729]},{"i":{"x":[0.667],"y":[1]},"o":{"x":[0.333],"y":[0]},"t":275,"s":[-50.729],"e":[-21.25]},{"i":{"x":[0.667],"y":[1]},"o":{"x":[0.333],"y":[0]},"t":300,"s":[-21.25],"e":[-24.402]},{"t":317}],"ix":4}},"a":{"a":0,"k":[0,0,0],"ix":1},"s":{"a":0,"k":[100,100,100],"ix":6}},"ao":0,"shapes":[{"ty":"gr","it":[{"ind":0,"ty":"sh","ix":1,"ks":{"a":0,"k":{"i":[[-0.92,0],[0,0],[-0.48,-0.78],[0,0],[0.77,-0.47],[0.31,0],[0,0],[0,0.91],[-0.17,0.26],[0,0]],"o":[[0,0],[0.92,0],[0,0],[0.48,0.77],[-0.25,0.17],[0,0],[-0.91,0],[0,-0.3],[0,0],[0.48,-0.78]],"v":[[-4.73,-2.5],[4.73,-2.5],[6.98,-1.24],[7.75,0],[7.22,2.25],[6.36,2.5],[-6.36,2.5],[-8,0.86],[-7.75,0],[-6.98,-1.24]],"c":true},"ix":2},"nm":"Path 1","mn":"ADBE Vector Shape - Group","hd":false},{"ty":"fl","c":{"a":0,"k":[0.10980399698,0.690195977688,0.964706003666,1],"ix":4},"o":{"a":0,"k":100,"ix":5},"r":1,"bm":0,"nm":"Fill 1","mn":"ADBE Vector Graphic - Fill","hd":false},{"ty":"tr","p":{"a":0,"k":[0,0],"ix":2},"a":{"a":0,"k":[0,0],"ix":1},"s":{"a":0,"k":[400,400],"ix":3},"r":{"a":0,"k":0,"ix":6},"o":{"a":0,"k":100,"ix":7},"sk":{"a":0,"k":0,"ix":4},"sa":{"a":0,"k":0,"ix":5},"nm":"Transform"}],"nm":"windshield","np":2,"cix":2,"bm":0,"ix":1,"mn":"ADBE Vector Group","hd":false}],"ip":0,"op":1000,"st":0,"bm":0},{"ddd":0,"ind":2,"ty":3,"nm":"Control NULL","sr":1,"ks":{"o":{"a":0,"k":0,"ix":11},"r":{"a":0,"k":0,"ix":10},"p":{"s":true,"x":{"a":0,"k":270.062,"ix":3},"y":{"a":1,"k":[{"i":{"x":[0.667],"y":[1]},"o":{"x":[0.333],"y":[0]},"t":0,"s":[270],"e":[270]},{"i":{"x":[0.667],"y":[1]},"o":{"x":[0.333],"y":[0]},"t":35,"s":[270],"e":[285.272]},{"i":{"x":[0.246],"y":[1]},"o":{"x":[0.333],"y":[0]},"t":50,"s":[285.272],"e":[189.871]},{"i":{"x":[0.667],"y":[1]},"o":{"x":[0.333],"y":[0]},"t":93,"s":[189.871],"e":[209.695]},{"i":{"x":[0.667],"y":[1]},"o":{"x":[0.333],"y":[0]},"t":128,"s":[209.695],"e":[189.871]},{"i":{"x":[0.667],"y":[1]},"o":{"x":[0.333],"y":[0]},"t":171,"s":[189.871],"e":[202.892]},{"i":{"x":[0.667],"y":[1]},"o":{"x":[0.333],"y":[0]},"t":214,"s":[202.892],"e":[184.209]},{"i":{"x":[0.667],"y":[1]},"o":{"x":[0.841],"y":[0]},"t":253,"s":[184.209],"e":[273.794]},{"i":{"x":[0.667],"y":[1]},"o":{"x":[0.333],"y":[0]},"t":293,"s":[273.794],"e":[270]},{"t":308}],"ix":4}},"a":{"a":0,"k":[0,0,0],"ix":1},"s":{"a":0,"k":[100,100,100],"ix":6}},"ao":0,"ip":0,"op":1000,"st":0,"bm":0},{"ddd":0,"ind":3,"ty":4,"nm":"nose","parent":1,"sr":1,"ks":{"o":{"a":0,"k":100,"ix":11},"r":{"a":0,"k":0,"ix":10},"p":{"s":true,"x":{"a":0,"k":0,"ix":3},"y":{"a":1,"k":[{"i":{"x":[0.667],"y":[1]},"o":{"x":[0.167],"y":[0]},"t":0,"s":[54],"e":[54]},{"i":{"x":[0.667],"y":[1]},"o":{"x":[0.333],"y":[0]},"t":35,"s":[54],"e":[57]},{"i":{"x":[0.667],"y":[1]},"o":{"x":[0.333],"y":[0]},"t":50,"s":[57],"e":[44.931]},{"i":{"x":[0.667],"y":[1]},"o":{"x":[0.333],"y":[0]},"t":74,"s":[44.931],"e":[46.974]},{"i":{"x":[0.667],"y":[1]},"o":{"x":[0.333],"y":[0]},"t":100,"s":[46.974],"e":[46.974]},{"i":{"x":[0.667],"y":[1]},"o":{"x":[0.333],"y":[0]},"t":265,"s":[46.974],"e":[55.678]},{"i":{"x":[0.667],"y":[1]},"o":{"x":[0.333],"y":[0]},"t":300,"s":[55.678],"e":[54]},{"t":315}],"ix":4}},"a":{"a":0,"k":[0,0,0],"ix":1},"s":{"a":0,"k":[100,100,100],"ix":6}},"ao":0,"shapes":[{"ty":"gr","it":[{"ind":0,"ty":"sh","ix":1,"ks":{"a":0,"k":{"i":[[-3.31,0],[0,3.31],[3.31,0],[0,-3.31]],"o":[[3.31,0],[0,-3.31],[-3.31,0],[0,3.31]],"v":[[0,6],[6,0],[0,-6],[-6,0]],"c":true},"ix":2},"nm":"Path 1","mn":"ADBE Vector Shape - Group","hd":false},{"ty":"fl","c":{"a":0,"k":[0.847059011459,0.847059011459,0.847059011459,1],"ix":4},"o":{"a":0,"k":100,"ix":5},"r":1,"bm":0,"nm":"Fill 1","mn":"ADBE Vector Graphic - Fill","hd":false},{"ty":"tr","p":{"a":0,"k":[0,0],"ix":2},"a":{"a":0,"k":[0,0],"ix":1},"s":{"a":0,"k":[400,400],"ix":3},"r":{"a":0,"k":0,"ix":6},"o":{"a":0,"k":100,"ix":7},"sk":{"a":0,"k":0,"ix":4},"sa":{"a":0,"k":0,"ix":5},"nm":"Transform"}],"nm":"nose","np":2,"cix":2,"bm":0,"ix":1,"mn":"ADBE Vector Group","hd":false}],"ip":0,"op":1000,"st":0,"bm":0},{"ddd":0,"ind":4,"ty":4,"nm":"tail fin","parent":8,"sr":1,"ks":{"o":{"a":0,"k":100,"ix":11},"r":{"a":0,"k":0,"ix":10},"p":{"s":true,"x":{"a":0,"k":0,"ix":3},"y":{"a":1,"k":[{"i":{"x":[0.667],"y":[1]},"o":{"x":[0.333],"y":[0]},"t":0,"s":[-105.716],"e":[-105.716]},{"i":{"x":[0.387],"y":[1]},"o":{"x":[0.333],"y":[0]},"t":50,"s":[-105.716],"e":[-72.842]},{"i":{"x":[0.667],"y":[1]},"o":{"x":[0.333],"y":[0]},"t":74,"s":[-72.842],"e":[-79.409]},{"i":{"x":[0.667],"y":[1]},"o":{"x":[0.333],"y":[0]},"t":100,"s":[-79.409],"e":[-79.409]},{"i":{"x":[0.667],"y":[1]},"o":{"x":[0.333],"y":[0]},"t":265,"s":[-79.409],"e":[-108.716]},{"i":{"x":[0.667],"y":[1]},"o":{"x":[0.333],"y":[0]},"t":300,"s":[-108.716],"e":[-105.716]},{"t":315}],"ix":4}},"a":{"a":0,"k":[0,0,0],"ix":1},"s":{"a":0,"k":[100,100,100],"ix":6}},"ao":0,"shapes":[{"ty":"gr","it":[{"ind":0,"ty":"sh","ix":1,"ks":{"a":0,"k":{"i":[[0,0],[0,0],[0,0],[0,0],[-1.09,-0.16],[-0.13,-0.88]],"o":[[0,0],[0,0],[0,0],[0.16,-1.1],[0.88,0.13],[0,0]],"v":[[1.98,-9.709],[5,11.431],[-5,11.431],[-1.98,-9.709],[0.28,-11.409],[1.98,-9.709]],"c":true},"ix":2},"nm":"Path 1","mn":"ADBE Vector Shape - Group","hd":false},{"ty":"fl","c":{"a":0,"k":[1,1,1,1],"ix":4},"o":{"a":0,"k":100,"ix":5},"r":1,"bm":0,"nm":"Fill 1","mn":"ADBE Vector Graphic - Fill","hd":false},{"ty":"tr","p":{"a":0,"k":[0,0],"ix":2},"a":{"a":0,"k":[0,0],"ix":1},"s":{"a":0,"k":[400,400],"ix":3},"r":{"a":0,"k":0,"ix":6},"o":{"a":0,"k":100,"ix":7},"sk":{"a":0,"k":0,"ix":4},"sa":{"a":0,"k":0,"ix":5},"nm":"Transform"}],"nm":"tail fin","np":2,"cix":2,"bm":0,"ix":1,"mn":"ADBE Vector Group","hd":false}],"ip":0,"op":1000,"st":0,"bm":0},{"ddd":0,"ind":5,"ty":4,"nm":"engine R 01","parent":6,"sr":1,"ks":{"o":{"a":0,"k":100,"ix":11},"r":{"a":0,"k":0,"ix":10},"p":{"a":0,"k":[0,0,0],"ix":2},"a":{"a":0,"k":[0,0,0],"ix":1},"s":{"a":0,"k":[100,100,100],"ix":6}},"ao":0,"shapes":[{"ty":"gr","it":[{"ind":0,"ty":"sh","ix":1,"ks":{"a":0,"k":{"i":[[-1.93,0],[0,1.93],[1.93,0],[0,-1.93]],"o":[[1.93,0],[0,-1.93],[-1.93,0],[0,1.93]],"v":[[0,3.5],[3.5,0],[0,-3.5],[-3.5,0]],"c":true},"ix":2},"nm":"Path 1","mn":"ADBE Vector Shape - Group","hd":false},{"ty":"fl","c":{"a":0,"k":[0.184313997626,0.564706027508,0.917647004128,1],"ix":4},"o":{"a":0,"k":100,"ix":5},"r":1,"bm":0,"nm":"Fill 1","mn":"ADBE Vector Graphic - Fill","hd":false},{"ty":"tr","p":{"a":0,"k":[0,0],"ix":2},"a":{"a":0,"k":[0,0],"ix":1},"s":{"a":0,"k":[400,400],"ix":3},"r":{"a":0,"k":0,"ix":6},"o":{"a":0,"k":100,"ix":7},"sk":{"a":0,"k":0,"ix":4},"sa":{"a":0,"k":0,"ix":5},"nm":"Transform"}],"nm":"engine R 01","np":2,"cix":2,"bm":0,"ix":1,"mn":"ADBE Vector Group","hd":false}],"ip":0,"op":1000,"st":0,"bm":0},{"ddd":0,"ind":6,"ty":4,"nm":"engine R 02","parent":7,"sr":1,"ks":{"o":{"a":0,"k":100,"ix":11},"r":{"a":0,"k":0,"ix":10},"p":{"s":true,"x":{"a":0,"k":0,"ix":3},"y":{"a":1,"k":[{"i":{"x":[0.667],"y":[1]},"o":{"x":[0.333],"y":[0]},"t":23,"s":[0],"e":[0.732]},{"i":{"x":[0.667],"y":[1]},"o":{"x":[0.333],"y":[0]},"t":38,"s":[0.732],"e":[-5.438]},{"i":{"x":[0.667],"y":[1]},"o":{"x":[0.333],"y":[0]},"t":88,"s":[-5.438],"e":[-5.438]},{"i":{"x":[0.667],"y":[1]},"o":{"x":[0.333],"y":[0]},"t":271,"s":[-5.438],"e":[0.732]},{"i":{"x":[0.667],"y":[1]},"o":{"x":[0.333],"y":[0]},"t":307,"s":[0.732],"e":[0]},{"t":322}],"ix":4}},"a":{"a":0,"k":[0,0,0],"ix":1},"s":{"a":0,"k":[100,100,100],"ix":6}},"ao":0,"shapes":[{"ty":"gr","it":[{"ind":0,"ty":"sh","ix":1,"ks":{"a":0,"k":{"i":[[-4.63,0],[0,4.62],[4.62,0],[0,-4.63]],"o":[[4.62,0],[0,-4.63],[-4.63,0],[0,4.62]],"v":[[0.003,8.373],[8.373,0.003],[0.003,-8.377],[-8.377,0.003]],"c":true},"ix":2},"nm":"Path 1","mn":"ADBE Vector Shape - Group","hd":false},{"ty":"fl","c":{"a":0,"k":[0.094117999077,0.42352899909,0.729412019253,1],"ix":4},"o":{"a":0,"k":100,"ix":5},"r":1,"bm":0,"nm":"Fill 1","mn":"ADBE Vector Graphic - Fill","hd":false},{"ty":"tr","p":{"a":0,"k":[0,0],"ix":2},"a":{"a":0,"k":[0,0],"ix":1},"s":{"a":0,"k":[400,400],"ix":3},"r":{"a":0,"k":0,"ix":6},"o":{"a":0,"k":100,"ix":7},"sk":{"a":0,"k":0,"ix":4},"sa":{"a":0,"k":0,"ix":5},"nm":"Transform"}],"nm":"engine R 02","np":2,"cix":2,"bm":0,"ix":1,"mn":"ADBE Vector Group","hd":false}],"ip":0,"op":1000,"st":0,"bm":0},{"ddd":0,"ind":7,"ty":4,"nm":"ENGINE R","parent":11,"sr":1,"ks":{"o":{"a":0,"k":100,"ix":11},"r":{"a":0,"k":0,"ix":10},"p":{"a":0,"k":[-34.906,42.076,0],"ix":2},"a":{"a":0,"k":[0,0,0],"ix":1},"s":{"a":0,"k":[100,100,100],"ix":6}},"ao":0,"shapes":[{"ty":"gr","it":[{"ind":0,"ty":"sh","ix":1,"ks":{"a":0,"k":{"i":[[6.97,0],[0,6.97],[-6.97,0],[0,-6.97]],"o":[[-6.97,0],[0,-6.97],[6.97,0],[0,6.97]],"v":[[-0.003,12.627],[-12.623,-0.003],[-0.003,-12.623],[12.627,-0.003]],"c":true},"ix":2},"nm":"Path 1","mn":"ADBE Vector Shape - Group","hd":false},{"ty":"fl","c":{"a":0,"k":[1,1,1,1],"ix":4},"o":{"a":0,"k":100,"ix":5},"r":1,"bm":0,"nm":"Fill 1","mn":"ADBE Vector Graphic - Fill","hd":false},{"ty":"tr","p":{"a":0,"k":[0,0],"ix":2},"a":{"a":0,"k":[0,0],"ix":1},"s":{"a":0,"k":[400,400],"ix":3},"r":{"a":0,"k":0,"ix":6},"o":{"a":0,"k":100,"ix":7},"sk":{"a":0,"k":0,"ix":4},"sa":{"a":0,"k":0,"ix":5},"nm":"Transform"}],"nm":"ENGINE R","np":2,"cix":2,"bm":0,"ix":1,"mn":"ADBE Vector Group","hd":false}],"ip":0,"op":1000,"st":0,"bm":0},{"ddd":0,"ind":8,"ty":4,"nm":"BODY","parent":2,"sr":1,"ks":{"o":{"a":0,"k":100,"ix":11},"r":{"a":0,"k":0,"ix":10},"p":{"a":0,"k":[-0.062,-48,0],"ix":2},"a":{"a":0,"k":[0,-54,0],"ix":1},"s":{"a":0,"k":[100,100,100],"ix":6}},"ao":0,"shapes":[{"ty":"gr","it":[{"ind":0,"ty":"sh","ix":1,"ks":{"a":0,"k":{"i":[[-11.6,0],[0,11.6],[11.6,0],[0,-11.6]],"o":[[11.6,0],[0,-11.6],[-11.6,0],[0,11.6]],"v":[[0,21],[21,0],[0,-21],[-21,0]],"c":true},"ix":2},"nm":"Path 1","mn":"ADBE Vector Shape - Group","hd":false},{"ty":"fl","c":{"a":0,"k":[1,1,1,1],"ix":4},"o":{"a":0,"k":100,"ix":5},"r":1,"bm":0,"nm":"Fill 1","mn":"ADBE Vector Graphic - Fill","hd":false},{"ty":"tr","p":{"a":0,"k":[0,0],"ix":2},"a":{"a":0,"k":[0,0],"ix":1},"s":{"a":0,"k":[400,400],"ix":3},"r":{"a":0,"k":0,"ix":6},"o":{"a":0,"k":100,"ix":7},"sk":{"a":0,"k":0,"ix":4},"sa":{"a":0,"k":0,"ix":5},"nm":"Transform"}],"nm":"BODY","np":2,"cix":2,"bm":0,"ix":1,"mn":"ADBE Vector Group","hd":false}],"ip":0,"op":1000,"st":0,"bm":0},{"ddd":0,"ind":9,"ty":4,"nm":"engine L 01","parent":10,"sr":1,"ks":{"o":{"a":0,"k":100,"ix":11},"r":{"a":0,"k":0,"ix":10},"p":{"a":0,"k":[0,0,0],"ix":2},"a":{"a":0,"k":[0,0,0],"ix":1},"s":{"a":0,"k":[-100,100,100],"ix":6}},"ao":0,"shapes":[{"ty":"gr","it":[{"ind":0,"ty":"sh","ix":1,"ks":{"a":0,"k":{"i":[[-1.93,0],[0,1.93],[1.93,0],[0,-1.93]],"o":[[1.93,0],[0,-1.93],[-1.93,0],[0,1.93]],"v":[[0,3.5],[3.5,0],[0,-3.5],[-3.5,0]],"c":true},"ix":2},"nm":"Path 1","mn":"ADBE Vector Shape - Group","hd":false},{"ty":"fl","c":{"a":0,"k":[0.184313997626,0.564706027508,0.917647004128,1],"ix":4},"o":{"a":0,"k":100,"ix":5},"r":1,"bm":0,"nm":"Fill 1","mn":"ADBE Vector Graphic - Fill","hd":false},{"ty":"tr","p":{"a":0,"k":[0,0],"ix":2},"a":{"a":0,"k":[0,0],"ix":1},"s":{"a":0,"k":[400,400],"ix":3},"r":{"a":0,"k":0,"ix":6},"o":{"a":0,"k":100,"ix":7},"sk":{"a":0,"k":0,"ix":4},"sa":{"a":0,"k":0,"ix":5},"nm":"Transform"}],"nm":"engine L 01","np":2,"cix":2,"bm":0,"ix":1,"mn":"ADBE Vector Group","hd":false}],"ip":0,"op":1000,"st":0,"bm":0},{"ddd":0,"ind":10,"ty":4,"nm":"engine L 02","parent":13,"sr":1,"ks":{"o":{"a":0,"k":100,"ix":11},"r":{"a":0,"k":0,"ix":10},"p":{"s":true,"x":{"a":0,"k":0,"ix":3},"y":{"a":1,"k":[{"i":{"x":[0.667],"y":[1]},"o":{"x":[0.333],"y":[0]},"t":23,"s":[0],"e":[0.732]},{"i":{"x":[0.667],"y":[1]},"o":{"x":[0.333],"y":[0]},"t":38,"s":[0.732],"e":[-5.438]},{"i":{"x":[0.667],"y":[1]},"o":{"x":[0.333],"y":[0]},"t":88,"s":[-5.438],"e":[-5.438]},{"i":{"x":[0.667],"y":[1]},"o":{"x":[0.333],"y":[0]},"t":271,"s":[-5.438],"e":[0.732]},{"i":{"x":[0.667],"y":[1]},"o":{"x":[0.333],"y":[0]},"t":307,"s":[0.732],"e":[0]},{"t":322}],"ix":4}},"a":{"a":0,"k":[0,0,0],"ix":1},"s":{"a":0,"k":[100,100,100],"ix":6}},"ao":0,"shapes":[{"ty":"gr","it":[{"ind":0,"ty":"sh","ix":1,"ks":{"a":0,"k":{"i":[[4.62,0],[0,4.62],[-4.63,0],[0,-4.63]],"o":[[-4.63,0],[0,-4.63],[4.62,0],[0,4.62]],"v":[[0.003,8.373],[-8.377,0.003],[0.003,-8.377],[8.373,0.003]],"c":true},"ix":2},"nm":"Path 1","mn":"ADBE Vector Shape - Group","hd":false},{"ty":"fl","c":{"a":0,"k":[0.094117999077,0.42352899909,0.729412019253,1],"ix":4},"o":{"a":0,"k":100,"ix":5},"r":1,"bm":0,"nm":"Fill 1","mn":"ADBE Vector Graphic - Fill","hd":false},{"ty":"tr","p":{"a":0,"k":[0,0],"ix":2},"a":{"a":0,"k":[0,0],"ix":1},"s":{"a":0,"k":[400,400],"ix":3},"r":{"a":0,"k":0,"ix":6},"o":{"a":0,"k":100,"ix":7},"sk":{"a":0,"k":0,"ix":4},"sa":{"a":0,"k":0,"ix":5},"nm":"Transform"}],"nm":"engine L 02","np":2,"cix":2,"bm":0,"ix":1,"mn":"ADBE Vector Group","hd":false}],"ip":0,"op":1000,"st":0,"bm":0},{"ddd":0,"ind":11,"ty":4,"nm":"wing R","parent":2,"sr":1,"ks":{"o":{"a":0,"k":100,"ix":11},"r":{"a":0,"k":0,"ix":10},"p":{"a":0,"k":[-115.157,1.924,0],"ix":2},"a":{"a":0,"k":[0,0,0],"ix":1},"s":{"a":0,"k":[100,100,100],"ix":6}},"ao":0,"shapes":[{"ty":"gr","it":[{"ind":0,"ty":"sh","ix":1,"ks":{"a":0,"k":{"i":[[-1.63,-0.22],[0,0],[0.46,-3.36],[0.15,-0.42],[0,0],[3.59,1.19],[0,0],[-0.27,1.69]],"o":[[0,0],[3.37,0.45],[-0.06,0.44],[0,0],[-1.3,3.55],[0,0],[-1.62,-0.54],[0.26,-1.62]],"v":[[-21.353,-9.579],[19.477,-4.009],[24.747,2.911],[24.427,4.201],[24.127,5.011],[15.357,9.251],[-22.413,-3.199],[-24.763,-7.059]],"c":true},"ix":2},"nm":"Path 1","mn":"ADBE Vector Shape - Group","hd":false},{"ty":"fl","c":{"a":0,"k":[1,1,1,1],"ix":4},"o":{"a":0,"k":100,"ix":5},"r":1,"bm":0,"nm":"Fill 1","mn":"ADBE Vector Graphic - Fill","hd":false},{"ty":"tr","p":{"a":0,"k":[0,0],"ix":2},"a":{"a":0,"k":[0,0],"ix":1},"s":{"a":0,"k":[400,400],"ix":3},"r":{"a":0,"k":0,"ix":6},"o":{"a":0,"k":100,"ix":7},"sk":{"a":0,"k":0,"ix":4},"sa":{"a":0,"k":0,"ix":5},"nm":"Transform"}],"nm":"wing R","np":2,"cix":2,"bm":0,"ix":1,"mn":"ADBE Vector Group","hd":false}],"ip":0,"op":1000,"st":0,"bm":0},{"ddd":0,"ind":12,"ty":4,"nm":"wing L","parent":2,"sr":1,"ks":{"o":{"a":0,"k":100,"ix":11},"r":{"a":0,"k":0,"ix":10},"p":{"a":0,"k":[115.032,1.924,0],"ix":2},"a":{"a":0,"k":[0,0,0],"ix":1},"s":{"a":0,"k":[100,100,100],"ix":6}},"ao":0,"shapes":[{"ty":"gr","it":[{"ind":0,"ty":"sh","ix":1,"ks":{"a":0,"k":{"i":[[0,0],[-0.26,-1.62],[1.62,-0.54],[0,0],[1.3,3.55],[0,0],[0.06,0.44],[-3.36,0.45]],"o":[[1.63,-0.22],[0.27,1.69],[0,0],[-3.59,1.19],[0,0],[-0.16,-0.42],[-0.46,-3.36],[0,0]],"v":[[21.357,-9.579],[24.757,-7.059],[22.417,-3.199],[-15.363,9.251],[-24.123,5.011],[-24.423,4.201],[-24.743,2.911],[-19.483,-4.009]],"c":true},"ix":2},"nm":"Path 1","mn":"ADBE Vector Shape - Group","hd":false},{"ty":"fl","c":{"a":0,"k":[1,1,1,1],"ix":4},"o":{"a":0,"k":100,"ix":5},"r":1,"bm":0,"nm":"Fill 1","mn":"ADBE Vector Graphic - Fill","hd":false},{"ty":"tr","p":{"a":0,"k":[0,0],"ix":2},"a":{"a":0,"k":[0,0],"ix":1},"s":{"a":0,"k":[400,400],"ix":3},"r":{"a":0,"k":0,"ix":6},"o":{"a":0,"k":100,"ix":7},"sk":{"a":0,"k":0,"ix":4},"sa":{"a":0,"k":0,"ix":5},"nm":"Transform"}],"nm":"wing L","np":2,"cix":2,"bm":0,"ix":1,"mn":"ADBE Vector Group","hd":false}],"ip":0,"op":1000,"st":0,"bm":0},{"ddd":0,"ind":13,"ty":4,"nm":"ENGINE L","parent":12,"sr":1,"ks":{"o":{"a":0,"k":100,"ix":11},"r":{"a":0,"k":0,"ix":10},"p":{"a":0,"k":[34.906,42.076,0],"ix":2},"a":{"a":0,"k":[0,0,0],"ix":1},"s":{"a":0,"k":[100,100,100],"ix":6}},"ao":0,"shapes":[{"ty":"gr","it":[{"ind":0,"ty":"sh","ix":1,"ks":{"a":0,"k":{"i":[[6.97,0],[0,6.97],[-6.97,0],[0,-6.97]],"o":[[-6.97,0],[0,-6.97],[6.97,0],[0,6.97]],"v":[[-0.003,12.627],[-12.623,-0.003],[-0.003,-12.623],[12.627,-0.003]],"c":true},"ix":2},"nm":"Path 1","mn":"ADBE Vector Shape - Group","hd":false},{"ty":"fl","c":{"a":0,"k":[1,1,1,1],"ix":4},"o":{"a":0,"k":100,"ix":5},"r":1,"bm":0,"nm":"Fill 1","mn":"ADBE Vector Graphic - Fill","hd":false},{"ty":"tr","p":{"a":0,"k":[0,0],"ix":2},"a":{"a":0,"k":[0,0],"ix":1},"s":{"a":0,"k":[400,400],"ix":3},"r":{"a":0,"k":0,"ix":6},"o":{"a":0,"k":100,"ix":7},"sk":{"a":0,"k":0,"ix":4},"sa":{"a":0,"k":0,"ix":5},"nm":"Transform"}],"nm":"ENGINE L","np":2,"cix":2,"bm":0,"ix":1,"mn":"ADBE Vector Group","hd":false}],"ip":0,"op":1000,"st":0,"bm":0},{"ddd":0,"ind":14,"ty":3,"nm":"Wheels R NULL","parent":2,"sr":1,"ks":{"o":{"a":0,"k":0,"ix":11},"r":{"a":1,"k":[{"i":{"x":[0.667],"y":[1]},"o":{"x":[0.333],"y":[0]},"t":0,"s":[0],"e":[0]},{"i":{"x":[0.667],"y":[1]},"o":{"x":[0.333],"y":[0]},"t":47,"s":[0],"e":[0]},{"i":{"x":[0.667],"y":[1]},"o":{"x":[0.333],"y":[0]},"t":62,"s":[0],"e":[-90]},{"i":{"x":[0.833],"y":[1]},"o":{"x":[0.167],"y":[0]},"t":79,"s":[-90],"e":[-90]},{"i":{"x":[0.667],"y":[1]},"o":{"x":[0.167],"y":[0]},"t":265,"s":[-90],"e":[0]},{"t":286}],"ix":10},"p":{"s":true,"x":{"a":0,"k":-48.062,"ix":3},"y":{"a":1,"k":[{"i":{"x":[0.667],"y":[1]},"o":{"x":[0.333],"y":[0]},"t":62,"s":[65],"e":[55]},{"i":{"x":[0.667],"y":[1]},"o":{"x":[0.333],"y":[0]},"t":79,"s":[55],"e":[55]},{"i":{"x":[0.667],"y":[1]},"o":{"x":[0.333],"y":[0]},"t":265,"s":[55],"e":[65]},{"t":286}],"ix":4}},"a":{"a":0,"k":[0,0,0],"ix":1},"s":{"a":1,"k":[{"i":{"x":[0.667,0.667,0.667],"y":[1,1,1]},"o":{"x":[0.333,0.333,0.333],"y":[0,0,0]},"t":62,"s":[25,25,100],"e":[10,10,100]},{"i":{"x":[0.833,0.833,0.833],"y":[1,1,1]},"o":{"x":[0.167,0.167,0.167],"y":[0,0,0]},"t":79,"s":[10,10,100],"e":[10,10,100]},{"i":{"x":[0.833,0.833,0.833],"y":[1,1,1]},"o":{"x":[0.167,0.167,0.167],"y":[0,0,0]},"t":265,"s":[10,10,100],"e":[25,25,100]},{"t":286}],"ix":6}},"ao":0,"ip":0,"op":1000,"st":0,"bm":0},{"ddd":0,"ind":15,"ty":3,"nm":"Wheels L NULL","parent":2,"sr":1,"ks":{"o":{"a":0,"k":0,"ix":11},"r":{"a":1,"k":[{"i":{"x":[0.667],"y":[1]},"o":{"x":[0.333],"y":[0]},"t":0,"s":[0],"e":[0]},{"i":{"x":[0.667],"y":[1]},"o":{"x":[0.333],"y":[0]},"t":47,"s":[0],"e":[0]},{"i":{"x":[0.667],"y":[1]},"o":{"x":[0.333],"y":[0]},"t":62,"s":[0],"e":[90]},{"i":{"x":[0.833],"y":[1]},"o":{"x":[0.167],"y":[0]},"t":79,"s":[90],"e":[90]},{"i":{"x":[0.667],"y":[1]},"o":{"x":[0.167],"y":[0]},"t":265,"s":[90],"e":[0]},{"t":286}],"ix":10},"p":{"s":true,"x":{"a":0,"k":47.938,"ix":3},"y":{"a":1,"k":[{"i":{"x":[0.667],"y":[1]},"o":{"x":[0.333],"y":[0]},"t":62,"s":[65],"e":[55]},{"i":{"x":[0.667],"y":[1]},"o":{"x":[0.333],"y":[0]},"t":79,"s":[55],"e":[55]},{"i":{"x":[0.667],"y":[1]},"o":{"x":[0.333],"y":[0]},"t":265,"s":[55],"e":[65]},{"t":286}],"ix":4}},"a":{"a":0,"k":[0,0,0],"ix":1},"s":{"a":1,"k":[{"i":{"x":[0.667,0.667,0.667],"y":[1,1,1]},"o":{"x":[0.333,0.333,0.333],"y":[0,0,0]},"t":62,"s":[25,25,100],"e":[10,10,100]},{"i":{"x":[0.833,0.833,0.833],"y":[1,1,1]},"o":{"x":[0.167,0.167,0.167],"y":[0,0,0]},"t":79,"s":[10,10,100],"e":[10,10,100]},{"i":{"x":[0.833,0.833,0.833],"y":[1,1,1]},"o":{"x":[0.167,0.167,0.167],"y":[0,0,0]},"t":265,"s":[10,10,100],"e":[25,25,100]},{"t":286}],"ix":6}},"ao":0,"ip":0,"op":1000,"st":0,"bm":0},{"ddd":0,"ind":16,"ty":0,"nm":"Wheels","parent":14,"refId":"comp_1","sr":1,"ks":{"o":{"a":1,"k":[{"t":0,"s":[0],"h":1},{"t":59,"s":[100],"h":1},{"t":289,"s":[0],"h":1}],"ix":11},"r":{"a":0,"k":0,"ix":10},"p":{"a":0,"k":[-56,108,0],"ix":2},"a":{"a":0,"k":[27,27,0],"ix":1},"s":{"a":0,"k":[400,400,100],"ix":6}},"ao":0,"w":54,"h":54,"ip":0,"op":1000,"st":0,"bm":0},{"ddd":0,"ind":17,"ty":0,"nm":"Wheels","parent":15,"refId":"comp_1","sr":1,"ks":{"o":{"a":1,"k":[{"t":0,"s":[0],"h":1},{"t":59,"s":[100],"h":1},{"t":289,"s":[0],"h":1}],"ix":11},"r":{"a":0,"k":0,"ix":10},"p":{"a":0,"k":[56,108,0],"ix":2},"a":{"a":0,"k":[27,27,0],"ix":1},"s":{"a":0,"k":[400,400,100],"ix":6}},"ao":0,"w":54,"h":54,"ip":0,"op":1000,"st":0,"bm":0},{"ddd":0,"ind":18,"ty":0,"nm":"Wheels","refId":"comp_1","sr":1,"ks":{"o":{"a":1,"k":[{"t":0,"s":[100],"h":1},{"t":59,"s":[0],"h":1},{"t":289,"s":[100],"h":1}],"ix":11},"r":{"a":0,"k":0,"ix":10},"p":{"a":0,"k":[208,362,0],"ix":2},"a":{"a":0,"k":[27,27,0],"ix":1},"s":{"a":0,"k":[100,100,100],"ix":6}},"ao":0,"w":54,"h":54,"ip":0,"op":1000,"st":0,"bm":0},{"ddd":0,"ind":19,"ty":0,"nm":"Wheels","refId":"comp_1","sr":1,"ks":{"o":{"a":1,"k":[{"t":0,"s":[100],"h":1},{"t":59,"s":[0],"h":1},{"t":289,"s":[100],"h":1}],"ix":11},"r":{"a":0,"k":0,"ix":10},"p":{"a":0,"k":[332,362,0],"ix":2},"a":{"a":0,"k":[27,27,0],"ix":1},"s":{"a":0,"k":[100,100,100],"ix":6}},"ao":0,"w":54,"h":54,"ip":0,"op":1000,"st":0,"bm":0}]},{"id":"comp_1","layers":[{"ddd":0,"ind":1,"ty":4,"nm":"wheel L1","sr":1,"ks":{"o":{"a":0,"k":100,"ix":11},"r":{"a":0,"k":0,"ix":10},"p":{"a":0,"k":[41,27,0],"ix":2},"a":{"a":0,"k":[0,0,0],"ix":1},"s":{"a":0,"k":[100,100,100],"ix":6}},"ao":0,"shapes":[{"ty":"gr","it":[{"ind":0,"ty":"sh","ix":1,"ks":{"a":0,"k":{"i":[[-1.66,0],[0,-1.66],[0,0],[1.66,0],[0,1.66],[0,0]],"o":[[1.66,0],[0,0],[0,1.66],[-1.66,0],[0,0],[0,-1.66]],"v":[[0,-6.5],[3,-3.5],[3,3.5],[0,6.5],[-3,3.5],[-3,-3.5]],"c":true},"ix":2},"nm":"Path 1","mn":"ADBE Vector Shape - Group","hd":false},{"ty":"fl","c":{"a":0,"k":[0.094117999077,0.42352899909,0.729412019253,1],"ix":4},"o":{"a":0,"k":100,"ix":5},"r":1,"bm":0,"nm":"Fill 1","mn":"ADBE Vector Graphic - Fill","hd":false},{"ty":"tr","p":{"a":0,"k":[0,0],"ix":2},"a":{"a":0,"k":[0,0],"ix":1},"s":{"a":0,"k":[400,400],"ix":3},"r":{"a":0,"k":0,"ix":6},"o":{"a":0,"k":100,"ix":7},"sk":{"a":0,"k":0,"ix":4},"sa":{"a":0,"k":0,"ix":5},"nm":"Transform"}],"nm":"wheel L1","np":2,"cix":2,"bm":0,"ix":1,"mn":"ADBE Vector Group","hd":false}],"ip":0,"op":1000,"st":0,"bm":0},{"ddd":0,"ind":2,"ty":4,"nm":"wheel L2","sr":1,"ks":{"o":{"a":0,"k":100,"ix":11},"r":{"a":0,"k":0,"ix":10},"p":{"a":0,"k":[13,27,0],"ix":2},"a":{"a":0,"k":[0,0,0],"ix":1},"s":{"a":0,"k":[100,100,100],"ix":6}},"ao":0,"shapes":[{"ty":"gr","it":[{"ind":0,"ty":"sh","ix":1,"ks":{"a":0,"k":{"i":[[-1.66,0],[0,-1.66],[0,0],[1.66,0],[0,1.66],[0,0]],"o":[[1.66,0],[0,0],[0,1.66],[-1.66,0],[0,0],[0,-1.66]],"v":[[0,-6.5],[3,-3.5],[3,3.5],[0,6.5],[-3,3.5],[-3,-3.5]],"c":true},"ix":2},"nm":"Path 1","mn":"ADBE Vector Shape - Group","hd":false},{"ty":"fl","c":{"a":0,"k":[0.094117999077,0.42352899909,0.729412019253,1],"ix":4},"o":{"a":0,"k":100,"ix":5},"r":1,"bm":0,"nm":"Fill 1","mn":"ADBE Vector Graphic - Fill","hd":false},{"ty":"tr","p":{"a":0,"k":[0,0],"ix":2},"a":{"a":0,"k":[0,0],"ix":1},"s":{"a":0,"k":[400,400],"ix":3},"r":{"a":0,"k":0,"ix":6},"o":{"a":0,"k":100,"ix":7},"sk":{"a":0,"k":0,"ix":4},"sa":{"a":0,"k":0,"ix":5},"nm":"Transform"}],"nm":"wheel L2","np":2,"cix":2,"bm":0,"ix":1,"mn":"ADBE Vector Group","hd":false}],"ip":0,"op":1000,"st":0,"bm":0}]}],"layers":[{"ddd":0,"ind":1,"ty":0,"nm":"04_AIRPLANE","refId":"comp_0","sr":1,"ks":{"o":{"a":0,"k":100,"ix":11},"r":{"a":0,"k":0,"ix":10},"p":{"a":0,"k":[67.5,67.5,0],"ix":2},"a":{"a":0,"k":[270,270,0],"ix":1},"s":{"a":0,"k":[25,25,100],"ix":6}},"ao":0,"w":540,"h":540,"ip":0,"op":299,"st":-26,"bm":0}],"markers":[{"tm":0,"cm":"1","dr":0},{"tm":298,"cm":"2","dr":0}]}
