{"v":"5.5.2","fr":60,"ip":0,"op":200,"w":135,"h":135,"nm":"34_BIKE EXPORT","ddd":0,"assets":[{"id":"comp_0","layers":[{"ddd":0,"ind":1,"ty":4,"nm":"Pedal","parent":2,"sr":1,"ks":{"o":{"a":1,"k":[{"t":25,"s":[0],"h":1},{"t":79,"s":[100],"h":1},{"t":216,"s":[0],"h":1}],"ix":11},"r":{"a":1,"k":[{"i":{"x":[0.754],"y":[1]},"o":{"x":[0.167],"y":[0]},"t":25,"s":[0],"e":[0]},{"i":{"x":[0.848],"y":[0.733]},"o":{"x":[0.129],"y":[0.278]},"t":78,"s":[0],"e":[-1800]},{"t":217}],"ix":10},"p":{"a":0,"k":[-54.219,51.812,0],"ix":2},"a":{"a":0,"k":[-13.219,51.812,0],"ix":1},"s":{"a":0,"k":[100,100,100],"ix":6}},"ao":0,"shapes":[{"ty":"gr","it":[{"ind":0,"ty":"sh","ix":1,"ks":{"a":0,"k":{"i":[[0,0],[0,0]],"o":[[0,0],[0,0]],"v":[[-4.219,52.031],[-22.25,51.625]],"c":false},"ix":2},"nm":"Path 1","mn":"ADBE Vector Shape - Group","hd":false},{"ty":"st","c":{"a":0,"k":[0.753017769608,0.753017769608,0.753017769608,1],"ix":3},"o":{"a":0,"k":100,"ix":4},"w":{"a":0,"k":18,"ix":5},"lc":2,"lj":1,"ml":4,"bm":0,"nm":"Stroke 1","mn":"ADBE Vector Graphic - Stroke","hd":false},{"ty":"tr","p":{"a":0,"k":[0,0],"ix":2},"a":{"a":0,"k":[0,0],"ix":1},"s":{"a":0,"k":[100,100],"ix":3},"r":{"a":0,"k":0,"ix":6},"o":{"a":0,"k":100,"ix":7},"sk":{"a":0,"k":0,"ix":4},"sa":{"a":0,"k":0,"ix":5},"nm":"Transform"}],"nm":"Shape 1","np":3,"cix":2,"bm":0,"ix":1,"mn":"ADBE Vector Group","hd":false}],"ip":0,"op":300,"st":0,"bm":0},{"ddd":0,"ind":2,"ty":4,"nm":"Crankarm","parent":4,"sr":1,"ks":{"o":{"a":0,"k":100,"ix":11},"r":{"a":1,"k":[{"i":{"x":[0.754],"y":[1]},"o":{"x":[0.167],"y":[0]},"t":25,"s":[0],"e":[0]},{"i":{"x":[0.896],"y":[0.736]},"o":{"x":[0.131],"y":[0.298]},"t":78,"s":[0],"e":[1800]},{"t":217}],"ix":10},"p":{"a":0,"k":[0.003,0.031,0],"ix":2},"a":{"a":0,"k":[-4.219,52.031,0],"ix":1},"s":{"a":0,"k":[100,100,100],"ix":6}},"ao":0,"shapes":[{"ty":"gr","it":[{"ind":0,"ty":"sh","ix":1,"ks":{"a":0,"k":{"i":[[0,0],[0,0]],"o":[[0,0],[0,0]],"v":[[-4.219,52.031],[-52.75,51.812]],"c":false},"ix":2},"nm":"Path 1","mn":"ADBE Vector Shape - Group","hd":false},{"ty":"st","c":{"a":0,"k":[0.847058883368,0.847058883368,0.847058883368,1],"ix":3},"o":{"a":0,"k":100,"ix":4},"w":{"a":0,"k":18,"ix":5},"lc":2,"lj":1,"ml":4,"bm":0,"nm":"Stroke 1","mn":"ADBE Vector Graphic - Stroke","hd":false},{"ty":"tr","p":{"a":0,"k":[0,0],"ix":2},"a":{"a":0,"k":[0,0],"ix":1},"s":{"a":0,"k":[100,100],"ix":3},"r":{"a":0,"k":0,"ix":6},"o":{"a":0,"k":100,"ix":7},"sk":{"a":0,"k":0,"ix":4},"sa":{"a":0,"k":0,"ix":5},"nm":"Transform"}],"nm":"Shape 1","np":3,"cix":2,"bm":0,"ix":1,"mn":"ADBE Vector Group","hd":false}],"ip":0,"op":300,"st":0,"bm":0},{"ddd":0,"ind":3,"ty":4,"nm":"top tube","parent":13,"sr":1,"ks":{"o":{"a":0,"k":100,"ix":11},"r":{"a":0,"k":0,"ix":10},"p":{"a":0,"k":[112.001,-140.988,0],"ix":2},"a":{"a":0,"k":[0,0,0],"ix":1},"s":{"a":0,"k":[100,100,100],"ix":6}},"ao":0,"shapes":[{"ty":"gr","it":[{"ind":0,"ty":"sh","ix":1,"ks":{"a":0,"k":{"i":[[0,0],[0,1.76],[-1.76,0],[0,0],[0,-1.76],[1.76,0]],"o":[[-1.76,0],[0,-1.76],[0,0],[1.76,0],[0,1.76],[0,0]],"v":[[-14.342,3.178],[-17.522,-0.002],[-14.342,-3.182],[14.338,-3.182],[17.518,-0.002],[14.338,3.178]],"c":true},"ix":2},"nm":"Path 1","mn":"ADBE Vector Shape - Group","hd":false},{"ty":"fl","c":{"a":0,"k":[1,0.847059011459,0.505882024765,1],"ix":4},"o":{"a":0,"k":100,"ix":5},"r":1,"bm":0,"nm":"Fill 1","mn":"ADBE Vector Graphic - Fill","hd":false},{"ty":"tr","p":{"a":0,"k":[0,0],"ix":2},"a":{"a":0,"k":[0,0],"ix":1},"s":{"a":0,"k":[400,400],"ix":3},"r":{"a":0,"k":0,"ix":6},"o":{"a":0,"k":100,"ix":7},"sk":{"a":0,"k":0,"ix":4},"sa":{"a":0,"k":0,"ix":5},"nm":"Transform"}],"nm":"top tube","np":2,"cix":2,"bm":0,"ix":1,"mn":"ADBE Vector Group","hd":false}],"ip":0,"op":300,"st":0,"bm":0},{"ddd":0,"ind":4,"ty":4,"nm":"chainring","parent":13,"sr":1,"ks":{"o":{"a":0,"k":100,"ix":11},"r":{"a":0,"k":0,"ix":10},"p":{"a":0,"k":[111.889,-2.167,0],"ix":2},"a":{"a":0,"k":[0,0,0],"ix":1},"s":{"a":0,"k":[100,100,100],"ix":6}},"ao":0,"shapes":[{"ty":"gr","it":[{"ind":0,"ty":"sh","ix":1,"ks":{"a":0,"k":{"i":[[-4.36,0],[0,4.47],[4.35,0],[0,-4.47]],"o":[[4.35,0],[0,-4.47],[-4.36,0],[0,4.47]],"v":[[0.004,8.097],[7.884,-0.003],[0.004,-8.093],[-7.886,-0.003]],"c":true},"ix":2},"nm":"Path 1","mn":"ADBE Vector Shape - Group","hd":false},{"ty":"fl","c":{"a":0,"k":[0.847000002861,0.847000002861,0.847000002861,1],"ix":4},"o":{"a":0,"k":100,"ix":5},"r":1,"bm":0,"nm":"Fill 1","mn":"ADBE Vector Graphic - Fill","hd":false},{"ty":"tr","p":{"a":0,"k":[0,0],"ix":2},"a":{"a":0,"k":[0,0],"ix":1},"s":{"a":0,"k":[400,400],"ix":3},"r":{"a":0,"k":0,"ix":6},"o":{"a":0,"k":100,"ix":7},"sk":{"a":0,"k":0,"ix":4},"sa":{"a":0,"k":0,"ix":5},"nm":"Transform"}],"nm":"chainring","np":2,"cix":2,"bm":0,"ix":1,"mn":"ADBE Vector Group","hd":false}],"ip":0,"op":300,"st":0,"bm":0},{"ddd":0,"ind":5,"ty":4,"nm":"saddle","parent":13,"sr":1,"ks":{"o":{"a":0,"k":100,"ix":11},"r":{"a":0,"k":0,"ix":10},"p":{"a":0,"k":[38.418,-177.667,0],"ix":2},"a":{"a":0,"k":[0,0,0],"ix":1},"s":{"a":0,"k":[100,100,100],"ix":6}},"ao":0,"shapes":[{"ty":"gr","it":[{"ind":0,"ty":"sh","ix":1,"ks":{"a":0,"k":{"i":[[0,0],[0,1.76],[-1.76,0],[0,0],[0,-1.76],[1.75,0]],"o":[[-1.76,0],[0,-1.76],[0,0],[1.75,0],[0,1.76],[0,0]],"v":[[-5.385,3.178],[-8.565,-0.002],[-5.385,-3.182],[5.385,-3.182],[8.565,-0.002],[5.385,3.178]],"c":true},"ix":2},"nm":"Path 1","mn":"ADBE Vector Shape - Group","hd":false},{"ty":"fl","c":{"a":0,"k":[0.319727987051,0.319727987051,0.319727987051,1],"ix":4},"o":{"a":0,"k":100,"ix":5},"r":1,"bm":0,"nm":"Fill 1","mn":"ADBE Vector Graphic - Fill","hd":false},{"ty":"tr","p":{"a":0,"k":[0,0],"ix":2},"a":{"a":0,"k":[0,0],"ix":1},"s":{"a":0,"k":[400,400],"ix":3},"r":{"a":0,"k":0,"ix":6},"o":{"a":0,"k":100,"ix":7},"sk":{"a":0,"k":0,"ix":4},"sa":{"a":0,"k":0,"ix":5},"nm":"Transform"}],"nm":"saddle","np":2,"cix":2,"bm":0,"ix":1,"mn":"ADBE Vector Group","hd":false}],"ip":0,"op":300,"st":0,"bm":0},{"ddd":0,"ind":6,"ty":4,"nm":"down tube","parent":13,"sr":1,"ks":{"o":{"a":0,"k":100,"ix":11},"r":{"a":0,"k":0,"ix":10},"p":{"a":0,"k":[137.688,-60.938,0],"ix":2},"a":{"a":0,"k":[0,0,0],"ix":1},"s":{"a":0,"k":[100,100,100],"ix":6}},"ao":0,"shapes":[{"ty":"gr","it":[{"ind":0,"ty":"sh","ix":1,"ks":{"a":0,"k":{"i":[[-1.99,3.74],[0,0],[1.99,-3.75],[0,0]],"o":[[0,0],[1.99,-3.74],[0,0],[-1.99,3.75]],"v":[[-11.123,14.151],[5.507,-17.139],[11.127,-14.149],[-5.503,17.131]],"c":true},"ix":2},"nm":"Path 1","mn":"ADBE Vector Shape - Group","hd":false},{"ty":"fl","c":{"a":0,"k":[1,0.847059011459,0.505882024765,1],"ix":4},"o":{"a":0,"k":100,"ix":5},"r":1,"bm":0,"nm":"Fill 1","mn":"ADBE Vector Graphic - Fill","hd":false},{"ty":"tr","p":{"a":0,"k":[0,0],"ix":2},"a":{"a":0,"k":[0,0],"ix":1},"s":{"a":0,"k":[400,400],"ix":3},"r":{"a":0,"k":0,"ix":6},"o":{"a":0,"k":100,"ix":7},"sk":{"a":0,"k":0,"ix":4},"sa":{"a":0,"k":0,"ix":5},"nm":"Transform"}],"nm":"down tube","np":2,"cix":2,"bm":0,"ix":1,"mn":"ADBE Vector Group","hd":false}],"ip":0,"op":300,"st":0,"bm":0},{"ddd":0,"ind":7,"ty":4,"nm":"seat tube","parent":13,"sr":1,"ks":{"o":{"a":0,"k":100,"ix":11},"r":{"a":0,"k":0,"ix":10},"p":{"a":0,"k":[78.701,-84.5,0],"ix":2},"a":{"a":0,"k":[0,0,0],"ix":1},"s":{"a":0,"k":[100,100,100],"ix":6}},"ao":0,"shapes":[{"ty":"gr","it":[{"ind":0,"ty":"sh","ix":1,"ks":{"a":0,"k":{"i":[[0,0],[1.6,-0.73],[0.73,1.6],[0,0],[-1.6,0.73],[-0.73,-1.6]],"o":[[0.73,1.6],[-1.6,0.73],[0,0],[-0.73,-1.6],[1.6,-0.73],[0,0]],"v":[[12.791,20.34],[11.221,24.56],[7.001,22.99],[-12.789,-20.34],[-11.219,-24.56],[-6.999,-22.99]],"c":true},"ix":2},"nm":"Path 1","mn":"ADBE Vector Shape - Group","hd":false},{"ty":"fl","c":{"a":0,"k":[1,0.847059011459,0.505882024765,1],"ix":4},"o":{"a":0,"k":100,"ix":5},"r":1,"bm":0,"nm":"Fill 1","mn":"ADBE Vector Graphic - Fill","hd":false},{"ty":"tr","p":{"a":0,"k":[0,0],"ix":2},"a":{"a":0,"k":[0,0],"ix":1},"s":{"a":0,"k":[400,400],"ix":3},"r":{"a":0,"k":0,"ix":6},"o":{"a":0,"k":100,"ix":7},"sk":{"a":0,"k":0,"ix":4},"sa":{"a":0,"k":0,"ix":5},"nm":"Transform"}],"nm":"seat tube","np":2,"cix":2,"bm":0,"ix":1,"mn":"ADBE Vector Group","hd":false}],"ip":0,"op":300,"st":0,"bm":0},{"ddd":0,"ind":8,"ty":4,"nm":"fork","parent":13,"sr":1,"ks":{"o":{"a":0,"k":100,"ix":11},"r":{"a":0,"k":0,"ix":10},"p":{"a":0,"k":[202.667,-69.333,0],"ix":2},"a":{"a":0,"k":[0,0,0],"ix":1},"s":{"a":0,"k":[100,100,100],"ix":6}},"ao":0,"shapes":[{"ty":"gr","it":[{"ind":0,"ty":"sh","ix":1,"ks":{"a":0,"k":{"i":[[0,0],[1.6,-0.71],[0.71,1.61],[0,0],[-1.6,0.72],[-0.71,-1.6]],"o":[[0.71,1.61],[-1.61,0.71],[0,0],[-0.71,-1.61],[1.61,-0.71],[0,0]],"v":[[10.83,16.582],[9.21,20.782],[5.01,19.162],[-10.83,-16.588],[-9.21,-20.788],[-5.01,-19.168]],"c":true},"ix":2},"nm":"Path 1","mn":"ADBE Vector Shape - Group","hd":false},{"ty":"fl","c":{"a":0,"k":[1,0.847059011459,0.505882024765,1],"ix":4},"o":{"a":0,"k":100,"ix":5},"r":1,"bm":0,"nm":"Fill 1","mn":"ADBE Vector Graphic - Fill","hd":false},{"ty":"tr","p":{"a":0,"k":[0,0],"ix":2},"a":{"a":0,"k":[0,0],"ix":1},"s":{"a":0,"k":[400,400],"ix":3},"r":{"a":0,"k":0,"ix":6},"o":{"a":0,"k":100,"ix":7},"sk":{"a":0,"k":0,"ix":4},"sa":{"a":0,"k":0,"ix":5},"nm":"Transform"}],"nm":"fork","np":2,"cix":2,"bm":0,"ix":1,"mn":"ADBE Vector Group","hd":false}],"ip":0,"op":300,"st":0,"bm":0},{"ddd":0,"ind":9,"ty":4,"nm":"seatstay","parent":13,"sr":1,"ks":{"o":{"a":0,"k":100,"ix":11},"r":{"a":0,"k":0,"ix":10},"p":{"a":0,"k":[27.444,-60.667,0],"ix":2},"a":{"a":0,"k":[0,0,0],"ix":1},"s":{"a":0,"k":[100,100,100],"ix":6}},"ao":0,"shapes":[{"ty":"gr","it":[{"ind":0,"ty":"sh","ix":1,"ks":{"a":0,"k":{"i":[[-1.81,3.84],[0,0],[1.81,-3.84],[0,0]],"o":[[0,0],[1.81,-3.84],[0,0],[-1.81,3.84]],"v":[[-10.265,14.349],[4.505,-17.061],[10.265,-14.351],[-4.505,17.059]],"c":true},"ix":2},"nm":"Path 1","mn":"ADBE Vector Shape - Group","hd":false},{"ty":"fl","c":{"a":0,"k":[1,0.847059011459,0.505882024765,1],"ix":4},"o":{"a":0,"k":100,"ix":5},"r":1,"bm":0,"nm":"Fill 1","mn":"ADBE Vector Graphic - Fill","hd":false},{"ty":"tr","p":{"a":0,"k":[0,0],"ix":2},"a":{"a":0,"k":[0,0],"ix":1},"s":{"a":0,"k":[400,400],"ix":3},"r":{"a":0,"k":0,"ix":6},"o":{"a":0,"k":100,"ix":7},"sk":{"a":0,"k":0,"ix":4},"sa":{"a":0,"k":0,"ix":5},"nm":"Transform"}],"nm":"seatstay","np":2,"cix":2,"bm":0,"ix":1,"mn":"ADBE Vector Group","hd":false}],"ip":0,"op":300,"st":0,"bm":0},{"ddd":0,"ind":10,"ty":4,"nm":"chain","parent":13,"sr":1,"ks":{"o":{"a":0,"k":100,"ix":11},"r":{"a":0,"k":0,"ix":10},"p":{"a":0,"k":[43.291,0,0],"ix":2},"a":{"a":0,"k":[0,0,0],"ix":1},"s":{"a":0,"k":[100,100,100],"ix":6}},"ao":0,"shapes":[{"ty":"gr","it":[{"ind":0,"ty":"sh","ix":1,"ks":{"a":0,"k":{"i":[[0,0],[0,1.76],[-1.76,0],[0,0],[0,-1.76],[1.76,0]],"o":[[-1.76,0],[0,-1.76],[0,0],[1.76,0],[0,1.76],[0,0]],"v":[[-10.825,3.178],[-14.005,-0.002],[-10.825,-3.182],[10.825,-3.182],[14.005,-0.002],[10.825,3.178]],"c":true},"ix":2},"nm":"Path 1","mn":"ADBE Vector Shape - Group","hd":false},{"ty":"fl","c":{"a":0,"k":[0.847059011459,0.847059011459,0.847059011459,1],"ix":4},"o":{"a":0,"k":100,"ix":5},"r":1,"bm":0,"nm":"Fill 1","mn":"ADBE Vector Graphic - Fill","hd":false},{"ty":"tr","p":{"a":0,"k":[0,0],"ix":2},"a":{"a":0,"k":[0,0],"ix":1},"s":{"a":0,"k":[400,400],"ix":3},"r":{"a":0,"k":0,"ix":6},"o":{"a":0,"k":100,"ix":7},"sk":{"a":0,"k":0,"ix":4},"sa":{"a":0,"k":0,"ix":5},"nm":"Transform"}],"nm":"chain","np":2,"cix":2,"bm":0,"ix":1,"mn":"ADBE Vector Group","hd":false}],"ip":0,"op":300,"st":0,"bm":0},{"ddd":0,"ind":11,"ty":4,"nm":"grip","parent":13,"sr":1,"ks":{"o":{"a":0,"k":100,"ix":11},"r":{"a":0,"k":0,"ix":10},"p":{"a":0,"k":[237.651,-148.571,0],"ix":2},"a":{"a":0,"k":[0,0,0],"ix":1},"s":{"a":0,"k":[100,100,100],"ix":6}},"ao":0,"shapes":[{"ty":"gr","it":[{"ind":0,"ty":"sh","ix":1,"ks":{"a":0,"k":{"i":[[-2.79,0],[0,2.87],[2.79,0],[0,-2.86]],"o":[[2.79,0],[0,-2.86],[-2.79,0],[0,2.87]],"v":[[-0.002,5.185],[5.048,-0.005],[-0.002,-5.185],[-5.052,-0.005]],"c":true},"ix":2},"nm":"Path 1","mn":"ADBE Vector Shape - Group","hd":false},{"ty":"fl","c":{"a":0,"k":[0.321568995714,0.321568995714,0.321568995714,1],"ix":4},"o":{"a":0,"k":100,"ix":5},"r":1,"bm":0,"nm":"Fill 1","mn":"ADBE Vector Graphic - Fill","hd":false},{"ty":"tr","p":{"a":0,"k":[0,0],"ix":2},"a":{"a":0,"k":[0,0],"ix":1},"s":{"a":0,"k":[400,400],"ix":3},"r":{"a":0,"k":0,"ix":6},"o":{"a":0,"k":100,"ix":7},"sk":{"a":0,"k":0,"ix":4},"sa":{"a":0,"k":0,"ix":5},"nm":"Transform"}],"nm":"grip","np":2,"cix":2,"bm":0,"ix":1,"mn":"ADBE Vector Group","hd":false}],"ip":0,"op":300,"st":0,"bm":0},{"ddd":0,"ind":12,"ty":4,"nm":"handlebar stem","parent":13,"sr":1,"ks":{"o":{"a":0,"k":100,"ix":11},"r":{"a":0,"k":0,"ix":10},"p":{"a":0,"k":[201.629,-140.833,0],"ix":2},"a":{"a":0,"k":[0,0,0],"ix":1},"s":{"a":0,"k":[100,100,100],"ix":6}},"ao":0,"shapes":[{"ty":"gr","it":[{"ind":0,"ty":"sh","ix":1,"ks":{"a":0,"k":{"i":[[0,0],[0,1.76],[-1.76,0],[0,0],[0,-1.76],[1.75,0]],"o":[[-1.76,0],[0,-1.76],[0,0],[1.75,0],[0,1.76],[0,0]],"v":[[-7.66,3.178],[-10.84,-0.002],[-7.66,-3.182],[7.66,-3.182],[10.84,-0.002],[7.66,3.178]],"c":true},"ix":2},"nm":"Path 1","mn":"ADBE Vector Shape - Group","hd":false},{"ty":"fl","c":{"a":0,"k":[0.321568995714,0.321568995714,0.321568995714,1],"ix":4},"o":{"a":0,"k":100,"ix":5},"r":1,"bm":0,"nm":"Fill 1","mn":"ADBE Vector Graphic - Fill","hd":false},{"ty":"tr","p":{"a":0,"k":[0,0],"ix":2},"a":{"a":0,"k":[0,0],"ix":1},"s":{"a":0,"k":[400,400],"ix":3},"r":{"a":0,"k":0,"ix":6},"o":{"a":0,"k":100,"ix":7},"sk":{"a":0,"k":0,"ix":4},"sa":{"a":0,"k":0,"ix":5},"nm":"Transform"}],"nm":"handlebar stem","np":2,"cix":2,"bm":0,"ix":1,"mn":"ADBE Vector Group","hd":false}],"ip":0,"op":300,"st":0,"bm":0},{"ddd":0,"ind":13,"ty":4,"nm":"wheel REAR","sr":1,"ks":{"o":{"a":0,"k":100,"ix":11},"r":{"a":1,"k":[{"i":{"x":[0.667],"y":[1]},"o":{"x":[0.167],"y":[0]},"t":50,"s":[0],"e":[0]},{"i":{"x":[0.676],"y":[0.247]},"o":{"x":[0.333],"y":[0]},"t":70,"s":[0],"e":[2.101]},{"i":{"x":[0.468],"y":[1]},"o":{"x":[0.23],"y":[0.528]},"t":75,"s":[2.101],"e":[-33.513]},{"i":{"x":[0.655],"y":[1]},"o":{"x":[0.32],"y":[0]},"t":100,"s":[-33.513],"e":[-28.933]},{"i":{"x":[0.655],"y":[1]},"o":{"x":[0.339],"y":[0]},"t":123,"s":[-28.933],"e":[-31.067]},{"i":{"x":[0.667],"y":[1]},"o":{"x":[0.339],"y":[0]},"t":151,"s":[-31.067],"e":[-33.152]},{"i":{"x":[0.796],"y":[0.259]},"o":{"x":[0.333],"y":[0]},"t":176,"s":[-33.152],"e":[-29.193]},{"i":{"x":[0.919],"y":[0.833]},"o":{"x":[0.439],"y":[0.115]},"t":205,"s":[-29.193],"e":[1.022]},{"i":{"x":[0.833],"y":[1]},"o":{"x":[0.498],"y":[1.31]},"t":221,"s":[1.022],"e":[0]},{"t":233}],"ix":10},"p":{"s":true,"x":{"a":1,"k":[{"i":{"x":[0.667],"y":[1]},"o":{"x":[0.167],"y":[0]},"t":50,"s":[153.889],"e":[153.889]},{"i":{"x":[0.667],"y":[1]},"o":{"x":[0.333],"y":[0]},"t":75,"s":[153.889],"e":[178.956]},{"i":{"x":[0.655],"y":[1]},"o":{"x":[0.32],"y":[0]},"t":104,"s":[178.956],"e":[168.909]},{"i":{"x":[0.667],"y":[1]},"o":{"x":[0.339],"y":[0]},"t":148,"s":[168.909],"e":[182.467]},{"i":{"x":[0.774],"y":[0.306]},"o":{"x":[0.333],"y":[0]},"t":177,"s":[182.467],"e":[175.288]},{"i":{"x":[0.667],"y":[1]},"o":{"x":[0.31],"y":[0.182]},"t":202,"s":[175.288],"e":[151.199]},{"i":{"x":[0.667],"y":[1]},"o":{"x":[0.333],"y":[0]},"t":218,"s":[151.199],"e":[153.889]},{"t":244}],"ix":3},"y":{"a":0,"k":324.167,"ix":4}},"a":{"a":0,"k":[0,0,0],"ix":1},"s":{"a":0,"k":[100,100,100],"ix":6}},"ao":0,"shapes":[{"ty":"gr","it":[{"ty":"gr","it":[{"ind":0,"ty":"sh","ix":1,"ks":{"a":0,"k":{"i":[[11.98,0],[0,12.21],[-11.97,0],[0,-12.21]],"o":[[-11.97,0],[0,-12.21],[11.98,0],[0,12.21]],"v":[[-0.005,22.139],[-21.655,-0.001],[-0.005,-22.141],[21.655,-0.001]],"c":true},"ix":2},"nm":"Path 1","mn":"ADBE Vector Shape - Group","hd":false},{"ind":1,"ty":"sh","ix":2,"ks":{"a":0,"k":{"i":[[-8.43,0],[0,8.73],[8.43,0],[0,-8.74]],"o":[[8.43,0],[0,-8.74],[-8.43,0],[0,8.73]],"v":[[0,15.774],[15.29,0.004],[0,-15.776],[-15.29,0.004]],"c":true},"ix":2},"nm":"Path 2","mn":"ADBE Vector Shape - Group","hd":false},{"ty":"tr","p":{"a":0,"k":[0,0],"ix":2},"a":{"a":0,"k":[0,0],"ix":1},"s":{"a":0,"k":[100,100],"ix":3},"r":{"a":0,"k":0,"ix":6},"o":{"a":0,"k":100,"ix":7},"sk":{"a":0,"k":0,"ix":4},"sa":{"a":0,"k":0,"ix":5},"nm":"Transform"}],"nm":"Group 1","np":2,"cix":2,"bm":0,"ix":1,"mn":"ADBE Vector Group","hd":false},{"ty":"mm","mm":1,"nm":"Merge Paths 1","mn":"ADBE Vector Filter - Merge","hd":false},{"ty":"fl","c":{"a":0,"k":[0.319727987051,0.319727987051,0.319727987051,1],"ix":4},"o":{"a":0,"k":100,"ix":5},"r":1,"bm":0,"nm":"Fill 1","mn":"ADBE Vector Graphic - Fill","hd":false},{"ty":"tr","p":{"a":0,"k":[0,0],"ix":2},"a":{"a":0,"k":[0,0],"ix":1},"s":{"a":0,"k":[400,400],"ix":3},"r":{"a":0,"k":0,"ix":6},"o":{"a":0,"k":100,"ix":7},"sk":{"a":0,"k":0,"ix":4},"sa":{"a":0,"k":0,"ix":5},"nm":"Transform"}],"nm":"wheel REAR","np":3,"cix":2,"bm":0,"ix":1,"mn":"ADBE Vector Group","hd":false}],"ip":0,"op":300,"st":0,"bm":0},{"ddd":0,"ind":14,"ty":4,"nm":"wheel FRONT","parent":13,"sr":1,"ks":{"o":{"a":0,"k":100,"ix":11},"r":{"a":0,"k":0,"ix":10},"p":{"a":0,"k":[232.222,0,0],"ix":2},"a":{"a":0,"k":[0,0,0],"ix":1},"s":{"a":0,"k":[100,100,100],"ix":6}},"ao":0,"shapes":[{"ty":"gr","it":[{"ty":"gr","it":[{"ind":0,"ty":"sh","ix":1,"ks":{"a":1,"k":[{"i":{"x":0.667,"y":1},"o":{"x":0.167,"y":0.167},"t":50,"s":[{"i":[[3.609,0],[2.606,1.138],[0,9.135],[-11.97,0],[0,-12.21],[6.935,-3.695]],"o":[[-3.015,0],[-7.742,-3.379],[0,-12.21],[11.98,0],[0,8.532],[-2.99,1.593]],"v":[[-0.005,22.139],[-8.495,20.372],[-21.655,-0.001],[-0.005,-22.141],[21.655,-0.001],[9.994,19.645]],"c":true}],"e":[{"i":[[3.609,0],[2.606,1.138],[0,9.135],[-11.97,0],[0,-12.21],[6.935,-3.695]],"o":[[-3.015,0],[-7.742,-3.379],[0,-12.21],[11.98,0],[0,8.532],[-2.99,1.593]],"v":[[-0.005,22.139],[-8.495,20.372],[-21.655,-0.001],[-0.005,-22.141],[21.655,-0.001],[9.994,19.645]],"c":true}]},{"i":{"x":0.667,"y":1},"o":{"x":0.771,"y":0},"t":72,"s":[{"i":[[3.609,0],[2.606,1.138],[0,9.135],[-11.97,0],[0,-12.21],[6.935,-3.695]],"o":[[-3.015,0],[-7.742,-3.379],[0,-12.21],[11.98,0],[0,8.532],[-2.99,1.593]],"v":[[-0.005,22.139],[-8.495,20.372],[-21.655,-0.001],[-0.005,-22.141],[21.655,-0.001],[9.994,19.645]],"c":true}],"e":[{"i":[[3.698,-0.18],[2.744,-0.102],[0,9.16],[-11.97,0],[0,-12.21],[5.72,-0.148]],"o":[[-2.986,0.146],[-7.374,0.273],[0,-12.21],[11.98,0],[0,8.548],[-3.091,0.08]],"v":[[0.669,20.051],[-6.712,20.337],[-21.655,-0.001],[-0.005,-22.141],[21.655,-0.001],[8.394,19.723]],"c":true}]},{"i":{"x":0.833,"y":0.833},"o":{"x":0.333,"y":0},"t":75,"s":[{"i":[[3.698,-0.18],[2.744,-0.102],[0,9.16],[-11.97,0],[0,-12.21],[5.72,-0.148]],"o":[[-2.986,0.146],[-7.374,0.273],[0,-12.21],[11.98,0],[0,8.548],[-3.091,0.08]],"v":[[0.669,20.051],[-6.712,20.337],[-21.655,-0.001],[-0.005,-22.141],[21.655,-0.001],[8.394,19.723]],"c":true}],"e":[{"i":[[3.609,0],[2.606,1.138],[0,9.135],[-11.97,0],[0,-12.21],[6.935,-3.695]],"o":[[-3.015,0],[-7.742,-3.379],[0,-12.21],[11.98,0],[0,8.532],[-2.99,1.593]],"v":[[-0.005,22.139],[-8.495,20.372],[-21.655,-0.001],[-0.005,-22.141],[21.655,-0.001],[9.994,19.645]],"c":true}]},{"i":{"x":0.667,"y":1},"o":{"x":0.167,"y":0.167},"t":76,"s":[{"i":[[3.609,0],[2.606,1.138],[0,9.135],[-11.97,0],[0,-12.21],[6.935,-3.695]],"o":[[-3.015,0],[-7.742,-3.379],[0,-12.21],[11.98,0],[0,8.532],[-2.99,1.593]],"v":[[-0.005,22.139],[-8.495,20.372],[-21.655,-0.001],[-0.005,-22.141],[21.655,-0.001],[9.994,19.645]],"c":true}],"e":[{"i":[[3.609,0],[2.606,1.138],[0,9.135],[-11.97,0],[0,-12.21],[6.935,-3.695]],"o":[[-3.015,0],[-7.742,-3.379],[0,-12.21],[11.98,0],[0,8.532],[-2.99,1.593]],"v":[[-0.005,22.139],[-8.495,20.372],[-21.655,-0.001],[-0.005,-22.141],[21.655,-0.001],[9.994,19.645]],"c":true}]},{"i":{"x":0.667,"y":1},"o":{"x":0.333,"y":0},"t":220,"s":[{"i":[[3.609,0],[2.606,1.138],[0,9.135],[-11.97,0],[0,-12.21],[6.935,-3.695]],"o":[[-3.015,0],[-7.742,-3.379],[0,-12.21],[11.98,0],[0,8.532],[-2.99,1.593]],"v":[[-0.005,22.139],[-8.495,20.372],[-21.655,-0.001],[-0.005,-22.141],[21.655,-0.001],[9.994,19.645]],"c":true}],"e":[{"i":[[3.608,-0.071],[2.606,1.138],[0,9.135],[-11.97,0],[0,-12.21],[6.935,-3.695]],"o":[[-3.158,0.063],[-7.742,-3.379],[0,-12.21],[11.98,0],[0,8.532],[-2.99,1.593]],"v":[[0.291,21.165],[-8.495,20.372],[-21.655,-0.001],[-0.005,-22.141],[21.655,-0.001],[9.994,19.645]],"c":true}]},{"i":{"x":0.667,"y":1},"o":{"x":0.333,"y":0},"t":221,"s":[{"i":[[3.608,-0.071],[2.606,1.138],[0,9.135],[-11.97,0],[0,-12.21],[6.935,-3.695]],"o":[[-3.158,0.063],[-7.742,-3.379],[0,-12.21],[11.98,0],[0,8.532],[-2.99,1.593]],"v":[[0.291,21.165],[-8.495,20.372],[-21.655,-0.001],[-0.005,-22.141],[21.655,-0.001],[9.994,19.645]],"c":true}],"e":[{"i":[[3.609,0],[2.606,1.138],[0,9.135],[-11.97,0],[0,-12.21],[6.935,-3.695]],"o":[[-3.015,0],[-7.742,-3.379],[0,-12.21],[11.98,0],[0,8.532],[-2.99,1.593]],"v":[[-0.005,22.139],[-8.495,20.372],[-21.655,-0.001],[-0.005,-22.141],[21.655,-0.001],[9.994,19.645]],"c":true}]},{"t":226}],"ix":2},"nm":"Path 1","mn":"ADBE Vector Shape - Group","hd":false},{"ind":1,"ty":"sh","ix":2,"ks":{"a":0,"k":{"i":[[-8.43,0],[0,8.73],[8.43,0],[0,-8.74]],"o":[[8.43,0],[0,-8.74],[-8.43,0],[0,8.73]],"v":[[0,15.774],[15.29,0.004],[0,-15.776],[-15.29,0.004]],"c":true},"ix":2},"nm":"Path 2","mn":"ADBE Vector Shape - Group","hd":false},{"ty":"tr","p":{"a":0,"k":[0,0],"ix":2},"a":{"a":0,"k":[0,0],"ix":1},"s":{"a":0,"k":[100,100],"ix":3},"r":{"a":0,"k":0,"ix":6},"o":{"a":0,"k":100,"ix":7},"sk":{"a":0,"k":0,"ix":4},"sa":{"a":0,"k":0,"ix":5},"nm":"Transform"}],"nm":"Group 1","np":2,"cix":2,"bm":0,"ix":1,"mn":"ADBE Vector Group","hd":false},{"ty":"mm","mm":1,"nm":"Merge Paths 1","mn":"ADBE Vector Filter - Merge","hd":false},{"ty":"fl","c":{"a":0,"k":[0.319727987051,0.319727987051,0.319727987051,1],"ix":4},"o":{"a":0,"k":100,"ix":5},"r":1,"bm":0,"nm":"Fill 1","mn":"ADBE Vector Graphic - Fill","hd":false},{"ty":"tr","p":{"a":0,"k":[0,0],"ix":2},"a":{"a":0,"k":[0,0],"ix":1},"s":{"a":0,"k":[400,400],"ix":3},"r":{"a":0,"k":0,"ix":6},"o":{"a":0,"k":100,"ix":7},"sk":{"a":0,"k":0,"ix":4},"sa":{"a":0,"k":0,"ix":5},"nm":"Transform"}],"nm":"wheel FRONT","np":3,"cix":2,"bm":0,"ix":1,"mn":"ADBE Vector Group","hd":false}],"ip":0,"op":300,"st":0,"bm":0}]}],"layers":[{"ddd":0,"ind":1,"ty":0,"nm":"34_BIKE","refId":"comp_0","sr":1,"ks":{"o":{"a":0,"k":100,"ix":11},"r":{"a":0,"k":0,"ix":10},"p":{"a":0,"k":[67.5,67.5,0],"ix":2},"a":{"a":0,"k":[270,270,0],"ix":1},"s":{"a":0,"k":[25,25,100],"ix":6}},"ao":0,"w":540,"h":540,"ip":-50,"op":200,"st":-50,"bm":0}],"markers":[{"tm":200,"cm":"","dr":0}]}
