{"v":"5.5.2","fr":60,"ip":0,"op":44,"w":135,"h":135,"nm":"09_MAP EXPORT","ddd":0,"assets":[{"id":"comp_0","layers":[{"ddd":0,"ind":1,"ty":0,"nm":"YAH Arrow","refId":"comp_1","sr":1,"ks":{"o":{"a":0,"k":100,"ix":11},"r":{"a":0,"k":0,"ix":10},"p":{"a":0,"k":[264,220,0],"ix":2},"a":{"a":0,"k":[132,167,0],"ix":1},"s":{"a":0,"k":[100,100,100],"ix":6}},"ao":0,"w":264,"h":334,"ip":0,"op":1000,"st":0,"bm":0},{"ddd":0,"ind":2,"ty":4,"nm":"MAP middle shadow","sr":1,"ks":{"o":{"a":0,"k":9,"ix":11},"r":{"a":0,"k":0,"ix":10},"p":{"a":0,"k":[263.848,270,0],"ix":2},"a":{"a":0,"k":[0,0,0],"ix":1},"s":{"a":0,"k":[100,100,100],"ix":6}},"ao":0,"shapes":[{"ty":"gr","it":[{"ind":0,"ty":"sh","ix":1,"ks":{"a":0,"k":{"i":[[0,0],[0,0],[0,0],[0,0]],"o":[[0,0],[0,0],[0,0],[0,0]],"v":[[-13.987,-39.5],[13.983,-32.03],[13.983,39.5],[-13.987,32.03]],"c":true},"ix":2},"nm":"Path 1","mn":"ADBE Vector Shape - Group","hd":false},{"ty":"fl","c":{"a":0,"k":[0,0,0,1],"ix":4},"o":{"a":0,"k":100,"ix":5},"r":1,"bm":0,"nm":"Fill 1","mn":"ADBE Vector Graphic - Fill","hd":false},{"ty":"tr","p":{"a":0,"k":[0,0],"ix":2},"a":{"a":0,"k":[0,0],"ix":1},"s":{"a":0,"k":[400,400],"ix":3},"r":{"a":0,"k":0,"ix":6},"o":{"a":0,"k":100,"ix":7},"sk":{"a":0,"k":0,"ix":4},"sa":{"a":0,"k":0,"ix":5},"nm":"Transform"}],"nm":"MAP middle shadow","np":2,"cix":2,"bm":0,"ix":1,"mn":"ADBE Vector Group","hd":false}],"ip":0,"op":1000,"st":0,"bm":0},{"ddd":0,"ind":3,"ty":4,"nm":"MAP Land 02","sr":1,"ks":{"o":{"a":0,"k":100,"ix":11},"r":{"a":0,"k":0,"ix":10},"p":{"a":0,"k":[306.487,211.2,0],"ix":2},"a":{"a":0,"k":[0,0,0],"ix":1},"s":{"a":0,"k":[100,100,100],"ix":6}},"ao":0,"shapes":[{"ty":"gr","it":[{"ind":0,"ty":"sh","ix":1,"ks":{"a":0,"k":{"i":[[0,0],[0.92,0.19],[0,0],[-0.9,4.25],[0,0],[-4.26,-0.9],[0,0],[-0.22,-0.06],[0,0],[0,0],[0,0],[0,0],[0.29,5.58]],"o":[[-0.88,0.12],[0,0],[-4.26,-0.91],[0,0],[0.9,-4.26],[0,0],[0.23,0.05],[0,0],[0,0],[0,0],[0,0],[-5.59,0],[0,0]],"v":[[-3.906,3.44],[-6.616,3.34],[-19.506,0.6],[-25.576,-8.74],[-25.516,-9],[-16.176,-15.07],[-3.626,-11.93],[-2.946,-11.76],[3.204,-10.25],[25.744,-13.09],[25.744,15.24],[6.674,15.24],[-3.816,5.28]],"c":true},"ix":2},"nm":"Path 1","mn":"ADBE Vector Shape - Group","hd":false},{"ty":"fl","c":{"a":0,"k":[0.719721972942,0.986395001411,0.338761985302,1],"ix":4},"o":{"a":0,"k":100,"ix":5},"r":1,"bm":0,"nm":"Fill 1","mn":"ADBE Vector Graphic - Fill","hd":false},{"ty":"tr","p":{"a":0,"k":[0,0],"ix":2},"a":{"a":0,"k":[0,0],"ix":1},"s":{"a":0,"k":[400,400],"ix":3},"r":{"a":0,"k":0,"ix":6},"o":{"a":0,"k":100,"ix":7},"sk":{"a":0,"k":0,"ix":4},"sa":{"a":0,"k":0,"ix":5},"nm":"Transform"}],"nm":"MAP Land 02","np":2,"cix":2,"bm":0,"ix":1,"mn":"ADBE Vector Group","hd":false}],"ip":0,"op":1000,"st":0,"bm":0},{"ddd":0,"ind":4,"ty":4,"nm":"MAP Land 02 Stroke","sr":1,"ks":{"o":{"a":0,"k":100,"ix":11},"r":{"a":0,"k":0,"ix":10},"p":{"a":0,"k":[306.486,211.199,0],"ix":2},"a":{"a":0,"k":[0,0,0],"ix":1},"s":{"a":0,"k":[100,100,100],"ix":6}},"ao":0,"shapes":[{"ty":"gr","it":[{"ind":0,"ty":"sh","ix":1,"ks":{"a":0,"k":{"i":[[0.04,0.01],[0,0],[-1.31,6.18],[0,0],[-6.18,-1.31],[0,0],[0,0],[-0.26,-0.07],[0,0],[0,0],[0,0],[0,0],[1.02,6.81]],"o":[[0,0],[-6.18,-1.32],[0,0],[1.31,-6.18],[0,0],[0,0],[0.26,0.06],[0,0],[0,0],[0,0],[0,0],[-7.01,0],[-0.04,0]],"v":[[-7.351,6.826],[-20.251,4.086],[-29.061,-9.484],[-29.001,-9.744],[-15.441,-18.554],[-15.311,-18.524],[-2.811,-15.394],[-2.031,-15.204],[3.419,-13.864],[29.309,-17.134],[29.309,18.806],[6.669,18.806],[-7.231,6.846]],"c":true},"ix":2},"nm":"Path 1","mn":"ADBE Vector Shape - Group","hd":false},{"ty":"fl","c":{"a":0,"k":[1,1,1,1],"ix":4},"o":{"a":0,"k":100,"ix":5},"r":1,"bm":0,"nm":"Fill 1","mn":"ADBE Vector Graphic - Fill","hd":false},{"ty":"tr","p":{"a":0,"k":[0,0],"ix":2},"a":{"a":0,"k":[0,0],"ix":1},"s":{"a":0,"k":[400,400],"ix":3},"r":{"a":0,"k":0,"ix":6},"o":{"a":0,"k":100,"ix":7},"sk":{"a":0,"k":0,"ix":4},"sa":{"a":0,"k":0,"ix":5},"nm":"Transform"}],"nm":"MAP Land 02 Stroke","np":2,"cix":2,"bm":0,"ix":1,"mn":"ADBE Vector Group","hd":false}],"ip":0,"op":1000,"st":0,"bm":0},{"ddd":0,"ind":5,"ty":4,"nm":"MAP Land 01","sr":1,"ks":{"o":{"a":0,"k":100,"ix":11},"r":{"a":0,"k":0,"ix":10},"p":{"a":0,"k":[179.924,327.666,0],"ix":2},"a":{"a":0,"k":[0,0,0],"ix":1},"s":{"a":0,"k":[100,100,100],"ix":6}},"ao":0,"shapes":[{"ty":"gr","it":[{"ind":0,"ty":"sh","ix":1,"ks":{"a":0,"k":{"i":[[0,0],[0,0],[0,-5.8],[0,0],[0,0],[0,0]],"o":[[0,0],[5.8,0],[0,0],[0,0],[0,0],[0,0]],"v":[[-14.525,-14.416],[4.025,-14.416],[14.525,-3.916],[14.525,13.004],[7.315,11.074],[-14.525,14.414]],"c":true},"ix":2},"nm":"Path 1","mn":"ADBE Vector Shape - Group","hd":false},{"ty":"fl","c":{"a":0,"k":[0.719721972942,0.986395001411,0.338761985302,1],"ix":4},"o":{"a":0,"k":100,"ix":5},"r":1,"bm":0,"nm":"Fill 1","mn":"ADBE Vector Graphic - Fill","hd":false},{"ty":"tr","p":{"a":0,"k":[0,0],"ix":2},"a":{"a":0,"k":[0,0],"ix":1},"s":{"a":0,"k":[400,400],"ix":3},"r":{"a":0,"k":0,"ix":6},"o":{"a":0,"k":100,"ix":7},"sk":{"a":0,"k":0,"ix":4},"sa":{"a":0,"k":0,"ix":5},"nm":"Transform"}],"nm":"MAP Land 01","np":2,"cix":2,"bm":0,"ix":1,"mn":"ADBE Vector Group","hd":false}],"ip":0,"op":1000,"st":0,"bm":0},{"ddd":0,"ind":6,"ty":4,"nm":"MAP Land 01 Stroke","sr":1,"ks":{"o":{"a":0,"k":100,"ix":11},"r":{"a":0,"k":0,"ix":10},"p":{"a":0,"k":[179.924,328.842,0],"ix":2},"a":{"a":0,"k":[0,0,0],"ix":1},"s":{"a":0,"k":[100,100,100],"ix":6}},"ao":0,"shapes":[{"ty":"gr","it":[{"ind":0,"ty":"sh","ix":1,"ks":{"a":0,"k":{"i":[[0,0],[0,0],[0,0],[0,-7.76],[0,0],[0,0]],"o":[[0,0],[0,0],[7.76,0],[0,0],[0,0],[0,0]],"v":[[-18.089,18.276],[-18.089,-18.274],[4.031,-18.274],[18.091,-4.214],[18.091,17.366],[7.111,14.416]],"c":true},"ix":2},"nm":"Path 1","mn":"ADBE Vector Shape - Group","hd":false},{"ty":"fl","c":{"a":0,"k":[1,1,1,1],"ix":4},"o":{"a":0,"k":100,"ix":5},"r":1,"bm":0,"nm":"Fill 1","mn":"ADBE Vector Graphic - Fill","hd":false},{"ty":"tr","p":{"a":0,"k":[0,0],"ix":2},"a":{"a":0,"k":[0,0],"ix":1},"s":{"a":0,"k":[400,400],"ix":3},"r":{"a":0,"k":0,"ix":6},"o":{"a":0,"k":100,"ix":7},"sk":{"a":0,"k":0,"ix":4},"sa":{"a":0,"k":0,"ix":5},"nm":"Transform"}],"nm":"MAP Land 01 Stroke","np":2,"cix":2,"bm":0,"ix":1,"mn":"ADBE Vector Group","hd":false}],"ip":0,"op":1000,"st":0,"bm":0},{"ddd":0,"ind":7,"ty":4,"nm":"MAP Water","sr":1,"ks":{"o":{"a":0,"k":100,"ix":11},"r":{"a":0,"k":0,"ix":10},"p":{"a":0,"k":[266,270.071,0],"ix":2},"a":{"a":0,"k":[0,0,0],"ix":1},"s":{"a":0,"k":[100,100,100],"ix":6}},"ao":0,"shapes":[{"ty":"gr","it":[{"ind":0,"ty":"sh","ix":1,"ks":{"a":0,"k":{"i":[[0,0],[0,0],[0,0],[0,0],[0,0],[0,0],[0,0],[0,0]],"o":[[0,0],[0,0],[0,0],[0,0],[0,0],[0,0],[0,0],[0,0]],"v":[[-36.201,-29.831],[-36.201,28.949],[-14.181,25.579],[13.519,33.089],[36.199,30.629],[36.199,-28.221],[12.849,-25.651],[-14.641,-33.091]],"c":true},"ix":2},"nm":"Path 1","mn":"ADBE Vector Shape - Group","hd":false},{"ty":"fl","c":{"a":0,"k":[0.509804010391,0.952941000462,0.980391979218,1],"ix":4},"o":{"a":0,"k":100,"ix":5},"r":1,"bm":0,"nm":"Fill 1","mn":"ADBE Vector Graphic - Fill","hd":false},{"ty":"tr","p":{"a":0,"k":[0,0],"ix":2},"a":{"a":0,"k":[0,0],"ix":1},"s":{"a":0,"k":[400,400],"ix":3},"r":{"a":0,"k":0,"ix":6},"o":{"a":0,"k":100,"ix":7},"sk":{"a":0,"k":0,"ix":4},"sa":{"a":0,"k":0,"ix":5},"nm":"Transform"}],"nm":"MAP Water","np":2,"cix":2,"bm":0,"ix":1,"mn":"ADBE Vector Group","hd":false}],"ip":0,"op":1000,"st":0,"bm":0},{"ddd":0,"ind":8,"ty":4,"nm":"MAP Stroke","sr":1,"ks":{"o":{"a":0,"k":100,"ix":11},"r":{"a":0,"k":0,"ix":10},"p":{"a":0,"k":[266,270,0],"ix":2},"a":{"a":0,"k":[0,0,0],"ix":1},"s":{"a":0,"k":[100,100,100],"ix":6}},"ao":0,"shapes":[{"ty":"gr","it":[{"ind":0,"ty":"sh","ix":1,"ks":{"a":0,"k":{"i":[[-2.05,0.31],[0,0],[0,0],[0,0],[-0.25,-2.31],[0,-0.16],[0,0],[2.14,-0.23],[0,0],[0,0],[0,0],[0.35,2.29],[0,0.21],[0,0]],"o":[[0,0],[0,0],[0,0],[2.31,-0.25],[0.02,0.15],[0,0],[0,2.14],[0,0],[0,0],[0,0],[-2.29,0.35],[-0.03,-0.21],[0,0],[0,-2.07]],"v":[[-38.93,-35.77],[-14.27,-39.5],[13.34,-32.03],[37.84,-34.72],[42.47,-31],[42.5,-30.54],[42.5,32.53],[38.75,36.7],[13.01,39.5],[-14.54,32.03],[-37.67,35.56],[-42.45,32.04],[-42.5,31.41],[-42.5,-31.62]],"c":true},"ix":2},"nm":"Path 1","mn":"ADBE Vector Shape - Group","hd":false},{"ty":"fl","c":{"a":0,"k":[1,1,1,1],"ix":4},"o":{"a":0,"k":100,"ix":5},"r":1,"bm":0,"nm":"Fill 1","mn":"ADBE Vector Graphic - Fill","hd":false},{"ty":"tr","p":{"a":0,"k":[0,0],"ix":2},"a":{"a":0,"k":[0,0],"ix":1},"s":{"a":0,"k":[400,400],"ix":3},"r":{"a":0,"k":0,"ix":6},"o":{"a":0,"k":100,"ix":7},"sk":{"a":0,"k":0,"ix":4},"sa":{"a":0,"k":0,"ix":5},"nm":"Transform"}],"nm":"MAP Stroke","np":2,"cix":2,"bm":0,"ix":1,"mn":"ADBE Vector Group","hd":false}],"ip":0,"op":1000,"st":0,"bm":0}]},{"id":"comp_1","layers":[{"ddd":0,"ind":1,"ty":3,"nm":"POSITION NULL 2","sr":1,"ks":{"o":{"a":0,"k":0,"ix":11},"r":{"a":0,"k":0,"ix":10},"p":{"s":true,"x":{"a":0,"k":131.75,"ix":3},"y":{"a":0,"k":271.875,"ix":4}},"a":{"a":0,"k":[0,0,0],"ix":1},"s":{"a":1,"k":[{"i":{"x":[0.239,0.239,0.667],"y":[1,1,1]},"o":{"x":[0.167,0.167,0.167],"y":[0.167,0.167,0.417]},"t":25,"s":[100,100,100],"e":[123,123,100]},{"i":{"x":[0.833,0.833,0.833],"y":[1,1,1]},"o":{"x":[0.799,0.799,0.333],"y":[0,0,0]},"t":47,"s":[123,123,100],"e":[100,100,100]},{"i":{"x":[0.239,0.239,0.667],"y":[1,1,1]},"o":{"x":[0.167,0.167,0.167],"y":[0,0,0]},"t":69,"s":[100,100,100],"e":[123,123,100]},{"i":{"x":[0.833,0.833,0.833],"y":[1,1,1]},"o":{"x":[0.799,0.799,0.333],"y":[0,0,0]},"t":91,"s":[123,123,100],"e":[100,100,100]},{"i":{"x":[0.239,0.239,0.667],"y":[1,1,1]},"o":{"x":[0.167,0.167,0.167],"y":[0,0,0]},"t":113,"s":[100,100,100],"e":[123,123,100]},{"i":{"x":[0.833,0.833,0.833],"y":[1,1,1]},"o":{"x":[0.799,0.799,0.333],"y":[0,0,0]},"t":135,"s":[123,123,100],"e":[100,100,100]},{"i":{"x":[0.239,0.239,0.667],"y":[1,1,1]},"o":{"x":[0.167,0.167,0.167],"y":[0,0,0]},"t":157,"s":[100,100,100],"e":[123,123,100]},{"i":{"x":[0.833,0.833,0.833],"y":[1,1,1]},"o":{"x":[0.799,0.799,0.333],"y":[0,0,0]},"t":179,"s":[123,123,100],"e":[100,100,100]},{"i":{"x":[0.239,0.239,0.667],"y":[1,1,1]},"o":{"x":[0.167,0.167,0.167],"y":[0,0,0]},"t":201,"s":[100,100,100],"e":[123,123,100]},{"i":{"x":[0.833,0.833,0.833],"y":[0.833,0.833,1.417]},"o":{"x":[0.799,0.799,0.333],"y":[0,0,0]},"t":223,"s":[123,123,100],"e":[100,100,100]},{"t":245}],"ix":6}},"ao":0,"ip":0,"op":1000,"st":0,"bm":0},{"ddd":0,"ind":2,"ty":3,"nm":"POSITION NULL","parent":1,"sr":1,"ks":{"o":{"a":0,"k":0,"ix":11},"r":{"a":0,"k":0,"ix":10},"p":{"s":true,"x":{"a":1,"k":[{"i":{"x":[0.833],"y":[0.833]},"o":{"x":[0.167],"y":[0.167]},"t":25,"s":[0],"e":[0]},{"i":{"x":[0.833],"y":[0.833]},"o":{"x":[0.167],"y":[0.167]},"t":47,"s":[0],"e":[0]},{"i":{"x":[0.833],"y":[0.833]},"o":{"x":[0.167],"y":[0.167]},"t":69,"s":[0],"e":[0]},{"i":{"x":[0.833],"y":[0.833]},"o":{"x":[0.167],"y":[0.167]},"t":91,"s":[0],"e":[0]},{"i":{"x":[0.833],"y":[0.833]},"o":{"x":[0.167],"y":[0.167]},"t":113,"s":[0],"e":[0]},{"i":{"x":[0.833],"y":[0.833]},"o":{"x":[0.167],"y":[0.167]},"t":135,"s":[0],"e":[0]},{"i":{"x":[0.833],"y":[0.833]},"o":{"x":[0.167],"y":[0.167]},"t":157,"s":[0],"e":[0]},{"i":{"x":[0.833],"y":[0.833]},"o":{"x":[0.167],"y":[0.167]},"t":179,"s":[0],"e":[0]},{"t":201}],"ix":3},"y":{"a":1,"k":[{"i":{"x":[0.185],"y":[1]},"o":{"x":[0.074],"y":[0]},"t":25,"s":[0],"e":[-68.69]},{"i":{"x":[0.923],"y":[1]},"o":{"x":[0.769],"y":[0]},"t":47,"s":[-68.69],"e":[0]},{"i":{"x":[0.185],"y":[1]},"o":{"x":[0.075],"y":[0]},"t":69,"s":[0],"e":[-68.69]},{"i":{"x":[0.922],"y":[1]},"o":{"x":[0.769],"y":[0]},"t":91,"s":[-68.69],"e":[0]},{"i":{"x":[0.185],"y":[1]},"o":{"x":[0.075],"y":[0]},"t":113,"s":[0],"e":[-68.69]},{"i":{"x":[0.922],"y":[1]},"o":{"x":[0.769],"y":[0]},"t":135,"s":[-68.69],"e":[0]},{"i":{"x":[0.185],"y":[1]},"o":{"x":[0.074],"y":[0]},"t":157,"s":[0],"e":[-68.69]},{"i":{"x":[0.923],"y":[1]},"o":{"x":[0.769],"y":[0]},"t":179,"s":[-68.69],"e":[0]},{"t":201}],"ix":4}},"a":{"a":0,"k":[0,0,0],"ix":1},"s":{"a":1,"k":[{"i":{"x":[0.833,0.833,0.833],"y":[0.833,0.833,0.833]},"o":{"x":[0.167,0.167,0.167],"y":[0.167,0.167,0.167]},"t":-19,"s":[100,100,100],"e":[93.269,109.375,100]},{"i":{"x":[0.251,0.285,0.667],"y":[1,1,1]},"o":{"x":[0.167,0.167,0.167],"y":[0.167,0.167,0]},"t":-14,"s":[93.269,109.375,100],"e":[96.154,104.167,100]},{"i":{"x":[0.541,0.554,0.667],"y":[1,1,1]},"o":{"x":[0.451,0.45,0.333],"y":[0,0,0]},"t":-6,"s":[96.154,104.167,100],"e":[96.154,104.167,100]},{"i":{"x":[0.833,0.833,0.833],"y":[0.833,0.833,1]},"o":{"x":[0.635,0.632,0.333],"y":[0,0,0]},"t":16,"s":[96.154,104.167,100],"e":[93.269,109.375,100]},{"i":{"x":[0.833,0.833,0.833],"y":[0.833,0.833,0.833]},"o":{"x":[0.167,0.167,0.167],"y":[0.167,0.167,0.167]},"t":22,"s":[93.269,109.375,100],"e":[100,100,100]},{"i":{"x":[0.833,0.833,0.833],"y":[0.833,0.833,0.833]},"o":{"x":[0.167,0.167,0.167],"y":[0.167,0.167,0.167]},"t":25,"s":[100,100,100],"e":[93.269,109.375,100]},{"i":{"x":[0.251,0.285,0.667],"y":[1,1,1]},"o":{"x":[0.167,0.167,0.167],"y":[0.167,0.167,0]},"t":30,"s":[93.269,109.375,100],"e":[96.154,104.167,100]},{"i":{"x":[0.541,0.554,0.667],"y":[1,1,1]},"o":{"x":[0.451,0.45,0.333],"y":[0,0,0]},"t":38,"s":[96.154,104.167,100],"e":[96.154,104.167,100]},{"i":{"x":[0.833,0.833,0.833],"y":[0.833,0.833,1]},"o":{"x":[0.635,0.632,0.333],"y":[0,0,0]},"t":60,"s":[96.154,104.167,100],"e":[93.269,109.375,100]},{"i":{"x":[0.833,0.833,0.833],"y":[0.833,0.833,0.833]},"o":{"x":[0.167,0.167,0.167],"y":[0.167,0.167,0.167]},"t":66,"s":[93.269,109.375,100],"e":[100,100,100]},{"i":{"x":[0.833,0.833,0.833],"y":[0.833,0.833,0.833]},"o":{"x":[0.167,0.167,0.167],"y":[0.167,0.167,0.167]},"t":69,"s":[100,100,100],"e":[93.269,109.375,100]},{"i":{"x":[0.251,0.285,0.667],"y":[1,1,1]},"o":{"x":[0.167,0.167,0.167],"y":[0.167,0.167,0]},"t":74,"s":[93.269,109.375,100],"e":[96.154,104.167,100]},{"i":{"x":[0.541,0.554,0.667],"y":[1,1,1]},"o":{"x":[0.451,0.45,0.333],"y":[0,0,0]},"t":82,"s":[96.154,104.167,100],"e":[96.154,104.167,100]},{"i":{"x":[0.833,0.833,0.833],"y":[0.833,0.833,1]},"o":{"x":[0.635,0.632,0.333],"y":[0,0,0]},"t":104,"s":[96.154,104.167,100],"e":[93.269,109.375,100]},{"i":{"x":[0.833,0.833,0.833],"y":[0.833,0.833,0.833]},"o":{"x":[0.167,0.167,0.167],"y":[0.167,0.167,0.167]},"t":110,"s":[93.269,109.375,100],"e":[100,100,100]},{"i":{"x":[0.833,0.833,0.833],"y":[0.833,0.833,0.833]},"o":{"x":[0.167,0.167,0.167],"y":[0.167,0.167,0.167]},"t":113,"s":[100,100,100],"e":[93.269,109.375,100]},{"i":{"x":[0.251,0.285,0.667],"y":[1,1,1]},"o":{"x":[0.167,0.167,0.167],"y":[0.167,0.167,0]},"t":118,"s":[93.269,109.375,100],"e":[96.154,104.167,100]},{"i":{"x":[0.541,0.554,0.667],"y":[1,1,1]},"o":{"x":[0.451,0.45,0.333],"y":[0,0,0]},"t":126,"s":[96.154,104.167,100],"e":[96.154,104.167,100]},{"i":{"x":[0.833,0.833,0.833],"y":[0.833,0.833,1]},"o":{"x":[0.635,0.632,0.333],"y":[0,0,0]},"t":148,"s":[96.154,104.167,100],"e":[93.269,109.375,100]},{"i":{"x":[0.833,0.833,0.833],"y":[0.833,0.833,0.833]},"o":{"x":[0.167,0.167,0.167],"y":[0.167,0.167,0.167]},"t":154,"s":[93.269,109.375,100],"e":[100,100,100]},{"i":{"x":[0.833,0.833,0.833],"y":[0.833,0.833,0.833]},"o":{"x":[0.167,0.167,0.167],"y":[0.167,0.167,0.167]},"t":157,"s":[100,100,100],"e":[93.269,109.375,100]},{"i":{"x":[0.251,0.285,0.667],"y":[1,1,1]},"o":{"x":[0.167,0.167,0.167],"y":[0.167,0.167,0]},"t":162,"s":[93.269,109.375,100],"e":[96.154,104.167,100]},{"i":{"x":[0.541,0.554,0.667],"y":[1,1,1]},"o":{"x":[0.451,0.45,0.333],"y":[0,0,0]},"t":170,"s":[96.154,104.167,100],"e":[96.154,104.167,100]},{"i":{"x":[0.833,0.833,0.833],"y":[0.833,0.833,1]},"o":{"x":[0.635,0.632,0.333],"y":[0,0,0]},"t":192,"s":[96.154,104.167,100],"e":[93.269,109.375,100]},{"i":{"x":[0.833,0.833,0.833],"y":[0.833,0.833,0.833]},"o":{"x":[0.167,0.167,0.167],"y":[0.167,0.167,0.167]},"t":198,"s":[93.269,109.375,100],"e":[100,100,100]},{"i":{"x":[0.833,0.833,0.833],"y":[0.833,0.833,0.833]},"o":{"x":[0.167,0.167,0.167],"y":[0.167,0.167,0.167]},"t":201,"s":[100,100,100],"e":[93.269,109.375,100]},{"i":{"x":[0.251,0.285,0.667],"y":[1,1,1]},"o":{"x":[0.167,0.167,0.167],"y":[0.167,0.167,0]},"t":206,"s":[93.269,109.375,100],"e":[96.154,104.167,100]},{"i":{"x":[0.541,0.554,0.667],"y":[1,1,1]},"o":{"x":[0.451,0.45,0.333],"y":[0,0,0]},"t":214,"s":[96.154,104.167,100],"e":[96.154,104.167,100]},{"i":{"x":[0.833,0.833,0.833],"y":[0.833,0.833,1]},"o":{"x":[0.635,0.632,0.333],"y":[0,0,0]},"t":236,"s":[96.154,104.167,100],"e":[93.269,109.375,100]},{"i":{"x":[0.833,0.833,0.833],"y":[0.833,0.833,0.833]},"o":{"x":[0.167,0.167,0.167],"y":[0.167,0.167,0.167]},"t":242,"s":[93.269,109.375,100],"e":[100,100,100]},{"t":245}],"ix":6}},"ao":0,"ip":0,"op":1000,"st":0,"bm":0},{"ddd":0,"ind":3,"ty":4,"nm":"YAH dot","parent":2,"sr":1,"ks":{"o":{"a":0,"k":100,"ix":11},"r":{"a":0,"k":0,"ix":10},"p":{"a":0,"k":[0.402,-88.767,0],"ix":2},"a":{"a":0,"k":[0,0,0],"ix":1},"s":{"a":0,"k":[100,100,100],"ix":6}},"ao":0,"shapes":[{"ty":"gr","it":[{"ind":0,"ty":"sh","ix":1,"ks":{"a":0,"k":{"i":[[-3.57,0],[0,3.53],[3.56,0],[0,-3.54]],"o":[[3.56,0],[0,-3.54],[-3.57,0],[0,3.53]],"v":[[0.004,6.405],[6.454,0.005],[0.004,-6.405],[-6.456,0.005]],"c":true},"ix":2},"nm":"Path 1","mn":"ADBE Vector Shape - Group","hd":false},{"ty":"fl","c":{"a":0,"k":[1,1,1,1],"ix":4},"o":{"a":0,"k":100,"ix":5},"r":1,"bm":0,"nm":"Fill 1","mn":"ADBE Vector Graphic - Fill","hd":false},{"ty":"tr","p":{"a":0,"k":[0,0],"ix":2},"a":{"a":0,"k":[0,0],"ix":1},"s":{"a":0,"k":[400,400],"ix":3},"r":{"a":0,"k":0,"ix":6},"o":{"a":0,"k":100,"ix":7},"sk":{"a":0,"k":0,"ix":4},"sa":{"a":0,"k":0,"ix":5},"nm":"Transform"}],"nm":"YAH dot","np":2,"cix":2,"bm":0,"ix":1,"mn":"ADBE Vector Group","hd":false}],"ip":0,"op":1000,"st":0,"bm":0},{"ddd":0,"ind":4,"ty":4,"nm":"YAH arrow","parent":2,"sr":1,"ks":{"o":{"a":0,"k":100,"ix":11},"r":{"a":0,"k":0,"ix":10},"p":{"a":0,"k":[0.251,-42.84,0],"ix":2},"a":{"a":0,"k":[0,0,0],"ix":1},"s":{"a":0,"k":[100,100,100],"ix":6}},"ao":0,"shapes":[{"ty":"gr","it":[{"ind":0,"ty":"sh","ix":1,"ks":{"a":0,"k":{"i":[[0,0],[0.45,-0.22],[0.56,1.15],[0,0],[0,0.35],[-1.28,0],[0,0],[-0.31,-0.16],[0.56,-1.14]],"o":[[-0.23,0.46],[-1.15,0.57],[0,0],[-0.16,-0.32],[0,-1.28],[0,0],[0.36,0],[1.15,0.56],[0,0]],"v":[[2.073,9.429],[1.023,10.479],[-2.067,9.429],[-10.357,-7.391],[-10.597,-8.411],[-8.287,-10.721],[8.283,-10.721],[9.303,-10.481],[10.363,-7.391]],"c":true},"ix":2},"nm":"Path 1","mn":"ADBE Vector Shape - Group","hd":false},{"ty":"fl","c":{"a":0,"k":[1,0.294117987156,0.294117987156,1],"ix":4},"o":{"a":0,"k":100,"ix":5},"r":1,"bm":0,"nm":"Fill 1","mn":"ADBE Vector Graphic - Fill","hd":false},{"ty":"tr","p":{"a":0,"k":[0,0],"ix":2},"a":{"a":0,"k":[0,0],"ix":1},"s":{"a":0,"k":[400,400],"ix":3},"r":{"a":0,"k":0,"ix":6},"o":{"a":0,"k":100,"ix":7},"sk":{"a":0,"k":0,"ix":4},"sa":{"a":0,"k":0,"ix":5},"nm":"Transform"}],"nm":"YAH arrow","np":2,"cix":2,"bm":0,"ix":1,"mn":"ADBE Vector Group","hd":false}],"ip":0,"op":1000,"st":0,"bm":0},{"ddd":0,"ind":5,"ty":4,"nm":"YAH circle","parent":2,"sr":1,"ks":{"o":{"a":0,"k":100,"ix":11},"r":{"a":0,"k":0,"ix":10},"p":{"a":0,"k":[0.402,-88.767,0],"ix":2},"a":{"a":0,"k":[0,0,0],"ix":1},"s":{"a":0,"k":[100,100,100],"ix":6}},"ao":0,"shapes":[{"ty":"gr","it":[{"ind":0,"ty":"sh","ix":1,"ks":{"a":0,"k":{"i":[[-7.13,0],[0,7.08],[7.13,0],[0,-7.07]],"o":[[7.13,0],[0,-7.07],[-7.13,0],[0,7.08]],"v":[[-0.001,12.809],[12.909,-0.001],[-0.001,-12.811],[-12.911,-0.001]],"c":true},"ix":2},"nm":"Path 1","mn":"ADBE Vector Shape - Group","hd":false},{"ty":"fl","c":{"a":0,"k":[1,0.294117987156,0.294117987156,1],"ix":4},"o":{"a":0,"k":100,"ix":5},"r":1,"bm":0,"nm":"Fill 1","mn":"ADBE Vector Graphic - Fill","hd":false},{"ty":"tr","p":{"a":0,"k":[0,0],"ix":2},"a":{"a":0,"k":[0,0],"ix":1},"s":{"a":0,"k":[400,400],"ix":3},"r":{"a":0,"k":0,"ix":6},"o":{"a":0,"k":100,"ix":7},"sk":{"a":0,"k":0,"ix":4},"sa":{"a":0,"k":0,"ix":5},"nm":"Transform"}],"nm":"YAH circle","np":2,"cix":2,"bm":0,"ix":1,"mn":"ADBE Vector Group","hd":false}],"ip":0,"op":1000,"st":0,"bm":0}]}],"layers":[{"ddd":0,"ind":1,"ty":0,"nm":"09_MAP","refId":"comp_0","sr":1,"ks":{"o":{"a":0,"k":100,"ix":11},"r":{"a":0,"k":0,"ix":10},"p":{"a":0,"k":[67.5,67.5,0],"ix":2},"a":{"a":0,"k":[270,270,0],"ix":1},"s":{"a":0,"k":[25,25,100],"ix":6}},"ao":0,"w":540,"h":540,"ip":0,"op":44,"st":-25,"bm":0}],"markers":[]}
