{"v":"5.6.6","fr":60,"ip":0,"op":146,"w":135,"h":135,"nm":"28_PALM TREE EXPORT","ddd":0,"assets":[{"id":"comp_0","layers":[{"ddd":0,"ind":2,"ty":3,"nm":"FROND NULL","parent":18,"sr":1,"ks":{"o":{"a":0,"k":100,"ix":11},"r":{"a":1,"k":[{"i":{"x":[0.667],"y":[1]},"o":{"x":[0.333],"y":[0]},"t":50,"s":[0]},{"i":{"x":[0.667],"y":[1]},"o":{"x":[0.333],"y":[0]},"t":77,"s":[0]},{"i":{"x":[0.667],"y":[1]},"o":{"x":[0.333],"y":[0]},"t":87,"s":[-0.791]},{"i":{"x":[0.667],"y":[1]},"o":{"x":[0.333],"y":[0]},"t":97,"s":[1.505]},{"i":{"x":[0.667],"y":[1]},"o":{"x":[0.333],"y":[0]},"t":102,"s":[-2.65]},{"i":{"x":[0.667],"y":[1]},"o":{"x":[0.333],"y":[0]},"t":107,"s":[3.225]},{"i":{"x":[0.667],"y":[1]},"o":{"x":[0.333],"y":[0]},"t":112,"s":[-4.265]},{"i":{"x":[0.667],"y":[1]},"o":{"x":[0.333],"y":[0]},"t":117,"s":[4.066]},{"i":{"x":[0.667],"y":[1]},"o":{"x":[0.333],"y":[0]},"t":122,"s":[-5.907]},{"i":{"x":[0.667],"y":[1]},"o":{"x":[0.333],"y":[0]},"t":127,"s":[5.84]},{"i":{"x":[0.667],"y":[1]},"o":{"x":[0.333],"y":[0]},"t":132,"s":[-4.265]},{"i":{"x":[0.667],"y":[1]},"o":{"x":[0.333],"y":[0]},"t":137,"s":[5.116]},{"i":{"x":[0.667],"y":[1]},"o":{"x":[0.333],"y":[0]},"t":143,"s":[-5.907]},{"i":{"x":[0.667],"y":[1]},"o":{"x":[0.333],"y":[0]},"t":149,"s":[0.956]},{"i":{"x":[0.667],"y":[1]},"o":{"x":[0.333],"y":[0]},"t":157,"s":[-0.287]},{"i":{"x":[0.667],"y":[1]},"o":{"x":[0.333],"y":[0]},"t":169,"s":[0]},{"t":189,"s":[0]}],"ix":10},"p":{"s":true,"x":{"a":0,"k":-22.935,"ix":3},"y":{"a":0,"k":-128.085,"ix":4}},"a":{"a":0,"k":[0,0,0],"ix":1},"s":{"a":0,"k":[100,100,100],"ix":6}},"ao":0,"ip":0,"op":300,"st":0,"bm":10},{"ddd":0,"ind":3,"ty":3,"nm":"Null 9","sr":1,"ks":{"o":{"a":0,"k":0,"ix":11},"r":{"a":0,"k":0,"ix":10},"p":{"a":0,"k":[270,270,0],"ix":2},"a":{"a":0,"k":[0,0,0],"ix":1},"s":{"a":0,"k":[100,100,100],"ix":6}},"ao":0,"ip":0,"op":300,"st":0,"bm":0},{"ddd":0,"ind":4,"ty":4,"nm":"frond 12","parent":2,"sr":1,"ks":{"o":{"a":0,"k":100,"ix":11},"r":{"a":1,"k":[{"i":{"x":[0.667],"y":[1]},"o":{"x":[0.167],"y":[0.167]},"t":50,"s":[-45]},{"i":{"x":[0.667],"y":[1]},"o":{"x":[0.333],"y":[0]},"t":81,"s":[-45]},{"i":{"x":[0.667],"y":[1]},"o":{"x":[0.333],"y":[0]},"t":91,"s":[-45.45]},{"i":{"x":[0.667],"y":[1]},"o":{"x":[0.333],"y":[0]},"t":101,"s":[-42.945]},{"i":{"x":[0.667],"y":[1]},"o":{"x":[0.333],"y":[0]},"t":106,"s":[-46.508]},{"i":{"x":[0.667],"y":[1]},"o":{"x":[0.333],"y":[0]},"t":111,"s":[-40.596]},{"i":{"x":[0.667],"y":[1]},"o":{"x":[0.333],"y":[0]},"t":116,"s":[-47.426]},{"i":{"x":[0.667],"y":[1]},"o":{"x":[0.333],"y":[0]},"t":121,"s":[-39.449]},{"i":{"x":[0.667],"y":[1]},"o":{"x":[0.333],"y":[0]},"t":126,"s":[-48.569]},{"i":{"x":[0.667],"y":[1]},"o":{"x":[0.333],"y":[0]},"t":131,"s":[-37.026]},{"i":{"x":[0.667],"y":[1]},"o":{"x":[0.333],"y":[0]},"t":136,"s":[-47.426]},{"i":{"x":[0.667],"y":[1]},"o":{"x":[0.333],"y":[0]},"t":141,"s":[-38.014]},{"i":{"x":[0.667],"y":[1]},"o":{"x":[0.333],"y":[0]},"t":147,"s":[-46.508]},{"i":{"x":[0.667],"y":[1]},"o":{"x":[0.333],"y":[0]},"t":153,"s":[-43.695]},{"i":{"x":[0.667],"y":[1]},"o":{"x":[0.333],"y":[0]},"t":161,"s":[-45.163]},{"t":173,"s":[-45]}],"ix":10},"p":{"a":0,"k":[0,0,0],"ix":2},"a":{"a":0,"k":[173.686,-30.2,0],"ix":1},"s":{"a":0,"k":[41,41,100],"ix":6}},"ao":0,"shapes":[{"ty":"gr","it":[{"ind":0,"ty":"sh","ix":1,"ks":{"a":0,"k":{"i":[[-1.38,0],[0,0],[0.74,-1.16],[14.05,0],[7.35,11.54]],"o":[[0,0],[1.38,0],[-7.35,11.54],[-14.05,0],[-0.74,-1.16]],"v":[[-32.726,-10.689],[25.174,-9.702],[26.664,-7.022],[0.004,10.691],[-34.216,-8.009]],"c":true},"ix":2},"nm":"Path 1","mn":"ADBE Vector Shape - Group","hd":false},{"ty":"fl","c":{"a":0,"k":[0.239215686275,0.537254901961,0.043137254902,1],"ix":4},"o":{"a":0,"k":100,"ix":5},"r":1,"bm":0,"nm":"Fill 1","mn":"ADBE Vector Graphic - Fill","hd":false},{"ty":"tr","p":{"a":0,"k":[0,0],"ix":2},"a":{"a":0,"k":[0,0],"ix":1},"s":{"a":0,"k":[771.429,771.429],"ix":3},"r":{"a":0,"k":0,"ix":6},"o":{"a":0,"k":100,"ix":7},"sk":{"a":0,"k":0,"ix":4},"sa":{"a":0,"k":0,"ix":5},"nm":"Transform"}],"nm":"frond 04","np":2,"cix":2,"bm":0,"ix":1,"mn":"ADBE Vector Group","hd":false}],"ip":0,"op":300,"st":0,"bm":0},{"ddd":0,"ind":5,"ty":4,"nm":"frond 11","parent":2,"sr":1,"ks":{"o":{"a":0,"k":100,"ix":11},"r":{"a":1,"k":[{"i":{"x":[0.667],"y":[1]},"o":{"x":[0.167],"y":[0.167]},"t":49,"s":[15]},{"i":{"x":[0.667],"y":[1]},"o":{"x":[0.333],"y":[0]},"t":79,"s":[15]},{"i":{"x":[0.667],"y":[1]},"o":{"x":[0.333],"y":[0]},"t":89,"s":[13.506]},{"i":{"x":[0.667],"y":[1]},"o":{"x":[0.333],"y":[0]},"t":99,"s":[23.262]},{"i":{"x":[0.667],"y":[1]},"o":{"x":[0.333],"y":[0]},"t":104,"s":[9.992]},{"i":{"x":[0.667],"y":[1]},"o":{"x":[0.333],"y":[0]},"t":109,"s":[32.707]},{"i":{"x":[0.667],"y":[1]},"o":{"x":[0.333],"y":[0]},"t":114,"s":[6.941]},{"i":{"x":[0.667],"y":[1]},"o":{"x":[0.333],"y":[0]},"t":119,"s":[37.321]},{"i":{"x":[0.667],"y":[1]},"o":{"x":[0.333],"y":[0]},"t":124,"s":[-0.836]},{"i":{"x":[0.667],"y":[1]},"o":{"x":[0.333],"y":[0]},"t":129,"s":[47.065]},{"i":{"x":[0.667],"y":[1]},"o":{"x":[0.333],"y":[0]},"t":134,"s":[6.941]},{"i":{"x":[0.667],"y":[1]},"o":{"x":[0.333],"y":[0]},"t":140,"s":[43.089]},{"i":{"x":[0.667],"y":[1]},"o":{"x":[0.333],"y":[0]},"t":146,"s":[9.992]},{"i":{"x":[0.667],"y":[1]},"o":{"x":[0.333],"y":[0]},"t":152,"s":[20.247]},{"i":{"x":[0.667],"y":[1]},"o":{"x":[0.333],"y":[0]},"t":160,"s":[14.458]},{"t":172,"s":[15]}],"ix":10},"p":{"a":0,"k":[0,0,0],"ix":2},"a":{"a":0,"k":[166.193,-30.919,0],"ix":1},"s":{"a":0,"k":[41,41,100],"ix":6}},"ao":0,"shapes":[{"ty":"gr","it":[{"ind":0,"ty":"sh","ix":1,"ks":{"a":0,"k":{"i":[[-1.38,0],[0,0],[0.74,-1.16],[14.05,0],[7.35,11.54]],"o":[[0,0],[1.38,0],[-7.35,11.54],[-14.05,0],[-0.74,-1.16]],"v":[[-32.726,-10.689],[32.724,-10.689],[34.214,-8.009],[0.004,10.691],[-34.216,-8.009]],"c":true},"ix":2},"nm":"Path 1","mn":"ADBE Vector Shape - Group","hd":false},{"ty":"fl","c":{"a":0,"k":[0.239215686275,0.537254901961,0.043137254902,1],"ix":4},"o":{"a":0,"k":100,"ix":5},"r":1,"bm":0,"nm":"Fill 1","mn":"ADBE Vector Graphic - Fill","hd":false},{"ty":"tr","p":{"a":0,"k":[0,0],"ix":2},"a":{"a":0,"k":[0,0],"ix":1},"s":{"a":0,"k":[771.429,771.429],"ix":3},"r":{"a":0,"k":0,"ix":6},"o":{"a":0,"k":100,"ix":7},"sk":{"a":0,"k":0,"ix":4},"sa":{"a":0,"k":0,"ix":5},"nm":"Transform"}],"nm":"frond 04","np":2,"cix":2,"bm":0,"ix":1,"mn":"ADBE Vector Group","hd":false}],"ip":0,"op":300,"st":0,"bm":0},{"ddd":0,"ind":6,"ty":4,"nm":"frond 10","parent":2,"sr":1,"ks":{"o":{"a":0,"k":100,"ix":11},"r":{"a":1,"k":[{"i":{"x":[0.667],"y":[1]},"o":{"x":[0.167],"y":[0.167]},"t":50,"s":[15]},{"i":{"x":[0.667],"y":[1]},"o":{"x":[0.333],"y":[0]},"t":82,"s":[15]},{"i":{"x":[0.667],"y":[1]},"o":{"x":[0.333],"y":[0]},"t":92,"s":[12.823]},{"i":{"x":[0.667],"y":[1]},"o":{"x":[0.333],"y":[0]},"t":102,"s":[19.415]},{"i":{"x":[0.667],"y":[1]},"o":{"x":[0.333],"y":[0]},"t":107,"s":[7.705]},{"i":{"x":[0.667],"y":[1]},"o":{"x":[0.333],"y":[0]},"t":112,"s":[24.463]},{"i":{"x":[0.667],"y":[1]},"o":{"x":[0.333],"y":[0]},"t":117,"s":[3.261]},{"i":{"x":[0.667],"y":[1]},"o":{"x":[0.333],"y":[0]},"t":122,"s":[26.928]},{"i":{"x":[0.667],"y":[1]},"o":{"x":[0.333],"y":[0]},"t":127,"s":[-8.068]},{"i":{"x":[0.667],"y":[1]},"o":{"x":[0.333],"y":[0]},"t":132,"s":[32.135]},{"i":{"x":[0.667],"y":[1]},"o":{"x":[0.333],"y":[0]},"t":137,"s":[3.261]},{"i":{"x":[0.667],"y":[1]},"o":{"x":[0.333],"y":[0]},"t":142,"s":[30.011]},{"i":{"x":[0.667],"y":[1]},"o":{"x":[0.333],"y":[0]},"t":148,"s":[7.705]},{"i":{"x":[0.667],"y":[1]},"o":{"x":[0.333],"y":[0]},"t":154,"s":[17.804]},{"i":{"x":[0.667],"y":[1]},"o":{"x":[0.333],"y":[0]},"t":162,"s":[14.211]},{"t":174,"s":[15]}],"ix":10},"p":{"a":0,"k":[0,0,0],"ix":2},"a":{"a":0,"k":[-173.403,-30.827,0],"ix":1},"s":{"a":0,"k":[41,41,100],"ix":6}},"ao":0,"shapes":[{"ty":"gr","it":[{"ind":0,"ty":"sh","ix":1,"ks":{"a":0,"k":{"i":[[-1.38,0],[0,0],[0.74,-1.16],[14.05,0],[4.851,8.402]],"o":[[0,0],[1.38,0],[-7.35,11.54],[-14.05,0],[-0.688,-1.192]],"v":[[-23.488,-10.265],[32.724,-10.689],[34.214,-8.009],[0.004,10.691],[-27.071,-5.477]],"c":true},"ix":2},"nm":"Path 1","mn":"ADBE Vector Shape - Group","hd":false},{"ty":"fl","c":{"a":0,"k":[0.239215686275,0.537254901961,0.043137254902,1],"ix":4},"o":{"a":0,"k":100,"ix":5},"r":1,"bm":0,"nm":"Fill 1","mn":"ADBE Vector Graphic - Fill","hd":false},{"ty":"tr","p":{"a":0,"k":[0,0],"ix":2},"a":{"a":0,"k":[0,0],"ix":1},"s":{"a":0,"k":[771.429,771.429],"ix":3},"r":{"a":0,"k":0,"ix":6},"o":{"a":0,"k":100,"ix":7},"sk":{"a":0,"k":0,"ix":4},"sa":{"a":0,"k":0,"ix":5},"nm":"Transform"}],"nm":"frond 04","np":2,"cix":2,"bm":0,"ix":1,"mn":"ADBE Vector Group","hd":false}],"ip":0,"op":300,"st":0,"bm":0},{"ddd":0,"ind":7,"ty":4,"nm":"frond 09","parent":2,"sr":1,"ks":{"o":{"a":0,"k":100,"ix":11},"r":{"a":1,"k":[{"i":{"x":[0.667],"y":[1]},"o":{"x":[0.167],"y":[0.167]},"t":50,"s":[-45]},{"i":{"x":[0.667],"y":[1]},"o":{"x":[0.333],"y":[0]},"t":80,"s":[-45]},{"i":{"x":[0.667],"y":[1]},"o":{"x":[0.333],"y":[0]},"t":90,"s":[-47.177]},{"i":{"x":[0.667],"y":[1]},"o":{"x":[0.333],"y":[0]},"t":100,"s":[-40.585]},{"i":{"x":[0.667],"y":[1]},"o":{"x":[0.333],"y":[0]},"t":105,"s":[-52.295]},{"i":{"x":[0.667],"y":[1]},"o":{"x":[0.333],"y":[0]},"t":110,"s":[-35.537]},{"i":{"x":[0.667],"y":[1]},"o":{"x":[0.333],"y":[0]},"t":115,"s":[-56.739]},{"i":{"x":[0.667],"y":[1]},"o":{"x":[0.333],"y":[0]},"t":120,"s":[-33.072]},{"i":{"x":[0.667],"y":[1]},"o":{"x":[0.333],"y":[0]},"t":125,"s":[-68.068]},{"i":{"x":[0.667],"y":[1]},"o":{"x":[0.333],"y":[0]},"t":130,"s":[-27.865]},{"i":{"x":[0.667],"y":[1]},"o":{"x":[0.333],"y":[0]},"t":135,"s":[-56.739]},{"i":{"x":[0.667],"y":[1]},"o":{"x":[0.333],"y":[0]},"t":140,"s":[-29.989]},{"i":{"x":[0.667],"y":[1]},"o":{"x":[0.333],"y":[0]},"t":146,"s":[-52.295]},{"i":{"x":[0.667],"y":[1]},"o":{"x":[0.333],"y":[0]},"t":152,"s":[-42.196]},{"i":{"x":[0.667],"y":[1]},"o":{"x":[0.333],"y":[0]},"t":160,"s":[-45.789]},{"t":172,"s":[-45]}],"ix":10},"p":{"a":0,"k":[0,0,0],"ix":2},"a":{"a":0,"k":[-165.208,-29.338,0],"ix":1},"s":{"a":0,"k":[41,41,100],"ix":6}},"ao":0,"shapes":[{"ty":"gr","it":[{"ind":0,"ty":"sh","ix":1,"ks":{"a":0,"k":{"i":[[-1.38,0],[0,0],[0.74,-1.16],[14.05,0],[7.35,11.54]],"o":[[0,0],[1.38,0],[-7.35,11.54],[-14.05,0],[-0.74,-1.16]],"v":[[-32.726,-10.689],[32.724,-10.689],[34.214,-8.009],[0.004,10.691],[-34.216,-8.009]],"c":true},"ix":2},"nm":"Path 1","mn":"ADBE Vector Shape - Group","hd":false},{"ty":"fl","c":{"a":0,"k":[0.239215686275,0.537254901961,0.043137254902,1],"ix":4},"o":{"a":0,"k":100,"ix":5},"r":1,"bm":0,"nm":"Fill 1","mn":"ADBE Vector Graphic - Fill","hd":false},{"ty":"tr","p":{"a":0,"k":[0,0],"ix":2},"a":{"a":0,"k":[0,0],"ix":1},"s":{"a":0,"k":[771.429,771.429],"ix":3},"r":{"a":0,"k":0,"ix":6},"o":{"a":0,"k":100,"ix":7},"sk":{"a":0,"k":0,"ix":4},"sa":{"a":0,"k":0,"ix":5},"nm":"Transform"}],"nm":"frond 04","np":2,"cix":2,"bm":0,"ix":1,"mn":"ADBE Vector Group","hd":false}],"ip":0,"op":300,"st":0,"bm":0},{"ddd":0,"ind":17,"ty":0,"nm":"Coconut","refId":"comp_1","sr":1,"ks":{"o":{"a":1,"k":[{"t":50,"s":[0],"h":1},{"t":135,"s":[100],"h":1}],"ix":11},"r":{"a":1,"k":[{"i":{"x":[0.833],"y":[0.833]},"o":{"x":[0.167],"y":[0.167]},"t":125,"s":[0]},{"t":220,"s":[-720]}],"ix":10},"p":{"s":true,"x":{"a":1,"k":[{"i":{"x":[0.833],"y":[0.833]},"o":{"x":[0.167],"y":[0.167]},"t":125,"s":[254.5]},{"i":{"x":[0.833],"y":[0.833]},"o":{"x":[0.167],"y":[0.167]},"t":140,"s":[217.846]},{"t":220,"s":[-24.284]}],"ix":3},"y":{"a":1,"k":[{"i":{"x":[0.667],"y":[1]},"o":{"x":[0.167],"y":[0]},"t":50,"s":[237.5]},{"i":{"x":[0.96],"y":[0.718]},"o":{"x":[0.602],"y":[0]},"t":125,"s":[237.5]},{"i":{"x":[0.457],"y":[1]},"o":{"x":[0.165],"y":[0.44]},"t":140,"s":[432.5]},{"i":{"x":[0.889],"y":[0.563]},"o":{"x":[0.593],"y":[0]},"t":150,"s":[373.405]},{"i":{"x":[0.463],"y":[1]},"o":{"x":[0.191],"y":[0.632]},"t":160,"s":[432.5]},{"i":{"x":[0.794],"y":[0.425]},"o":{"x":[0.598],"y":[0]},"t":167,"s":[408.18]},{"i":{"x":[0.639],"y":[1]},"o":{"x":[0.224],"y":[0.544]},"t":174,"s":[432.5]},{"i":{"x":[0.771],"y":[0.338]},"o":{"x":[0.333],"y":[0]},"t":178,"s":[427.645]},{"i":{"x":[0.667],"y":[1]},"o":{"x":[0.333],"y":[0]},"t":182,"s":[432.5]},{"t":220,"s":[432.5]}],"ix":4}},"a":{"a":0,"k":[31,31,0],"ix":1},"s":{"a":0,"k":[85,85,100],"ix":6}},"ao":0,"w":62,"h":62,"ip":0,"op":300,"st":0,"bm":0},{"ddd":0,"ind":18,"ty":4,"nm":"TRUNK","sr":1,"ks":{"o":{"a":0,"k":100,"ix":11},"r":{"a":1,"k":[{"i":{"x":[0.667],"y":[1]},"o":{"x":[0.333],"y":[0]},"t":50,"s":[0]},{"i":{"x":[0.667],"y":[1]},"o":{"x":[0.333],"y":[0]},"t":75,"s":[0]},{"i":{"x":[0.667],"y":[1]},"o":{"x":[0.333],"y":[0]},"t":85,"s":[-0.791]},{"i":{"x":[0.667],"y":[1]},"o":{"x":[0.333],"y":[0]},"t":95,"s":[1.505]},{"i":{"x":[0.667],"y":[1]},"o":{"x":[0.333],"y":[0]},"t":100,"s":[-2.65]},{"i":{"x":[0.667],"y":[1]},"o":{"x":[0.333],"y":[0]},"t":105,"s":[3.225]},{"i":{"x":[0.667],"y":[1]},"o":{"x":[0.333],"y":[0]},"t":110,"s":[-4.265]},{"i":{"x":[0.667],"y":[1]},"o":{"x":[0.333],"y":[0]},"t":115,"s":[4.066]},{"i":{"x":[0.667],"y":[1]},"o":{"x":[0.333],"y":[0]},"t":120,"s":[-5.907]},{"i":{"x":[0.667],"y":[1]},"o":{"x":[0.333],"y":[0]},"t":125,"s":[5.84]},{"i":{"x":[0.667],"y":[1]},"o":{"x":[0.333],"y":[0]},"t":130,"s":[-4.265]},{"i":{"x":[0.667],"y":[1]},"o":{"x":[0.333],"y":[0]},"t":135,"s":[5.116]},{"i":{"x":[0.667],"y":[1]},"o":{"x":[0.333],"y":[0]},"t":141,"s":[-5.907]},{"i":{"x":[0.667],"y":[1]},"o":{"x":[0.333],"y":[0]},"t":147,"s":[0.956]},{"i":{"x":[0.667],"y":[1]},"o":{"x":[0.333],"y":[0]},"t":155,"s":[-0.287]},{"i":{"x":[0.667],"y":[1]},"o":{"x":[0.333],"y":[0]},"t":167,"s":[0]},{"t":189,"s":[0]}],"ix":10},"p":{"a":0,"k":[288,433.5,0],"ix":2},"a":{"a":0,"k":[3.065,84.79,0],"ix":1},"s":{"a":0,"k":[100,100,100],"ix":6}},"ao":0,"shapes":[{"ty":"gr","it":[{"ind":0,"ty":"sh","ix":1,"ks":{"a":1,"k":[{"i":{"x":0.667,"y":1},"o":{"x":0.333,"y":0},"t":75,"s":[{"i":[[0,0],[0,0],[-0.89,-16.75],[0.05,-4.576],[6.75,-0.134],[-0.835,6.055],[-0.326,6.112]],"o":[[0,0],[0,0],[0.366,6.881],[-0.072,6.564],[-6.499,0.129],[0.674,-4.89],[0.73,-13.67]],"v":[[-7.577,-31.329],[0.433,-31.329],[10.013,3.581],[10.394,20.948],[-0.218,31.331],[-9.276,21.092],[-7.577,3.981]],"c":true}]},{"i":{"x":0.667,"y":1},"o":{"x":0.333,"y":0},"t":85,"s":[{"i":[[0,0],[0,0],[-0.89,-16.75],[0.05,-4.576],[6.75,-0.134],[-0.835,6.055],[-0.326,6.112]],"o":[[0,0],[0,0],[0.366,6.881],[-0.072,6.564],[-6.499,0.129],[0.674,-4.89],[0.73,-13.67]],"v":[[-7.577,-31.329],[0.433,-31.329],[10.638,3.581],[11.082,20.948],[-0.218,31.331],[-8.589,21.092],[-6.952,3.981]],"c":true}]},{"i":{"x":0.667,"y":1},"o":{"x":0.333,"y":0},"t":92,"s":[{"i":[[0,0],[0,0],[-0.89,-16.75],[-0.441,-5.376],[6.75,-0.134],[0.092,6.111],[-0.326,6.112]],"o":[[0,0],[0,0],[0.366,6.881],[0.536,6.542],[-6.499,0.129],[-0.083,-5.52],[0.73,-13.67]],"v":[[-7.577,-31.329],[0.433,-31.329],[6.888,3.581],[8.082,20.948],[-0.218,31.331],[-11.151,21.092],[-10.702,3.981]],"c":true}]},{"i":{"x":0.667,"y":1},"o":{"x":0.333,"y":0},"t":98,"s":[{"i":[[0,0],[0,0],[-0.89,-16.75],[0.05,-4.576],[6.75,-0.134],[-0.835,6.055],[-0.326,6.112]],"o":[[0,0],[0,0],[0.366,6.881],[-0.072,6.564],[-6.499,0.129],[0.674,-4.89],[0.73,-13.67]],"v":[[-7.577,-31.329],[0.433,-31.329],[10.638,3.581],[11.082,20.948],[-0.218,31.331],[-8.589,21.092],[-6.952,3.981]],"c":true}]},{"i":{"x":0.667,"y":1},"o":{"x":0.333,"y":0},"t":103,"s":[{"i":[[0,0],[0,0],[-0.89,-16.75],[-0.441,-5.376],[6.75,-0.134],[0.092,6.111],[-0.326,6.112]],"o":[[0,0],[0,0],[0.366,6.881],[0.536,6.542],[-6.499,0.129],[-0.083,-5.52],[0.73,-13.67]],"v":[[-7.577,-31.329],[0.433,-31.329],[6.888,3.581],[8.082,20.948],[-0.218,31.331],[-11.151,21.092],[-10.702,3.981]],"c":true}]},{"i":{"x":0.667,"y":1},"o":{"x":0.333,"y":0},"t":108,"s":[{"i":[[0,0],[0,0],[-0.89,-16.75],[0.05,-4.576],[6.75,-0.134],[-0.835,6.055],[-0.326,6.112]],"o":[[0,0],[0,0],[0.366,6.881],[-0.072,6.564],[-6.499,0.129],[0.674,-4.89],[0.73,-13.67]],"v":[[-7.577,-31.329],[0.433,-31.329],[10.638,3.581],[11.082,20.948],[-0.218,31.331],[-8.589,21.092],[-6.952,3.981]],"c":true}]},{"i":{"x":0.667,"y":1},"o":{"x":0.333,"y":0},"t":113,"s":[{"i":[[0,0],[0,0],[-0.89,-16.75],[-0.441,-5.376],[6.75,-0.134],[0.092,6.111],[-0.326,6.112]],"o":[[0,0],[0,0],[0.366,6.881],[0.536,6.542],[-6.499,0.129],[-0.083,-5.52],[0.73,-13.67]],"v":[[-7.577,-31.329],[0.433,-31.329],[6.888,3.581],[8.082,20.948],[-0.218,31.331],[-11.151,21.092],[-10.702,3.981]],"c":true}]},{"i":{"x":0.667,"y":1},"o":{"x":0.333,"y":0},"t":118,"s":[{"i":[[0,0],[0,0],[-0.89,-16.75],[0.05,-4.576],[6.75,-0.134],[-0.835,6.055],[-0.326,6.112]],"o":[[0,0],[0,0],[0.366,6.881],[-0.072,6.564],[-6.499,0.129],[0.674,-4.89],[0.73,-13.67]],"v":[[-7.577,-31.329],[0.433,-31.329],[10.638,3.581],[11.082,20.948],[-0.218,31.331],[-8.589,21.092],[-6.952,3.981]],"c":true}]},{"i":{"x":0.667,"y":1},"o":{"x":0.333,"y":0},"t":123,"s":[{"i":[[0,0],[0,0],[-0.89,-16.75],[-0.441,-5.376],[6.75,-0.134],[0.092,6.111],[-0.326,6.112]],"o":[[0,0],[0,0],[0.366,6.881],[0.536,6.542],[-6.499,0.129],[-0.083,-5.52],[0.73,-13.67]],"v":[[-7.577,-31.329],[0.433,-31.329],[6.888,3.581],[8.082,20.948],[-0.218,31.331],[-11.151,21.092],[-10.702,3.981]],"c":true}]},{"i":{"x":0.667,"y":1},"o":{"x":0.333,"y":0},"t":128,"s":[{"i":[[0,0],[0,0],[-0.89,-16.75],[0.05,-4.576],[6.75,-0.134],[-0.835,6.055],[-0.326,6.112]],"o":[[0,0],[0,0],[0.366,6.881],[-0.072,6.564],[-6.499,0.129],[0.674,-4.89],[0.73,-13.67]],"v":[[-7.577,-31.329],[0.433,-31.329],[10.638,3.581],[11.082,20.948],[-0.218,31.331],[-8.589,21.092],[-6.952,3.981]],"c":true}]},{"i":{"x":0.667,"y":1},"o":{"x":0.333,"y":0},"t":133,"s":[{"i":[[0,0],[0,0],[-0.89,-16.75],[-0.441,-5.376],[6.75,-0.134],[0.092,6.111],[-0.326,6.112]],"o":[[0,0],[0,0],[0.366,6.881],[0.536,6.542],[-6.499,0.129],[-0.083,-5.52],[0.73,-13.67]],"v":[[-7.577,-31.329],[0.433,-31.329],[6.888,3.581],[8.082,20.948],[-0.218,31.331],[-11.151,21.092],[-10.702,3.981]],"c":true}]},{"i":{"x":0.667,"y":1},"o":{"x":0.333,"y":0},"t":139,"s":[{"i":[[0,0],[0,0],[-0.89,-16.75],[0.05,-4.576],[6.75,-0.134],[-0.835,6.055],[-0.326,6.112]],"o":[[0,0],[0,0],[0.366,6.881],[-0.072,6.564],[-6.499,0.129],[0.674,-4.89],[0.73,-13.67]],"v":[[-7.577,-31.329],[0.433,-31.329],[10.638,3.581],[11.082,20.948],[-0.218,31.331],[-8.589,21.092],[-6.952,3.981]],"c":true}]},{"i":{"x":0.667,"y":1},"o":{"x":0.333,"y":0},"t":145,"s":[{"i":[[0,0],[0,0],[-0.89,-16.75],[-0.441,-5.376],[6.75,-0.134],[0.092,6.111],[-0.326,6.112]],"o":[[0,0],[0,0],[0.366,6.881],[0.536,6.542],[-6.499,0.129],[-0.083,-5.52],[0.73,-13.67]],"v":[[-7.577,-31.329],[0.433,-31.329],[6.888,3.581],[8.082,20.948],[-0.218,31.331],[-11.151,21.092],[-10.702,3.981]],"c":true}]},{"i":{"x":0.667,"y":1},"o":{"x":0.333,"y":0},"t":152,"s":[{"i":[[0,0],[0,0],[-0.89,-16.75],[0.05,-4.576],[6.75,-0.134],[-0.835,6.055],[-0.326,6.112]],"o":[[0,0],[0,0],[0.366,6.881],[-0.072,6.564],[-6.499,0.129],[0.674,-4.89],[0.73,-13.67]],"v":[[-7.577,-31.329],[0.433,-31.329],[10.201,3.581],[10.894,20.948],[-0.218,31.331],[-8.776,21.092],[-7.389,3.981]],"c":true}]},{"t":161,"s":[{"i":[[0,0],[0,0],[-0.89,-16.75],[0.05,-4.576],[6.75,-0.134],[-0.835,6.055],[-0.326,6.112]],"o":[[0,0],[0,0],[0.366,6.881],[-0.072,6.564],[-6.499,0.129],[0.674,-4.89],[0.73,-13.67]],"v":[[-7.577,-31.329],[0.433,-31.329],[10.013,3.581],[10.394,20.948],[-0.218,31.331],[-9.276,21.092],[-7.577,3.981]],"c":true}]}],"ix":2},"nm":"Path 1","mn":"ADBE Vector Shape - Group","hd":false},{"ty":"fl","c":{"a":0,"k":[1,0.72925901413,0.379916012287,1],"ix":4},"o":{"a":0,"k":100,"ix":5},"r":1,"bm":0,"nm":"Fill 1","mn":"ADBE Vector Graphic - Fill","hd":false},{"ty":"tr","p":{"a":0,"k":[0,0],"ix":2},"a":{"a":0,"k":[0,0],"ix":1},"s":{"a":0,"k":[400,400],"ix":3},"r":{"a":0,"k":0,"ix":6},"o":{"a":0,"k":100,"ix":7},"sk":{"a":0,"k":0,"ix":4},"sa":{"a":0,"k":0,"ix":5},"nm":"Transform"}],"nm":"TRUNK","np":2,"cix":2,"bm":0,"ix":1,"mn":"ADBE Vector Group","hd":false}],"ip":0,"op":300,"st":0,"bm":0}]},{"id":"comp_1","layers":[{"ddd":0,"ind":3,"ty":4,"nm":"Shape Layer 4","sr":1,"ks":{"o":{"a":0,"k":100,"ix":11},"r":{"a":0,"k":33.209,"ix":10},"p":{"a":0,"k":[15.875,23.984,0],"ix":2},"a":{"a":0,"k":[0.203,-0.049,0],"ix":1},"s":{"a":0,"k":[80,80,100],"ix":6}},"ao":0,"shapes":[{"d":1,"ty":"el","s":{"a":0,"k":[13.6,17],"ix":2},"p":{"a":0,"k":[0,0],"ix":3},"nm":"Ellipse Path 1","mn":"ADBE Vector Shape - Ellipse","hd":false},{"ty":"fl","c":{"a":0,"k":[0.333088235294,0.177054027483,0.033257809807,1],"ix":4},"o":{"a":0,"k":100,"ix":5},"r":1,"bm":0,"nm":"Fill 1","mn":"ADBE Vector Graphic - Fill","hd":false}],"ip":0,"op":300,"st":0,"bm":0},{"ddd":0,"ind":4,"ty":4,"nm":"Shape Layer 3","sr":1,"ks":{"o":{"a":0,"k":100,"ix":11},"r":{"a":0,"k":0,"ix":10},"p":{"a":0,"k":[14,14.875,0],"ix":2},"a":{"a":0,"k":[-17,-16.125,0],"ix":1},"s":{"a":0,"k":[100,100,100],"ix":6}},"ao":0,"shapes":[{"d":1,"ty":"el","s":{"a":0,"k":[60,60],"ix":2},"p":{"a":0,"k":[0,0],"ix":3},"nm":"Ellipse Path 1","mn":"ADBE Vector Shape - Ellipse","hd":false},{"ty":"fl","c":{"a":0,"k":[0.472181372549,0.271462982776,0.085503305173,1],"ix":4},"o":{"a":0,"k":100,"ix":5},"r":1,"bm":0,"nm":"Fill 1","mn":"ADBE Vector Graphic - Fill","hd":false}],"ip":0,"op":300,"st":0,"bm":0}]}],"layers":[{"ddd":0,"ind":1,"ty":0,"nm":"28_PALM TREE","refId":"comp_0","sr":1,"ks":{"o":{"a":0,"k":100,"ix":11},"r":{"a":0,"k":0,"ix":10},"p":{"a":0,"k":[67.5,67.5,0],"ix":2},"a":{"a":0,"k":[270,270,0],"ix":1},"s":{"a":0,"k":[25,25,100],"ix":6}},"ao":0,"w":540,"h":540,"ip":0,"op":146,"st":-75,"bm":0}],"markers":[{"tm":200,"cm":"","dr":0}]}
