{"v":"5.5.2","fr":60,"ip":0,"op":40,"w":135,"h":135,"nm":"20_SOCCER BALL EXPORT","ddd":0,"assets":[{"id":"comp_0","layers":[{"ddd":0,"ind":1,"ty":3,"nm":"Bounce NULL","sr":1,"ks":{"o":{"a":0,"k":0,"ix":11},"r":{"a":0,"k":0,"ix":10},"p":{"s":true,"x":{"a":0,"k":270,"ix":3},"y":{"a":1,"k":[{"i":{"x":[0.421],"y":[1]},"o":{"x":[0.149],"y":[0.537]},"t":50,"s":[432],"e":[368.088]},{"i":{"x":[0.916],"y":[0.621]},"o":{"x":[0.595],"y":[0]},"t":71,"s":[368.088],"e":[432]},{"i":{"x":[0.833],"y":[1]},"o":{"x":[0.461],"y":[0]},"t":88,"s":[432],"e":[432]},{"i":{"x":[0.833],"y":[1]},"o":{"x":[0.167],"y":[0]},"t":89,"s":[432],"e":[432]},{"t":90}],"ix":4}},"a":{"a":0,"k":[0,0,0],"ix":1},"s":{"a":0,"k":[100,100,100],"ix":6}},"ao":0,"ip":0,"op":300,"st":0,"bm":0},{"ddd":0,"ind":2,"ty":0,"nm":"BALL Complete","parent":1,"refId":"comp_1","sr":1,"ks":{"o":{"a":0,"k":100,"ix":11},"r":{"a":0,"k":0,"ix":10},"p":{"a":0,"k":[0,-0.125,0],"ix":2},"a":{"a":0,"k":[270,431.875,0],"ix":1},"s":{"a":1,"k":[{"i":{"x":[0.667,0.667,0.667],"y":[1,1,1]},"o":{"x":[0.6,0.6,0.333],"y":[0,0,0]},"t":50,"s":[101,99,100],"e":[98,102,100]},{"i":{"x":[0.18,0.181,0.667],"y":[1,1,1]},"o":{"x":[0.333,0.333,0.333],"y":[0,0,0]},"t":51,"s":[98,102,100],"e":[100,100,100]},{"i":{"x":[0.18,0.181,0.667],"y":[1,1,1]},"o":{"x":[0.333,0.333,0.333],"y":[0,0,0]},"t":58,"s":[100,100,100],"e":[100,100,100]},{"i":{"x":[0.667,0.667,0.667],"y":[1,1,1]},"o":{"x":[0.333,0.333,0.333],"y":[0,0,0]},"t":71,"s":[100,100,100],"e":[99,101,100]},{"i":{"x":[0.7,0.667,0.667],"y":[1,1,1]},"o":{"x":[0.333,0.333,0.333],"y":[0,0,0]},"t":88,"s":[99,101,100],"e":[101,99,100]},{"i":{"x":[0.833,0.833,0.833],"y":[1,1,1]},"o":{"x":[0.167,0.167,0.167],"y":[0,0,0]},"t":89,"s":[101,99,100],"e":[101,99,100]},{"t":90}],"ix":6}},"ao":0,"w":540,"h":540,"ip":0,"op":300,"st":0,"bm":0}]},{"id":"comp_1","layers":[{"ddd":0,"ind":2,"ty":4,"nm":"patch MAIN","sr":1,"ks":{"o":{"a":0,"k":100,"ix":11},"r":{"a":0,"k":0,"ix":10},"p":{"a":0,"k":[269.469,269.371,0],"ix":2},"a":{"a":0,"k":[0,0,0],"ix":1},"s":{"a":0,"k":[100,100,100],"ix":6}},"ao":0,"shapes":[{"ty":"gr","it":[{"ind":0,"ty":"sh","ix":1,"ks":{"a":0,"k":{"i":[[-2.61,-1.89],[0,0],[1,-3.07],[0,0],[3.23,0],[0,0],[1,3.07],[0,0],[-2.61,1.89],[0,0]],"o":[[0,0],[2.62,1.89],[0,0],[-1,3.07],[0,0],[-3.23,0],[0,0],[-1,-3.07],[0,0],[2.61,-1.89]],"v":[[4.382,-13.237],[11.952,-7.727],[14.662,0.603],[11.772,9.503],[4.682,14.653],[-4.678,14.653],[-11.768,9.503],[-14.658,0.603],[-11.958,-7.727],[-4.378,-13.237]],"c":true},"ix":2},"nm":"Path 1","mn":"ADBE Vector Shape - Group","hd":false},{"ty":"fl","c":{"a":0,"k":[0.407842993736,0.407842993736,0.407842993736,1],"ix":4},"o":{"a":0,"k":100,"ix":5},"r":1,"bm":0,"nm":"Fill 1","mn":"ADBE Vector Graphic - Fill","hd":false},{"ty":"tr","p":{"a":0,"k":[0,0],"ix":2},"a":{"a":0,"k":[0,0],"ix":1},"s":{"a":0,"k":[400,400],"ix":3},"r":{"a":0,"k":0,"ix":6},"o":{"a":0,"k":100,"ix":7},"sk":{"a":0,"k":0,"ix":4},"sa":{"a":0,"k":0,"ix":5},"nm":"Transform"}],"nm":"patch MAIN","np":2,"cix":2,"bm":0,"ix":1,"mn":"ADBE Vector Group","hd":false}],"ip":0,"op":300,"st":0,"bm":0},{"ddd":0,"ind":3,"ty":4,"nm":"patch 01","sr":1,"ks":{"o":{"a":0,"k":100,"ix":11},"r":{"a":0,"k":0,"ix":10},"p":{"a":0,"k":[403.146,225.661,0],"ix":2},"a":{"a":0,"k":[0,0,0],"ix":1},"s":{"a":0,"k":[100,100,100],"ix":6}},"ao":0,"shapes":[{"ty":"gr","it":[{"ind":0,"ty":"sh","ix":1,"ks":{"a":0,"k":{"i":[[0,0],[0,-9.37],[0.06,-0.88],[1.13,0.72],[0.23,0.21],[0,0],[0.15,1.86],[0,0],[-2.95,0.24],[-0.31,-0.03],[0,0]],"o":[[5.34,6.86],[0,0.9],[-1.23,0.17],[-0.26,-0.17],[0,0],[-1.37,-1.27],[0,0],[-0.24,-2.95],[0.31,-0.03],[0,0],[0,0]],"v":[[-1.314,-13.777],[7.216,11.083],[7.126,13.753],[3.476,12.953],[2.746,12.383],[-4.064,6.103],[-6.434,1.233],[-7.194,-8.007],[-2.294,-13.787],[-1.364,-13.787],[-1.314,-13.777]],"c":true},"ix":2},"nm":"Path 1","mn":"ADBE Vector Shape - Group","hd":false},{"ty":"fl","c":{"a":0,"k":[0.407842993736,0.407842993736,0.407842993736,1],"ix":4},"o":{"a":0,"k":100,"ix":5},"r":1,"bm":0,"nm":"Fill 1","mn":"ADBE Vector Graphic - Fill","hd":false},{"ty":"tr","p":{"a":0,"k":[0,0],"ix":2},"a":{"a":0,"k":[0,0],"ix":1},"s":{"a":0,"k":[400,400],"ix":3},"r":{"a":0,"k":0,"ix":6},"o":{"a":0,"k":100,"ix":7},"sk":{"a":0,"k":0,"ix":4},"sa":{"a":0,"k":0,"ix":5},"nm":"Transform"}],"nm":"patch 01","np":2,"cix":2,"bm":0,"ix":1,"mn":"ADBE Vector Group","hd":false}],"ip":0,"op":300,"st":0,"bm":0},{"ddd":0,"ind":4,"ty":4,"nm":"patch 02","sr":1,"ks":{"o":{"a":0,"k":100,"ix":11},"r":{"a":0,"k":0,"ix":10},"p":{"a":0,"k":[269.862,129.589,0],"ix":2},"a":{"a":0,"k":[0,0,0],"ix":1},"s":{"a":0,"k":[100,100,100],"ix":6}},"ao":0,"shapes":[{"ty":"gr","it":[{"ind":0,"ty":"sh","ix":1,"ks":{"a":0,"k":{"i":[[-0.18,1.54],[-5.1,0],[-4.48,-1.7],[1.97,-0.68],[0,0],[1.57,0.54],[0,0],[0.32,0.23]],"o":[[4.49,-1.72],[5.07,0],[0.24,1.99],[0,0],[-1.57,0.54],[0,0],[-0.37,-0.13],[-1.37,-0.94]],"v":[[-14.435,-2.737],[0.035,-5.397],[14.435,-2.767],[11.535,1.863],[2.425,4.993],[-2.425,4.993],[-11.535,1.863],[-12.585,1.333]],"c":true},"ix":2},"nm":"Path 1","mn":"ADBE Vector Shape - Group","hd":false},{"ty":"fl","c":{"a":0,"k":[0.407842993736,0.407842993736,0.407842993736,1],"ix":4},"o":{"a":0,"k":100,"ix":5},"r":1,"bm":0,"nm":"Fill 1","mn":"ADBE Vector Graphic - Fill","hd":false},{"ty":"tr","p":{"a":0,"k":[0,0],"ix":2},"a":{"a":0,"k":[0,0],"ix":1},"s":{"a":0,"k":[400,400],"ix":3},"r":{"a":0,"k":0,"ix":6},"o":{"a":0,"k":100,"ix":7},"sk":{"a":0,"k":0,"ix":4},"sa":{"a":0,"k":0,"ix":5},"nm":"Transform"}],"nm":"patch 02","np":2,"cix":2,"bm":0,"ix":1,"mn":"ADBE Vector Group","hd":false}],"ip":0,"op":300,"st":0,"bm":0},{"ddd":0,"ind":5,"ty":4,"nm":"patch 03","sr":1,"ks":{"o":{"a":0,"k":100,"ix":11},"r":{"a":0,"k":0,"ix":10},"p":{"a":0,"k":[137.888,225.661,0],"ix":2},"a":{"a":0,"k":[0,0,0],"ix":1},"s":{"a":0,"k":[100,100,100],"ix":6}},"ao":0,"shapes":[{"ty":"gr","it":[{"ind":0,"ty":"sh","ix":1,"ks":{"a":0,"k":{"i":[[0,0],[0,0.86],[-5.32,6.85],[0,0],[-0.31,-0.03],[0.24,-2.95],[0,0],[1.38,-1.27],[0,0],[0.26,-0.17],[1.38,0.34]],"o":[[-0.05,-0.85],[0,-9.35],[0,0],[0.3,-0.03],[2.95,0.24],[0,0],[-0.16,1.86],[0,0],[-0.23,0.21],[-1.29,0.83],[0,0]],"v":[[-7.392,13.653],[-7.472,11.083],[1.018,-13.727],[1.628,-13.787],[2.548,-13.787],[7.458,-8.007],[6.698,1.233],[4.318,6.103],[-2.492,12.383],[-3.222,12.953],[-7.392,13.653]],"c":true},"ix":2},"nm":"Path 1","mn":"ADBE Vector Shape - Group","hd":false},{"ty":"fl","c":{"a":0,"k":[0.407842993736,0.407842993736,0.407842993736,1],"ix":4},"o":{"a":0,"k":100,"ix":5},"r":1,"bm":0,"nm":"Fill 1","mn":"ADBE Vector Graphic - Fill","hd":false},{"ty":"tr","p":{"a":0,"k":[0,0],"ix":2},"a":{"a":0,"k":[0,0],"ix":1},"s":{"a":0,"k":[400,400],"ix":3},"r":{"a":0,"k":0,"ix":6},"o":{"a":0,"k":100,"ix":7},"sk":{"a":0,"k":0,"ix":4},"sa":{"a":0,"k":0,"ix":5},"nm":"Transform"}],"nm":"patch 03","np":2,"cix":2,"bm":0,"ix":1,"mn":"ADBE Vector Group","hd":false}],"ip":0,"op":300,"st":0,"bm":0},{"ddd":0,"ind":6,"ty":4,"nm":"patch 04","sr":1,"ks":{"o":{"a":0,"k":100,"ix":11},"r":{"a":0,"k":0,"ix":10},"p":{"a":0,"k":[178.706,383.717,0],"ix":2},"a":{"a":0,"k":[0,0,0],"ix":1},"s":{"a":0,"k":[100,100,100],"ix":6}},"ao":0,"shapes":[{"ty":"gr","it":[{"ind":0,"ty":"sh","ix":1,"ks":{"a":0,"k":{"i":[[1.4,-1.54],[5.07,8.69],[-1.9,-0.21],[-0.34,-0.11],[0,0],[-0.9,-1.51],[0,0]],"o":[[-9.8,-3.01],[0.96,-1.51],[0.36,0.04],[0,0],[1.67,0.58],[0,0],[1.13,1.88]],"v":[[10.914,10.288],[-12.176,-8.042],[-7.556,-10.262],[-6.496,-10.032],[2.574,-6.922],[6.554,-3.692],[11.484,4.538]],"c":true},"ix":2},"nm":"Path 1","mn":"ADBE Vector Shape - Group","hd":false},{"ty":"fl","c":{"a":0,"k":[0.407842993736,0.407842993736,0.407842993736,1],"ix":4},"o":{"a":0,"k":100,"ix":5},"r":1,"bm":0,"nm":"Fill 1","mn":"ADBE Vector Graphic - Fill","hd":false},{"ty":"tr","p":{"a":0,"k":[0,0],"ix":2},"a":{"a":0,"k":[0,0],"ix":1},"s":{"a":0,"k":[400,400],"ix":3},"r":{"a":0,"k":0,"ix":6},"o":{"a":0,"k":100,"ix":7},"sk":{"a":0,"k":0,"ix":4},"sa":{"a":0,"k":0,"ix":5},"nm":"Transform"}],"nm":"patch 04","np":2,"cix":2,"bm":0,"ix":1,"mn":"ADBE Vector Group","hd":false}],"ip":0,"op":300,"st":0,"bm":0},{"ddd":0,"ind":7,"ty":4,"nm":"patch 05","sr":1,"ks":{"o":{"a":0,"k":100,"ix":11},"r":{"a":0,"k":0,"ix":10},"p":{"a":0,"k":[363.172,383.395,0],"ix":2},"a":{"a":0,"k":[0,0,0],"ix":1},"s":{"a":0,"k":[100,100,100],"ix":6}},"ao":0,"shapes":[{"ty":"gr","it":[{"ind":0,"ty":"sh","ix":1,"ks":{"a":0,"k":{"i":[[0,0],[9.76,-3.14],[-1.09,1.81],[0,0],[-1.67,0.58],[0,0],[-0.36,0.04],[-1.01,-1.2]],"o":[[-4.96,8.79],[-1.28,-1.54],[0,0],[0.91,-1.51],[0,0],[0.35,-0.11],[1.68,-0.18],[0,0]],"v":[[11.996,-8.462],[-10.874,10.208],[-11.304,4.618],[-6.374,-3.612],[-2.394,-6.842],[6.676,-9.952],[7.736,-10.182],[11.996,-8.462]],"c":true},"ix":2},"nm":"Path 1","mn":"ADBE Vector Shape - Group","hd":false},{"ty":"fl","c":{"a":0,"k":[0.407842993736,0.407842993736,0.407842993736,1],"ix":4},"o":{"a":0,"k":100,"ix":5},"r":1,"bm":0,"nm":"Fill 1","mn":"ADBE Vector Graphic - Fill","hd":false},{"ty":"tr","p":{"a":0,"k":[0,0],"ix":2},"a":{"a":0,"k":[0,0],"ix":1},"s":{"a":0,"k":[400,400],"ix":3},"r":{"a":0,"k":0,"ix":6},"o":{"a":0,"k":100,"ix":7},"sk":{"a":0,"k":0,"ix":4},"sa":{"a":0,"k":0,"ix":5},"nm":"Transform"}],"nm":"patch 05","np":2,"cix":2,"bm":0,"ix":1,"mn":"ADBE Vector Group","hd":false}],"ip":0,"op":300,"st":0,"bm":0},{"ddd":0,"ind":8,"ty":4,"nm":"BALL","sr":1,"ks":{"o":{"a":0,"k":100,"ix":11},"r":{"a":0,"k":0,"ix":10},"p":{"a":0,"k":[270,270,0],"ix":2},"a":{"a":0,"k":[0,0,0],"ix":1},"s":{"a":0,"k":[100,100,100],"ix":6}},"ao":0,"shapes":[{"ty":"gr","it":[{"ind":0,"ty":"sh","ix":1,"ks":{"a":0,"k":{"i":[[-22.37,0],[0,22.37],[22.37,0],[0,-22.37]],"o":[[22.37,0],[0,-22.37],[-22.37,0],[0,22.37]],"v":[[0,40.5],[40.5,0],[0,-40.5],[-40.5,0]],"c":true},"ix":2},"nm":"Path 1","mn":"ADBE Vector Shape - Group","hd":false},{"ty":"fl","c":{"a":0,"k":[1,1,1,1],"ix":4},"o":{"a":0,"k":100,"ix":5},"r":1,"bm":0,"nm":"Fill 1","mn":"ADBE Vector Graphic - Fill","hd":false},{"ty":"tr","p":{"a":0,"k":[0,0],"ix":2},"a":{"a":0,"k":[0,0],"ix":1},"s":{"a":0,"k":[400,400],"ix":3},"r":{"a":0,"k":0,"ix":6},"o":{"a":0,"k":100,"ix":7},"sk":{"a":0,"k":0,"ix":4},"sa":{"a":0,"k":0,"ix":5},"nm":"Transform"}],"nm":"BALL","np":2,"cix":2,"bm":0,"ix":1,"mn":"ADBE Vector Group","hd":false}],"ip":0,"op":300,"st":0,"bm":0}]}],"layers":[{"ddd":0,"ind":1,"ty":0,"nm":"20_SOCCER BALL","refId":"comp_0","sr":1,"ks":{"o":{"a":0,"k":100,"ix":11},"r":{"a":0,"k":0,"ix":10},"p":{"a":0,"k":[67.5,67.5,0],"ix":2},"a":{"a":0,"k":[270,270,0],"ix":1},"s":{"a":0,"k":[25,25,100],"ix":6}},"ao":0,"w":540,"h":540,"ip":0,"op":40,"st":-50,"bm":0}],"markers":[{"tm":150,"cm":"","dr":0}]}
