{"v":"5.5.9","fr":60,"ip":5,"op":230,"w":135,"h":135,"nm":"37_GHOST EXPORT","ddd":0,"assets":[{"id":"comp_0","layers":[{"ddd":0,"ind":1,"ty":4,"nm":"BLINK","parent":7,"sr":1,"ks":{"o":{"a":1,"k":[{"t":25,"s":[0],"h":1},{"t":74,"s":[100],"h":1},{"t":207,"s":[0],"h":1}]},"r":{"a":0,"k":0},"p":{"s":true,"x":{"a":0,"k":241.75},"y":{"a":0,"k":199.25}},"a":{"a":0,"k":[0,0,0]},"s":{"a":0,"k":[100,100,100]}},"ao":0,"shapes":[{"ty":"gr","it":[{"d":1,"ty":"el","s":{"a":0,"k":[43,43]},"p":{"a":0,"k":[0,0]},"nm":"Ellipse Path 1","hd":false},{"ty":"tm","s":{"a":0,"k":5},"e":{"a":0,"k":45},"o":{"a":0,"k":-90},"m":1,"nm":"Trim Paths 1","hd":false},{"ty":"st","c":{"a":0,"k":[0.75084252451,0.75084252451,0.75084252451,1]},"o":{"a":0,"k":100},"w":{"a":0,"k":12},"lc":2,"lj":1,"ml":4,"bm":0,"nm":"Stroke 1","hd":false},{"ty":"tr","p":{"a":0,"k":[58.49,0]},"a":{"a":0,"k":[0,0]},"s":{"a":0,"k":[100,100]},"r":{"a":0,"k":0},"o":{"a":0,"k":100},"sk":{"a":0,"k":0},"sa":{"a":0,"k":0},"nm":"Transform"}],"nm":"Group 2","bm":0,"hd":false},{"ty":"gr","it":[{"d":1,"ty":"el","s":{"a":0,"k":[43,43]},"p":{"a":0,"k":[0,0]},"nm":"Ellipse Path 1","hd":false},{"ty":"tm","s":{"a":0,"k":5},"e":{"a":0,"k":45},"o":{"a":0,"k":-90},"m":1,"nm":"Trim Paths 1","hd":false},{"ty":"st","c":{"a":0,"k":[0.75084252451,0.75084252451,0.75084252451,1]},"o":{"a":0,"k":100},"w":{"a":0,"k":12},"lc":2,"lj":1,"ml":4,"bm":0,"nm":"Stroke 1","hd":false},{"ty":"tr","p":{"a":0,"k":[0,0]},"a":{"a":0,"k":[0,0]},"s":{"a":0,"k":[100,100]},"r":{"a":0,"k":0},"o":{"a":0,"k":100},"sk":{"a":0,"k":0},"sa":{"a":0,"k":0},"nm":"Transform"}],"nm":"Group 1","bm":0,"hd":false}],"ip":0,"op":300,"st":0,"bm":0},{"ddd":0,"ind":2,"ty":4,"nm":"eye R","parent":7,"sr":1,"ks":{"o":{"a":1,"k":[{"t":25,"s":[100],"h":1},{"t":74,"s":[0],"h":1},{"t":207,"s":[100],"h":1}]},"r":{"a":0,"k":0},"p":{"a":0,"k":[241.789,194.214,0]},"a":{"a":0,"k":[0,-5.005,0]},"s":{"a":1,"k":[{"i":{"x":[0.833,0.833,0.833],"y":[1,0.833,1]},"o":{"x":[1,1,0.333],"y":[0,0,0]},"t":65,"s":[100,100,100],"e":[100,80,100]},{"i":{"x":[0.833,0.833,0.833],"y":[0.833,0.833,0.833]},"o":{"x":[0.167,0.167,0.167],"y":[0.167,0.167,0.167]},"t":74,"s":[100,80,100],"e":[100,80,100]},{"i":{"x":[0.833,0.833,0.833],"y":[1,1,1]},"o":{"x":[0.167,0.167,0.167],"y":[0,0.167,0]},"t":207,"s":[100,80,100],"e":[100,100,100]},{"t":215}]}},"ao":0,"shapes":[{"ty":"gr","it":[{"ind":0,"ty":"sh","ks":{"a":0,"k":{"i":[[0,0],[0,-2.36],[0,0],[2.36,0],[0,2.36],[0,0],[-2.36,0]],"o":[[2.36,0],[0,0],[0,2.36],[-2.36,0],[0,0],[0,-2.36],[0,0]],"v":[[-0.003,-9.1],[4.277,-4.83],[4.277,4.83],[-0.003,9.1],[-4.273,4.83],[-4.273,-4.83],[-0.003,-9.1]],"c":true}},"nm":"Path 1","hd":false},{"ty":"fl","c":{"a":0,"k":[0.658823529412,0.658823529412,0.658823529412,1]},"o":{"a":0,"k":100},"r":1,"bm":0,"nm":"Fill 1","hd":false},{"ty":"tr","p":{"a":0,"k":[0,0]},"a":{"a":0,"k":[0,0]},"s":{"a":0,"k":[400,400]},"r":{"a":0,"k":0},"o":{"a":0,"k":100},"sk":{"a":0,"k":0},"sa":{"a":0,"k":0},"nm":"Transform"}],"nm":"eye R","bm":0,"hd":false}],"ip":0,"op":300,"st":0,"bm":0},{"ddd":0,"ind":3,"ty":4,"nm":"eye L","parent":7,"sr":1,"ks":{"o":{"a":1,"k":[{"t":25,"s":[100],"h":1},{"t":74,"s":[0],"h":1},{"t":207,"s":[100],"h":1}]},"r":{"a":0,"k":0},"p":{"a":0,"k":[300.394,194.214,0]},"a":{"a":0,"k":[0,-5.005,0]},"s":{"a":1,"k":[{"i":{"x":[0.833,0.833,0.833],"y":[1,0.833,1]},"o":{"x":[1,1,0.333],"y":[0,0,0]},"t":65,"s":[100,100,100],"e":[100,70,100]},{"i":{"x":[0.833,0.833,0.833],"y":[0.833,0.833,0.833]},"o":{"x":[0.167,0.167,0.167],"y":[0.167,0.167,0.167]},"t":74,"s":[100,70,100],"e":[100,80,100]},{"i":{"x":[0.32,0.251,0.667],"y":[1,1,1]},"o":{"x":[0.167,0.167,0.167],"y":[0,0.167,0]},"t":207,"s":[100,80,100],"e":[100,100,100]},{"t":215}]}},"ao":0,"shapes":[{"ty":"gr","it":[{"ind":0,"ty":"sh","ks":{"a":0,"k":{"i":[[-2.36,0],[0,-2.36],[0,0],[2.36,0],[0,2.36],[0,0]],"o":[[2.36,0],[0,0],[0,2.36],[-2.36,0],[0,0],[0,-2.36]],"v":[[-0.003,-9.1],[4.277,-4.83],[4.277,4.83],[-0.003,9.1],[-4.273,4.83],[-4.273,-4.83]],"c":true}},"nm":"Path 1","hd":false},{"ty":"fl","c":{"a":0,"k":[0.658823529412,0.658823529412,0.658823529412,1]},"o":{"a":0,"k":100},"r":1,"bm":0,"nm":"Fill 1","hd":false},{"ty":"tr","p":{"a":0,"k":[0,0]},"a":{"a":0,"k":[0,0]},"s":{"a":0,"k":[400,400]},"r":{"a":0,"k":0},"o":{"a":0,"k":100},"sk":{"a":0,"k":0},"sa":{"a":0,"k":0},"nm":"Transform"}],"nm":"eye L","bm":0,"hd":false}],"ip":0,"op":300,"st":0,"bm":0},{"ddd":0,"ind":4,"ty":4,"nm":"HEAD","parent":7,"sr":1,"ks":{"o":{"a":0,"k":100},"r":{"a":0,"k":0},"p":{"a":0,"k":[270,212,0]},"a":{"a":0,"k":[0,0,0]},"s":{"a":0,"k":[100,100,100]}},"ao":0,"shapes":[{"d":1,"ty":"el","s":{"a":0,"k":[241,241]},"p":{"a":0,"k":[0,0]},"nm":"Ellipse Path 1","hd":false},{"ty":"fl","c":{"a":0,"k":[1,1,1,1]},"o":{"a":0,"k":100},"r":1,"bm":0,"nm":"Fill 1","hd":false}],"ip":0,"op":300,"st":0,"bm":0},{"ddd":0,"ind":5,"ty":4,"nm":"Shape Alpha Matte","parent":7,"td":1,"sr":1,"ks":{"o":{"a":0,"k":100},"r":{"a":0,"k":0},"p":{"a":0,"k":[270,268.644,0]},"a":{"a":0,"k":[0,0,0]},"s":{"a":0,"k":[100,100,100]}},"ao":0,"shapes":[{"ty":"gr","it":[{"ind":0,"ty":"sh","ks":{"a":0,"k":{"i":[[0,0],[0,0],[1,3],[0,0]],"o":[[0,0],[0,0],[-1,-3],[0,0]],"v":[[-117,-80],[-170,331],[172,330],[118,-78]],"c":true}},"nm":"Path 1","hd":false},{"ty":"fl","c":{"a":0,"k":[1,0,0,1]},"o":{"a":0,"k":100},"r":1,"bm":0,"nm":"Fill 1","hd":false},{"ty":"tr","p":{"a":0,"k":[0,0]},"a":{"a":0,"k":[0,0]},"s":{"a":0,"k":[100,100]},"r":{"a":0,"k":0},"o":{"a":0,"k":100},"sk":{"a":0,"k":0},"sa":{"a":0,"k":0},"nm":"Transform"}],"nm":"Shape 1","bm":0,"hd":false}],"ip":0,"op":300,"st":0,"bm":0},{"ddd":0,"ind":6,"ty":0,"nm":"SPIN","parent":7,"tt":1,"refId":"comp_1","sr":1,"ks":{"o":{"a":0,"k":100},"r":{"a":0,"k":0},"p":{"a":0,"k":[270,178.644,0]},"a":{"a":0,"k":[400,400,0]},"s":{"a":0,"k":[100,100,100]}},"ao":0,"w":800,"h":800,"ip":2,"op":302,"st":2,"bm":0},{"ddd":0,"ind":7,"ty":3,"nm":"BODY CYCLE","sr":1,"ks":{"o":{"a":0,"k":100},"r":{"a":0,"k":0},"p":{"s":true,"x":{"a":0,"k":270},"y":{"a":1,"k":[{"i":{"x":[0.667],"y":[0.462]},"o":{"x":[0.333],"y":[0]},"t":15,"s":[270],"e":[271.356]},{"i":{"x":[0.667],"y":[1]},"o":{"x":[0.333],"y":[0.455]},"t":25,"s":[271.356],"e":[273.604]},{"i":{"x":[0.667],"y":[1]},"o":{"x":[0.333],"y":[0]},"t":39,"s":[273.604],"e":[242.805]},{"i":{"x":[0.667],"y":[1]},"o":{"x":[0.333],"y":[0]},"t":76,"s":[242.805],"e":[246.293]},{"i":{"x":[0.667],"y":[1]},"o":{"x":[0.333],"y":[0]},"t":100,"s":[246.293],"e":[239.265]},{"i":{"x":[0.667],"y":[1]},"o":{"x":[0.333],"y":[0]},"t":129,"s":[239.265],"e":[246.293]},{"i":{"x":[0.667],"y":[1]},"o":{"x":[0.333],"y":[0]},"t":152,"s":[246.293],"e":[242.286]},{"i":{"x":[0.667],"y":[1]},"o":{"x":[0.333],"y":[0]},"t":179,"s":[242.286],"e":[273.604]},{"i":{"x":[0.667],"y":[1]},"o":{"x":[0.333],"y":[0]},"t":213,"s":[273.604],"e":[270]},{"i":{"x":[0.667],"y":[0.462]},"o":{"x":[0.333],"y":[0]},"t":240,"s":[270],"e":[271.356]},{"i":{"x":[0.667],"y":[1]},"o":{"x":[0.333],"y":[0.455]},"t":250,"s":[271.356],"e":[273.604]},{"t":264}]}},"a":{"a":0,"k":[270,270,0]},"s":{"a":1,"k":[{"i":{"x":[0.667,0.667,0.667],"y":[1,1,1]},"o":{"x":[0.167,0.167,0.167],"y":[0,0,0]},"t":15,"s":[100,100,100],"e":[100,100,100]},{"i":{"x":[0.667,0.667,0.667],"y":[1,1,1]},"o":{"x":[0.614,0.594,0.333],"y":[0,0,0]},"t":44,"s":[100,100,100],"e":[97,104,100]},{"i":{"x":[0.31,0.301,0.667],"y":[1,1,1]},"o":{"x":[0.333,0.333,0.333],"y":[0,0,0]},"t":65,"s":[97,104,100],"e":[100,100,100]},{"i":{"x":[0.644,0.647,0.667],"y":[1,1,1]},"o":{"x":[0.167,0.167,0.167],"y":[0,0,0]},"t":85,"s":[100,100,100],"e":[100,100,100]},{"i":{"x":[0.551,0.566,0.667],"y":[1,1,1]},"o":{"x":[0.551,0.536,0.333],"y":[0,0,0]},"t":176,"s":[100,100,100],"e":[97,104,100]},{"i":{"x":[0.667,0.667,0.667],"y":[1,1,1]},"o":{"x":[0.578,0.562,0.333],"y":[0,0,0]},"t":194,"s":[97,104,100],"e":[101.07,99.021,100]},{"i":{"x":[0.667,0.667,0.667],"y":[1,1,1]},"o":{"x":[0.333,0.333,0.333],"y":[0,0,0]},"t":210,"s":[101.07,99.021,100],"e":[100,100,100]},{"t":225}]}},"ao":0,"ip":0,"op":300,"st":0,"bm":0},{"ddd":0,"ind":8,"ty":4,"nm":"arm L","parent":7,"sr":1,"ks":{"o":{"a":0,"k":100},"r":{"a":1,"k":[{"i":{"x":[0.833],"y":[0.833]},"o":{"x":[0.167],"y":[0.167]},"t":0,"s":[0],"e":[0]},{"i":{"x":[0.667],"y":[1]},"o":{"x":[0.167],"y":[0]},"t":25,"s":[0],"e":[0]},{"i":{"x":[0.667],"y":[1]},"o":{"x":[0.333],"y":[0]},"t":42,"s":[0],"e":[6]},{"i":{"x":[0.423],"y":[0.806]},"o":{"x":[0.333],"y":[0]},"t":54,"s":[6],"e":[-104.96]},{"i":{"x":[0.667],"y":[1]},"o":{"x":[0.224],"y":[0.758]},"t":77,"s":[-104.96],"e":[-115]},{"i":{"x":[0.667],"y":[1]},"o":{"x":[0.333],"y":[0]},"t":98,"s":[-115],"e":[-115]},{"i":{"x":[0.667],"y":[1]},"o":{"x":[0.333],"y":[0]},"t":183,"s":[-115],"e":[-120]},{"i":{"x":[0.667],"y":[1]},"o":{"x":[0.333],"y":[0]},"t":197,"s":[-120],"e":[10]},{"i":{"x":[0.667],"y":[1]},"o":{"x":[0.333],"y":[0]},"t":222,"s":[10],"e":[0]},{"t":244}]},"p":{"a":0,"k":[354.5,250.5,0]},"a":{"a":0,"k":[-27.6,-36.653,0]},"s":{"a":0,"k":[100,100,100]}},"ao":0,"shapes":[{"ty":"gr","it":[{"ind":0,"ty":"sh","ks":{"a":0,"k":{"i":[[-3.97,2.99],[-2.99,-3.97],[0,0],[3.97,-2.99],[3,3.97],[0,0]],"o":[[3.97,-2.99],[0,0],[2.99,3.97],[-3.97,2.99],[0,0],[-2.99,-3.97]],"v":[[-12.341,-16.375],[0.269,-14.605],[14.109,3.765],[12.339,16.375],[-0.271,14.605],[-14.111,-3.765]],"c":true}},"nm":"Path 1","hd":false},{"ty":"fl","c":{"a":0,"k":[1,1,1,1]},"o":{"a":0,"k":100},"r":1,"bm":0,"nm":"Fill 1","hd":false},{"ty":"tr","p":{"a":0,"k":[0,0]},"a":{"a":0,"k":[0,0]},"s":{"a":0,"k":[400,400]},"r":{"a":0,"k":0},"o":{"a":0,"k":100},"sk":{"a":0,"k":0},"sa":{"a":0,"k":0},"nm":"Transform"}],"nm":"arm L","bm":0,"hd":false}],"ip":0,"op":300,"st":0,"bm":0},{"ddd":0,"ind":9,"ty":4,"nm":"arm R","parent":7,"sr":1,"ks":{"o":{"a":0,"k":100},"r":{"a":1,"k":[{"i":{"x":[0.833],"y":[0.833]},"o":{"x":[0.167],"y":[0.167]},"t":0,"s":[0],"e":[0]},{"i":{"x":[0.667],"y":[1]},"o":{"x":[0.167],"y":[0]},"t":25,"s":[0],"e":[0]},{"i":{"x":[0.667],"y":[1]},"o":{"x":[0.333],"y":[0]},"t":42,"s":[0],"e":[-6]},{"i":{"x":[0.328],"y":[0.803]},"o":{"x":[0.333],"y":[0]},"t":54,"s":[-6],"e":[110]},{"i":{"x":[0.667],"y":[1]},"o":{"x":[0.24],"y":[1.13]},"t":80,"s":[110],"e":[115]},{"i":{"x":[0.667],"y":[1]},"o":{"x":[0.333],"y":[0]},"t":98,"s":[115],"e":[115]},{"i":{"x":[0.667],"y":[1]},"o":{"x":[0.333],"y":[0]},"t":183,"s":[115],"e":[125]},{"i":{"x":[0.667],"y":[1]},"o":{"x":[0.333],"y":[0]},"t":197,"s":[125],"e":[-10]},{"i":{"x":[0.667],"y":[1]},"o":{"x":[0.333],"y":[0]},"t":222,"s":[-10],"e":[0]},{"t":244}]},"p":{"a":0,"k":[179.25,250.5,0]},"a":{"a":0,"k":[26.354,-35.056,0]},"s":{"a":0,"k":[100,100,100]}},"ao":0,"shapes":[{"ty":"gr","it":[{"ind":0,"ty":"sh","ks":{"a":0,"k":{"i":[[-3.97,-2.99],[2.99,-3.97],[0,0],[3.97,2.99],[-2.99,3.97],[0,0]],"o":[[3.97,2.99],[0,0],[-2.99,3.97],[-3.97,-2.99],[0,0],[2.99,-3.97]],"v":[[12.04,-15.976],[13.81,-3.366],[0.57,14.204],[-12.04,15.975],[-13.81,3.365],[-0.57,-14.206]],"c":true}},"nm":"Path 1","hd":false},{"ty":"fl","c":{"a":0,"k":[1,1,1,1]},"o":{"a":0,"k":100},"r":1,"bm":0,"nm":"Fill 1","hd":false},{"ty":"tr","p":{"a":0,"k":[0,0]},"a":{"a":0,"k":[0,0]},"s":{"a":0,"k":[400,400]},"r":{"a":0,"k":0},"o":{"a":0,"k":100},"sk":{"a":0,"k":0},"sa":{"a":0,"k":0},"nm":"Transform"}],"nm":"arm R","bm":0,"hd":false}],"ip":0,"op":300,"st":0,"bm":0}]},{"id":"comp_1","layers":[{"ddd":0,"ind":1,"ty":4,"nm":"Star Copy","parent":6,"sr":1,"ks":{"o":{"a":0,"k":100},"r":{"a":0,"k":-15},"p":{"a":0,"k":[0,0,0]},"a":{"a":0,"k":[0,0,0]},"s":{"a":0,"k":[200,200,100]}},"ao":0,"shapes":[{"ty":"gr","it":[{"ind":0,"ty":"sh","ks":{"a":0,"k":{"i":[[12.66,-1.48],[0,0],[3.5,8.12],[0,0],[11.7,5.04],[0,0],[-1.03,8.78],[0,0],[7.61,10.22],[0,0],[-5.28,7.09],[0,0],[1.49,12.66],[0,0],[-8.12,3.5],[0,0],[-5.05,11.7],[0,0],[-8.78,-1.03],[0,0],[-10.22,7.61],[0,0],[-7.09,-5.28],[0,0],[-12.66,1.49],[0,0],[-3.5,-8.12],[0,0],[-11.7,-5.05],[0,0],[1.03,-8.78],[0,0],[-7.61,-10.22],[0,0],[5.29,-7.09],[0,0],[-1.48,-12.66],[0,0],[8.12,-3.5],[0,0],[5.04,-11.7],[0,0],[8.78,1.03],[0,0],[10.22,-7.61],[0,0],[7.09,5.29],[0,0]],"o":[[0,0],[-8.78,1.03],[0,0],[-5.05,-11.7],[0,0],[-8.12,-3.5],[0,0],[1.49,-12.66],[0,0],[-5.28,-7.09],[0,0],[7.61,-10.22],[0,0],[-1.03,-8.78],[0,0],[11.7,-5.05],[0,0],[3.5,-8.12],[0,0],[12.66,1.49],[0,0],[7.09,-5.28],[0,0],[10.22,7.61],[0,0],[8.78,-1.03],[0,0],[5.04,11.7],[0,0],[8.12,3.5],[0,0],[-1.48,12.66],[0,0],[5.29,7.09],[0,0],[-7.61,10.22],[0,0],[1.03,8.78],[0,0],[-11.7,5.04],[0,0],[-3.5,8.12],[0,0],[-12.66,-1.48],[0,0],[-7.09,5.29],[0,0],[-10.22,-7.61]],"v":[[-51.538,121.092],[-56.448,121.672],[-77.148,109.722],[-79.098,105.182],[-105.178,79.102],[-109.718,77.152],[-121.668,56.452],[-121.098,51.542],[-130.638,15.912],[-133.598,11.952],[-133.598,-11.948],[-130.638,-15.918],[-121.098,-51.538],[-121.668,-56.448],[-109.718,-77.148],[-105.178,-79.098],[-79.098,-105.178],[-77.148,-109.718],[-56.448,-121.668],[-51.538,-121.098],[-15.918,-130.638],[-11.948,-133.598],[11.952,-133.598],[15.912,-130.638],[51.542,-121.098],[56.452,-121.668],[77.152,-109.718],[79.102,-105.178],[105.182,-79.098],[109.722,-77.148],[121.672,-56.448],[121.092,-51.538],[130.642,-15.918],[133.592,-11.948],[133.592,11.952],[130.642,15.912],[121.092,51.542],[121.672,56.452],[109.722,77.152],[105.182,79.102],[79.102,105.182],[77.152,109.722],[56.452,121.672],[51.542,121.092],[15.912,130.642],[11.952,133.592],[-11.948,133.592],[-15.918,130.642]],"c":true}},"nm":"Path 1","hd":false},{"ty":"fl","c":{"a":0,"k":[1,1,1,1]},"o":{"a":0,"k":100},"r":1,"bm":0,"nm":"Fill 1","hd":false},{"ty":"tr","p":{"a":0,"k":[0,0]},"a":{"a":0,"k":[0,0]},"s":{"a":0,"k":[100,100]},"r":{"a":0,"k":0},"o":{"a":0,"k":100},"sk":{"a":0,"k":0},"sa":{"a":0,"k":0},"nm":"Transform"}],"nm":"Star Copy","bm":0,"hd":false}],"ip":0,"op":3600,"st":0,"bm":0},{"ddd":0,"ind":6,"ty":3,"nm":"Shape Layer 4","sr":1,"ks":{"o":{"a":0,"k":100},"r":{"a":1,"k":[{"i":{"x":[0.833],"y":[0.833]},"o":{"x":[0.167],"y":[0.167]},"t":13,"s":[15],"e":[-15]},{"i":{"x":[0.833],"y":[0.833]},"o":{"x":[0.167],"y":[0.167]},"t":28,"s":[-15],"e":[-45]},{"i":{"x":[0.833],"y":[0.833]},"o":{"x":[0.167],"y":[0.167]},"t":43,"s":[-45],"e":[-75]},{"i":{"x":[0.833],"y":[0.833]},"o":{"x":[0.167],"y":[0.167]},"t":58,"s":[-75],"e":[-105]},{"i":{"x":[0.833],"y":[0.833]},"o":{"x":[0.167],"y":[0.167]},"t":73,"s":[-105],"e":[-135]},{"i":{"x":[0.833],"y":[0.833]},"o":{"x":[0.167],"y":[0.167]},"t":88,"s":[-135],"e":[-165]},{"i":{"x":[0.833],"y":[0.833]},"o":{"x":[0.167],"y":[0.167]},"t":103,"s":[-165],"e":[-195]},{"i":{"x":[0.833],"y":[0.833]},"o":{"x":[0.167],"y":[0.167]},"t":118,"s":[-195],"e":[-225]},{"i":{"x":[0.833],"y":[0.833]},"o":{"x":[0.167],"y":[0.167]},"t":133,"s":[-225],"e":[-255]},{"i":{"x":[0.833],"y":[0.833]},"o":{"x":[0.167],"y":[0.167]},"t":148,"s":[-255],"e":[-285]},{"i":{"x":[0.833],"y":[0.833]},"o":{"x":[0.167],"y":[0.167]},"t":163,"s":[-285],"e":[-315]},{"i":{"x":[0.833],"y":[0.833]},"o":{"x":[0.167],"y":[0.167]},"t":178,"s":[-315],"e":[-345]},{"i":{"x":[0.833],"y":[0.833]},"o":{"x":[0.167],"y":[0.167]},"t":193,"s":[-345],"e":[-375]},{"i":{"x":[0.833],"y":[0.833]},"o":{"x":[0.167],"y":[0.167]},"t":208,"s":[-375],"e":[-405]},{"i":{"x":[0.833],"y":[0.833]},"o":{"x":[0.167],"y":[0.167]},"t":223,"s":[-405],"e":[-435]},{"i":{"x":[0.833],"y":[0.833]},"o":{"x":[0.167],"y":[0.167]},"t":238,"s":[-435],"e":[-465]},{"t":253}]},"p":{"a":0,"k":[400,420,0]},"a":{"a":0,"k":[0,0,0]},"s":{"a":0,"k":[100,100,100]}},"ao":0,"ip":0,"op":300,"st":0,"bm":0}]}],"layers":[{"ddd":0,"ind":1,"ty":0,"nm":"37_GHOST","refId":"comp_0","sr":1,"ks":{"o":{"a":0,"k":100},"r":{"a":0,"k":0},"p":{"a":0,"k":[67.5,67.5,0]},"a":{"a":0,"k":[270,270,0]},"s":{"a":0,"k":[25,25,100]}},"ao":0,"w":540,"h":540,"ip":0,"op":231,"st":-25,"bm":0}],"markers":[{"tm":175,"cm":"","dr":0}]}
