{"v":"5.5.2","fr":60,"ip":0,"op":209,"w":135,"h":135,"nm":"53_LOG EXPORT","ddd":1,"assets":[{"id":"comp_0","layers":[{"ddd":0,"ind":2,"ty":3,"nm":"BUMP LOG","sr":1,"ks":{"o":{"a":0,"k":0,"ix":11},"r":{"a":0,"k":0,"ix":10},"p":{"s":true,"x":{"a":1,"k":[{"i":{"x":[0.56],"y":[0.865]},"o":{"x":[0.15],"y":[0.185]},"t":235,"s":[783],"e":[330.456]},{"i":{"x":[0.667],"y":[1]},"o":{"x":[0.19],"y":[0.815]},"t":251,"s":[330.456],"e":[269.959]},{"t":281}],"ix":3},"y":{"a":0,"k":270,"ix":4}},"a":{"a":0,"k":[0,0,0],"ix":1},"s":{"a":0,"k":[100,100,100],"ix":6}},"ao":0,"ip":0,"op":300,"st":0,"bm":0},{"ddd":0,"ind":3,"ty":3,"nm":"CUT LOG","sr":1,"ks":{"o":{"a":0,"k":0,"ix":11},"r":{"a":0,"k":0,"ix":10},"p":{"s":true,"x":{"a":1,"k":[{"i":{"x":[0.411],"y":[1]},"o":{"x":[0.054],"y":[0.133]},"t":244,"s":[270],"e":[-228]},{"t":263}],"ix":3},"y":{"a":0,"k":270,"ix":4}},"a":{"a":0,"k":[0,0,0],"ix":1},"s":{"a":0,"k":[100,100,100],"ix":6}},"ao":0,"ip":0,"op":300,"st":0,"bm":0},{"ddd":0,"ind":4,"ty":0,"nm":"LOG CUT","parent":2,"refId":"comp_1","sr":1,"ks":{"o":{"a":0,"k":100,"ix":11},"r":{"a":0,"k":0,"ix":10},"p":{"s":true,"x":{"a":0,"k":89,"ix":3},"y":{"a":0,"k":85.105,"ix":4}},"a":{"a":0,"k":[359,355,0],"ix":1},"s":{"a":0,"k":[100,100,100],"ix":6}},"ao":0,"w":540,"h":540,"ip":0,"op":300,"st":0,"bm":0},{"ddd":0,"ind":5,"ty":0,"nm":"LOG","parent":2,"refId":"comp_2","sr":1,"ks":{"o":{"a":0,"k":100,"ix":11},"r":{"a":0,"k":0,"ix":10},"p":{"a":0,"k":[0,0,0],"ix":2},"a":{"a":0,"k":[270,270,0],"ix":1},"s":{"a":0,"k":[100,100,100],"ix":6}},"ao":0,"w":540,"h":540,"ip":0,"op":300,"st":0,"bm":0},{"ddd":0,"ind":6,"ty":0,"nm":"LOG CUT","parent":3,"refId":"comp_1","sr":1,"ks":{"o":{"a":0,"k":100,"ix":11},"r":{"a":1,"k":[{"i":{"x":[0.833],"y":[1]},"o":{"x":[0.167],"y":[0]},"t":50,"s":[0],"e":[0]},{"i":{"x":[0.875],"y":[0.852]},"o":{"x":[0.577],"y":[0]},"t":174,"s":[0],"e":[35]},{"t":191}],"ix":10},"p":{"s":true,"x":{"a":0,"k":89,"ix":3},"y":{"a":1,"k":[{"i":{"x":[0.662],"y":[1]},"o":{"x":[0.405],"y":[0]},"t":50,"s":[85.105],"e":[85.105]},{"i":{"x":[0.662],"y":[1]},"o":{"x":[0.405],"y":[0]},"t":92,"s":[85.105],"e":[85.105]},{"i":{"x":[0.662],"y":[1]},"o":{"x":[0.405],"y":[0]},"t":102,"s":[85.105],"e":[85.105]},{"i":{"x":[0.915],"y":[0.869]},"o":{"x":[0.405],"y":[0]},"t":174,"s":[85.105],"e":[441.553]},{"t":191}],"ix":4}},"a":{"a":0,"k":[359,355,0],"ix":1},"s":{"a":0,"k":[100,100,100],"ix":6}},"ao":0,"w":540,"h":540,"ip":0,"op":300,"st":0,"bm":0},{"ddd":0,"ind":15,"ty":4,"nm":"Chainsaw","sr":1,"ks":{"o":{"a":0,"k":100,"ix":11},"r":{"a":1,"k":[{"i":{"x":[0.88],"y":[1]},"o":{"x":[0.436],"y":[0]},"t":70,"s":[12],"e":[8.173]},{"i":{"x":[0.698],"y":[-0.318]},"o":{"x":[0.369],"y":[0]},"t":95.057,"s":[8.173],"e":[6.097]},{"i":{"x":[0.741],"y":[1]},"o":{"x":[0.387],"y":[0.436]},"t":125,"s":[6.097],"e":[-7.071]},{"i":{"x":[0.646],"y":[1]},"o":{"x":[0.26],"y":[0.301]},"t":174,"s":[-7.071],"e":[-17.74]},{"i":{"x":[0.966],"y":[0.709]},"o":{"x":[0.635],"y":[0]},"t":186,"s":[-17.74],"e":[13.621]},{"t":216}],"ix":10},"p":{"s":true,"x":{"a":1,"k":[{"i":{"x":[0.773],"y":[-0.1]},"o":{"x":[0.437],"y":[0]},"t":70,"s":[566.991],"e":[577.334]},{"i":{"x":[0.735],"y":[0.555]},"o":{"x":[0.401],"y":[0.233]},"t":161,"s":[577.334],"e":[594.432]},{"i":{"x":[0.836],"y":[0.652]},"o":{"x":[0.467],"y":[0.186]},"t":179,"s":[594.432],"e":[742.546]},{"t":216}],"ix":3},"y":{"a":1,"k":[{"i":{"x":[0.667],"y":[1]},"o":{"x":[0.167],"y":[0]},"t":50,"s":[-110.75],"e":[-110.75]},{"i":{"x":[0.84],"y":[1]},"o":{"x":[0.299],"y":[0]},"t":70,"s":[-110.75],"e":[115.269]},{"i":{"x":[0.661],"y":[0.455]},"o":{"x":[0.47],"y":[0.307]},"t":107,"s":[115.269],"e":[132.522]},{"i":{"x":[0.829],"y":[0.819]},"o":{"x":[0.428],"y":[0.523]},"t":121,"s":[132.522],"e":[273.616]},{"i":{"x":[0.659],"y":[1]},"o":{"x":[0.167],"y":[0.167]},"t":179,"s":[273.616],"e":[340.784]},{"i":{"x":[0.686],"y":[1]},"o":{"x":[0.658],"y":[0]},"t":186,"s":[340.784],"e":[-110.75]},{"t":216}],"ix":4}},"a":{"a":0,"k":[366.875,-118.75,0],"ix":1},"s":{"a":0,"k":[100,100,100],"ix":6}},"ao":0,"shapes":[{"ty":"gr","it":[{"ty":"rc","d":1,"s":{"a":0,"k":[600,150],"ix":2},"p":{"a":0,"k":[0,0],"ix":3},"r":{"a":0,"k":246,"ix":4},"nm":"Rectangle Path 1","mn":"ADBE Vector Shape - Rect","hd":false},{"ty":"st","c":{"a":0,"k":[0.233180147059,0.233180147059,0.233180147059,1],"ix":3},"o":{"a":0,"k":100,"ix":4},"w":{"a":0,"k":20,"ix":5},"lc":1,"lj":1,"ml":4,"bm":0,"nm":"Stroke 1","mn":"ADBE Vector Graphic - Stroke","hd":false},{"ty":"fl","c":{"a":0,"k":[0.839215746113,0.839215746113,0.839215746113,1],"ix":4},"o":{"a":0,"k":100,"ix":5},"r":1,"bm":0,"nm":"Fill 1","mn":"ADBE Vector Graphic - Fill","hd":false},{"ty":"tr","p":{"a":0,"k":[244.852,-118.814],"ix":2},"a":{"a":0,"k":[0,0],"ix":1},"s":{"a":0,"k":[100,100],"ix":3},"r":{"a":0,"k":0,"ix":6},"o":{"a":0,"k":100,"ix":7},"sk":{"a":0,"k":0,"ix":4},"sa":{"a":0,"k":0,"ix":5},"nm":"Transform"}],"nm":"Rectangle 1","np":3,"cix":2,"bm":0,"ix":1,"mn":"ADBE Vector Group","hd":false}],"ip":0,"op":300,"st":0,"bm":0},{"ddd":0,"ind":27,"ty":0,"nm":"LOG","parent":3,"refId":"comp_2","sr":1,"ks":{"o":{"a":0,"k":100,"ix":11},"r":{"a":0,"k":0,"ix":10},"p":{"a":0,"k":[0,0,0],"ix":2},"a":{"a":0,"k":[270,270,0],"ix":1},"s":{"a":0,"k":[100,100,100],"ix":6}},"ao":0,"w":540,"h":540,"ip":0,"op":300,"st":0,"bm":0},{"ddd":0,"ind":28,"ty":0,"nm":"BG","refId":"comp_3","sr":1,"ks":{"o":{"a":0,"k":100,"ix":11},"r":{"a":0,"k":0,"ix":10},"p":{"a":0,"k":[270,270,0],"ix":2},"a":{"a":0,"k":[67.5,67.5,0],"ix":1},"s":{"a":0,"k":[400,400,100],"ix":6}},"ao":0,"w":135,"h":135,"ip":0,"op":1000,"st":0,"bm":0}]},{"id":"comp_1","layers":[{"ddd":0,"ind":1,"ty":4,"nm":"LOG CUT 2","td":1,"sr":1,"ks":{"o":{"a":0,"k":100,"ix":11},"r":{"a":0,"k":0,"ix":10},"p":{"s":true,"x":{"a":0,"k":359,"ix":3},"y":{"a":0,"k":355.605,"ix":4}},"a":{"a":0,"k":[-264,66,0],"ix":1},"s":{"a":0,"k":[100,100,100],"ix":6}},"ao":0,"shapes":[{"ty":"gr","it":[{"ind":0,"ty":"sh","ix":1,"ks":{"a":0,"k":{"i":[[-10.22,0],[0,0],[0,-10.22],[0,0],[10.22,0],[0,0],[0,10.22],[0,0]],"o":[[0,0],[10.22,0],[0,0],[0,10.22],[0,0],[-10.22,0],[0,0],[0,-10.22]],"v":[[-64.188,-32.547],[216,-32.764],[234.5,-14.264],[234.5,13.936],[216,32.436],[-64.188,32.653],[-81.812,14.153],[-81.812,-14.047]],"c":true},"ix":2},"nm":"Path 1","mn":"ADBE Vector Shape - Group","hd":false},{"ty":"fl","c":{"a":0,"k":[0.537254989147,0.337255001068,0.152941003442,1],"ix":4},"o":{"a":0,"k":100,"ix":5},"r":1,"bm":0,"nm":"Fill 1","mn":"ADBE Vector Graphic - Fill","hd":false},{"ty":"tr","p":{"a":0,"k":[0,0],"ix":2},"a":{"a":0,"k":[0,0],"ix":1},"s":{"a":0,"k":[400,400],"ix":3},"r":{"a":0,"k":0,"ix":6},"o":{"a":0,"k":100,"ix":7},"sk":{"a":0,"k":0,"ix":4},"sa":{"a":0,"k":0,"ix":5},"nm":"Transform"}],"nm":"TRUNK","np":2,"cix":2,"bm":0,"ix":1,"mn":"ADBE Vector Group","hd":false}],"ip":0,"op":300,"st":0,"bm":0},{"ddd":0,"ind":2,"ty":4,"nm":"Shape Layer 2","tt":1,"sr":1,"ks":{"o":{"a":0,"k":100,"ix":11},"r":{"a":0,"k":0,"ix":10},"p":{"a":0,"k":[270,270,0],"ix":2},"a":{"a":0,"k":[0,0,0],"ix":1},"s":{"a":0,"k":[100,100,100],"ix":6}},"ao":0,"shapes":[{"ty":"gr","it":[{"ind":0,"ty":"sh","ix":1,"ks":{"a":0,"k":{"i":[[0,0],[0,0]],"o":[[0,0],[0,0]],"v":[[-207.25,-11.25],[-66.125,-11.5]],"c":false},"ix":2},"nm":"Path 1","mn":"ADBE Vector Shape - Group","hd":false},{"ty":"st","c":{"a":0,"k":[0.494117676978,0.301960784314,0.125490196078,1],"ix":3},"o":{"a":0,"k":100,"ix":4},"w":{"a":0,"k":26,"ix":5},"lc":2,"lj":1,"ml":4,"bm":0,"nm":"Stroke 1","mn":"ADBE Vector Graphic - Stroke","hd":false},{"ty":"fl","c":{"a":0,"k":[0.839215746113,0.839215746113,0.839215746113,1],"ix":4},"o":{"a":0,"k":100,"ix":5},"r":1,"bm":0,"nm":"Fill 1","mn":"ADBE Vector Graphic - Fill","hd":false},{"ty":"tr","p":{"a":0,"k":[0,0],"ix":2},"a":{"a":0,"k":[0,0],"ix":1},"s":{"a":0,"k":[100,100],"ix":3},"r":{"a":0,"k":0,"ix":6},"o":{"a":0,"k":100,"ix":7},"sk":{"a":0,"k":0,"ix":4},"sa":{"a":0,"k":0,"ix":5},"nm":"Transform"}],"nm":"Shape 3","np":3,"cix":2,"bm":0,"ix":1,"mn":"ADBE Vector Group","hd":false},{"ty":"gr","it":[{"ind":0,"ty":"sh","ix":1,"ks":{"a":0,"k":{"i":[[0,0],[0,0]],"o":[[0,0],[0,0]],"v":[[-74.75,50.812],[66.375,50.562]],"c":false},"ix":2},"nm":"Path 1","mn":"ADBE Vector Shape - Group","hd":false},{"ty":"st","c":{"a":0,"k":[0.494117676978,0.301960784314,0.125490196078,1],"ix":3},"o":{"a":0,"k":100,"ix":4},"w":{"a":0,"k":26,"ix":5},"lc":2,"lj":1,"ml":4,"bm":0,"nm":"Stroke 1","mn":"ADBE Vector Graphic - Stroke","hd":false},{"ty":"fl","c":{"a":0,"k":[0.839215746113,0.839215746113,0.839215746113,1],"ix":4},"o":{"a":0,"k":100,"ix":5},"r":1,"bm":0,"nm":"Fill 1","mn":"ADBE Vector Graphic - Fill","hd":false},{"ty":"tr","p":{"a":0,"k":[0,0],"ix":2},"a":{"a":0,"k":[0,0],"ix":1},"s":{"a":0,"k":[100,100],"ix":3},"r":{"a":0,"k":0,"ix":6},"o":{"a":0,"k":100,"ix":7},"sk":{"a":0,"k":0,"ix":4},"sa":{"a":0,"k":0,"ix":5},"nm":"Transform"}],"nm":"Shape 2","np":3,"cix":2,"bm":0,"ix":2,"mn":"ADBE Vector Group","hd":false},{"ty":"gr","it":[{"ind":0,"ty":"sh","ix":1,"ks":{"a":0,"k":{"i":[[0,0],[0,0]],"o":[[0,0],[0,0]],"v":[[-28.25,91.75],[112.875,91.5]],"c":false},"ix":2},"nm":"Path 1","mn":"ADBE Vector Shape - Group","hd":false},{"ty":"st","c":{"a":0,"k":[0.494117676978,0.301960784314,0.125490196078,1],"ix":3},"o":{"a":0,"k":100,"ix":4},"w":{"a":0,"k":26,"ix":5},"lc":2,"lj":1,"ml":4,"bm":0,"nm":"Stroke 1","mn":"ADBE Vector Graphic - Stroke","hd":false},{"ty":"fl","c":{"a":0,"k":[0.839215746113,0.839215746113,0.839215746113,1],"ix":4},"o":{"a":0,"k":100,"ix":5},"r":1,"bm":0,"nm":"Fill 1","mn":"ADBE Vector Graphic - Fill","hd":false},{"ty":"tr","p":{"a":0,"k":[0,0],"ix":2},"a":{"a":0,"k":[0,0],"ix":1},"s":{"a":0,"k":[100,100],"ix":3},"r":{"a":0,"k":0,"ix":6},"o":{"a":0,"k":100,"ix":7},"sk":{"a":0,"k":0,"ix":4},"sa":{"a":0,"k":0,"ix":5},"nm":"Transform"}],"nm":"Shape 1","np":3,"cix":2,"bm":0,"ix":3,"mn":"ADBE Vector Group","hd":false}],"ip":0,"op":300,"st":0,"bm":0},{"ddd":0,"ind":7,"ty":4,"nm":"LOG CUT","sr":1,"ks":{"o":{"a":0,"k":100,"ix":11},"r":{"a":0,"k":0,"ix":10},"p":{"s":true,"x":{"a":0,"k":359,"ix":3},"y":{"a":0,"k":355.605,"ix":4}},"a":{"a":0,"k":[-264,66,0],"ix":1},"s":{"a":0,"k":[100,100,100],"ix":6}},"ao":0,"shapes":[{"ty":"gr","it":[{"ind":0,"ty":"sh","ix":1,"ks":{"a":0,"k":{"i":[[-10.22,0],[0,0],[0,-10.22],[0,0],[10.22,0],[0,0],[0,10.22],[0,0]],"o":[[0,0],[10.22,0],[0,0],[0,10.22],[0,0],[-10.22,0],[0,0],[0,-10.22]],"v":[[-64.188,-32.547],[216,-32.764],[234.5,-14.264],[234.5,13.936],[216,32.436],[-64.188,32.653],[-81.812,14.153],[-81.812,-14.047]],"c":true},"ix":2},"nm":"Path 1","mn":"ADBE Vector Shape - Group","hd":false},{"ty":"fl","c":{"a":0,"k":[0.537254989147,0.337255001068,0.152941003442,1],"ix":4},"o":{"a":0,"k":100,"ix":5},"r":1,"bm":0,"nm":"Fill 1","mn":"ADBE Vector Graphic - Fill","hd":false},{"ty":"tr","p":{"a":0,"k":[0,0],"ix":2},"a":{"a":0,"k":[0,0],"ix":1},"s":{"a":0,"k":[400,400],"ix":3},"r":{"a":0,"k":0,"ix":6},"o":{"a":0,"k":100,"ix":7},"sk":{"a":0,"k":0,"ix":4},"sa":{"a":0,"k":0,"ix":5},"nm":"Transform"}],"nm":"TRUNK","np":2,"cix":2,"bm":0,"ix":1,"mn":"ADBE Vector Group","hd":false}],"ip":0,"op":300,"st":0,"bm":0}]},{"id":"comp_2","layers":[{"ddd":0,"ind":1,"ty":4,"nm":"leaf","sr":1,"ks":{"o":{"a":0,"k":100,"ix":11},"r":{"a":0,"k":0,"ix":10},"p":{"a":0,"k":[228.522,136.226,0],"ix":2},"a":{"a":0,"k":[29.25,-27.438,0],"ix":1},"s":{"a":0,"k":[100,-100,100],"ix":6}},"ao":0,"shapes":[{"ty":"gr","it":[{"ind":0,"ty":"sh","ix":1,"ks":{"a":0,"k":{"i":[[-1.32,0],[0.08,4.98],[1.17,0],[0.01,-5.06]],"o":[[1.33,0],[-0.08,-4.98],[-1.16,0],[-0.01,5.06]],"v":[[-0.003,10.712],[6.707,0.082],[-0.003,-10.708],[-6.703,0.082]],"c":true},"ix":2},"nm":"Path 1","mn":"ADBE Vector Shape - Group","hd":false},{"ty":"fl","c":{"a":0,"k":[0.239794999361,0.537415027618,0.043427001685,1],"ix":4},"o":{"a":0,"k":100,"ix":5},"r":1,"bm":0,"nm":"Fill 1","mn":"ADBE Vector Graphic - Fill","hd":false},{"ty":"tr","p":{"a":0,"k":[0,0],"ix":2},"a":{"a":0,"k":[0,0],"ix":1},"s":{"a":0,"k":[400,400],"ix":3},"r":{"a":0,"k":-313,"ix":6},"o":{"a":0,"k":100,"ix":7},"sk":{"a":0,"k":0,"ix":4},"sa":{"a":0,"k":0,"ix":5},"nm":"Transform"}],"nm":"leaf","np":2,"cix":2,"bm":0,"ix":1,"mn":"ADBE Vector Group","hd":false}],"ip":0,"op":300,"st":0,"bm":0},{"ddd":0,"ind":2,"ty":4,"nm":"core","sr":1,"ks":{"o":{"a":0,"k":100,"ix":11},"r":{"a":0,"k":0,"ix":10},"p":{"a":0,"k":[370.549,287.535,0],"ix":2},"a":{"a":0,"k":[0,0,0],"ix":1},"s":{"a":0,"k":[100,100,100],"ix":6}},"ao":0,"shapes":[{"ty":"gr","it":[{"ind":0,"ty":"sh","ix":1,"ks":{"a":0,"k":{"i":[[-2.44,0],[0,-2.44],[0,0],[2.43,0],[0,2.43],[0,0]],"o":[[2.43,0],[0,0],[0,2.43],[-2.44,0],[0,0],[0,-2.44]],"v":[[0.005,-12.419],[4.405,-8.009],[4.405,8.011],[0.005,12.421],[-4.405,8.011],[-4.405,-8.009]],"c":true},"ix":2},"nm":"Path 1","mn":"ADBE Vector Shape - Group","hd":false},{"ty":"fl","c":{"a":0,"k":[1,0.81556302309,0.570707023144,1],"ix":4},"o":{"a":0,"k":100,"ix":5},"r":1,"bm":0,"nm":"Fill 1","mn":"ADBE Vector Graphic - Fill","hd":false},{"ty":"tr","p":{"a":0,"k":[0,0],"ix":2},"a":{"a":0,"k":[0,0],"ix":1},"s":{"a":0,"k":[400,400],"ix":3},"r":{"a":0,"k":0,"ix":6},"o":{"a":0,"k":100,"ix":7},"sk":{"a":0,"k":0,"ix":4},"sa":{"a":0,"k":0,"ix":5},"nm":"Transform"}],"nm":"core","np":2,"cix":2,"bm":0,"ix":1,"mn":"ADBE Vector Group","hd":false}],"ip":0,"op":300,"st":0,"bm":0},{"ddd":0,"ind":3,"ty":4,"nm":"wood","sr":1,"ks":{"o":{"a":0,"k":100,"ix":11},"r":{"a":0,"k":0,"ix":10},"p":{"a":0,"k":[369.512,289.605,0],"ix":2},"a":{"a":0,"k":[0,0,0],"ix":1},"s":{"a":0,"k":[100,100,100],"ix":6}},"ao":0,"shapes":[{"ty":"gr","it":[{"ind":0,"ty":"sh","ix":1,"ks":{"a":0,"k":{"i":[[-9.65,0],[0,0],[0,-9.65],[0,0],[9.65,0],[0,0],[0,9.65],[0,0]],"o":[[0,0],[9.65,0],[0,0],[0,9.65],[0,0],[-9.65,0],[0,0],[0,-9.65]],"v":[[-0.152,-30.099],[0.148,-30.099],[15.118,-12.629],[15.118,12.569],[0.148,30.039],[-0.152,30.039],[-15.122,12.569],[-15.122,-12.629]],"c":true},"ix":2},"nm":"Path 1","mn":"ADBE Vector Shape - Group","hd":false},{"ty":"st","c":{"a":0,"k":[0.693877995014,0.425787985325,0.178726002574,1],"ix":3},"o":{"a":0,"k":100,"ix":4},"w":{"a":0,"k":5.138,"ix":5},"lc":1,"lj":1,"ml":4,"bm":0,"nm":"Stroke 1","mn":"ADBE Vector Graphic - Stroke","hd":false},{"ty":"fl","c":{"a":0,"k":[0.952941000462,0.725489974022,0.42352899909,1],"ix":4},"o":{"a":0,"k":100,"ix":5},"r":1,"bm":0,"nm":"Fill 1","mn":"ADBE Vector Graphic - Fill","hd":false},{"ty":"tr","p":{"a":0,"k":[0,0],"ix":2},"a":{"a":0,"k":[0,0],"ix":1},"s":{"a":0,"k":[400,400],"ix":3},"r":{"a":0,"k":0,"ix":6},"o":{"a":0,"k":100,"ix":7},"sk":{"a":0,"k":0,"ix":4},"sa":{"a":0,"k":0,"ix":5},"nm":"Transform"}],"nm":"wood","np":3,"cix":2,"bm":0,"ix":1,"mn":"ADBE Vector Group","hd":false}],"ip":0,"op":300,"st":0,"bm":0},{"ddd":0,"ind":4,"ty":4,"nm":"twig","sr":1,"ks":{"o":{"a":0,"k":100,"ix":11},"r":{"a":0,"k":0,"ix":10},"p":{"a":0,"k":[262.023,155.07,0],"ix":2},"a":{"a":0,"k":[0,0,0],"ix":1},"s":{"a":0,"k":[100,100,100],"ix":6}},"ao":0,"shapes":[{"ty":"gr","it":[{"ind":0,"ty":"sh","ix":1,"ks":{"a":0,"k":{"i":[[-0.55,0],[0,0],[0,-1.14],[0.08,-0.23],[0,0],[0.86,0],[0,0],[0,1.14],[-0.38,0.38],[0,0]],"o":[[0,0],[1.14,0],[0,0.24],[0,0],[-0.3,0.8],[0,0],[-1.14,0],[0,-0.54],[0,0],[0.39,-0.39]],"v":[[3.005,-8.279],[9.265,-8.279],[11.325,-6.219],[11.195,-5.499],[6.515,6.951],[4.585,8.281],[-9.265,8.281],[-11.325,6.221],[-10.735,4.781],[1.535,-7.669]],"c":true},"ix":2},"nm":"Path 1","mn":"ADBE Vector Shape - Group","hd":false},{"ty":"fl","c":{"a":0,"k":[0.537254989147,0.337255001068,0.152941003442,1],"ix":4},"o":{"a":0,"k":100,"ix":5},"r":1,"bm":0,"nm":"Fill 1","mn":"ADBE Vector Graphic - Fill","hd":false},{"ty":"tr","p":{"a":0,"k":[0,0],"ix":2},"a":{"a":0,"k":[0,0],"ix":1},"s":{"a":0,"k":[400,400],"ix":3},"r":{"a":0,"k":0,"ix":6},"o":{"a":0,"k":100,"ix":7},"sk":{"a":0,"k":0,"ix":4},"sa":{"a":0,"k":0,"ix":5},"nm":"Transform"}],"nm":"twig","np":2,"cix":2,"bm":0,"ix":1,"mn":"ADBE Vector Group","hd":false}],"ip":0,"op":300,"st":0,"bm":0},{"ddd":0,"ind":5,"ty":4,"nm":"line","sr":1,"ks":{"o":{"a":0,"k":82,"ix":11},"r":{"a":0,"k":0,"ix":10},"p":{"a":0,"k":[272.073,362.047,0],"ix":2},"a":{"a":0,"k":[0,0,0],"ix":1},"s":{"a":0,"k":[100,100,100],"ix":6}},"ao":0,"shapes":[{"ty":"gr","it":[{"ind":0,"ty":"sh","ix":1,"ks":{"a":0,"k":{"i":[[0,0],[0,0],[0,0],[0,1.72],[-1.71,0]],"o":[[0,0],[0,0],[-1.71,0],[0,-1.71],[0,0]],"v":[[10.886,-3.105],[10.886,3.105],[-7.784,3.105],[-10.884,-0.005],[-7.784,-3.105]],"c":true},"ix":2},"nm":"Path 1","mn":"ADBE Vector Shape - Group","hd":false},{"ty":"fl","c":{"a":0,"k":[0.482993006706,0.295112997293,0.121968001127,1],"ix":4},"o":{"a":0,"k":100,"ix":5},"r":1,"bm":0,"nm":"Fill 1","mn":"ADBE Vector Graphic - Fill","hd":false},{"ty":"tr","p":{"a":0,"k":[0,0],"ix":2},"a":{"a":0,"k":[0,0],"ix":1},"s":{"a":0,"k":[400,400],"ix":3},"r":{"a":0,"k":0,"ix":6},"o":{"a":0,"k":100,"ix":7},"sk":{"a":0,"k":0,"ix":4},"sa":{"a":0,"k":0,"ix":5},"nm":"Transform"}],"nm":"line","np":2,"cix":2,"bm":0,"ix":1,"mn":"ADBE Vector Group","hd":false}],"ip":0,"op":300,"st":0,"bm":0},{"ddd":0,"ind":6,"ty":4,"nm":"line","sr":1,"ks":{"o":{"a":0,"k":82,"ix":11},"r":{"a":0,"k":0,"ix":10},"p":{"a":0,"k":[240.976,320.651,0],"ix":2},"a":{"a":0,"k":[0,0,0],"ix":1},"s":{"a":0,"k":[100,100,100],"ix":6}},"ao":0,"shapes":[{"ty":"gr","it":[{"ind":0,"ty":"sh","ix":1,"ks":{"a":0,"k":{"i":[[0,0],[0,0],[0,0],[0,1.72],[-1.71,0]],"o":[[0,0],[0,0],[-1.71,0],[0,-1.71],[0,0]],"v":[[14.508,-3.105],[14.508,3.105],[-11.412,3.105],[-14.512,-0.005],[-11.412,-3.105]],"c":true},"ix":2},"nm":"Path 1","mn":"ADBE Vector Shape - Group","hd":false},{"ty":"fl","c":{"a":0,"k":[0.482993006706,0.295112997293,0.121968001127,1],"ix":4},"o":{"a":0,"k":100,"ix":5},"r":1,"bm":0,"nm":"Fill 1","mn":"ADBE Vector Graphic - Fill","hd":false},{"ty":"tr","p":{"a":0,"k":[0,0],"ix":2},"a":{"a":0,"k":[0,0],"ix":1},"s":{"a":0,"k":[400,400],"ix":3},"r":{"a":0,"k":0,"ix":6},"o":{"a":0,"k":100,"ix":7},"sk":{"a":0,"k":0,"ix":4},"sa":{"a":0,"k":0,"ix":5},"nm":"Transform"}],"nm":"line","np":2,"cix":2,"bm":0,"ix":1,"mn":"ADBE Vector Group","hd":false}],"ip":0,"op":300,"st":0,"bm":0},{"ddd":0,"ind":7,"ty":4,"nm":"line","sr":1,"ks":{"o":{"a":0,"k":82,"ix":11},"r":{"a":0,"k":0,"ix":10},"p":{"a":0,"k":[158.049,258.558,0],"ix":2},"a":{"a":0,"k":[0,0,0],"ix":1},"s":{"a":0,"k":[100,100,100],"ix":6}},"ao":0,"shapes":[{"ty":"gr","it":[{"ind":0,"ty":"sh","ix":1,"ks":{"a":0,"k":{"i":[[0,0],[0,0],[0,-1.71],[1.71,0],[0,0]],"o":[[0,0],[1.71,0],[0,1.72],[0,0],[0,0]],"v":[[-14.512,-3.105],[11.408,-3.105],[14.508,-0.005],[11.408,3.105],[-14.512,3.105]],"c":true},"ix":2},"nm":"Path 1","mn":"ADBE Vector Shape - Group","hd":false},{"ty":"fl","c":{"a":0,"k":[0.482993006706,0.295112997293,0.121968001127,1],"ix":4},"o":{"a":0,"k":100,"ix":5},"r":1,"bm":0,"nm":"Fill 1","mn":"ADBE Vector Graphic - Fill","hd":false},{"ty":"tr","p":{"a":0,"k":[0,0],"ix":2},"a":{"a":0,"k":[0,0],"ix":1},"s":{"a":0,"k":[400,400],"ix":3},"r":{"a":0,"k":0,"ix":6},"o":{"a":0,"k":100,"ix":7},"sk":{"a":0,"k":0,"ix":4},"sa":{"a":0,"k":0,"ix":5},"nm":"Transform"}],"nm":"line","np":2,"cix":2,"bm":0,"ix":1,"mn":"ADBE Vector Group","hd":false}],"ip":0,"op":300,"st":0,"bm":0},{"ddd":0,"ind":8,"ty":4,"nm":"TRUNK","sr":1,"ks":{"o":{"a":0,"k":100,"ix":11},"r":{"a":0,"k":0,"ix":10},"p":{"a":0,"k":[270,289.605,0],"ix":2},"a":{"a":0,"k":[0,0,0],"ix":1},"s":{"a":0,"k":[100,100,100],"ix":6}},"ao":0,"shapes":[{"ty":"gr","it":[{"ind":0,"ty":"sh","ix":1,"ks":{"a":0,"k":{"i":[[-10.22,0],[0,0],[0,-10.22],[0,0],[10.22,0],[0,0],[0,10.22],[0,0]],"o":[[0,0],[10.22,0],[0,0],[0,10.22],[0,0],[-10.22,0],[0,0],[0,-10.22]],"v":[[-24,-32.599],[24,-32.599],[42.5,-14.099],[42.5,14.101],[24,32.601],[-24,32.601],[-42.5,14.101],[-42.5,-14.099]],"c":true},"ix":2},"nm":"Path 1","mn":"ADBE Vector Shape - Group","hd":false},{"ty":"fl","c":{"a":0,"k":[0.537254989147,0.337255001068,0.152941003442,1],"ix":4},"o":{"a":0,"k":100,"ix":5},"r":1,"bm":0,"nm":"Fill 1","mn":"ADBE Vector Graphic - Fill","hd":false},{"ty":"tr","p":{"a":0,"k":[0,0],"ix":2},"a":{"a":0,"k":[0,0],"ix":1},"s":{"a":0,"k":[400,400],"ix":3},"r":{"a":0,"k":0,"ix":6},"o":{"a":0,"k":100,"ix":7},"sk":{"a":0,"k":0,"ix":4},"sa":{"a":0,"k":0,"ix":5},"nm":"Transform"}],"nm":"TRUNK","np":2,"cix":2,"bm":0,"ix":1,"mn":"ADBE Vector Group","hd":false}],"ip":0,"op":300,"st":0,"bm":0}]},{"id":"comp_3","layers":[]}],"layers":[{"ddd":0,"ind":1,"ty":0,"nm":"53_LOG","refId":"comp_0","sr":1,"ks":{"o":{"a":0,"k":100,"ix":11},"r":{"a":0,"k":0,"ix":10},"p":{"a":0,"k":[67.5,67.5,0],"ix":2},"a":{"a":0,"k":[270,270,0],"ix":1},"s":{"a":0,"k":[25,25,100],"ix":6}},"ao":0,"w":540,"h":540,"ip":-137,"op":72,"st":-212,"bm":0},{"ddd":0,"ind":2,"ty":0,"nm":"53_LOG","refId":"comp_0","sr":1,"ks":{"o":{"a":0,"k":100,"ix":11},"r":{"a":0,"k":0,"ix":10},"p":{"a":0,"k":[67.5,67.5,0],"ix":2},"a":{"a":0,"k":[270,270,0],"ix":1},"s":{"a":0,"k":[25,25,100],"ix":6}},"ao":0,"w":540,"h":540,"ip":72,"op":281,"st":-3,"bm":0}],"markers":[]}
