{"v":"5.5.2","fr":60,"ip":0,"op":150,"w":135,"h":135,"nm":"41_SKULL EXPORT","ddd":0,"assets":[{"id":"comp_0","layers":[{"ddd":0,"ind":1,"ty":4,"nm":"Eyes Closed","parent":2,"sr":1,"ks":{"o":{"a":1,"k":[{"t":50,"s":[0],"h":1},{"t":72,"s":[100],"h":1},{"t":168,"s":[0],"h":1}],"ix":11},"r":{"a":0,"k":0,"ix":10},"p":{"a":0,"k":[-52.5,-3.5,0],"ix":2},"a":{"a":0,"k":[0,0,0],"ix":1},"s":{"a":0,"k":[100,100,100],"ix":6}},"ao":0,"shapes":[{"ty":"gr","it":[{"d":1,"ty":"el","s":{"a":0,"k":[50,50],"ix":2},"p":{"a":0,"k":[0,0],"ix":3},"nm":"Ellipse Path 1","mn":"ADBE Vector Shape - Ellipse","hd":false},{"ty":"tm","s":{"a":0,"k":0,"ix":1},"e":{"a":0,"k":40,"ix":2},"o":{"a":0,"k":-55,"ix":3},"m":1,"ix":2,"nm":"Trim Paths 1","mn":"ADBE Vector Filter - Trim","hd":false},{"ty":"st","c":{"a":0,"k":[0.709803921569,0.709803921569,0.709803921569,1],"ix":3},"o":{"a":0,"k":100,"ix":4},"w":{"a":0,"k":18,"ix":5},"lc":2,"lj":1,"ml":4,"bm":0,"nm":"Stroke 1","mn":"ADBE Vector Graphic - Stroke","hd":false},{"ty":"tr","p":{"a":0,"k":[104.584,0],"ix":2},"a":{"a":0,"k":[0,0],"ix":1},"s":{"a":0,"k":[-100,100],"ix":3},"r":{"a":0,"k":0,"ix":6},"o":{"a":0,"k":100,"ix":7},"sk":{"a":0,"k":0,"ix":4},"sa":{"a":0,"k":0,"ix":5},"nm":"Transform"}],"nm":"Group 2","np":3,"cix":2,"bm":0,"ix":1,"mn":"ADBE Vector Group","hd":false},{"ty":"gr","it":[{"d":1,"ty":"el","s":{"a":0,"k":[50,50],"ix":2},"p":{"a":0,"k":[0,0],"ix":3},"nm":"Ellipse Path 1","mn":"ADBE Vector Shape - Ellipse","hd":false},{"ty":"tm","s":{"a":0,"k":0,"ix":1},"e":{"a":0,"k":40,"ix":2},"o":{"a":0,"k":-55,"ix":3},"m":1,"ix":2,"nm":"Trim Paths 1","mn":"ADBE Vector Filter - Trim","hd":false},{"ty":"st","c":{"a":0,"k":[0.709803921569,0.709803921569,0.709803921569,1],"ix":3},"o":{"a":0,"k":100,"ix":4},"w":{"a":0,"k":18,"ix":5},"lc":2,"lj":1,"ml":4,"bm":0,"nm":"Stroke 1","mn":"ADBE Vector Graphic - Stroke","hd":false},{"ty":"tr","p":{"a":0,"k":[0.5,0],"ix":2},"a":{"a":0,"k":[0,0],"ix":1},"s":{"a":0,"k":[100,100],"ix":3},"r":{"a":0,"k":0,"ix":6},"o":{"a":0,"k":100,"ix":7},"sk":{"a":0,"k":0,"ix":4},"sa":{"a":0,"k":0,"ix":5},"nm":"Transform"}],"nm":"Group 1","np":3,"cix":2,"bm":0,"ix":2,"mn":"ADBE Vector Group","hd":false}],"ip":0,"op":300,"st":0,"bm":0},{"ddd":0,"ind":2,"ty":3,"nm":"Features CONTROL NULL","parent":7,"sr":1,"ks":{"o":{"a":0,"k":0,"ix":11},"r":{"a":0,"k":0,"ix":10},"p":{"s":true,"x":{"a":1,"k":[{"i":{"x":[0.96],"y":[1]},"o":{"x":[0.04],"y":[0]},"t":63,"s":[0],"e":[0]},{"i":{"x":[0.833],"y":[1]},"o":{"x":[0.167],"y":[0]},"t":75,"s":[0],"e":[0]},{"i":{"x":[0.833],"y":[1]},"o":{"x":[0.167],"y":[0]},"t":161,"s":[0],"e":[0]},{"t":174}],"ix":3},"y":{"a":1,"k":[{"i":{"x":[0.667],"y":[1]},"o":{"x":[0.333],"y":[0]},"t":63,"s":[46],"e":[51.47]},{"i":{"x":[0.667],"y":[1]},"o":{"x":[0.333],"y":[0]},"t":68,"s":[51.47],"e":[22.458]},{"i":{"x":[0.667],"y":[1]},"o":{"x":[0.333],"y":[0]},"t":75,"s":[22.458],"e":[22.458]},{"i":{"x":[0.667],"y":[1]},"o":{"x":[0.333],"y":[0]},"t":161,"s":[22.458],"e":[46]},{"t":174}],"ix":4}},"a":{"a":0,"k":[0,0,0],"ix":1},"s":{"a":0,"k":[100,100,100],"ix":6}},"ao":0,"ip":0,"op":300,"st":0,"bm":0},{"ddd":0,"ind":3,"ty":4,"nm":"nose","parent":2,"sr":1,"ks":{"o":{"a":0,"k":100,"ix":11},"r":{"a":0,"k":0,"ix":10},"p":{"a":0,"k":[0.001,16.892,0],"ix":2},"a":{"a":0,"k":[0,0,0],"ix":1},"s":{"a":0,"k":[100,100,100],"ix":6}},"ao":0,"shapes":[{"ty":"gr","it":[{"ind":0,"ty":"sh","ix":1,"ks":{"a":0,"k":{"i":[[-0.15,-0.48],[0,0],[0.83,-0.28],[0.17,0],[0,0],[0,0.88],[-0.05,0.16],[0,0],[-0.84,-0.28]],"o":[[0,0],[0.28,0.83],[-0.17,0.06],[0,0],[-0.88,0],[0,-0.17],[0,0],[0.28,-0.83],[0.47,0.16]],"v":[[1.507,-6.187],[5.297,5.183],[4.297,7.193],[3.787,7.273],[-3.793,7.273],[-5.383,5.683],[-5.303,5.183],[-1.513,-6.187],[0.507,-7.197]],"c":true},"ix":2},"nm":"Path 1","mn":"ADBE Vector Shape - Group","hd":false},{"ty":"fl","c":{"a":0,"k":[0.708057598039,0.708057598039,0.708057598039,1],"ix":4},"o":{"a":0,"k":100,"ix":5},"r":1,"bm":0,"nm":"Fill 1","mn":"ADBE Vector Graphic - Fill","hd":false},{"ty":"tr","p":{"a":0,"k":[0,0],"ix":2},"a":{"a":0,"k":[0,0],"ix":1},"s":{"a":0,"k":[400,400],"ix":3},"r":{"a":0,"k":0,"ix":6},"o":{"a":0,"k":100,"ix":7},"sk":{"a":0,"k":0,"ix":4},"sa":{"a":0,"k":0,"ix":5},"nm":"Transform"}],"nm":"nose","np":2,"cix":2,"bm":0,"ix":1,"mn":"ADBE Vector Group","hd":false}],"ip":0,"op":300,"st":0,"bm":0},{"ddd":0,"ind":4,"ty":4,"nm":"eye L","parent":2,"sr":1,"ks":{"o":{"a":1,"k":[{"t":50,"s":[100],"h":1},{"t":72,"s":[0],"h":1},{"t":168,"s":[100],"h":1}],"ix":11},"r":{"a":0,"k":0,"ix":10},"p":{"a":0,"k":[50,-30.5,0],"ix":2},"a":{"a":0,"k":[0,-14.5,0],"ix":1},"s":{"a":0,"k":[100,100,100],"ix":6}},"ao":0,"shapes":[{"ty":"gr","it":[{"ind":0,"ty":"sh","ix":1,"ks":{"a":0,"k":{"i":[[-1.93,0],[0,-1.93],[0,0],[1.93,0],[0,1.93],[0,0]],"o":[[1.93,0],[0,0],[0,1.93],[-1.93,0],[0,0],[0,-1.93]],"v":[[0,-8.5],[3.5,-5],[3.5,5],[0,8.5],[-3.5,5],[-3.5,-5]],"c":true},"ix":2},"nm":"Path 1","mn":"ADBE Vector Shape - Group","hd":false},{"ty":"fl","c":{"a":0,"k":[0.708057598039,0.708057598039,0.708057598039,1],"ix":4},"o":{"a":0,"k":100,"ix":5},"r":1,"bm":0,"nm":"Fill 1","mn":"ADBE Vector Graphic - Fill","hd":false},{"ty":"tr","p":{"a":0,"k":[0,0],"ix":2},"a":{"a":0,"k":[0,0],"ix":1},"s":{"a":0,"k":[400,400],"ix":3},"r":{"a":0,"k":0,"ix":6},"o":{"a":0,"k":100,"ix":7},"sk":{"a":0,"k":0,"ix":4},"sa":{"a":0,"k":0,"ix":5},"nm":"Transform"}],"nm":"eye L","np":2,"cix":2,"bm":0,"ix":1,"mn":"ADBE Vector Group","hd":false}],"ip":0,"op":300,"st":0,"bm":0},{"ddd":0,"ind":5,"ty":4,"nm":"eye R","parent":2,"sr":1,"ks":{"o":{"a":1,"k":[{"t":50,"s":[100],"h":1},{"t":72,"s":[0],"h":1},{"t":168,"s":[100],"h":1}],"ix":11},"r":{"a":0,"k":0,"ix":10},"p":{"a":0,"k":[-50,-30.5,0],"ix":2},"a":{"a":0,"k":[0,-10.5,0],"ix":1},"s":{"a":0,"k":[100,100,100],"ix":6}},"ao":0,"shapes":[{"ty":"gr","it":[{"ind":0,"ty":"sh","ix":1,"ks":{"a":0,"k":{"i":[[-1.93,0],[0,-1.93],[0,0],[1.93,0],[0,1.93],[0,0]],"o":[[1.93,0],[0,0],[0,1.93],[-1.93,0],[0,0],[0,-1.93]],"v":[[0,-8.5],[3.5,-5],[3.5,5],[0,8.5],[-3.5,5],[-3.5,-5]],"c":true},"ix":2},"nm":"Path 1","mn":"ADBE Vector Shape - Group","hd":false},{"ty":"fl","c":{"a":0,"k":[0.708057598039,0.708057598039,0.708057598039,1],"ix":4},"o":{"a":0,"k":100,"ix":5},"r":1,"bm":0,"nm":"Fill 1","mn":"ADBE Vector Graphic - Fill","hd":false},{"ty":"tr","p":{"a":0,"k":[0,0],"ix":2},"a":{"a":0,"k":[0,0],"ix":1},"s":{"a":0,"k":[400,400],"ix":3},"r":{"a":0,"k":0,"ix":6},"o":{"a":0,"k":100,"ix":7},"sk":{"a":0,"k":0,"ix":4},"sa":{"a":0,"k":0,"ix":5},"nm":"Transform"}],"nm":"eye R","np":2,"cix":2,"bm":0,"ix":1,"mn":"ADBE Vector Group","hd":false}],"ip":0,"op":300,"st":0,"bm":0},{"ddd":0,"ind":6,"ty":4,"nm":"jaw","parent":7,"sr":1,"ks":{"o":{"a":0,"k":100,"ix":11},"r":{"a":0,"k":0,"ix":10},"p":{"s":true,"x":{"a":0,"k":0,"ix":3},"y":{"a":1,"k":[{"i":{"x":[0.667],"y":[1]},"o":{"x":[0.167],"y":[0.167]},"t":50,"s":[128],"e":[128]},{"i":{"x":[0.667],"y":[1]},"o":{"x":[0.333],"y":[0]},"t":63,"s":[128],"e":[125.584]},{"i":{"x":[0.667],"y":[1]},"o":{"x":[0.333],"y":[0]},"t":69,"s":[125.584],"e":[170.31]},{"i":{"x":[0.667],"y":[1]},"o":{"x":[0.333],"y":[0]},"t":74,"s":[170.31],"e":[144.195]},{"i":{"x":[0.667],"y":[1]},"o":{"x":[0.333],"y":[0]},"t":81,"s":[144.195],"e":[161.119]},{"i":{"x":[0.667],"y":[1]},"o":{"x":[0.333],"y":[0]},"t":87,"s":[161.119],"e":[144.195]},{"i":{"x":[0.667],"y":[1]},"o":{"x":[0.333],"y":[0]},"t":93,"s":[144.195],"e":[161.119]},{"i":{"x":[0.667],"y":[1]},"o":{"x":[0.333],"y":[0]},"t":99,"s":[161.119],"e":[144.195]},{"i":{"x":[0.667],"y":[1]},"o":{"x":[0.333],"y":[0]},"t":105,"s":[144.195],"e":[161.119]},{"i":{"x":[0.667],"y":[1]},"o":{"x":[0.333],"y":[0]},"t":111,"s":[161.119],"e":[144.195]},{"i":{"x":[0.667],"y":[1]},"o":{"x":[0.333],"y":[0]},"t":117,"s":[144.195],"e":[161.119]},{"i":{"x":[0.667],"y":[1]},"o":{"x":[0.333],"y":[0]},"t":123,"s":[161.119],"e":[144.195]},{"i":{"x":[0.667],"y":[1]},"o":{"x":[0.333],"y":[0]},"t":129,"s":[144.195],"e":[161.119]},{"i":{"x":[0.667],"y":[1]},"o":{"x":[0.333],"y":[0]},"t":135,"s":[161.119],"e":[144.195]},{"i":{"x":[0.667],"y":[1]},"o":{"x":[0.333],"y":[0]},"t":141,"s":[144.195],"e":[161.119]},{"i":{"x":[0.667],"y":[1]},"o":{"x":[0.333],"y":[0]},"t":147,"s":[161.119],"e":[144.195]},{"i":{"x":[0.667],"y":[1]},"o":{"x":[0.333],"y":[0]},"t":153,"s":[144.195],"e":[161.119]},{"i":{"x":[0.667],"y":[1]},"o":{"x":[0.333],"y":[0]},"t":159,"s":[161.119],"e":[121.645]},{"i":{"x":[0.667],"y":[1]},"o":{"x":[0.333],"y":[0]},"t":165,"s":[121.645],"e":[129.395]},{"i":{"x":[0.667],"y":[1]},"o":{"x":[0.333],"y":[0]},"t":174,"s":[129.395],"e":[128]},{"i":{"x":[0.667],"y":[1]},"o":{"x":[0.333],"y":[0]},"t":183,"s":[128],"e":[128]},{"t":197}],"ix":4}},"a":{"a":0,"k":[0,-52,0],"ix":1},"s":{"a":0,"k":[100,100,100],"ix":6}},"ao":0,"shapes":[{"ty":"gr","it":[{"ind":0,"ty":"sh","ix":1,"ks":{"a":1,"k":[{"i":{"x":0.667,"y":1},"o":{"x":0.333,"y":0},"t":50,"s":[{"i":[[0,0],[0,0],[0,0],[-1.73,0],[0,0],[0,-1.73],[0,0],[0,3.95],[0,0],[-2.2,0],[0,-2.2],[0,0],[9.92,0],[0,0],[0,9.36],[0,0],[-2.2,0],[0,-2.2],[0,0],[-4.1,-1.17],[0,0],[-1.73,0],[0,0],[0,-1.73]],"o":[[0,0],[0,0],[0,-1.73],[0,0],[1.73,0],[0,0],[4.11,-1.17],[0,0],[0,-2.2],[2.21,0],[0,0],[0,9.36],[0,0],[-9.91,0],[0,0],[0,-2.2],[2.21,0],[0,0],[0,3.95],[0,0],[0,-1.73],[0,0],[1.73,0],[0,0]],"v":[[-1.505,6.015],[1.495,6.015],[1.495,2.135],[4.635,-1.005],[11.365,-1.005],[14.495,2.135],[14.495,5.605],[21.515,-3.005],[21.515,-10.005],[25.495,-13.985],[29.485,-10.005],[29.485,-3.005],[11.495,13.985],[-11.505,13.985],[-29.485,-3.005],[-29.485,-10.005],[-25.505,-13.985],[-21.515,-10.005],[-21.515,-3.005],[-14.505,5.605],[-14.505,2.135],[-11.365,-1.005],[-4.635,-1.005],[-1.505,2.135]],"c":true}],"e":[{"i":[[0,0],[0,0],[0,0],[-1.73,0],[0,0],[0,-1.73],[0,0],[0,3.95],[0,0],[-2.2,0],[0,-2.2],[0,0],[9.92,0],[0,0],[0,9.36],[0,0],[-2.2,0],[0,-2.2],[0,0],[-4.1,-1.17],[0,0],[-1.73,0],[0,0],[0,-1.73]],"o":[[0,0],[0,0],[0,-1.73],[0,0],[1.73,0],[0,0],[4.11,-1.17],[0,0],[0,-2.2],[2.21,0],[0,0],[0,9.36],[0,0],[-9.91,0],[0,0],[0,-2.2],[2.21,0],[0,0],[0,3.95],[0,0],[0,-1.73],[0,0],[1.73,0],[0,0]],"v":[[-1.505,6.015],[1.495,6.015],[1.495,2.135],[4.635,-1.005],[11.365,-1.005],[14.495,2.135],[14.495,5.605],[21.515,-3.005],[21.515,-10.005],[25.495,-13.985],[29.485,-10.005],[29.485,-3.005],[11.495,13.985],[-11.505,13.985],[-29.485,-3.005],[-29.485,-10.005],[-25.505,-13.985],[-21.515,-10.005],[-21.515,-3.005],[-14.505,5.605],[-14.505,2.135],[-11.365,-1.005],[-4.635,-1.005],[-1.505,2.135]],"c":true}]},{"i":{"x":0.667,"y":1},"o":{"x":0.333,"y":0},"t":64,"s":[{"i":[[0,0],[0,0],[0,0],[-1.73,0],[0,0],[0,-1.73],[0,0],[0,3.95],[0,0],[-2.2,0],[0,-2.2],[0,0],[9.92,0],[0,0],[0,9.36],[0,0],[-2.2,0],[0,-2.2],[0,0],[-4.1,-1.17],[0,0],[-1.73,0],[0,0],[0,-1.73]],"o":[[0,0],[0,0],[0,-1.73],[0,0],[1.73,0],[0,0],[4.11,-1.17],[0,0],[0,-2.2],[2.21,0],[0,0],[0,9.36],[0,0],[-9.91,0],[0,0],[0,-2.2],[2.21,0],[0,0],[0,3.95],[0,0],[0,-1.73],[0,0],[1.73,0],[0,0]],"v":[[-1.505,6.015],[1.495,6.015],[1.495,2.135],[4.635,-1.005],[11.365,-1.005],[14.495,2.135],[14.495,5.605],[21.515,-3.005],[21.515,-10.005],[25.495,-13.985],[29.485,-10.005],[29.485,-3.005],[11.495,13.985],[-11.505,13.985],[-29.485,-3.005],[-29.485,-10.005],[-25.505,-13.985],[-21.515,-10.005],[-21.515,-3.005],[-14.505,5.605],[-14.505,2.135],[-11.365,-1.005],[-4.635,-1.005],[-1.505,2.135]],"c":true}],"e":[{"i":[[0,0],[0,0],[0,0],[-1.73,0],[0,0],[0,-1.73],[0,0],[0,3.95],[0,0],[-2.2,0],[0,-2.2],[0,0],[9.92,0],[0,0],[0,9.36],[0,0],[-2.2,0],[0,-2.2],[0,0],[-4.1,-1.17],[0,0],[-1.73,0],[0,0],[0,-1.73]],"o":[[0,0],[0,0],[0,-1.73],[0,0],[1.73,0],[0,0],[4.11,-1.17],[0,0],[0,-2.2],[2.21,0],[0,0],[0,9.36],[0,0],[-9.91,0],[0,0],[0,-2.2],[2.21,0],[0,0],[0,3.95],[0,0],[0,-1.73],[0,0],[1.73,0],[0,0]],"v":[[-1.505,6.015],[1.495,6.015],[1.495,2.135],[4.635,-1.005],[11.365,-1.005],[14.495,2.135],[14.495,5.605],[21.515,-3.005],[21.515,-10.005],[25.495,-13.985],[29.485,-10.005],[29.485,-3.005],[11.495,13.985],[-11.505,13.985],[-29.485,-3.005],[-29.485,-10.005],[-25.505,-13.985],[-21.515,-10.005],[-21.515,-3.005],[-14.505,5.605],[-14.505,2.135],[-11.365,-1.005],[-4.635,-1.005],[-1.505,2.135]],"c":true}]},{"i":{"x":0.667,"y":1},"o":{"x":0.333,"y":0},"t":70,"s":[{"i":[[0,0],[0,0],[0,0],[-1.73,0],[0,0],[0,-1.73],[0,0],[0,3.95],[0,0],[-2.2,0],[0,-2.2],[0,0],[9.92,0],[0,0],[0,9.36],[0,0],[-2.2,0],[0,-2.2],[0,0],[-4.1,-1.17],[0,0],[-1.73,0],[0,0],[0,-1.73]],"o":[[0,0],[0,0],[0,-1.73],[0,0],[1.73,0],[0,0],[4.11,-1.17],[0,0],[0,-2.2],[2.21,0],[0,0],[0,9.36],[0,0],[-9.91,0],[0,0],[0,-2.2],[2.21,0],[0,0],[0,3.95],[0,0],[0,-1.73],[0,0],[1.73,0],[0,0]],"v":[[-1.505,6.015],[1.495,6.015],[1.495,2.135],[4.635,-1.005],[11.365,-1.005],[14.495,2.135],[14.495,5.605],[21.515,-3.005],[21.515,-10.005],[25.495,-13.985],[29.485,-10.005],[29.485,-3.005],[11.495,13.985],[-11.505,13.985],[-29.485,-3.005],[-29.485,-10.005],[-25.505,-13.985],[-21.515,-10.005],[-21.515,-3.005],[-14.505,5.605],[-14.505,2.135],[-11.365,-1.005],[-4.635,-1.005],[-1.505,2.135]],"c":true}],"e":[{"i":[[0,0],[0,0],[0,0],[-1.73,0],[0,0],[0,-1.73],[0,0],[0,3.95],[0,0],[-2.2,0],[0,-2.2],[0,0],[9.92,0],[0,0],[0,9.36],[0,0],[-2.2,0],[0,-2.2],[0,0],[-4.1,-1.17],[0,0],[-1.73,0],[0,0],[0,-1.73]],"o":[[0,0],[0,0],[0,-1.73],[0,0],[1.73,0],[0,0],[4.11,-1.17],[0,0],[0,-2.2],[2.21,0],[0,0],[0,9.36],[0,0],[-9.91,0],[0,0],[0,-2.2],[2.21,0],[0,0],[0,3.95],[0,0],[0,-1.73],[0,0],[1.73,0],[0,0]],"v":[[-1.505,6.015],[1.495,6.015],[1.495,2.135],[4.635,-1.005],[11.365,-1.005],[14.495,2.135],[14.495,5.605],[21.515,-3.005],[21.515,-15.251],[25.495,-19.231],[29.485,-15.251],[29.485,-3.005],[11.495,13.985],[-11.505,13.985],[-29.485,-3.005],[-29.485,-15.251],[-25.505,-19.231],[-21.515,-15.251],[-21.515,-3.005],[-14.505,5.605],[-14.505,2.135],[-11.365,-1.005],[-4.635,-1.005],[-1.505,2.135]],"c":true}]},{"i":{"x":0.667,"y":1},"o":{"x":0.333,"y":0},"t":75,"s":[{"i":[[0,0],[0,0],[0,0],[-1.73,0],[0,0],[0,-1.73],[0,0],[0,3.95],[0,0],[-2.2,0],[0,-2.2],[0,0],[9.92,0],[0,0],[0,9.36],[0,0],[-2.2,0],[0,-2.2],[0,0],[-4.1,-1.17],[0,0],[-1.73,0],[0,0],[0,-1.73]],"o":[[0,0],[0,0],[0,-1.73],[0,0],[1.73,0],[0,0],[4.11,-1.17],[0,0],[0,-2.2],[2.21,0],[0,0],[0,9.36],[0,0],[-9.91,0],[0,0],[0,-2.2],[2.21,0],[0,0],[0,3.95],[0,0],[0,-1.73],[0,0],[1.73,0],[0,0]],"v":[[-1.505,6.015],[1.495,6.015],[1.495,2.135],[4.635,-1.005],[11.365,-1.005],[14.495,2.135],[14.495,5.605],[21.515,-3.005],[21.515,-15.251],[25.495,-19.231],[29.485,-15.251],[29.485,-3.005],[11.495,13.985],[-11.505,13.985],[-29.485,-3.005],[-29.485,-15.251],[-25.505,-19.231],[-21.515,-15.251],[-21.515,-3.005],[-14.505,5.605],[-14.505,2.135],[-11.365,-1.005],[-4.635,-1.005],[-1.505,2.135]],"c":true}],"e":[{"i":[[0,0],[0,0],[0,0],[-1.73,0],[0,0],[0,-1.73],[0,0],[0,3.95],[0,0],[-2.2,0],[0,-2.2],[0,0],[9.92,0],[0,0],[0,9.36],[0,0],[-2.2,0],[0,-2.2],[0,0],[-4.1,-1.17],[0,0],[-1.73,0],[0,0],[0,-1.73]],"o":[[0,0],[0,0],[0,-1.73],[0,0],[1.73,0],[0,0],[4.11,-1.17],[0,0],[0,-2.2],[2.21,0],[0,0],[0,9.36],[0,0],[-9.91,0],[0,0],[0,-2.2],[2.21,0],[0,0],[0,3.95],[0,0],[0,-1.73],[0,0],[1.73,0],[0,0]],"v":[[-1.505,6.015],[1.495,6.015],[1.495,2.135],[4.635,-1.005],[11.365,-1.005],[14.495,2.135],[14.495,5.605],[21.515,-3.005],[21.515,-12.619],[25.495,-16.599],[29.485,-12.619],[29.485,-3.005],[11.495,13.985],[-11.505,13.985],[-29.485,-3.005],[-29.485,-12.619],[-25.505,-16.599],[-21.515,-12.619],[-21.515,-3.005],[-14.505,5.605],[-14.505,2.135],[-11.365,-1.005],[-4.635,-1.005],[-1.505,2.135]],"c":true}]},{"i":{"x":0.667,"y":1},"o":{"x":0.333,"y":0},"t":82,"s":[{"i":[[0,0],[0,0],[0,0],[-1.73,0],[0,0],[0,-1.73],[0,0],[0,3.95],[0,0],[-2.2,0],[0,-2.2],[0,0],[9.92,0],[0,0],[0,9.36],[0,0],[-2.2,0],[0,-2.2],[0,0],[-4.1,-1.17],[0,0],[-1.73,0],[0,0],[0,-1.73]],"o":[[0,0],[0,0],[0,-1.73],[0,0],[1.73,0],[0,0],[4.11,-1.17],[0,0],[0,-2.2],[2.21,0],[0,0],[0,9.36],[0,0],[-9.91,0],[0,0],[0,-2.2],[2.21,0],[0,0],[0,3.95],[0,0],[0,-1.73],[0,0],[1.73,0],[0,0]],"v":[[-1.505,6.015],[1.495,6.015],[1.495,2.135],[4.635,-1.005],[11.365,-1.005],[14.495,2.135],[14.495,5.605],[21.515,-3.005],[21.515,-12.619],[25.495,-16.599],[29.485,-12.619],[29.485,-3.005],[11.495,13.985],[-11.505,13.985],[-29.485,-3.005],[-29.485,-12.619],[-25.505,-16.599],[-21.515,-12.619],[-21.515,-3.005],[-14.505,5.605],[-14.505,2.135],[-11.365,-1.005],[-4.635,-1.005],[-1.505,2.135]],"c":true}],"e":[{"i":[[0,0],[0,0],[0,0],[-1.73,0],[0,0],[0,-1.73],[0,0],[0,3.95],[0,0],[-2.2,0],[0,-2.2],[0,0],[9.92,0],[0,0],[0,9.36],[0,0],[-2.2,0],[0,-2.2],[0,0],[-4.1,-1.17],[0,0],[-1.73,0],[0,0],[0,-1.73]],"o":[[0,0],[0,0],[0,-1.73],[0,0],[1.73,0],[0,0],[4.11,-1.17],[0,0],[0,-2.2],[2.21,0],[0,0],[0,9.36],[0,0],[-9.91,0],[0,0],[0,-2.2],[2.21,0],[0,0],[0,3.95],[0,0],[0,-1.73],[0,0],[1.73,0],[0,0]],"v":[[-1.505,6.015],[1.495,6.015],[1.495,2.135],[4.635,-1.005],[11.365,-1.005],[14.495,2.135],[14.495,5.605],[21.515,-3.005],[21.515,-15.251],[25.495,-19.231],[29.485,-15.251],[29.485,-3.005],[11.495,13.985],[-11.505,13.985],[-29.485,-3.005],[-29.485,-15.251],[-25.505,-19.231],[-21.515,-15.251],[-21.515,-3.005],[-14.505,5.605],[-14.505,2.135],[-11.365,-1.005],[-4.635,-1.005],[-1.505,2.135]],"c":true}]},{"i":{"x":0.667,"y":1},"o":{"x":0.333,"y":0},"t":88,"s":[{"i":[[0,0],[0,0],[0,0],[-1.73,0],[0,0],[0,-1.73],[0,0],[0,3.95],[0,0],[-2.2,0],[0,-2.2],[0,0],[9.92,0],[0,0],[0,9.36],[0,0],[-2.2,0],[0,-2.2],[0,0],[-4.1,-1.17],[0,0],[-1.73,0],[0,0],[0,-1.73]],"o":[[0,0],[0,0],[0,-1.73],[0,0],[1.73,0],[0,0],[4.11,-1.17],[0,0],[0,-2.2],[2.21,0],[0,0],[0,9.36],[0,0],[-9.91,0],[0,0],[0,-2.2],[2.21,0],[0,0],[0,3.95],[0,0],[0,-1.73],[0,0],[1.73,0],[0,0]],"v":[[-1.505,6.015],[1.495,6.015],[1.495,2.135],[4.635,-1.005],[11.365,-1.005],[14.495,2.135],[14.495,5.605],[21.515,-3.005],[21.515,-15.251],[25.495,-19.231],[29.485,-15.251],[29.485,-3.005],[11.495,13.985],[-11.505,13.985],[-29.485,-3.005],[-29.485,-15.251],[-25.505,-19.231],[-21.515,-15.251],[-21.515,-3.005],[-14.505,5.605],[-14.505,2.135],[-11.365,-1.005],[-4.635,-1.005],[-1.505,2.135]],"c":true}],"e":[{"i":[[0,0],[0,0],[0,0],[-1.73,0],[0,0],[0,-1.73],[0,0],[0,3.95],[0,0],[-2.2,0],[0,-2.2],[0,0],[9.92,0],[0,0],[0,9.36],[0,0],[-2.2,0],[0,-2.2],[0,0],[-4.1,-1.17],[0,0],[-1.73,0],[0,0],[0,-1.73]],"o":[[0,0],[0,0],[0,-1.73],[0,0],[1.73,0],[0,0],[4.11,-1.17],[0,0],[0,-2.2],[2.21,0],[0,0],[0,9.36],[0,0],[-9.91,0],[0,0],[0,-2.2],[2.21,0],[0,0],[0,3.95],[0,0],[0,-1.73],[0,0],[1.73,0],[0,0]],"v":[[-1.505,6.015],[1.495,6.015],[1.495,2.135],[4.635,-1.005],[11.365,-1.005],[14.495,2.135],[14.495,5.605],[21.515,-3.005],[21.515,-12.619],[25.495,-16.599],[29.485,-12.619],[29.485,-3.005],[11.495,13.985],[-11.505,13.985],[-29.485,-3.005],[-29.485,-12.619],[-25.505,-16.599],[-21.515,-12.619],[-21.515,-3.005],[-14.505,5.605],[-14.505,2.135],[-11.365,-1.005],[-4.635,-1.005],[-1.505,2.135]],"c":true}]},{"i":{"x":0.667,"y":1},"o":{"x":0.333,"y":0},"t":94,"s":[{"i":[[0,0],[0,0],[0,0],[-1.73,0],[0,0],[0,-1.73],[0,0],[0,3.95],[0,0],[-2.2,0],[0,-2.2],[0,0],[9.92,0],[0,0],[0,9.36],[0,0],[-2.2,0],[0,-2.2],[0,0],[-4.1,-1.17],[0,0],[-1.73,0],[0,0],[0,-1.73]],"o":[[0,0],[0,0],[0,-1.73],[0,0],[1.73,0],[0,0],[4.11,-1.17],[0,0],[0,-2.2],[2.21,0],[0,0],[0,9.36],[0,0],[-9.91,0],[0,0],[0,-2.2],[2.21,0],[0,0],[0,3.95],[0,0],[0,-1.73],[0,0],[1.73,0],[0,0]],"v":[[-1.505,6.015],[1.495,6.015],[1.495,2.135],[4.635,-1.005],[11.365,-1.005],[14.495,2.135],[14.495,5.605],[21.515,-3.005],[21.515,-12.619],[25.495,-16.599],[29.485,-12.619],[29.485,-3.005],[11.495,13.985],[-11.505,13.985],[-29.485,-3.005],[-29.485,-12.619],[-25.505,-16.599],[-21.515,-12.619],[-21.515,-3.005],[-14.505,5.605],[-14.505,2.135],[-11.365,-1.005],[-4.635,-1.005],[-1.505,2.135]],"c":true}],"e":[{"i":[[0,0],[0,0],[0,0],[-1.73,0],[0,0],[0,-1.73],[0,0],[0,3.95],[0,0],[-2.2,0],[0,-2.2],[0,0],[9.92,0],[0,0],[0,9.36],[0,0],[-2.2,0],[0,-2.2],[0,0],[-4.1,-1.17],[0,0],[-1.73,0],[0,0],[0,-1.73]],"o":[[0,0],[0,0],[0,-1.73],[0,0],[1.73,0],[0,0],[4.11,-1.17],[0,0],[0,-2.2],[2.21,0],[0,0],[0,9.36],[0,0],[-9.91,0],[0,0],[0,-2.2],[2.21,0],[0,0],[0,3.95],[0,0],[0,-1.73],[0,0],[1.73,0],[0,0]],"v":[[-1.505,6.015],[1.495,6.015],[1.495,2.135],[4.635,-1.005],[11.365,-1.005],[14.495,2.135],[14.495,5.605],[21.515,-3.005],[21.515,-15.251],[25.495,-19.231],[29.485,-15.251],[29.485,-3.005],[11.495,13.985],[-11.505,13.985],[-29.485,-3.005],[-29.485,-15.251],[-25.505,-19.231],[-21.515,-15.251],[-21.515,-3.005],[-14.505,5.605],[-14.505,2.135],[-11.365,-1.005],[-4.635,-1.005],[-1.505,2.135]],"c":true}]},{"i":{"x":0.667,"y":1},"o":{"x":0.333,"y":0},"t":100,"s":[{"i":[[0,0],[0,0],[0,0],[-1.73,0],[0,0],[0,-1.73],[0,0],[0,3.95],[0,0],[-2.2,0],[0,-2.2],[0,0],[9.92,0],[0,0],[0,9.36],[0,0],[-2.2,0],[0,-2.2],[0,0],[-4.1,-1.17],[0,0],[-1.73,0],[0,0],[0,-1.73]],"o":[[0,0],[0,0],[0,-1.73],[0,0],[1.73,0],[0,0],[4.11,-1.17],[0,0],[0,-2.2],[2.21,0],[0,0],[0,9.36],[0,0],[-9.91,0],[0,0],[0,-2.2],[2.21,0],[0,0],[0,3.95],[0,0],[0,-1.73],[0,0],[1.73,0],[0,0]],"v":[[-1.505,6.015],[1.495,6.015],[1.495,2.135],[4.635,-1.005],[11.365,-1.005],[14.495,2.135],[14.495,5.605],[21.515,-3.005],[21.515,-15.251],[25.495,-19.231],[29.485,-15.251],[29.485,-3.005],[11.495,13.985],[-11.505,13.985],[-29.485,-3.005],[-29.485,-15.251],[-25.505,-19.231],[-21.515,-15.251],[-21.515,-3.005],[-14.505,5.605],[-14.505,2.135],[-11.365,-1.005],[-4.635,-1.005],[-1.505,2.135]],"c":true}],"e":[{"i":[[0,0],[0,0],[0,0],[-1.73,0],[0,0],[0,-1.73],[0,0],[0,3.95],[0,0],[-2.2,0],[0,-2.2],[0,0],[9.92,0],[0,0],[0,9.36],[0,0],[-2.2,0],[0,-2.2],[0,0],[-4.1,-1.17],[0,0],[-1.73,0],[0,0],[0,-1.73]],"o":[[0,0],[0,0],[0,-1.73],[0,0],[1.73,0],[0,0],[4.11,-1.17],[0,0],[0,-2.2],[2.21,0],[0,0],[0,9.36],[0,0],[-9.91,0],[0,0],[0,-2.2],[2.21,0],[0,0],[0,3.95],[0,0],[0,-1.73],[0,0],[1.73,0],[0,0]],"v":[[-1.505,6.015],[1.495,6.015],[1.495,2.135],[4.635,-1.005],[11.365,-1.005],[14.495,2.135],[14.495,5.605],[21.515,-3.005],[21.515,-12.619],[25.495,-16.599],[29.485,-12.619],[29.485,-3.005],[11.495,13.985],[-11.505,13.985],[-29.485,-3.005],[-29.485,-12.619],[-25.505,-16.599],[-21.515,-12.619],[-21.515,-3.005],[-14.505,5.605],[-14.505,2.135],[-11.365,-1.005],[-4.635,-1.005],[-1.505,2.135]],"c":true}]},{"i":{"x":0.667,"y":1},"o":{"x":0.333,"y":0},"t":106,"s":[{"i":[[0,0],[0,0],[0,0],[-1.73,0],[0,0],[0,-1.73],[0,0],[0,3.95],[0,0],[-2.2,0],[0,-2.2],[0,0],[9.92,0],[0,0],[0,9.36],[0,0],[-2.2,0],[0,-2.2],[0,0],[-4.1,-1.17],[0,0],[-1.73,0],[0,0],[0,-1.73]],"o":[[0,0],[0,0],[0,-1.73],[0,0],[1.73,0],[0,0],[4.11,-1.17],[0,0],[0,-2.2],[2.21,0],[0,0],[0,9.36],[0,0],[-9.91,0],[0,0],[0,-2.2],[2.21,0],[0,0],[0,3.95],[0,0],[0,-1.73],[0,0],[1.73,0],[0,0]],"v":[[-1.505,6.015],[1.495,6.015],[1.495,2.135],[4.635,-1.005],[11.365,-1.005],[14.495,2.135],[14.495,5.605],[21.515,-3.005],[21.515,-12.619],[25.495,-16.599],[29.485,-12.619],[29.485,-3.005],[11.495,13.985],[-11.505,13.985],[-29.485,-3.005],[-29.485,-12.619],[-25.505,-16.599],[-21.515,-12.619],[-21.515,-3.005],[-14.505,5.605],[-14.505,2.135],[-11.365,-1.005],[-4.635,-1.005],[-1.505,2.135]],"c":true}],"e":[{"i":[[0,0],[0,0],[0,0],[-1.73,0],[0,0],[0,-1.73],[0,0],[0,3.95],[0,0],[-2.2,0],[0,-2.2],[0,0],[9.92,0],[0,0],[0,9.36],[0,0],[-2.2,0],[0,-2.2],[0,0],[-4.1,-1.17],[0,0],[-1.73,0],[0,0],[0,-1.73]],"o":[[0,0],[0,0],[0,-1.73],[0,0],[1.73,0],[0,0],[4.11,-1.17],[0,0],[0,-2.2],[2.21,0],[0,0],[0,9.36],[0,0],[-9.91,0],[0,0],[0,-2.2],[2.21,0],[0,0],[0,3.95],[0,0],[0,-1.73],[0,0],[1.73,0],[0,0]],"v":[[-1.505,6.015],[1.495,6.015],[1.495,2.135],[4.635,-1.005],[11.365,-1.005],[14.495,2.135],[14.495,5.605],[21.515,-3.005],[21.515,-15.251],[25.495,-19.231],[29.485,-15.251],[29.485,-3.005],[11.495,13.985],[-11.505,13.985],[-29.485,-3.005],[-29.485,-15.251],[-25.505,-19.231],[-21.515,-15.251],[-21.515,-3.005],[-14.505,5.605],[-14.505,2.135],[-11.365,-1.005],[-4.635,-1.005],[-1.505,2.135]],"c":true}]},{"i":{"x":0.667,"y":1},"o":{"x":0.333,"y":0},"t":112,"s":[{"i":[[0,0],[0,0],[0,0],[-1.73,0],[0,0],[0,-1.73],[0,0],[0,3.95],[0,0],[-2.2,0],[0,-2.2],[0,0],[9.92,0],[0,0],[0,9.36],[0,0],[-2.2,0],[0,-2.2],[0,0],[-4.1,-1.17],[0,0],[-1.73,0],[0,0],[0,-1.73]],"o":[[0,0],[0,0],[0,-1.73],[0,0],[1.73,0],[0,0],[4.11,-1.17],[0,0],[0,-2.2],[2.21,0],[0,0],[0,9.36],[0,0],[-9.91,0],[0,0],[0,-2.2],[2.21,0],[0,0],[0,3.95],[0,0],[0,-1.73],[0,0],[1.73,0],[0,0]],"v":[[-1.505,6.015],[1.495,6.015],[1.495,2.135],[4.635,-1.005],[11.365,-1.005],[14.495,2.135],[14.495,5.605],[21.515,-3.005],[21.515,-15.251],[25.495,-19.231],[29.485,-15.251],[29.485,-3.005],[11.495,13.985],[-11.505,13.985],[-29.485,-3.005],[-29.485,-15.251],[-25.505,-19.231],[-21.515,-15.251],[-21.515,-3.005],[-14.505,5.605],[-14.505,2.135],[-11.365,-1.005],[-4.635,-1.005],[-1.505,2.135]],"c":true}],"e":[{"i":[[0,0],[0,0],[0,0],[-1.73,0],[0,0],[0,-1.73],[0,0],[0,3.95],[0,0],[-2.2,0],[0,-2.2],[0,0],[9.92,0],[0,0],[0,9.36],[0,0],[-2.2,0],[0,-2.2],[0,0],[-4.1,-1.17],[0,0],[-1.73,0],[0,0],[0,-1.73]],"o":[[0,0],[0,0],[0,-1.73],[0,0],[1.73,0],[0,0],[4.11,-1.17],[0,0],[0,-2.2],[2.21,0],[0,0],[0,9.36],[0,0],[-9.91,0],[0,0],[0,-2.2],[2.21,0],[0,0],[0,3.95],[0,0],[0,-1.73],[0,0],[1.73,0],[0,0]],"v":[[-1.505,6.015],[1.495,6.015],[1.495,2.135],[4.635,-1.005],[11.365,-1.005],[14.495,2.135],[14.495,5.605],[21.515,-3.005],[21.515,-12.619],[25.495,-16.599],[29.485,-12.619],[29.485,-3.005],[11.495,13.985],[-11.505,13.985],[-29.485,-3.005],[-29.485,-12.619],[-25.505,-16.599],[-21.515,-12.619],[-21.515,-3.005],[-14.505,5.605],[-14.505,2.135],[-11.365,-1.005],[-4.635,-1.005],[-1.505,2.135]],"c":true}]},{"i":{"x":0.667,"y":1},"o":{"x":0.333,"y":0},"t":118,"s":[{"i":[[0,0],[0,0],[0,0],[-1.73,0],[0,0],[0,-1.73],[0,0],[0,3.95],[0,0],[-2.2,0],[0,-2.2],[0,0],[9.92,0],[0,0],[0,9.36],[0,0],[-2.2,0],[0,-2.2],[0,0],[-4.1,-1.17],[0,0],[-1.73,0],[0,0],[0,-1.73]],"o":[[0,0],[0,0],[0,-1.73],[0,0],[1.73,0],[0,0],[4.11,-1.17],[0,0],[0,-2.2],[2.21,0],[0,0],[0,9.36],[0,0],[-9.91,0],[0,0],[0,-2.2],[2.21,0],[0,0],[0,3.95],[0,0],[0,-1.73],[0,0],[1.73,0],[0,0]],"v":[[-1.505,6.015],[1.495,6.015],[1.495,2.135],[4.635,-1.005],[11.365,-1.005],[14.495,2.135],[14.495,5.605],[21.515,-3.005],[21.515,-12.619],[25.495,-16.599],[29.485,-12.619],[29.485,-3.005],[11.495,13.985],[-11.505,13.985],[-29.485,-3.005],[-29.485,-12.619],[-25.505,-16.599],[-21.515,-12.619],[-21.515,-3.005],[-14.505,5.605],[-14.505,2.135],[-11.365,-1.005],[-4.635,-1.005],[-1.505,2.135]],"c":true}],"e":[{"i":[[0,0],[0,0],[0,0],[-1.73,0],[0,0],[0,-1.73],[0,0],[0,3.95],[0,0],[-2.2,0],[0,-2.2],[0,0],[9.92,0],[0,0],[0,9.36],[0,0],[-2.2,0],[0,-2.2],[0,0],[-4.1,-1.17],[0,0],[-1.73,0],[0,0],[0,-1.73]],"o":[[0,0],[0,0],[0,-1.73],[0,0],[1.73,0],[0,0],[4.11,-1.17],[0,0],[0,-2.2],[2.21,0],[0,0],[0,9.36],[0,0],[-9.91,0],[0,0],[0,-2.2],[2.21,0],[0,0],[0,3.95],[0,0],[0,-1.73],[0,0],[1.73,0],[0,0]],"v":[[-1.505,6.015],[1.495,6.015],[1.495,2.135],[4.635,-1.005],[11.365,-1.005],[14.495,2.135],[14.495,5.605],[21.515,-3.005],[21.515,-15.251],[25.495,-19.231],[29.485,-15.251],[29.485,-3.005],[11.495,13.985],[-11.505,13.985],[-29.485,-3.005],[-29.485,-15.251],[-25.505,-19.231],[-21.515,-15.251],[-21.515,-3.005],[-14.505,5.605],[-14.505,2.135],[-11.365,-1.005],[-4.635,-1.005],[-1.505,2.135]],"c":true}]},{"i":{"x":0.667,"y":1},"o":{"x":0.333,"y":0},"t":124,"s":[{"i":[[0,0],[0,0],[0,0],[-1.73,0],[0,0],[0,-1.73],[0,0],[0,3.95],[0,0],[-2.2,0],[0,-2.2],[0,0],[9.92,0],[0,0],[0,9.36],[0,0],[-2.2,0],[0,-2.2],[0,0],[-4.1,-1.17],[0,0],[-1.73,0],[0,0],[0,-1.73]],"o":[[0,0],[0,0],[0,-1.73],[0,0],[1.73,0],[0,0],[4.11,-1.17],[0,0],[0,-2.2],[2.21,0],[0,0],[0,9.36],[0,0],[-9.91,0],[0,0],[0,-2.2],[2.21,0],[0,0],[0,3.95],[0,0],[0,-1.73],[0,0],[1.73,0],[0,0]],"v":[[-1.505,6.015],[1.495,6.015],[1.495,2.135],[4.635,-1.005],[11.365,-1.005],[14.495,2.135],[14.495,5.605],[21.515,-3.005],[21.515,-15.251],[25.495,-19.231],[29.485,-15.251],[29.485,-3.005],[11.495,13.985],[-11.505,13.985],[-29.485,-3.005],[-29.485,-15.251],[-25.505,-19.231],[-21.515,-15.251],[-21.515,-3.005],[-14.505,5.605],[-14.505,2.135],[-11.365,-1.005],[-4.635,-1.005],[-1.505,2.135]],"c":true}],"e":[{"i":[[0,0],[0,0],[0,0],[-1.73,0],[0,0],[0,-1.73],[0,0],[0,3.95],[0,0],[-2.2,0],[0,-2.2],[0,0],[9.92,0],[0,0],[0,9.36],[0,0],[-2.2,0],[0,-2.2],[0,0],[-4.1,-1.17],[0,0],[-1.73,0],[0,0],[0,-1.73]],"o":[[0,0],[0,0],[0,-1.73],[0,0],[1.73,0],[0,0],[4.11,-1.17],[0,0],[0,-2.2],[2.21,0],[0,0],[0,9.36],[0,0],[-9.91,0],[0,0],[0,-2.2],[2.21,0],[0,0],[0,3.95],[0,0],[0,-1.73],[0,0],[1.73,0],[0,0]],"v":[[-1.505,6.015],[1.495,6.015],[1.495,2.135],[4.635,-1.005],[11.365,-1.005],[14.495,2.135],[14.495,5.605],[21.515,-3.005],[21.515,-12.619],[25.495,-16.599],[29.485,-12.619],[29.485,-3.005],[11.495,13.985],[-11.505,13.985],[-29.485,-3.005],[-29.485,-12.619],[-25.505,-16.599],[-21.515,-12.619],[-21.515,-3.005],[-14.505,5.605],[-14.505,2.135],[-11.365,-1.005],[-4.635,-1.005],[-1.505,2.135]],"c":true}]},{"i":{"x":0.667,"y":1},"o":{"x":0.333,"y":0},"t":130,"s":[{"i":[[0,0],[0,0],[0,0],[-1.73,0],[0,0],[0,-1.73],[0,0],[0,3.95],[0,0],[-2.2,0],[0,-2.2],[0,0],[9.92,0],[0,0],[0,9.36],[0,0],[-2.2,0],[0,-2.2],[0,0],[-4.1,-1.17],[0,0],[-1.73,0],[0,0],[0,-1.73]],"o":[[0,0],[0,0],[0,-1.73],[0,0],[1.73,0],[0,0],[4.11,-1.17],[0,0],[0,-2.2],[2.21,0],[0,0],[0,9.36],[0,0],[-9.91,0],[0,0],[0,-2.2],[2.21,0],[0,0],[0,3.95],[0,0],[0,-1.73],[0,0],[1.73,0],[0,0]],"v":[[-1.505,6.015],[1.495,6.015],[1.495,2.135],[4.635,-1.005],[11.365,-1.005],[14.495,2.135],[14.495,5.605],[21.515,-3.005],[21.515,-12.619],[25.495,-16.599],[29.485,-12.619],[29.485,-3.005],[11.495,13.985],[-11.505,13.985],[-29.485,-3.005],[-29.485,-12.619],[-25.505,-16.599],[-21.515,-12.619],[-21.515,-3.005],[-14.505,5.605],[-14.505,2.135],[-11.365,-1.005],[-4.635,-1.005],[-1.505,2.135]],"c":true}],"e":[{"i":[[0,0],[0,0],[0,0],[-1.73,0],[0,0],[0,-1.73],[0,0],[0,3.95],[0,0],[-2.2,0],[0,-2.2],[0,0],[9.92,0],[0,0],[0,9.36],[0,0],[-2.2,0],[0,-2.2],[0,0],[-4.1,-1.17],[0,0],[-1.73,0],[0,0],[0,-1.73]],"o":[[0,0],[0,0],[0,-1.73],[0,0],[1.73,0],[0,0],[4.11,-1.17],[0,0],[0,-2.2],[2.21,0],[0,0],[0,9.36],[0,0],[-9.91,0],[0,0],[0,-2.2],[2.21,0],[0,0],[0,3.95],[0,0],[0,-1.73],[0,0],[1.73,0],[0,0]],"v":[[-1.505,6.015],[1.495,6.015],[1.495,2.135],[4.635,-1.005],[11.365,-1.005],[14.495,2.135],[14.495,5.605],[21.515,-3.005],[21.515,-15.251],[25.495,-19.231],[29.485,-15.251],[29.485,-3.005],[11.495,13.985],[-11.505,13.985],[-29.485,-3.005],[-29.485,-15.251],[-25.505,-19.231],[-21.515,-15.251],[-21.515,-3.005],[-14.505,5.605],[-14.505,2.135],[-11.365,-1.005],[-4.635,-1.005],[-1.505,2.135]],"c":true}]},{"i":{"x":0.667,"y":1},"o":{"x":0.333,"y":0},"t":136,"s":[{"i":[[0,0],[0,0],[0,0],[-1.73,0],[0,0],[0,-1.73],[0,0],[0,3.95],[0,0],[-2.2,0],[0,-2.2],[0,0],[9.92,0],[0,0],[0,9.36],[0,0],[-2.2,0],[0,-2.2],[0,0],[-4.1,-1.17],[0,0],[-1.73,0],[0,0],[0,-1.73]],"o":[[0,0],[0,0],[0,-1.73],[0,0],[1.73,0],[0,0],[4.11,-1.17],[0,0],[0,-2.2],[2.21,0],[0,0],[0,9.36],[0,0],[-9.91,0],[0,0],[0,-2.2],[2.21,0],[0,0],[0,3.95],[0,0],[0,-1.73],[0,0],[1.73,0],[0,0]],"v":[[-1.505,6.015],[1.495,6.015],[1.495,2.135],[4.635,-1.005],[11.365,-1.005],[14.495,2.135],[14.495,5.605],[21.515,-3.005],[21.515,-15.251],[25.495,-19.231],[29.485,-15.251],[29.485,-3.005],[11.495,13.985],[-11.505,13.985],[-29.485,-3.005],[-29.485,-15.251],[-25.505,-19.231],[-21.515,-15.251],[-21.515,-3.005],[-14.505,5.605],[-14.505,2.135],[-11.365,-1.005],[-4.635,-1.005],[-1.505,2.135]],"c":true}],"e":[{"i":[[0,0],[0,0],[0,0],[-1.73,0],[0,0],[0,-1.73],[0,0],[0,3.95],[0,0],[-2.2,0],[0,-2.2],[0,0],[9.92,0],[0,0],[0,9.36],[0,0],[-2.2,0],[0,-2.2],[0,0],[-4.1,-1.17],[0,0],[-1.73,0],[0,0],[0,-1.73]],"o":[[0,0],[0,0],[0,-1.73],[0,0],[1.73,0],[0,0],[4.11,-1.17],[0,0],[0,-2.2],[2.21,0],[0,0],[0,9.36],[0,0],[-9.91,0],[0,0],[0,-2.2],[2.21,0],[0,0],[0,3.95],[0,0],[0,-1.73],[0,0],[1.73,0],[0,0]],"v":[[-1.505,6.015],[1.495,6.015],[1.495,2.135],[4.635,-1.005],[11.365,-1.005],[14.495,2.135],[14.495,5.605],[21.515,-3.005],[21.515,-12.619],[25.495,-16.599],[29.485,-12.619],[29.485,-3.005],[11.495,13.985],[-11.505,13.985],[-29.485,-3.005],[-29.485,-12.619],[-25.505,-16.599],[-21.515,-12.619],[-21.515,-3.005],[-14.505,5.605],[-14.505,2.135],[-11.365,-1.005],[-4.635,-1.005],[-1.505,2.135]],"c":true}]},{"i":{"x":0.667,"y":1},"o":{"x":0.333,"y":0},"t":142,"s":[{"i":[[0,0],[0,0],[0,0],[-1.73,0],[0,0],[0,-1.73],[0,0],[0,3.95],[0,0],[-2.2,0],[0,-2.2],[0,0],[9.92,0],[0,0],[0,9.36],[0,0],[-2.2,0],[0,-2.2],[0,0],[-4.1,-1.17],[0,0],[-1.73,0],[0,0],[0,-1.73]],"o":[[0,0],[0,0],[0,-1.73],[0,0],[1.73,0],[0,0],[4.11,-1.17],[0,0],[0,-2.2],[2.21,0],[0,0],[0,9.36],[0,0],[-9.91,0],[0,0],[0,-2.2],[2.21,0],[0,0],[0,3.95],[0,0],[0,-1.73],[0,0],[1.73,0],[0,0]],"v":[[-1.505,6.015],[1.495,6.015],[1.495,2.135],[4.635,-1.005],[11.365,-1.005],[14.495,2.135],[14.495,5.605],[21.515,-3.005],[21.515,-12.619],[25.495,-16.599],[29.485,-12.619],[29.485,-3.005],[11.495,13.985],[-11.505,13.985],[-29.485,-3.005],[-29.485,-12.619],[-25.505,-16.599],[-21.515,-12.619],[-21.515,-3.005],[-14.505,5.605],[-14.505,2.135],[-11.365,-1.005],[-4.635,-1.005],[-1.505,2.135]],"c":true}],"e":[{"i":[[0,0],[0,0],[0,0],[-1.73,0],[0,0],[0,-1.73],[0,0],[0,3.95],[0,0],[-2.2,0],[0,-2.2],[0,0],[9.92,0],[0,0],[0,9.36],[0,0],[-2.2,0],[0,-2.2],[0,0],[-4.1,-1.17],[0,0],[-1.73,0],[0,0],[0,-1.73]],"o":[[0,0],[0,0],[0,-1.73],[0,0],[1.73,0],[0,0],[4.11,-1.17],[0,0],[0,-2.2],[2.21,0],[0,0],[0,9.36],[0,0],[-9.91,0],[0,0],[0,-2.2],[2.21,0],[0,0],[0,3.95],[0,0],[0,-1.73],[0,0],[1.73,0],[0,0]],"v":[[-1.505,6.015],[1.495,6.015],[1.495,2.135],[4.635,-1.005],[11.365,-1.005],[14.495,2.135],[14.495,5.605],[21.515,-3.005],[21.515,-15.251],[25.495,-19.231],[29.485,-15.251],[29.485,-3.005],[11.495,13.985],[-11.505,13.985],[-29.485,-3.005],[-29.485,-15.251],[-25.505,-19.231],[-21.515,-15.251],[-21.515,-3.005],[-14.505,5.605],[-14.505,2.135],[-11.365,-1.005],[-4.635,-1.005],[-1.505,2.135]],"c":true}]},{"i":{"x":0.667,"y":1},"o":{"x":0.333,"y":0},"t":148,"s":[{"i":[[0,0],[0,0],[0,0],[-1.73,0],[0,0],[0,-1.73],[0,0],[0,3.95],[0,0],[-2.2,0],[0,-2.2],[0,0],[9.92,0],[0,0],[0,9.36],[0,0],[-2.2,0],[0,-2.2],[0,0],[-4.1,-1.17],[0,0],[-1.73,0],[0,0],[0,-1.73]],"o":[[0,0],[0,0],[0,-1.73],[0,0],[1.73,0],[0,0],[4.11,-1.17],[0,0],[0,-2.2],[2.21,0],[0,0],[0,9.36],[0,0],[-9.91,0],[0,0],[0,-2.2],[2.21,0],[0,0],[0,3.95],[0,0],[0,-1.73],[0,0],[1.73,0],[0,0]],"v":[[-1.505,6.015],[1.495,6.015],[1.495,2.135],[4.635,-1.005],[11.365,-1.005],[14.495,2.135],[14.495,5.605],[21.515,-3.005],[21.515,-15.251],[25.495,-19.231],[29.485,-15.251],[29.485,-3.005],[11.495,13.985],[-11.505,13.985],[-29.485,-3.005],[-29.485,-15.251],[-25.505,-19.231],[-21.515,-15.251],[-21.515,-3.005],[-14.505,5.605],[-14.505,2.135],[-11.365,-1.005],[-4.635,-1.005],[-1.505,2.135]],"c":true}],"e":[{"i":[[0,0],[0,0],[0,0],[-1.73,0],[0,0],[0,-1.73],[0,0],[0,3.95],[0,0],[-2.2,0],[0,-2.2],[0,0],[9.92,0],[0,0],[0,9.36],[0,0],[-2.2,0],[0,-2.2],[0,0],[-4.1,-1.17],[0,0],[-1.73,0],[0,0],[0,-1.73]],"o":[[0,0],[0,0],[0,-1.73],[0,0],[1.73,0],[0,0],[4.11,-1.17],[0,0],[0,-2.2],[2.21,0],[0,0],[0,9.36],[0,0],[-9.91,0],[0,0],[0,-2.2],[2.21,0],[0,0],[0,3.95],[0,0],[0,-1.73],[0,0],[1.73,0],[0,0]],"v":[[-1.505,6.015],[1.495,6.015],[1.495,2.135],[4.635,-1.005],[11.365,-1.005],[14.495,2.135],[14.495,5.605],[21.515,-3.005],[21.515,-12.619],[25.495,-16.599],[29.485,-12.619],[29.485,-3.005],[11.495,13.985],[-11.505,13.985],[-29.485,-3.005],[-29.485,-12.619],[-25.505,-16.599],[-21.515,-12.619],[-21.515,-3.005],[-14.505,5.605],[-14.505,2.135],[-11.365,-1.005],[-4.635,-1.005],[-1.505,2.135]],"c":true}]},{"i":{"x":0.667,"y":1},"o":{"x":0.333,"y":0},"t":154,"s":[{"i":[[0,0],[0,0],[0,0],[-1.73,0],[0,0],[0,-1.73],[0,0],[0,3.95],[0,0],[-2.2,0],[0,-2.2],[0,0],[9.92,0],[0,0],[0,9.36],[0,0],[-2.2,0],[0,-2.2],[0,0],[-4.1,-1.17],[0,0],[-1.73,0],[0,0],[0,-1.73]],"o":[[0,0],[0,0],[0,-1.73],[0,0],[1.73,0],[0,0],[4.11,-1.17],[0,0],[0,-2.2],[2.21,0],[0,0],[0,9.36],[0,0],[-9.91,0],[0,0],[0,-2.2],[2.21,0],[0,0],[0,3.95],[0,0],[0,-1.73],[0,0],[1.73,0],[0,0]],"v":[[-1.505,6.015],[1.495,6.015],[1.495,2.135],[4.635,-1.005],[11.365,-1.005],[14.495,2.135],[14.495,5.605],[21.515,-3.005],[21.515,-12.619],[25.495,-16.599],[29.485,-12.619],[29.485,-3.005],[11.495,13.985],[-11.505,13.985],[-29.485,-3.005],[-29.485,-12.619],[-25.505,-16.599],[-21.515,-12.619],[-21.515,-3.005],[-14.505,5.605],[-14.505,2.135],[-11.365,-1.005],[-4.635,-1.005],[-1.505,2.135]],"c":true}],"e":[{"i":[[0,0],[0,0],[0,0],[-1.73,0],[0,0],[0,-1.73],[0,0],[0,3.95],[0,0],[-2.2,0],[0,-2.2],[0,0],[9.92,0],[0,0],[0,9.36],[0,0],[-2.2,0],[0,-2.2],[0,0],[-4.1,-1.17],[0,0],[-1.73,0],[0,0],[0,-1.73]],"o":[[0,0],[0,0],[0,-1.73],[0,0],[1.73,0],[0,0],[4.11,-1.17],[0,0],[0,-2.2],[2.21,0],[0,0],[0,9.36],[0,0],[-9.91,0],[0,0],[0,-2.2],[2.21,0],[0,0],[0,3.95],[0,0],[0,-1.73],[0,0],[1.73,0],[0,0]],"v":[[-1.505,6.015],[1.495,6.015],[1.495,2.135],[4.635,-1.005],[11.365,-1.005],[14.495,2.135],[14.495,5.605],[21.515,-3.005],[21.637,-12.882],[25.617,-16.862],[29.607,-12.882],[29.485,-3.005],[11.495,13.985],[-11.505,13.985],[-29.485,-3.005],[-29.363,-12.882],[-25.383,-16.862],[-21.393,-12.882],[-21.515,-3.005],[-14.505,5.605],[-14.505,2.135],[-11.365,-1.005],[-4.635,-1.005],[-1.505,2.135]],"c":true}]},{"i":{"x":0.667,"y":1},"o":{"x":0.333,"y":0},"t":160,"s":[{"i":[[0,0],[0,0],[0,0],[-1.73,0],[0,0],[0,-1.73],[0,0],[0,3.95],[0,0],[-2.2,0],[0,-2.2],[0,0],[9.92,0],[0,0],[0,9.36],[0,0],[-2.2,0],[0,-2.2],[0,0],[-4.1,-1.17],[0,0],[-1.73,0],[0,0],[0,-1.73]],"o":[[0,0],[0,0],[0,-1.73],[0,0],[1.73,0],[0,0],[4.11,-1.17],[0,0],[0,-2.2],[2.21,0],[0,0],[0,9.36],[0,0],[-9.91,0],[0,0],[0,-2.2],[2.21,0],[0,0],[0,3.95],[0,0],[0,-1.73],[0,0],[1.73,0],[0,0]],"v":[[-1.505,6.015],[1.495,6.015],[1.495,2.135],[4.635,-1.005],[11.365,-1.005],[14.495,2.135],[14.495,5.605],[21.515,-3.005],[21.637,-12.882],[25.617,-16.862],[29.607,-12.882],[29.485,-3.005],[11.495,13.985],[-11.505,13.985],[-29.485,-3.005],[-29.363,-12.882],[-25.383,-16.862],[-21.393,-12.882],[-21.515,-3.005],[-14.505,5.605],[-14.505,2.135],[-11.365,-1.005],[-4.635,-1.005],[-1.505,2.135]],"c":true}],"e":[{"i":[[0,0],[0,0],[0,0],[-1.73,0],[0,0],[0,-1.73],[0,0],[0,3.95],[0,0],[-2.2,0],[0,-2.2],[0,0],[9.92,0],[0,0],[0,9.36],[0,0],[-2.2,0],[0,-2.2],[0,0],[-4.1,-1.17],[0,0],[-1.73,0],[0,0],[0,-1.73]],"o":[[0,0],[0,0],[0,-1.73],[0,0],[1.73,0],[0,0],[4.11,-1.17],[0,0],[0,-2.2],[2.21,0],[0,0],[0,9.36],[0,0],[-9.91,0],[0,0],[0,-2.2],[2.21,0],[0,0],[0,3.95],[0,0],[0,-1.73],[0,0],[1.73,0],[0,0]],"v":[[-1.505,6.015],[1.495,6.015],[1.495,2.135],[4.635,-1.005],[11.365,-1.005],[14.495,2.135],[14.495,5.605],[21.515,-3.005],[21.515,-7.418],[25.495,-11.398],[29.485,-7.418],[29.485,-3.005],[11.495,13.985],[-11.505,13.985],[-29.485,-3.005],[-29.485,-7.418],[-25.505,-11.398],[-21.515,-7.418],[-21.515,-3.005],[-14.505,5.605],[-14.505,2.135],[-11.365,-1.005],[-4.635,-1.005],[-1.505,2.135]],"c":true}]},{"i":{"x":0.667,"y":1},"o":{"x":0.333,"y":0},"t":166,"s":[{"i":[[0,0],[0,0],[0,0],[-1.73,0],[0,0],[0,-1.73],[0,0],[0,3.95],[0,0],[-2.2,0],[0,-2.2],[0,0],[9.92,0],[0,0],[0,9.36],[0,0],[-2.2,0],[0,-2.2],[0,0],[-4.1,-1.17],[0,0],[-1.73,0],[0,0],[0,-1.73]],"o":[[0,0],[0,0],[0,-1.73],[0,0],[1.73,0],[0,0],[4.11,-1.17],[0,0],[0,-2.2],[2.21,0],[0,0],[0,9.36],[0,0],[-9.91,0],[0,0],[0,-2.2],[2.21,0],[0,0],[0,3.95],[0,0],[0,-1.73],[0,0],[1.73,0],[0,0]],"v":[[-1.505,6.015],[1.495,6.015],[1.495,2.135],[4.635,-1.005],[11.365,-1.005],[14.495,2.135],[14.495,5.605],[21.515,-3.005],[21.515,-7.418],[25.495,-11.398],[29.485,-7.418],[29.485,-3.005],[11.495,13.985],[-11.505,13.985],[-29.485,-3.005],[-29.485,-7.418],[-25.505,-11.398],[-21.515,-7.418],[-21.515,-3.005],[-14.505,5.605],[-14.505,2.135],[-11.365,-1.005],[-4.635,-1.005],[-1.505,2.135]],"c":true}],"e":[{"i":[[0,0],[0,0],[0,0],[-1.73,0],[0,0],[0,-1.73],[0,0],[0,3.95],[0,0],[-2.2,0],[0,-2.2],[0,0],[9.92,0],[0,0],[0,9.36],[0,0],[-2.2,0],[0,-2.2],[0,0],[-4.1,-1.17],[0,0],[-1.73,0],[0,0],[0,-1.73]],"o":[[0,0],[0,0],[0,-1.73],[0,0],[1.73,0],[0,0],[4.11,-1.17],[0,0],[0,-2.2],[2.21,0],[0,0],[0,9.36],[0,0],[-9.91,0],[0,0],[0,-2.2],[2.21,0],[0,0],[0,3.95],[0,0],[0,-1.73],[0,0],[1.73,0],[0,0]],"v":[[-1.505,6.015],[1.495,6.015],[1.495,2.135],[4.635,-1.005],[11.365,-1.005],[14.495,2.135],[14.495,5.605],[21.515,-3.005],[21.515,-10.005],[25.495,-13.985],[29.485,-10.005],[29.485,-3.005],[11.495,13.985],[-11.505,13.985],[-29.485,-3.005],[-29.485,-10.005],[-25.505,-13.985],[-21.515,-10.005],[-21.515,-3.005],[-14.505,5.605],[-14.505,2.135],[-11.365,-1.005],[-4.635,-1.005],[-1.505,2.135]],"c":true}]},{"t":175}],"ix":2},"nm":"Path 1","mn":"ADBE Vector Shape - Group","hd":false},{"ty":"fl","c":{"a":0,"k":[1,1,1,1],"ix":4},"o":{"a":0,"k":100,"ix":5},"r":1,"bm":0,"nm":"Fill 1","mn":"ADBE Vector Graphic - Fill","hd":false},{"ty":"tr","p":{"a":0,"k":[0,0],"ix":2},"a":{"a":0,"k":[0,0],"ix":1},"s":{"a":0,"k":[400,400],"ix":3},"r":{"a":0,"k":0,"ix":6},"o":{"a":0,"k":100,"ix":7},"sk":{"a":0,"k":0,"ix":4},"sa":{"a":0,"k":0,"ix":5},"nm":"Transform"}],"nm":"jaw","np":2,"cix":2,"bm":0,"ix":1,"mn":"ADBE Vector Group","hd":false}],"ip":0,"op":300,"st":0,"bm":0},{"ddd":0,"ind":7,"ty":4,"nm":"HEAD","sr":1,"ks":{"o":{"a":0,"k":100,"ix":11},"r":{"a":0,"k":0,"ix":10},"p":{"s":true,"x":{"a":0,"k":270,"ix":3},"y":{"a":1,"k":[{"i":{"x":[0.667],"y":[1]},"o":{"x":[0.333],"y":[0]},"t":50,"s":[77],"e":[77]},{"i":{"x":[0.667],"y":[1]},"o":{"x":[0.333],"y":[0]},"t":65,"s":[77],"e":[90.866]},{"i":{"x":[0.667],"y":[1]},"o":{"x":[0.333],"y":[0]},"t":70,"s":[90.866],"e":[41]},{"i":{"x":[0.667],"y":[1]},"o":{"x":[0.333],"y":[0]},"t":77,"s":[41],"e":[48.1]},{"i":{"x":[0.667],"y":[1]},"o":{"x":[0.333],"y":[0]},"t":83,"s":[48.1],"e":[41]},{"i":{"x":[0.667],"y":[1]},"o":{"x":[0.333],"y":[0]},"t":89,"s":[41],"e":[48.1]},{"i":{"x":[0.667],"y":[1]},"o":{"x":[0.333],"y":[0]},"t":95,"s":[48.1],"e":[41]},{"i":{"x":[0.667],"y":[1]},"o":{"x":[0.333],"y":[0]},"t":101,"s":[41],"e":[48.1]},{"i":{"x":[0.667],"y":[1]},"o":{"x":[0.333],"y":[0]},"t":107,"s":[48.1],"e":[41]},{"i":{"x":[0.667],"y":[1]},"o":{"x":[0.333],"y":[0]},"t":113,"s":[41],"e":[48.1]},{"i":{"x":[0.667],"y":[1]},"o":{"x":[0.333],"y":[0]},"t":119,"s":[48.1],"e":[41]},{"i":{"x":[0.667],"y":[1]},"o":{"x":[0.333],"y":[0]},"t":125,"s":[41],"e":[48.1]},{"i":{"x":[0.667],"y":[1]},"o":{"x":[0.333],"y":[0]},"t":131,"s":[48.1],"e":[41]},{"i":{"x":[0.667],"y":[1]},"o":{"x":[0.333],"y":[0]},"t":137,"s":[41],"e":[48.1]},{"i":{"x":[0.667],"y":[1]},"o":{"x":[0.333],"y":[0]},"t":143,"s":[48.1],"e":[41]},{"i":{"x":[0.667],"y":[1]},"o":{"x":[0.333],"y":[0]},"t":149,"s":[41],"e":[48.1]},{"i":{"x":[0.667],"y":[1]},"o":{"x":[0.333],"y":[0]},"t":155,"s":[48.1],"e":[35.576]},{"i":{"x":[0.667],"y":[1]},"o":{"x":[0.333],"y":[0]},"t":161,"s":[35.576],"e":[79.201]},{"i":{"x":[0.667],"y":[1]},"o":{"x":[0.333],"y":[0]},"t":174,"s":[79.201],"e":[77]},{"t":190}],"ix":4}},"a":{"a":0,"k":[0,-147,0],"ix":1},"s":{"a":1,"k":[{"i":{"x":[0.667,0.667,0.667],"y":[1,1,1]},"o":{"x":[0.333,0.333,0.333],"y":[0,0,0]},"t":63,"s":[100,100,100],"e":[100,100.569,100]},{"i":{"x":[0.667,0.667,0.667],"y":[1,1,1]},"o":{"x":[0.333,0.333,0.333],"y":[0,0,0]},"t":68,"s":[100,100.569,100],"e":[100,95,100]},{"i":{"x":[0.667,0.667,0.667],"y":[1,1,1]},"o":{"x":[0.333,0.333,0.333],"y":[0,0,0]},"t":75,"s":[100,95,100],"e":[100,95,100]},{"i":{"x":[0.667,0.667,0.667],"y":[1,1,1]},"o":{"x":[0.333,0.333,0.333],"y":[0,0,0]},"t":161,"s":[100,95,100],"e":[100,100,100]},{"t":174}],"ix":6}},"ao":0,"shapes":[{"ty":"gr","it":[{"ind":0,"ty":"sh","ix":1,"ks":{"a":1,"k":[{"i":{"x":0.667,"y":1},"o":{"x":0.333,"y":0},"t":63,"s":[{"i":[[0,0],[0,0],[1.74,0],[0,0],[0,1.74],[0,0],[0,0],[0,0],[1.74,0],[0,0],[0,1.74],[0,0],[0,0],[0,5.25],[-4.03,1.1],[0,0],[-17.61,0],[0,0],[0,-17.61],[0,0],[0,-4.38],[5.25,0],[0,0]],"o":[[0,0],[0,1.74],[0,0],[-1.74,0],[0,0],[0,0],[0,0],[0,1.74],[0,0],[-1.74,0],[0,0],[0,0],[-5.25,0],[0,-4.38],[0,0],[0,-17.61],[0,0],[17.61,0],[0,0],[4.03,1.1],[0,5.25],[0,0],[0,0]],"v":[[15.5,27],[15.5,30.86],[12.36,34],[5.64,34],[2.5,30.86],[2.5,27],[-2.5,27],[-2.5,33.86],[-5.64,37],[-12.36,37],[-15.5,33.86],[-15.5,27],[-30,27],[-39.5,17.5],[-32.5,8.33],[-32.5,-5.12],[-0.62,-37],[0.62,-37],[32.5,-5.12],[32.5,8.33],[39.5,17.5],[30,27],[15.5,27]],"c":true}],"e":[{"i":[[0,0],[0,0],[1.74,0],[0,0],[0,1.74],[0,0],[0,0],[0,0],[1.74,0],[0,0],[0,1.74],[0,0],[0,0],[0,5.25],[-4.03,1.1],[0,0],[-17.61,0],[0,0],[0,-17.61],[0,0],[0,-4.38],[5.25,0],[0,0]],"o":[[0,0],[0,1.74],[0,0],[-1.74,0],[0,0],[0,0],[0,0],[0,1.74],[0,0],[-1.74,0],[0,0],[0,0],[-5.25,0],[0,-4.38],[0,0],[0,-17.61],[0,0],[17.61,0],[0,0],[4.03,1.1],[0,5.25],[0,0],[0,0]],"v":[[15.5,27],[15.5,30.86],[12.36,33.252],[5.64,33.252],[2.5,30.112],[2.5,27],[-2.5,27],[-2.5,33.112],[-5.64,36.252],[-12.36,36.252],[-15.5,33.112],[-15.5,27],[-30,27],[-39.5,17.5],[-32.5,8.33],[-32.5,-5.12],[-0.62,-37],[0.62,-37],[32.5,-5.12],[32.5,8.33],[39.5,17.5],[30,27],[15.5,27]],"c":true}]},{"i":{"x":0.667,"y":1},"o":{"x":0.333,"y":0},"t":69,"s":[{"i":[[0,0],[0,0],[1.74,0],[0,0],[0,1.74],[0,0],[0,0],[0,0],[1.74,0],[0,0],[0,1.74],[0,0],[0,0],[0,5.25],[-4.03,1.1],[0,0],[-17.61,0],[0,0],[0,-17.61],[0,0],[0,-4.38],[5.25,0],[0,0]],"o":[[0,0],[0,1.74],[0,0],[-1.74,0],[0,0],[0,0],[0,0],[0,1.74],[0,0],[-1.74,0],[0,0],[0,0],[-5.25,0],[0,-4.38],[0,0],[0,-17.61],[0,0],[17.61,0],[0,0],[4.03,1.1],[0,5.25],[0,0],[0,0]],"v":[[15.5,27],[15.5,30.86],[12.36,33.252],[5.64,33.252],[2.5,30.112],[2.5,27],[-2.5,27],[-2.5,33.112],[-5.64,36.252],[-12.36,36.252],[-15.5,33.112],[-15.5,27],[-30,27],[-39.5,17.5],[-32.5,8.33],[-32.5,-5.12],[-0.62,-37],[0.62,-37],[32.5,-5.12],[32.5,8.33],[39.5,17.5],[30,27],[15.5,27]],"c":true}],"e":[{"i":[[0,0],[0,0],[1.74,0],[0,0],[0,1.74],[0,0],[0,0],[0,0],[1.74,0],[0,0],[0,1.74],[0,0],[0,0],[0,5.25],[-4.03,1.1],[0,0],[-17.61,0],[0,0],[0,-17.61],[0,0],[0,-4.38],[5.25,0],[0,0]],"o":[[0,0],[0,1.74],[0,0],[-1.74,0],[0,0],[0,0],[0,0],[0,1.74],[0,0],[-1.74,0],[0,0],[0,0],[-5.25,0],[0,-4.38],[0,0],[0,-17.61],[0,0],[17.61,0],[0,0],[4.03,1.1],[0,5.25],[0,0],[0,0]],"v":[[15.5,27],[15.5,28.237],[12.36,31.377],[5.64,31.377],[2.5,28.237],[2.5,27],[-2.5,27],[-2.5,31.237],[-5.64,34.377],[-12.36,34.377],[-15.5,31.237],[-15.5,27],[-30,27],[-39.5,17.5],[-32.5,8.33],[-32.5,-5.12],[-0.62,-37],[0.62,-37],[32.5,-5.12],[32.5,8.33],[39.5,17.5],[30,27],[15.5,27]],"c":true}]},{"i":{"x":0.667,"y":1},"o":{"x":0.333,"y":0},"t":74,"s":[{"i":[[0,0],[0,0],[1.74,0],[0,0],[0,1.74],[0,0],[0,0],[0,0],[1.74,0],[0,0],[0,1.74],[0,0],[0,0],[0,5.25],[-4.03,1.1],[0,0],[-17.61,0],[0,0],[0,-17.61],[0,0],[0,-4.38],[5.25,0],[0,0]],"o":[[0,0],[0,1.74],[0,0],[-1.74,0],[0,0],[0,0],[0,0],[0,1.74],[0,0],[-1.74,0],[0,0],[0,0],[-5.25,0],[0,-4.38],[0,0],[0,-17.61],[0,0],[17.61,0],[0,0],[4.03,1.1],[0,5.25],[0,0],[0,0]],"v":[[15.5,27],[15.5,28.237],[12.36,31.377],[5.64,31.377],[2.5,28.237],[2.5,27],[-2.5,27],[-2.5,31.237],[-5.64,34.377],[-12.36,34.377],[-15.5,31.237],[-15.5,27],[-30,27],[-39.5,17.5],[-32.5,8.33],[-32.5,-5.12],[-0.62,-37],[0.62,-37],[32.5,-5.12],[32.5,8.33],[39.5,17.5],[30,27],[15.5,27]],"c":true}],"e":[{"i":[[0,0],[0,0],[1.74,0],[0,0],[0,1.74],[0,0],[0,0],[0,0],[1.74,0],[0,0],[0,1.74],[0,0],[0,0],[0,5.25],[-4.03,1.1],[0,0],[-17.61,0],[0,0],[0,-17.61],[0,0],[0,-4.38],[5.25,0],[0,0]],"o":[[0,0],[0,1.74],[0,0],[-1.74,0],[0,0],[0,0],[0,0],[0,1.74],[0,0],[-1.74,0],[0,0],[0,0],[-5.25,0],[0,-4.38],[0,0],[0,-17.61],[0,0],[17.61,0],[0,0],[4.03,1.1],[0,5.25],[0,0],[0,0]],"v":[[15.5,27],[15.5,28.895],[12.36,32.035],[5.64,32.035],[2.5,28.895],[2.5,27],[-2.5,27],[-2.5,31.895],[-5.64,35.035],[-12.36,35.035],[-15.5,31.895],[-15.5,27],[-30,27],[-39.5,17.5],[-32.5,8.33],[-32.5,-5.12],[-0.62,-37],[0.62,-37],[32.5,-5.12],[32.5,8.33],[39.5,17.5],[30,27],[15.5,27]],"c":true}]},{"i":{"x":0.667,"y":1},"o":{"x":0.333,"y":0},"t":81,"s":[{"i":[[0,0],[0,0],[1.74,0],[0,0],[0,1.74],[0,0],[0,0],[0,0],[1.74,0],[0,0],[0,1.74],[0,0],[0,0],[0,5.25],[-4.03,1.1],[0,0],[-17.61,0],[0,0],[0,-17.61],[0,0],[0,-4.38],[5.25,0],[0,0]],"o":[[0,0],[0,1.74],[0,0],[-1.74,0],[0,0],[0,0],[0,0],[0,1.74],[0,0],[-1.74,0],[0,0],[0,0],[-5.25,0],[0,-4.38],[0,0],[0,-17.61],[0,0],[17.61,0],[0,0],[4.03,1.1],[0,5.25],[0,0],[0,0]],"v":[[15.5,27],[15.5,28.895],[12.36,32.035],[5.64,32.035],[2.5,28.895],[2.5,27],[-2.5,27],[-2.5,31.895],[-5.64,35.035],[-12.36,35.035],[-15.5,31.895],[-15.5,27],[-30,27],[-39.5,17.5],[-32.5,8.33],[-32.5,-5.12],[-0.62,-37],[0.62,-37],[32.5,-5.12],[32.5,8.33],[39.5,17.5],[30,27],[15.5,27]],"c":true}],"e":[{"i":[[0,0],[0,0],[1.74,0],[0,0],[0,1.74],[0,0],[0,0],[0,0],[1.74,0],[0,0],[0,1.74],[0,0],[0,0],[0,5.25],[-4.03,1.1],[0,0],[-17.61,0],[0,0],[0,-17.61],[0,0],[0,-4.38],[5.25,0],[0,0]],"o":[[0,0],[0,1.74],[0,0],[-1.74,0],[0,0],[0,0],[0,0],[0,1.74],[0,0],[-1.74,0],[0,0],[0,0],[-5.25,0],[0,-4.38],[0,0],[0,-17.61],[0,0],[17.61,0],[0,0],[4.03,1.1],[0,5.25],[0,0],[0,0]],"v":[[15.5,27],[15.5,28.895],[12.36,32.035],[5.64,32.035],[2.5,28.895],[2.5,27],[-2.5,27],[-2.5,31.895],[-5.64,35.035],[-12.36,35.035],[-15.5,31.895],[-15.5,27],[-30,27],[-39.5,17.5],[-32.5,8.33],[-32.5,-5.12],[-0.62,-37],[0.62,-37],[32.5,-5.12],[32.5,8.33],[39.5,17.5],[30,27],[15.5,27]],"c":true}]},{"i":{"x":0.667,"y":1},"o":{"x":0.333,"y":0},"t":165,"s":[{"i":[[0,0],[0,0],[1.74,0],[0,0],[0,1.74],[0,0],[0,0],[0,0],[1.74,0],[0,0],[0,1.74],[0,0],[0,0],[0,5.25],[-4.03,1.1],[0,0],[-17.61,0],[0,0],[0,-17.61],[0,0],[0,-4.38],[5.25,0],[0,0]],"o":[[0,0],[0,1.74],[0,0],[-1.74,0],[0,0],[0,0],[0,0],[0,1.74],[0,0],[-1.74,0],[0,0],[0,0],[-5.25,0],[0,-4.38],[0,0],[0,-17.61],[0,0],[17.61,0],[0,0],[4.03,1.1],[0,5.25],[0,0],[0,0]],"v":[[15.5,27],[15.5,28.895],[12.36,32.035],[5.64,32.035],[2.5,28.895],[2.5,27],[-2.5,27],[-2.5,31.895],[-5.64,35.035],[-12.36,35.035],[-15.5,31.895],[-15.5,27],[-30,27],[-39.5,17.5],[-32.5,8.33],[-32.5,-5.12],[-0.62,-37],[0.62,-37],[32.5,-5.12],[32.5,8.33],[39.5,17.5],[30,27],[15.5,27]],"c":true}],"e":[{"i":[[0,0],[0,0],[1.74,0],[0,0],[0,1.74],[0,0],[0,0],[0,0],[1.74,0],[0,0],[0,1.74],[0,0],[0,0],[0,5.25],[-4.03,1.1],[0,0],[-17.61,0],[0,0],[0,-17.61],[0,0],[0,-4.38],[5.25,0],[0,0]],"o":[[0,0],[0,1.74],[0,0],[-1.74,0],[0,0],[0,0],[0,0],[0,1.74],[0,0],[-1.74,0],[0,0],[0,0],[-5.25,0],[0,-4.38],[0,0],[0,-17.61],[0,0],[17.61,0],[0,0],[4.03,1.1],[0,5.25],[0,0],[0,0]],"v":[[15.5,27],[15.5,31.485],[12.36,33.877],[5.64,33.877],[2.5,30.737],[2.5,27],[-2.5,27],[-2.5,33.737],[-5.64,36.877],[-12.36,36.877],[-15.5,33.737],[-15.5,27],[-30,27],[-39.5,17.5],[-32.5,8.33],[-32.5,-5.12],[-0.62,-37],[0.62,-37],[32.5,-5.12],[32.5,8.33],[39.5,17.5],[30,27],[15.5,27]],"c":true}]},{"i":{"x":0.667,"y":1},"o":{"x":0.333,"y":0},"t":174,"s":[{"i":[[0,0],[0,0],[1.74,0],[0,0],[0,1.74],[0,0],[0,0],[0,0],[1.74,0],[0,0],[0,1.74],[0,0],[0,0],[0,5.25],[-4.03,1.1],[0,0],[-17.61,0],[0,0],[0,-17.61],[0,0],[0,-4.38],[5.25,0],[0,0]],"o":[[0,0],[0,1.74],[0,0],[-1.74,0],[0,0],[0,0],[0,0],[0,1.74],[0,0],[-1.74,0],[0,0],[0,0],[-5.25,0],[0,-4.38],[0,0],[0,-17.61],[0,0],[17.61,0],[0,0],[4.03,1.1],[0,5.25],[0,0],[0,0]],"v":[[15.5,27],[15.5,31.485],[12.36,33.877],[5.64,33.877],[2.5,30.737],[2.5,27],[-2.5,27],[-2.5,33.737],[-5.64,36.877],[-12.36,36.877],[-15.5,33.737],[-15.5,27],[-30,27],[-39.5,17.5],[-32.5,8.33],[-32.5,-5.12],[-0.62,-37],[0.62,-37],[32.5,-5.12],[32.5,8.33],[39.5,17.5],[30,27],[15.5,27]],"c":true}],"e":[{"i":[[0,0],[0,0],[1.74,0],[0,0],[0,1.74],[0,0],[0,0],[0,0],[1.74,0],[0,0],[0,1.74],[0,0],[0,0],[0,5.25],[-4.03,1.1],[0,0],[-17.61,0],[0,0],[0,-17.61],[0,0],[0,-4.38],[5.25,0],[0,0]],"o":[[0,0],[0,1.74],[0,0],[-1.74,0],[0,0],[0,0],[0,0],[0,1.74],[0,0],[-1.74,0],[0,0],[0,0],[-5.25,0],[0,-4.38],[0,0],[0,-17.61],[0,0],[17.61,0],[0,0],[4.03,1.1],[0,5.25],[0,0],[0,0]],"v":[[15.5,27],[15.5,30.86],[12.36,34],[5.64,34],[2.5,30.86],[2.5,27],[-2.5,27],[-2.5,33.86],[-5.64,37],[-12.36,37],[-15.5,33.86],[-15.5,27],[-30,27],[-39.5,17.5],[-32.5,8.33],[-32.5,-5.12],[-0.62,-37],[0.62,-37],[32.5,-5.12],[32.5,8.33],[39.5,17.5],[30,27],[15.5,27]],"c":true}]},{"t":183}],"ix":2},"nm":"Path 1","mn":"ADBE Vector Shape - Group","hd":false},{"ty":"fl","c":{"a":0,"k":[1,1,1,1],"ix":4},"o":{"a":0,"k":100,"ix":5},"r":1,"bm":0,"nm":"Fill 1","mn":"ADBE Vector Graphic - Fill","hd":false},{"ty":"tr","p":{"a":0,"k":[0,0],"ix":2},"a":{"a":0,"k":[0,0],"ix":1},"s":{"a":0,"k":[400,400],"ix":3},"r":{"a":0,"k":0,"ix":6},"o":{"a":0,"k":100,"ix":7},"sk":{"a":0,"k":0,"ix":4},"sa":{"a":0,"k":0,"ix":5},"nm":"Transform"}],"nm":"HEAD","np":2,"cix":2,"bm":0,"ix":1,"mn":"ADBE Vector Group","hd":false}],"ip":0,"op":300,"st":0,"bm":0}]}],"layers":[{"ddd":0,"ind":1,"ty":0,"nm":"41_SKULL","refId":"comp_0","sr":1,"ks":{"o":{"a":0,"k":100,"ix":11},"r":{"a":0,"k":0,"ix":10},"p":{"a":0,"k":[67.5,67.5,0],"ix":2},"a":{"a":0,"k":[270,270,0],"ix":1},"s":{"a":0,"k":[25,25,100],"ix":6}},"ao":0,"w":540,"h":540,"ip":0,"op":150,"st":-50,"bm":0}],"markers":[{"tm":150,"cm":"","dr":0}]}
