{"v":"5.5.2","fr":60,"ip":0,"op":190,"w":135,"h":135,"nm":"11_MAN EXPORT","ddd":0,"assets":[{"id":"comp_0","layers":[{"ddd":0,"ind":1,"ty":3,"nm":"Features Control NULL","parent":10,"sr":1,"ks":{"o":{"a":0,"k":0,"ix":11},"r":{"a":0,"k":0,"ix":10},"p":{"s":true,"x":{"a":0,"k":0,"ix":3},"y":{"a":1,"k":[{"i":{"x":[0.667],"y":[1]},"o":{"x":[0.167],"y":[0]},"t":0,"s":[-7],"e":[-7]},{"i":{"x":[0.667],"y":[1]},"o":{"x":[0.333],"y":[0]},"t":25,"s":[-7],"e":[-7]},{"i":{"x":[0.667],"y":[1]},"o":{"x":[0.333],"y":[0]},"t":63,"s":[-7],"e":[0]},{"i":{"x":[0.667],"y":[1]},"o":{"x":[0.333],"y":[0]},"t":70,"s":[0],"e":[-44.788]},{"i":{"x":[0.667],"y":[1]},"o":{"x":[0.333],"y":[0]},"t":80,"s":[-44.788],"e":[-40.857]},{"i":{"x":[0.688],"y":[1]},"o":{"x":[0.333],"y":[0]},"t":87,"s":[-40.857],"e":[-40.857]},{"i":{"x":[0.667],"y":[1]},"o":{"x":[0.333],"y":[0]},"t":143,"s":[-40.857],"e":[-44.788]},{"i":{"x":[0.667],"y":[1]},"o":{"x":[0.333],"y":[0]},"t":152,"s":[-44.788],"e":[-1.796]},{"i":{"x":[0.667],"y":[1]},"o":{"x":[0.333],"y":[0]},"t":159,"s":[-1.796],"e":[-7]},{"t":166}],"ix":4}},"a":{"a":0,"k":[0,0,0],"ix":1},"s":{"a":0,"k":[100,100,100],"ix":6}},"ao":0,"ip":0,"op":1000,"st":0,"bm":0},{"ddd":0,"ind":2,"ty":3,"nm":"Ear Control NULL","parent":10,"sr":1,"ks":{"o":{"a":0,"k":0,"ix":11},"r":{"a":0,"k":0,"ix":10},"p":{"s":true,"x":{"a":0,"k":-2,"ix":3},"y":{"a":1,"k":[{"i":{"x":[0.667],"y":[1]},"o":{"x":[0.167],"y":[0]},"t":0,"s":[-7],"e":[-7]},{"i":{"x":[0.667],"y":[1]},"o":{"x":[0.333],"y":[0]},"t":25,"s":[-7],"e":[-7]},{"i":{"x":[0.667],"y":[1]},"o":{"x":[0.333],"y":[0]},"t":63,"s":[-7],"e":[-7]},{"i":{"x":[0.667],"y":[1]},"o":{"x":[0.333],"y":[0]},"t":70,"s":[-7],"e":[7.853]},{"i":{"x":[0.597],"y":[1]},"o":{"x":[0.454],"y":[0]},"t":80,"s":[7.853],"e":[7.431]},{"i":{"x":[0.688],"y":[1]},"o":{"x":[0.245],"y":[0]},"t":87,"s":[7.431],"e":[7.431]},{"i":{"x":[0.667],"y":[1]},"o":{"x":[0.333],"y":[0]},"t":143,"s":[7.431],"e":[8.211]},{"i":{"x":[0.667],"y":[1]},"o":{"x":[0.333],"y":[0]},"t":152,"s":[8.211],"e":[-7]},{"i":{"x":[0.667],"y":[1]},"o":{"x":[0.167],"y":[0]},"t":159,"s":[-7],"e":[-7]},{"t":166}],"ix":4}},"a":{"a":0,"k":[0,0,0],"ix":1},"s":{"a":0,"k":[50,50,100],"ix":6}},"ao":0,"ip":0,"op":1000,"st":0,"bm":0},{"ddd":0,"ind":3,"ty":4,"nm":"Blink","parent":1,"sr":1,"ks":{"o":{"a":1,"k":[{"i":{"x":[0.833],"y":[0.833]},"o":{"x":[0.167],"y":[0.167]},"t":0,"s":[0],"e":[0]},{"t":25,"s":[0],"h":1},{"t":73,"s":[100],"h":1},{"t":146,"s":[100],"h":1},{"t":157,"s":[0],"h":1},{"t":205,"s":[100],"h":1},{"t":211,"s":[0],"h":1}],"ix":11},"r":{"a":0,"k":0,"ix":10},"p":{"s":true,"x":{"a":0,"k":-1,"ix":3},"y":{"a":1,"k":[{"t":25,"s":[-34],"h":1},{"t":205,"s":[-50],"h":1},{"t":211,"s":[-34],"h":1}],"ix":4}},"a":{"a":0,"k":[29,0,0],"ix":1},"s":{"a":1,"k":[{"t":25,"s":[100,100,100],"h":1},{"t":205,"s":[100,-100,100],"h":1}],"ix":6}},"ao":0,"shapes":[{"ty":"gr","it":[{"d":1,"ty":"el","s":{"a":0,"k":[40,40],"ix":2},"p":{"a":0,"k":[0,0],"ix":3},"nm":"Ellipse Path 1","mn":"ADBE Vector Shape - Ellipse","hd":false},{"ty":"tm","s":{"a":0,"k":30,"ix":1},"e":{"a":0,"k":70,"ix":2},"o":{"a":0,"k":180,"ix":3},"m":1,"ix":2,"nm":"Trim Paths 1","mn":"ADBE Vector Filter - Trim","hd":false},{"ty":"st","c":{"a":0,"k":[0.8,0.503846172258,0.4,1],"ix":3},"o":{"a":0,"k":100,"ix":4},"w":{"a":0,"k":12,"ix":5},"lc":2,"lj":1,"ml":4,"bm":0,"nm":"Stroke 1","mn":"ADBE Vector Graphic - Stroke","hd":false},{"ty":"tr","p":{"a":0,"k":[59.965,0.75],"ix":2},"a":{"a":0,"k":[0,0],"ix":1},"s":{"a":0,"k":[100,100],"ix":3},"r":{"a":0,"k":0,"ix":6},"o":{"a":0,"k":100,"ix":7},"sk":{"a":0,"k":0,"ix":4},"sa":{"a":0,"k":0,"ix":5},"nm":"Transform"}],"nm":"Group 2","np":3,"cix":2,"bm":0,"ix":1,"mn":"ADBE Vector Group","hd":false},{"ty":"gr","it":[{"d":1,"ty":"el","s":{"a":0,"k":[40,40],"ix":2},"p":{"a":0,"k":[0,0],"ix":3},"nm":"Ellipse Path 1","mn":"ADBE Vector Shape - Ellipse","hd":false},{"ty":"tm","s":{"a":0,"k":30,"ix":1},"e":{"a":0,"k":70,"ix":2},"o":{"a":0,"k":180,"ix":3},"m":1,"ix":2,"nm":"Trim Paths 1","mn":"ADBE Vector Filter - Trim","hd":false},{"ty":"st","c":{"a":0,"k":[0.8,0.503846172258,0.4,1],"ix":3},"o":{"a":0,"k":100,"ix":4},"w":{"a":0,"k":12,"ix":5},"lc":2,"lj":1,"ml":4,"bm":0,"nm":"Stroke 1","mn":"ADBE Vector Graphic - Stroke","hd":false},{"ty":"tr","p":{"a":0,"k":[-0.25,1],"ix":2},"a":{"a":0,"k":[0,0],"ix":1},"s":{"a":0,"k":[100,100],"ix":3},"r":{"a":0,"k":0,"ix":6},"o":{"a":0,"k":100,"ix":7},"sk":{"a":0,"k":0,"ix":4},"sa":{"a":0,"k":0,"ix":5},"nm":"Transform"}],"nm":"Group 1","np":3,"cix":2,"bm":0,"ix":2,"mn":"ADBE Vector Group","hd":false}],"ip":0,"op":1000,"st":0,"bm":0},{"ddd":0,"ind":4,"ty":4,"nm":"Mouth","parent":5,"sr":1,"ks":{"o":{"a":0,"k":100,"ix":11},"r":{"a":0,"k":0,"ix":10},"p":{"a":0,"k":[2,-2,0],"ix":2},"a":{"a":0,"k":[0,0,0],"ix":1},"s":{"a":0,"k":[100,100,100],"ix":6}},"ao":0,"shapes":[{"d":1,"ty":"el","s":{"a":1,"k":[{"i":{"x":[0.833,0.833],"y":[1,1]},"o":{"x":[0.167,0.167],"y":[0,0]},"t":0,"s":[102,121],"e":[102,121]},{"i":{"x":[0.667,0.667],"y":[0.673,0.793]},"o":{"x":[0.333,0.333],"y":[0,0]},"t":64,"s":[102,121],"e":[146,90.5]},{"i":{"x":[0.667,0.667],"y":[1,1]},"o":{"x":[0.333,0.333],"y":[3.6,-0.663]},"t":70,"s":[146,90.5],"e":[150,100]},{"i":{"x":[0.667,0.667],"y":[1,1]},"o":{"x":[0.167,0.167],"y":[0,0]},"t":76,"s":[150,100],"e":[150,100]},{"i":{"x":[0.667,0.667],"y":[1,1]},"o":{"x":[0.333,0.333],"y":[0,0]},"t":146,"s":[150,100],"e":[155.749,94.609]},{"i":{"x":[0.667,0.667],"y":[1,1]},"o":{"x":[0.333,0.333],"y":[0,0]},"t":153,"s":[155.749,94.609],"e":[100,127.926]},{"i":{"x":[0.667,0.667],"y":[1,1]},"o":{"x":[0.333,0.333],"y":[0,0]},"t":159,"s":[100,127.926],"e":[102,121]},{"t":164}],"ix":2},"p":{"a":0,"k":[0,0],"ix":3},"nm":"Ellipse Path 1","mn":"ADBE Vector Shape - Ellipse","hd":false},{"ty":"tm","s":{"a":1,"k":[{"i":{"x":[0.833],"y":[1]},"o":{"x":[0.167],"y":[0]},"t":0,"s":[42],"e":[42]},{"i":{"x":[0.667],"y":[1.1]},"o":{"x":[0.333],"y":[0]},"t":64,"s":[42],"e":[48]},{"i":{"x":[0.833],"y":[1]},"o":{"x":[0.333],"y":[0.075]},"t":70,"s":[48],"e":[40]},{"i":{"x":[0.667],"y":[1]},"o":{"x":[0.167],"y":[0]},"t":76,"s":[40],"e":[40]},{"i":{"x":[0.667],"y":[1]},"o":{"x":[0.333],"y":[0]},"t":146,"s":[40],"e":[38.992]},{"i":{"x":[0.667],"y":[1]},"o":{"x":[0.333],"y":[0]},"t":153,"s":[38.992],"e":[45]},{"i":{"x":[0.833],"y":[1]},"o":{"x":[0.333],"y":[0]},"t":159,"s":[45],"e":[42]},{"t":164}],"ix":1},"e":{"a":1,"k":[{"i":{"x":[0.833],"y":[1]},"o":{"x":[0.167],"y":[0]},"t":0,"s":[58],"e":[58]},{"i":{"x":[0.667],"y":[1.1]},"o":{"x":[0.333],"y":[0]},"t":64,"s":[58],"e":[52]},{"i":{"x":[0.833],"y":[1]},"o":{"x":[0.333],"y":[0.075]},"t":70,"s":[52],"e":[60]},{"i":{"x":[0.667],"y":[1]},"o":{"x":[0.167],"y":[0]},"t":76,"s":[60],"e":[60]},{"i":{"x":[0.667],"y":[1]},"o":{"x":[0.333],"y":[0]},"t":146,"s":[60],"e":[61.196]},{"i":{"x":[0.667],"y":[1]},"o":{"x":[0.333],"y":[0]},"t":153,"s":[61.196],"e":[55]},{"i":{"x":[0.833],"y":[1]},"o":{"x":[0.333],"y":[0]},"t":159,"s":[55],"e":[58]},{"t":164}],"ix":2},"o":{"a":1,"k":[{"i":{"x":[0.833],"y":[1]},"o":{"x":[0.167],"y":[0]},"t":0,"s":[0],"e":[0]},{"i":{"x":[0.667],"y":[1]},"o":{"x":[0.333],"y":[0]},"t":64,"s":[0],"e":[0]},{"i":{"x":[0.833],"y":[1]},"o":{"x":[0.167],"y":[0]},"t":76,"s":[0],"e":[0]},{"i":{"x":[0.833],"y":[1]},"o":{"x":[0.167],"y":[0]},"t":146,"s":[0],"e":[0]},{"i":{"x":[0.833],"y":[1]},"o":{"x":[0.167],"y":[0]},"t":153,"s":[0],"e":[0]},{"i":{"x":[0.833],"y":[1]},"o":{"x":[0.167],"y":[0]},"t":159,"s":[0],"e":[0]},{"t":164}],"ix":3},"m":1,"ix":2,"nm":"Trim Paths 1","mn":"ADBE Vector Filter - Trim","hd":false},{"ty":"st","c":{"a":1,"k":[{"i":{"x":[0.833],"y":[0.833]},"o":{"x":[0.167],"y":[0.167]},"t":0,"s":[0.333333343267,0.192156881094,0.113725498319,1],"e":[0.333333343267,0.192156881094,0.113725498319,1]},{"t":25,"s":[0.333333343267,0.192156881094,0.113725498319,1],"h":1},{"t":74,"s":[1,1,1,1],"h":1},{"t":146,"s":[1,1,1,1],"h":1},{"t":157,"s":[0.78268995098,0.694390629787,0.645335477941,1],"h":1},{"t":159,"s":[0.333333343267,0.192156881094,0.113725498319,1],"h":1}],"ix":3},"o":{"a":0,"k":100,"ix":4},"w":{"a":1,"k":[{"i":{"x":[0.833],"y":[1]},"o":{"x":[0.167],"y":[0]},"t":0,"s":[12],"e":[12]},{"i":{"x":[0.667],"y":[-6.7]},"o":{"x":[0.333],"y":[0]},"t":66,"s":[12],"e":[13]},{"i":{"x":[0.667],"y":[1]},"o":{"x":[0.333],"y":[0.314]},"t":73,"s":[13],"e":[34]},{"i":{"x":[0.833],"y":[1]},"o":{"x":[0.167],"y":[0]},"t":79,"s":[34],"e":[34]},{"i":{"x":[0.833],"y":[1]},"o":{"x":[0.167],"y":[0]},"t":146,"s":[34],"e":[34]},{"i":{"x":[0.668],"y":[0.743]},"o":{"x":[0.157],"y":[0]},"t":155,"s":[34],"e":[10]},{"i":{"x":[0.794],"y":[1]},"o":{"x":[0.436],"y":[-1.011]},"t":159,"s":[10],"e":[12]},{"t":160}],"ix":5},"lc":2,"lj":1,"ml":4,"bm":0,"nm":"Stroke 1","mn":"ADBE Vector Graphic - Stroke","hd":false}],"ip":0,"op":1000,"st":0,"bm":0},{"ddd":0,"ind":5,"ty":4,"nm":"nose","parent":1,"sr":1,"ks":{"o":{"a":0,"k":100,"ix":11},"r":{"a":0,"k":0,"ix":10},"p":{"s":true,"x":{"a":0,"k":-2,"ix":3},"y":{"a":1,"k":[{"i":{"x":[0.833],"y":[1]},"o":{"x":[0.167],"y":[0]},"t":0,"s":[5],"e":[5]},{"i":{"x":[0.667],"y":[1]},"o":{"x":[0.333],"y":[0]},"t":66,"s":[5],"e":[-5]},{"i":{"x":[0.667],"y":[1]},"o":{"x":[0.167],"y":[0]},"t":79,"s":[-5],"e":[-5]},{"i":{"x":[0.667],"y":[1]},"o":{"x":[0.333],"y":[0]},"t":146,"s":[-5],"e":[-5.615]},{"i":{"x":[0.667],"y":[1]},"o":{"x":[0.333],"y":[0]},"t":153,"s":[-5.615],"e":[5]},{"t":159}],"ix":4}},"a":{"a":0,"k":[0,0,0],"ix":1},"s":{"a":0,"k":[100,100,100],"ix":6}},"ao":0,"shapes":[{"ty":"gr","it":[{"ind":0,"ty":"sh","ix":1,"ks":{"a":0,"k":{"i":[[-1.93,0],[0,0],[0,-1.93],[1.93,0],[0,0],[0,1.93]],"o":[[0,0],[1.93,0],[0,1.93],[0,0],[-1.93,0],[0,-1.93]],"v":[[-3.5,-3.5],[3.5,-3.5],[7,0],[3.5,3.5],[-3.5,3.5],[-7,0]],"c":true},"ix":2},"nm":"Path 1","mn":"ADBE Vector Shape - Group","hd":false},{"ty":"fl","c":{"a":0,"k":[0.96078401804,0.658824026585,0.552941024303,1],"ix":4},"o":{"a":0,"k":100,"ix":5},"r":1,"bm":0,"nm":"Fill 1","mn":"ADBE Vector Graphic - Fill","hd":false},{"ty":"tr","p":{"a":0,"k":[0,0],"ix":2},"a":{"a":0,"k":[0,0],"ix":1},"s":{"a":0,"k":[400,400],"ix":3},"r":{"a":0,"k":0,"ix":6},"o":{"a":0,"k":100,"ix":7},"sk":{"a":0,"k":0,"ix":4},"sa":{"a":0,"k":0,"ix":5},"nm":"Transform"}],"nm":"nose","np":2,"cix":2,"bm":0,"ix":1,"mn":"ADBE Vector Group","hd":false}],"ip":0,"op":1000,"st":0,"bm":0},{"ddd":0,"ind":7,"ty":4,"nm":"goatee","parent":5,"sr":1,"ks":{"o":{"a":0,"k":100,"ix":11},"r":{"a":0,"k":0,"ix":10},"p":{"a":0,"k":[0,30,0],"ix":2},"a":{"a":0,"k":[0,-72,0],"ix":1},"s":{"a":1,"k":[{"i":{"x":[0.833,0.833,0.833],"y":[1,1,1]},"o":{"x":[0.167,0.167,0.167],"y":[0,0,0]},"t":0,"s":[100,100,100],"e":[100,100,100]},{"i":{"x":[0.667,0.667,0.667],"y":[1,1,1]},"o":{"x":[0.333,0.333,0.333],"y":[0,0,0]},"t":66,"s":[100,100,100],"e":[118,110,100]},{"i":{"x":[0.667,0.667,0.667],"y":[1,1,1]},"o":{"x":[0.167,0.167,0.167],"y":[0,0,0]},"t":79,"s":[118,110,100],"e":[118,110,100]},{"i":{"x":[0.667,0.667,0.667],"y":[1,1,1]},"o":{"x":[0.333,0.333,0.333],"y":[0,0,0]},"t":146,"s":[118,110,100],"e":[120.117,110,100]},{"i":{"x":[0.667,0.667,0.667],"y":[1,1,1]},"o":{"x":[0.333,0.333,0.333],"y":[0,0,0]},"t":153,"s":[120.117,110,100],"e":[100,100,100]},{"t":159}],"ix":6}},"ao":0,"shapes":[{"ty":"gr","it":[{"ind":0,"ty":"sh","ix":1,"ks":{"a":0,"k":{"i":[[-10.77,0],[0,0],[0,-10.77],[0,0],[10.77,0],[0,0],[0,10.77],[0,0]],"o":[[0,0],[10.77,0],[0,0],[0,10.77],[0,0],[-10.77,0],[0,0],[0,-10.77]],"v":[[-2.5,-24],[2.5,-24],[22,-4.5],[22,4.5],[2.5,24],[-2.5,24],[-22,4.5],[-22,-4.5]],"c":true},"ix":2},"nm":"Path 1","mn":"ADBE Vector Shape - Group","hd":false},{"ty":"fl","c":{"a":0,"k":[0.498039007187,0.294117987156,0.180391997099,1],"ix":4},"o":{"a":0,"k":100,"ix":5},"r":1,"bm":0,"nm":"Fill 1","mn":"ADBE Vector Graphic - Fill","hd":false},{"ty":"tr","p":{"a":0,"k":[0,0],"ix":2},"a":{"a":0,"k":[0,0],"ix":1},"s":{"a":0,"k":[400,400],"ix":3},"r":{"a":0,"k":0,"ix":6},"o":{"a":0,"k":100,"ix":7},"sk":{"a":0,"k":0,"ix":4},"sa":{"a":0,"k":0,"ix":5},"nm":"Transform"}],"nm":"goatee","np":2,"cix":2,"bm":0,"ix":1,"mn":"ADBE Vector Group","hd":false}],"ip":0,"op":1000,"st":0,"bm":0},{"ddd":0,"ind":8,"ty":4,"nm":"eye L","parent":1,"sr":1,"ks":{"o":{"a":1,"k":[{"i":{"x":[0.833],"y":[0.833]},"o":{"x":[0.167],"y":[0.167]},"t":0,"s":[100],"e":[100]},{"t":25,"s":[100],"h":1},{"t":73,"s":[0],"h":1},{"t":146,"s":[0],"h":1},{"t":157,"s":[100],"h":1},{"t":200,"s":[100],"h":1},{"t":205,"s":[0],"h":1},{"t":211,"s":[100],"h":1},{"t":216,"s":[100],"h":1}],"ix":11},"r":{"a":0,"k":0,"ix":10},"p":{"a":0,"k":[30,-52.929,0],"ix":2},"a":{"a":0,"k":[0,-11.929,0],"ix":1},"s":{"a":1,"k":[{"i":{"x":[0.667,0.667,0.667],"y":[1,1,1]},"o":{"x":[0.167,0.167,0.167],"y":[0,0,0]},"t":0,"s":[100,100,100],"e":[100,100,100]},{"i":{"x":[0.833,0.833,0.833],"y":[1,0.833,1]},"o":{"x":[0.652,0.642,0.333],"y":[0,0,0]},"t":64,"s":[100,100,100],"e":[100,60,100]},{"i":{"x":[0.667,0.667,0.667],"y":[1,1,1]},"o":{"x":[0.167,0.167,0.167],"y":[0,0,0]},"t":72,"s":[100,60,100],"e":[100,60,100]},{"i":{"x":[0.667,0.667,0.667],"y":[1,1,1]},"o":{"x":[0.333,0.333,0.333],"y":[0,0,0]},"t":146,"s":[100,60,100],"e":[100,60,100]},{"i":{"x":[0.833,0.833,0.833],"y":[1,1,1]},"o":{"x":[0.333,0.333,0.333],"y":[0,0,0]},"t":155,"s":[100,60,100],"e":[100,100,100]},{"i":{"x":[0.667,0.667,0.667],"y":[1,1,1]},"o":{"x":[0.167,0.167,0.167],"y":[0,0,0]},"t":160,"s":[100,100,100],"e":[100,100,100]},{"i":{"x":[0.833,0.833,0.833],"y":[1,0.833,1]},"o":{"x":[1,1,0.333],"y":[0,0,0]},"t":198,"s":[100,100,100],"e":[100,70,100]},{"i":{"x":[0.833,0.833,0.833],"y":[1,1,1]},"o":{"x":[0.167,0.167,0.167],"y":[0,0.167,0]},"t":204,"s":[100,70,100],"e":[100,80,100]},{"i":{"x":[0.833,0.833,0.833],"y":[1,1,1]},"o":{"x":[0.167,0.167,0.167],"y":[0,0,0]},"t":211,"s":[100,80,100],"e":[100,100,100]},{"t":216}],"ix":6}},"ao":0,"shapes":[{"ty":"gr","it":[{"ind":0,"ty":"sh","ix":1,"ks":{"a":0,"k":{"i":[[-2.21,0],[0,-2.11],[0,0],[2.21,0],[0,2.11],[0,0]],"o":[[2.21,0],[0,0],[0,2.11],[-2.21,0],[0,0],[0,-2.11]],"v":[[0,-7],[4,-3.17],[4,3.17],[0,7],[-4,3.17],[-4,-3.17]],"c":true},"ix":2},"nm":"Path 1","mn":"ADBE Vector Shape - Group","hd":false},{"ty":"fl","c":{"a":0,"k":[0.729412019253,0.447059005499,0.352941006422,1],"ix":4},"o":{"a":0,"k":100,"ix":5},"r":1,"bm":0,"nm":"Fill 1","mn":"ADBE Vector Graphic - Fill","hd":false},{"ty":"tr","p":{"a":0,"k":[0,0],"ix":2},"a":{"a":0,"k":[0,0],"ix":1},"s":{"a":0,"k":[400,400],"ix":3},"r":{"a":0,"k":0,"ix":6},"o":{"a":0,"k":100,"ix":7},"sk":{"a":0,"k":0,"ix":4},"sa":{"a":0,"k":0,"ix":5},"nm":"Transform"}],"nm":"eye L","np":2,"cix":2,"bm":0,"ix":1,"mn":"ADBE Vector Group","hd":false}],"ip":0,"op":1000,"st":0,"bm":0},{"ddd":0,"ind":9,"ty":4,"nm":"eye R","parent":1,"sr":1,"ks":{"o":{"a":1,"k":[{"i":{"x":[0.833],"y":[0.833]},"o":{"x":[0.167],"y":[0.167]},"t":0,"s":[100],"e":[100]},{"t":25,"s":[100],"h":1},{"t":73,"s":[0],"h":1},{"t":146,"s":[0],"h":1},{"t":157,"s":[100],"h":1},{"t":200,"s":[100],"h":1},{"t":205,"s":[0],"h":1},{"t":211,"s":[100],"h":1},{"t":216,"s":[100],"h":1}],"ix":11},"r":{"a":0,"k":0,"ix":10},"p":{"a":0,"k":[-30,-52.929,0],"ix":2},"a":{"a":0,"k":[0,-11.929,0],"ix":1},"s":{"a":1,"k":[{"i":{"x":[0.667,0.667,0.667],"y":[1,1,1]},"o":{"x":[0.167,0.167,0.167],"y":[0,0,0]},"t":0,"s":[100,100,100],"e":[100,100,100]},{"i":{"x":[0.833,0.833,0.833],"y":[1,0.833,1]},"o":{"x":[0.652,0.642,0.333],"y":[0,0,0]},"t":64,"s":[100,100,100],"e":[100,60,100]},{"i":{"x":[0.667,0.667,0.667],"y":[1,1,1]},"o":{"x":[0.167,0.167,0.167],"y":[0,0,0]},"t":72,"s":[100,60,100],"e":[100,60,100]},{"i":{"x":[0.667,0.667,0.667],"y":[1,1,1]},"o":{"x":[0.333,0.333,0.333],"y":[0,0,0]},"t":146,"s":[100,60,100],"e":[100,60,100]},{"i":{"x":[0.833,0.833,0.833],"y":[1,1,1]},"o":{"x":[0.333,0.333,0.333],"y":[0,0,0]},"t":155,"s":[100,60,100],"e":[100,100,100]},{"i":{"x":[0.667,0.667,0.667],"y":[1,1,1]},"o":{"x":[0.167,0.167,0.167],"y":[0,0,0]},"t":160,"s":[100,100,100],"e":[100,100,100]},{"i":{"x":[0.833,0.833,0.833],"y":[1,0.833,1]},"o":{"x":[1,1,0.333],"y":[0,0,0]},"t":198,"s":[100,100,100],"e":[100,70,100]},{"i":{"x":[0.833,0.833,0.833],"y":[1,1,1]},"o":{"x":[0.167,0.167,0.167],"y":[0,0.167,0]},"t":204,"s":[100,70,100],"e":[100,80,100]},{"i":{"x":[0.833,0.833,0.833],"y":[1,1,1]},"o":{"x":[0.167,0.167,0.167],"y":[0,0,0]},"t":211,"s":[100,80,100],"e":[100,100,100]},{"t":216}],"ix":6}},"ao":0,"shapes":[{"ty":"gr","it":[{"ind":0,"ty":"sh","ix":1,"ks":{"a":0,"k":{"i":[[-2.21,0],[0,-2.11],[0,0],[2.21,0],[0,2.11],[0,0]],"o":[[2.21,0],[0,0],[0,2.11],[-2.21,0],[0,0],[0,-2.11]],"v":[[0,-7],[4,-3.17],[4,3.17],[0,7],[-4,3.17],[-4,-3.17]],"c":true},"ix":2},"nm":"Path 1","mn":"ADBE Vector Shape - Group","hd":false},{"ty":"fl","c":{"a":0,"k":[0.729412019253,0.447059005499,0.352941006422,1],"ix":4},"o":{"a":0,"k":100,"ix":5},"r":1,"bm":0,"nm":"Fill 1","mn":"ADBE Vector Graphic - Fill","hd":false},{"ty":"tr","p":{"a":0,"k":[0,0],"ix":2},"a":{"a":0,"k":[0,0],"ix":1},"s":{"a":0,"k":[400,400],"ix":3},"r":{"a":0,"k":0,"ix":6},"o":{"a":0,"k":100,"ix":7},"sk":{"a":0,"k":0,"ix":4},"sa":{"a":0,"k":0,"ix":5},"nm":"Transform"}],"nm":"eye R","np":2,"cix":2,"bm":0,"ix":1,"mn":"ADBE Vector Group","hd":false}],"ip":0,"op":1000,"st":0,"bm":0},{"ddd":0,"ind":10,"ty":4,"nm":"HEAD","sr":1,"ks":{"o":{"a":0,"k":100,"ix":11},"r":{"a":0,"k":0,"ix":10},"p":{"s":true,"x":{"a":1,"k":[{"i":{"x":[0.833],"y":[0.833]},"o":{"x":[0.167],"y":[0.167]},"t":0,"s":[272],"e":[272]},{"i":{"x":[0.833],"y":[0.833]},"o":{"x":[0.167],"y":[0.167]},"t":25,"s":[272],"e":[272]},{"i":{"x":[0.833],"y":[0.833]},"o":{"x":[0.167],"y":[0.167]},"t":146,"s":[272],"e":[272]},{"i":{"x":[0.833],"y":[0.833]},"o":{"x":[0.167],"y":[0.167]},"t":155,"s":[272],"e":[272]},{"t":166}],"ix":3},"y":{"a":1,"k":[{"i":{"x":[0.833],"y":[0.833]},"o":{"x":[0.167],"y":[0.167]},"t":0,"s":[367],"e":[367]},{"i":{"x":[0.667],"y":[1]},"o":{"x":[0.169],"y":[0]},"t":25,"s":[367],"e":[367]},{"i":{"x":[0.667],"y":[1]},"o":{"x":[0.333],"y":[0]},"t":61,"s":[367],"e":[372.821]},{"i":{"x":[0.667],"y":[1]},"o":{"x":[0.333],"y":[0]},"t":68,"s":[372.821],"e":[347.892]},{"i":{"x":[0.667],"y":[1]},"o":{"x":[0.333],"y":[0]},"t":77,"s":[347.892],"e":[349.31]},{"i":{"x":[0.667],"y":[1]},"o":{"x":[0.167],"y":[0]},"t":84,"s":[349.31],"e":[349.31]},{"i":{"x":[0.667],"y":[1]},"o":{"x":[0.333],"y":[0]},"t":146,"s":[349.31],"e":[368.866]},{"i":{"x":[0.667],"y":[1]},"o":{"x":[0.333],"y":[0]},"t":155,"s":[368.866],"e":[367]},{"t":166}],"ix":4}},"a":{"a":0,"k":[0,115,0],"ix":1},"s":{"a":1,"k":[{"i":{"x":[0.833,0.833,0.833],"y":[0.833,0.833,0.833]},"o":{"x":[0.167,0.167,0.167],"y":[0.167,0.167,0.167]},"t":0,"s":[100,100,100],"e":[100,100,100]},{"i":{"x":[0.667,0.667,0.667],"y":[1,1,1]},"o":{"x":[0.167,0.167,0.167],"y":[0,0,0]},"t":25,"s":[100,100,100],"e":[100,100,100]},{"i":{"x":[0.667,0.667,0.667],"y":[1,1,1]},"o":{"x":[0.333,0.333,0.333],"y":[0,0,0]},"t":66,"s":[100,100,100],"e":[100,100,100]},{"i":{"x":[0.833,0.833,0.833],"y":[1,1,1]},"o":{"x":[0.167,0.167,0.167],"y":[0,0,0]},"t":79,"s":[100,100,100],"e":[100,100,100]},{"i":{"x":[0.833,0.833,0.833],"y":[1,1,1]},"o":{"x":[0.167,0.167,0.167],"y":[0,0,0]},"t":146,"s":[100,100,100],"e":[100,100,100]},{"i":{"x":[0.833,0.833,0.833],"y":[1,1,1]},"o":{"x":[0.167,0.167,0.167],"y":[0,0,0]},"t":155,"s":[100,100,100],"e":[100,100,100]},{"t":166}],"ix":6}},"ao":0,"shapes":[{"ty":"gr","it":[{"ind":0,"ty":"sh","ix":1,"ks":{"a":0,"k":{"i":[[-9.39,0],[0,0],[0,-9.39],[0,0],[9.39,0],[0,0],[0,9.39],[0,0]],"o":[[0,0],[9.39,0],[0,0],[0,9.39],[0,0],[-9.39,0],[0,0],[0,-9.39]],"v":[[-15,-35],[15,-35],[32,-18],[32,18],[15,35],[-15,35],[-32,18],[-32,-18]],"c":true},"ix":2},"nm":"Path 1","mn":"ADBE Vector Shape - Group","hd":false},{"ty":"fl","c":{"a":0,"k":[0.96078401804,0.658824026585,0.552941024303,1],"ix":4},"o":{"a":0,"k":100,"ix":5},"r":1,"bm":0,"nm":"Fill 1","mn":"ADBE Vector Graphic - Fill","hd":false},{"ty":"tr","p":{"a":0,"k":[0,0],"ix":2},"a":{"a":0,"k":[0,0],"ix":1},"s":{"a":0,"k":[400,400],"ix":3},"r":{"a":0,"k":0,"ix":6},"o":{"a":0,"k":100,"ix":7},"sk":{"a":0,"k":0,"ix":4},"sa":{"a":0,"k":0,"ix":5},"nm":"Transform"}],"nm":"HEAD","np":2,"cix":2,"bm":0,"ix":1,"mn":"ADBE Vector Group","hd":false}],"ip":0,"op":1000,"st":0,"bm":0},{"ddd":0,"ind":11,"ty":4,"nm":"hair","parent":2,"sr":1,"ks":{"o":{"a":0,"k":100,"ix":11},"r":{"a":0,"k":0,"ix":10},"p":{"a":0,"k":[0,-170,0],"ix":2},"a":{"a":0,"k":[0,0,0],"ix":1},"s":{"a":0,"k":[200,200,100],"ix":6}},"ao":0,"shapes":[{"ty":"gr","it":[{"ind":0,"ty":"sh","ix":1,"ks":{"a":0,"k":{"i":[[-6.63,0],[0,0],[0,-6.63],[6.63,0],[0,0],[0,6.63]],"o":[[0,0],[6.63,0],[0,6.63],[0,0],[-6.63,0],[0,-6.63]],"v":[[-30.5,-12],[30.5,-12],[42.5,0],[30.5,12],[-30.5,12],[-42.5,0]],"c":true},"ix":2},"nm":"Path 1","mn":"ADBE Vector Shape - Group","hd":false},{"ty":"fl","c":{"a":0,"k":[0.498039007187,0.294117987156,0.180391997099,1],"ix":4},"o":{"a":0,"k":100,"ix":5},"r":1,"bm":0,"nm":"Fill 1","mn":"ADBE Vector Graphic - Fill","hd":false},{"ty":"tr","p":{"a":0,"k":[0,0],"ix":2},"a":{"a":0,"k":[0,0],"ix":1},"s":{"a":0,"k":[400,400],"ix":3},"r":{"a":0,"k":0,"ix":6},"o":{"a":0,"k":100,"ix":7},"sk":{"a":0,"k":0,"ix":4},"sa":{"a":0,"k":0,"ix":5},"nm":"Transform"}],"nm":"hair","np":2,"cix":2,"bm":0,"ix":1,"mn":"ADBE Vector Group","hd":false}],"ip":0,"op":1000,"st":0,"bm":0},{"ddd":0,"ind":12,"ty":4,"nm":"ear R","parent":2,"sr":1,"ks":{"o":{"a":0,"k":100,"ix":11},"r":{"a":0,"k":0,"ix":10},"p":{"a":0,"k":[-280,-26,0],"ix":2},"a":{"a":0,"k":[0,0,0],"ix":1},"s":{"a":0,"k":[200,200,100],"ix":6}},"ao":0,"shapes":[{"ty":"gr","it":[{"ind":0,"ty":"sh","ix":1,"ks":{"a":0,"k":{"i":[[-5.8,0],[0,5.52],[5.8,0],[0,-5.52]],"o":[[5.8,0],[0,-5.52],[-5.8,0],[0,5.52]],"v":[[0,10],[10.5,0],[0,-10],[-10.5,0]],"c":true},"ix":2},"nm":"Path 1","mn":"ADBE Vector Shape - Group","hd":false},{"ty":"fl","c":{"a":0,"k":[0.96078401804,0.658824026585,0.552941024303,1],"ix":4},"o":{"a":0,"k":100,"ix":5},"r":1,"bm":0,"nm":"Fill 1","mn":"ADBE Vector Graphic - Fill","hd":false},{"ty":"tr","p":{"a":0,"k":[0,0],"ix":2},"a":{"a":0,"k":[0,0],"ix":1},"s":{"a":0,"k":[400,400],"ix":3},"r":{"a":0,"k":0,"ix":6},"o":{"a":0,"k":100,"ix":7},"sk":{"a":0,"k":0,"ix":4},"sa":{"a":0,"k":0,"ix":5},"nm":"Transform"}],"nm":"ear R","np":2,"cix":2,"bm":0,"ix":1,"mn":"ADBE Vector Group","hd":false}],"ip":0,"op":1000,"st":0,"bm":0},{"ddd":0,"ind":13,"ty":4,"nm":"ear L","parent":2,"sr":1,"ks":{"o":{"a":0,"k":100,"ix":11},"r":{"a":0,"k":0,"ix":10},"p":{"a":0,"k":[288,-26,0],"ix":2},"a":{"a":0,"k":[0,0,0],"ix":1},"s":{"a":0,"k":[200,200,100],"ix":6}},"ao":0,"shapes":[{"ty":"gr","it":[{"ind":0,"ty":"sh","ix":1,"ks":{"a":0,"k":{"i":[[-5.8,0],[0,5.52],[5.8,0],[0,-5.52]],"o":[[5.8,0],[0,-5.52],[-5.8,0],[0,5.52]],"v":[[0,10],[10.5,0],[0,-10],[-10.5,0]],"c":true},"ix":2},"nm":"Path 1","mn":"ADBE Vector Shape - Group","hd":false},{"ty":"fl","c":{"a":0,"k":[0.96078401804,0.658824026585,0.552941024303,1],"ix":4},"o":{"a":0,"k":100,"ix":5},"r":1,"bm":0,"nm":"Fill 1","mn":"ADBE Vector Graphic - Fill","hd":false},{"ty":"tr","p":{"a":0,"k":[0,0],"ix":2},"a":{"a":0,"k":[0,0],"ix":1},"s":{"a":0,"k":[400,400],"ix":3},"r":{"a":0,"k":0,"ix":6},"o":{"a":0,"k":100,"ix":7},"sk":{"a":0,"k":0,"ix":4},"sa":{"a":0,"k":0,"ix":5},"nm":"Transform"}],"nm":"ear L","np":2,"cix":2,"bm":0,"ix":1,"mn":"ADBE Vector Group","hd":false}],"ip":0,"op":1000,"st":0,"bm":0}]}],"layers":[{"ddd":0,"ind":1,"ty":0,"nm":"11_MAN","refId":"comp_0","sr":1,"ks":{"o":{"a":0,"k":100,"ix":11},"r":{"a":0,"k":0,"ix":10},"p":{"a":0,"k":[67.5,67.5,0],"ix":2},"a":{"a":0,"k":[270,270,0],"ix":1},"s":{"a":0,"k":[25,25,100],"ix":6}},"ao":0,"w":540,"h":540,"ip":0,"op":198,"st":-63,"bm":0}],"markers":[]}
