{"v":"5.5.9","fr":60,"ip":0,"op":150,"w":135,"h":135,"nm":"29_SUN EXPORT","ddd":0,"assets":[{"id":"comp_0","layers":[{"ddd":0,"ind":1,"ty":4,"nm":"Mouth","parent":2,"sr":1,"ks":{"o":{"a":0,"k":100,"ix":11},"r":{"a":0,"k":0,"ix":10},"p":{"a":0,"k":[216.889,147.111,0],"ix":2},"a":{"a":0,"k":[0,0,0],"ix":1},"s":{"a":0,"k":[222.222,222.222,100],"ix":6}},"ao":0,"shapes":[{"d":1,"ty":"el","s":{"a":0,"k":[90,90],"ix":2},"p":{"a":0,"k":[0,0],"ix":3},"nm":"Ellipse Path 1","mn":"ADBE Vector Shape - Ellipse","hd":false},{"ty":"tm","s":{"a":1,"k":[{"i":{"x":[0],"y":[1]},"o":{"x":[0.333],"y":[0]},"t":62,"s":[37],"e":[50]},{"i":{"x":[0],"y":[1]},"o":{"x":[0.167],"y":[0]},"t":75,"s":[50],"e":[50]},{"i":{"x":[0.95],"y":[1]},"o":{"x":[0.867],"y":[0]},"t":147,"s":[50],"e":[37]},{"t":157}],"ix":1},"e":{"a":1,"k":[{"i":{"x":[0],"y":[1]},"o":{"x":[0.333],"y":[0]},"t":62,"s":[37],"e":[25]},{"i":{"x":[0],"y":[1]},"o":{"x":[0.167],"y":[0]},"t":75,"s":[25],"e":[25]},{"i":{"x":[0.95],"y":[1]},"o":{"x":[0.867],"y":[0]},"t":147,"s":[25],"e":[37]},{"t":157}],"ix":2},"o":{"a":0,"k":45,"ix":3},"m":1,"ix":2,"nm":"Trim Paths 1","mn":"ADBE Vector Filter - Trim","hd":false},{"ty":"st","c":{"a":0,"k":[1,0.6515625,0,1],"ix":3},"o":{"a":0,"k":100,"ix":4},"w":{"a":0,"k":10,"ix":5},"lc":2,"lj":1,"ml":4,"bm":0,"nm":"Stroke 1","mn":"ADBE Vector Graphic - Stroke","hd":false}],"ip":0,"op":300,"st":0,"bm":0},{"ddd":0,"ind":2,"ty":0,"nm":"Sunglasses","parent":3,"refId":"comp_1","sr":1,"ks":{"o":{"a":1,"k":[{"t":50,"s":[0],"h":1},{"t":63,"s":[100],"h":1},{"t":158,"s":[0],"h":1}],"ix":11},"r":{"a":0,"k":0,"ix":10},"p":{"s":true,"x":{"a":1,"k":[{"i":{"x":[0.667],"y":[1]},"o":{"x":[0.333],"y":[0]},"t":50,"s":[0.519],"e":[85.519]},{"i":{"x":[0.667],"y":[1.553]},"o":{"x":[0.333],"y":[0]},"t":61,"s":[85.519],"e":[90.898]},{"i":{"x":[0.667],"y":[0.815]},"o":{"x":[0.333],"y":[0.069]},"t":63,"s":[90.898],"e":[69.333]},{"i":{"x":[0.667],"y":[0.668]},"o":{"x":[0.333],"y":[0.419]},"t":64,"s":[69.333],"e":[40.768]},{"i":{"x":[0.667],"y":[1]},"o":{"x":[0.333],"y":[0.583]},"t":67,"s":[40.768],"e":[-2.57]},{"i":{"x":[0.667],"y":[1]},"o":{"x":[0.333],"y":[0]},"t":75,"s":[-2.57],"e":[0.519]},{"i":{"x":[0.667],"y":[1]},"o":{"x":[0.333],"y":[0]},"t":82,"s":[0.519],"e":[0.519]},{"i":{"x":[0.667],"y":[1]},"o":{"x":[0.333],"y":[0]},"t":134,"s":[0.519],"e":[5.331]},{"i":{"x":[0.859],"y":[0.551]},"o":{"x":[0.543],"y":[0]},"t":140,"s":[5.331],"e":[-66.027]},{"i":{"x":[0.833],"y":[0.829]},"o":{"x":[0.178],"y":[0.15]},"t":156,"s":[-66.027],"e":[-82.892]},{"i":{"x":[0.633],"y":[1]},"o":{"x":[0.167],"y":[0.163]},"t":157,"s":[-82.892],"e":[-100.606]},{"i":{"x":[0.667],"y":[1]},"o":{"x":[0.333],"y":[0]},"t":158,"s":[-100.606],"e":[0.519]},{"t":170}],"ix":3},"y":{"a":1,"k":[{"i":{"x":[0.833],"y":[1]},"o":{"x":[0.055],"y":[0]},"t":50,"s":[-24.019],"e":[-24.019]},{"i":{"x":[0.914],"y":[1]},"o":{"x":[0.167],"y":[0]},"t":61,"s":[-24.019],"e":[-24.019]},{"t":75}],"ix":4}},"a":{"a":0,"k":[218,76,0],"ix":1},"s":{"a":1,"k":[{"i":{"x":[0.667,0.667,0.667],"y":[1,1,1]},"o":{"x":[0.167,0.167,0.167],"y":[0.167,0,0]},"t":50,"s":[45,45,100],"e":[23,45,100]},{"i":{"x":[0.755,0.519,0.667],"y":[0.343,1,1]},"o":{"x":[0.449,0.174,0.333],"y":[0,0,0]},"t":61,"s":[23,45,100],"e":[25,45,100]},{"i":{"x":[0.166,0.583,0.667],"y":[1,1,1]},"o":{"x":[0.172,0.212,0.333],"y":[0.276,0,0]},"t":63,"s":[25,45,100],"e":[45,45,100]},{"i":{"x":[0.696,0.696,0.696],"y":[1,1,1]},"o":{"x":[0.157,0.157,0.157],"y":[0,0,0]},"t":75,"s":[45,45,100],"e":[45,45,100]},{"i":{"x":[0.848,0.833,0.833],"y":[0.595,1,1]},"o":{"x":[0.559,0.6,0.4],"y":[0,0,0]},"t":146,"s":[45,45,100],"e":[29.6,45,100]},{"i":{"x":[0.667,0.667,0.667],"y":[1,1,1]},"o":{"x":[0.123,0.167,0.167],"y":[0.209,0,0]},"t":157,"s":[29.6,45,100],"e":[23,45,100]},{"i":{"x":[0.696,0.696,0.696],"y":[1,1,1]},"o":{"x":[0.449,0.174,0.333],"y":[0,0,0]},"t":160,"s":[23,45,100],"e":[45,45,100]},{"t":170}],"ix":6}},"ao":0,"w":540,"h":540,"ip":0,"op":158,"st":0,"bm":0},{"ddd":0,"ind":3,"ty":4,"nm":"SUN","sr":1,"ks":{"o":{"a":0,"k":100,"ix":11},"r":{"a":0,"k":0,"ix":10},"p":{"a":0,"k":[269.981,275.019,0],"ix":2},"a":{"a":0,"k":[0,0,0],"ix":1},"s":{"a":1,"k":[{"i":{"x":[0.667,0.667,0.667],"y":[1,1,1]},"o":{"x":[0.333,0.333,0.333],"y":[0,0,0]},"t":50,"s":[100,100,100],"e":[100,100,100]},{"i":{"x":[0.667,0.667,0.667],"y":[1,1,1]},"o":{"x":[0.333,0.333,0.333],"y":[0,0,0]},"t":56,"s":[100,100,100],"e":[98.642,101.126,100]},{"i":{"x":[0.667,0.667,0.667],"y":[1,1,1]},"o":{"x":[0.333,0.333,0.333],"y":[0,0,0]},"t":63,"s":[98.642,101.126,100],"e":[100.161,99.75,100]},{"i":{"x":[0.667,0.667,0.667],"y":[1,1,1]},"o":{"x":[0.333,0.333,0.333],"y":[0,0,0]},"t":68,"s":[100.161,99.75,100],"e":[100,100,100]},{"i":{"x":[0.667,0.667,0.667],"y":[1,1,1]},"o":{"x":[0.333,0.333,0.333],"y":[0,0,0]},"t":73,"s":[100,100,100],"e":[100,100,100]},{"i":{"x":[0.667,0.667,0.667],"y":[1,1,1]},"o":{"x":[0.614,0.649,0.333],"y":[0,0,0]},"t":146,"s":[100,100,100],"e":[98.298,101.179,100]},{"i":{"x":[0.667,0.667,0.667],"y":[1,1,1]},"o":{"x":[0.333,0.333,0.333],"y":[0,0,0]},"t":157,"s":[98.298,101.179,100],"e":[100.159,99.752,100]},{"i":{"x":[0.667,0.667,0.667],"y":[1,1,1]},"o":{"x":[0.333,0.333,0.333],"y":[0,0,0]},"t":163,"s":[100.159,99.752,100],"e":[100,100,100]},{"t":168}],"ix":6}},"ao":0,"shapes":[{"ty":"gr","it":[{"ind":0,"ty":"sh","ix":1,"ks":{"a":0,"k":{"i":[[-16.87,0],[0,16.87],[16.87,0],[0,-16.88]],"o":[[16.87,0],[0,-16.88],[-16.87,0],[0,16.87]],"v":[[0.004,30.555],[30.544,0.005],[0.004,-30.555],[-30.546,0.005]],"c":true},"ix":2},"nm":"Path 1","mn":"ADBE Vector Shape - Group","hd":false},{"ty":"fl","c":{"a":0,"k":[1,0.882353007793,0.101961001754,1],"ix":4},"o":{"a":0,"k":100,"ix":5},"r":1,"bm":0,"nm":"Fill 1","mn":"ADBE Vector Graphic - Fill","hd":false},{"ty":"tr","p":{"a":0,"k":[0,0],"ix":2},"a":{"a":0,"k":[0,0],"ix":1},"s":{"a":0,"k":[400,400],"ix":3},"r":{"a":0,"k":0,"ix":6},"o":{"a":0,"k":100,"ix":7},"sk":{"a":0,"k":0,"ix":4},"sa":{"a":0,"k":0,"ix":5},"nm":"Transform"}],"nm":"SUN","np":2,"cix":2,"bm":0,"ix":1,"mn":"ADBE Vector Group","hd":false}],"ip":0,"op":300,"st":0,"bm":0},{"ddd":0,"ind":4,"ty":4,"nm":"Sunglasses Side","sr":1,"ks":{"o":{"a":1,"k":[{"t":50,"s":[0],"h":1},{"t":61,"s":[100],"h":1},{"t":63,"s":[0],"h":1},{"t":158,"s":[100],"h":1},{"t":160,"s":[0],"h":1}],"ix":11},"r":{"a":0,"k":0,"ix":10},"p":{"a":1,"k":[{"t":50,"s":[270,273.5,0],"h":1},{"t":158,"s":[3,273.5,0],"h":1}],"ix":2},"a":{"a":0,"k":[0,0,0],"ix":1},"s":{"a":0,"k":[100,100,100],"ix":6}},"ao":0,"shapes":[{"ty":"gr","it":[{"ind":0,"ty":"sh","ix":1,"ks":{"a":0,"k":{"i":[[0,0],[0,0]],"o":[[0,0],[0,0]],"v":[[135,-40],[135,24]],"c":false},"ix":2},"nm":"Path 1","mn":"ADBE Vector Shape - Group","hd":false},{"ty":"st","c":{"a":0,"k":[0.258823529412,0.258823529412,0.258823529412,1],"ix":3},"o":{"a":0,"k":100,"ix":4},"w":{"a":0,"k":20,"ix":5},"lc":2,"lj":1,"ml":4,"bm":0,"nm":"Stroke 1","mn":"ADBE Vector Graphic - Stroke","hd":false},{"ty":"tr","p":{"a":0,"k":[0,0],"ix":2},"a":{"a":0,"k":[0,0],"ix":1},"s":{"a":0,"k":[100,100],"ix":3},"r":{"a":0,"k":0,"ix":6},"o":{"a":0,"k":100,"ix":7},"sk":{"a":0,"k":0,"ix":4},"sa":{"a":0,"k":0,"ix":5},"nm":"Transform"}],"nm":"Shape 1","np":3,"cix":2,"bm":0,"ix":1,"mn":"ADBE Vector Group","hd":false}],"ip":0,"op":300,"st":0,"bm":0},{"ddd":0,"ind":5,"ty":0,"nm":"Sunglasses","parent":2,"refId":"comp_1","sr":1,"ks":{"o":{"a":1,"k":[{"t":50,"s":[100],"h":1},{"t":61,"s":[0],"h":1},{"t":160,"s":[100],"h":1}],"ix":11},"r":{"a":0,"k":0,"ix":10},"p":{"a":0,"k":[218,76,0],"ix":2},"a":{"a":0,"k":[218,76,0],"ix":1},"s":{"a":0,"k":[100,100,100],"ix":6}},"ao":0,"w":540,"h":540,"ip":56,"op":62,"st":0,"bm":0},{"ddd":0,"ind":6,"ty":0,"nm":"Sunglasses","parent":2,"refId":"comp_1","sr":1,"ks":{"o":{"a":0,"k":100,"ix":11},"r":{"a":0,"k":0,"ix":10},"p":{"a":0,"k":[218,76,0],"ix":2},"a":{"a":0,"k":[218,76,0],"ix":1},"s":{"a":0,"k":[100,100,100],"ix":6}},"ao":0,"w":540,"h":540,"ip":160,"op":162,"st":0,"bm":0},{"ddd":0,"ind":7,"ty":4,"nm":"corona","parent":3,"sr":1,"ks":{"o":{"a":0,"k":100,"ix":11},"r":{"a":0,"k":0,"ix":10},"p":{"a":0,"k":[-2.715,-0.716,0],"ix":2},"a":{"a":0,"k":[0,0,0],"ix":1},"s":{"a":0,"k":[100,100,100],"ix":6}},"ao":0,"shapes":[{"ty":"gr","it":[{"ind":0,"ty":"sh","ix":1,"ks":{"a":0,"k":{"i":[[0,0],[0,0],[1.72,1.2],[0.25,0.35],[0,0],[6.94,-1.22],[0,0],[0.36,2.06],[-0.07,0.41],[0,0],[5.77,4.03],[0,0],[-1.21,1.72],[-0.34,0.25],[0,0],[1.23,6.94],[0,0],[-2.07,0.37],[-0.42,-0.07],[0,0],[-4.04,5.77],[0,0],[-1.72,-1.2],[-0.25,-0.34],[0,0],[-6.93,1.23],[0,0],[-0.37,-2.07],[0.07,-0.42],[0,0],[-5.78,-4.03],[0,0],[1.2,-1.71],[0.34,-0.24],[0,0],[-1.23,-6.94],[0,0],[2.06,-0.37],[0.42,0.07],[0,0],[4.03,-5.77]],"o":[[0,0],[-1.2,1.72],[-0.35,-0.24],[0,0],[-4.13,-5.7],[0,0],[-2.07,0.37],[-0.08,-0.42],[0,0],[1.11,-6.96],[0,0],[-1.72,-1.2],[0.24,-0.35],[0,0],[5.7,-4.13],[0,0],[-0.36,-2.07],[0.42,-0.07],[0,0],[6.96,1.11],[0,0],[1.2,-1.72],[0.34,0.25],[0,0],[4.14,5.7],[0,0],[2.06,-0.37],[0.07,0.41],[0,0],[-1.11,6.96],[0,0],[1.72,1.21],[-0.24,0.35],[0,0],[-5.7,4.14],[0,0],[0.37,2.06],[-0.42,0.07],[0,0],[-6.95,-1.11],[0,0]],"v":[[7.047,41.568],[3.507,46.638],[-1.783,47.578],[-2.683,46.688],[-6.313,41.688],[-24.413,34.368],[-30.493,35.448],[-34.893,32.378],[-34.903,31.118],[-33.933,25.008],[-41.563,7.038],[-46.633,3.498],[-47.563,-1.792],[-46.683,-2.692],[-41.683,-6.322],[-34.373,-24.422],[-35.453,-30.502],[-32.373,-34.912],[-31.113,-34.922],[-25.013,-33.952],[-7.043,-41.572],[-3.503,-46.642],[1.787,-47.582],[2.687,-46.692],[6.307,-41.682],[24.407,-34.372],[30.497,-35.452],[34.897,-32.372],[34.907,-31.112],[33.937,-25.012],[41.567,-7.042],[46.627,-3.502],[47.567,1.788],[46.687,2.688],[41.677,6.318],[34.367,24.418],[35.447,30.508],[32.377,34.908],[31.107,34.918],[25.007,33.948],[7.047,41.568]],"c":true},"ix":2},"nm":"Path 1","mn":"ADBE Vector Shape - Group","hd":false},{"ty":"fl","c":{"a":0,"k":[1,0.739130020142,0,1],"ix":4},"o":{"a":0,"k":100,"ix":5},"r":1,"bm":0,"nm":"Fill 1","mn":"ADBE Vector Graphic - Fill","hd":false},{"ty":"tr","p":{"a":0,"k":[0,0],"ix":2},"a":{"a":0,"k":[0,0],"ix":1},"s":{"a":0,"k":[400,400],"ix":3},"r":{"a":0,"k":0,"ix":6},"o":{"a":0,"k":100,"ix":7},"sk":{"a":0,"k":0,"ix":4},"sa":{"a":0,"k":0,"ix":5},"nm":"Transform"}],"nm":"corona","np":2,"cix":2,"bm":0,"ix":1,"mn":"ADBE Vector Group","hd":false}],"ip":0,"op":300,"st":0,"bm":0}]},{"id":"comp_1","layers":[{"ddd":0,"ind":1,"ty":0,"nm":"Lens ","refId":"comp_2","sr":1,"ks":{"o":{"a":0,"k":100,"ix":11},"r":{"a":0,"k":0,"ix":10},"p":{"a":0,"k":[54,270,0],"ix":2},"a":{"a":0,"k":[270,270,0],"ix":1},"s":{"a":0,"k":[100,100,100],"ix":6}},"ao":0,"w":540,"h":540,"ip":0,"op":300,"st":0,"bm":0},{"ddd":0,"ind":2,"ty":0,"nm":"Lens ","refId":"comp_2","sr":1,"ks":{"o":{"a":0,"k":100,"ix":11},"r":{"a":0,"k":0,"ix":10},"p":{"a":0,"k":[284,270,0],"ix":2},"a":{"a":0,"k":[270,270,0],"ix":1},"s":{"a":0,"k":[100,100,100],"ix":6}},"ao":0,"w":540,"h":540,"ip":9,"op":309,"st":9,"bm":0},{"ddd":0,"ind":3,"ty":0,"nm":"Nose","refId":"comp_3","sr":1,"ks":{"o":{"a":0,"k":100,"ix":11},"r":{"a":0,"k":0,"ix":10},"p":{"a":0,"k":[284,270,0],"ix":2},"a":{"a":0,"k":[270,270,0],"ix":1},"s":{"a":0,"k":[100,100,100],"ix":6}},"ao":0,"w":540,"h":540,"ip":0,"op":300,"st":0,"bm":0}]},{"id":"comp_2","layers":[{"ddd":0,"ind":1,"ty":4,"nm":"frame L","sr":1,"ks":{"o":{"a":0,"k":100,"ix":11},"r":{"a":0,"k":0,"ix":10},"p":{"a":0,"k":[319.34,108.274,0],"ix":2},"a":{"a":0,"k":[0,0,0],"ix":1},"s":{"a":0,"k":[100,100,100],"ix":6}},"ao":0,"shapes":[{"ty":"gr","it":[{"ind":0,"ty":"sh","ix":1,"ks":{"a":0,"k":{"i":[[-3.87,0],[0,0],[0,-3.87],[0,0],[16.29,0],[0,0],[0,16.29],[0,0]],"o":[[0,0],[3.87,0],[0,0],[0,16.29],[0,0],[-16.29,0],[0,0],[0,-3.87]],"v":[[-24.5,-29.5],[24.5,-29.5],[31.5,-22.5],[31.5,0],[2,29.5],[-2,29.5],[-31.5,0],[-31.5,-22.5]],"c":true},"ix":2},"nm":"Path 1","mn":"ADBE Vector Shape - Group","hd":false},{"ty":"st","c":{"a":0,"k":[0.258823990822,0.258823990822,0.258823990822,1],"ix":3},"o":{"a":0,"k":100,"ix":4},"w":{"a":0,"k":8,"ix":5},"lc":1,"lj":1,"ml":4,"bm":0,"nm":"Stroke 1","mn":"ADBE Vector Graphic - Stroke","hd":false},{"ty":"tr","p":{"a":0,"k":[0,0],"ix":2},"a":{"a":0,"k":[0,0],"ix":1},"s":{"a":0,"k":[274.112,274.112],"ix":3},"r":{"a":0,"k":0,"ix":6},"o":{"a":0,"k":100,"ix":7},"sk":{"a":0,"k":0,"ix":4},"sa":{"a":0,"k":0,"ix":5},"nm":"Transform"}],"nm":"frame L","np":2,"cix":2,"bm":0,"ix":1,"mn":"ADBE Vector Group","hd":false}],"ip":0,"op":300,"st":0,"bm":0},{"ddd":0,"ind":2,"ty":4,"nm":"fill L 3","td":1,"sr":1,"ks":{"o":{"a":0,"k":100,"ix":11},"r":{"a":0,"k":0,"ix":10},"p":{"a":0,"k":[319.34,108.274,0],"ix":2},"a":{"a":0,"k":[0,0,0],"ix":1},"s":{"a":0,"k":[100,100,100],"ix":6}},"ao":0,"shapes":[{"ty":"gr","it":[{"ind":0,"ty":"sh","ix":1,"ks":{"a":0,"k":{"i":[[-3.87,0],[0,0],[0,-3.87],[0,0],[16.29,0],[0,0],[0,16.29],[0,0]],"o":[[0,0],[3.87,0],[0,0],[0,16.29],[0,0],[-16.29,0],[0,0],[0,-3.87]],"v":[[-24.5,-29.5],[24.5,-29.5],[31.5,-22.5],[31.5,0],[2,29.5],[-2,29.5],[-31.5,0],[-31.5,-22.5]],"c":true},"ix":2},"nm":"Path 1","mn":"ADBE Vector Shape - Group","hd":false},{"ty":"st","c":{"a":0,"k":[0.258823990822,0.258823990822,0.258823990822,1],"ix":3},"o":{"a":0,"k":100,"ix":4},"w":{"a":0,"k":7,"ix":5},"lc":1,"lj":1,"ml":4,"bm":0,"nm":"Stroke 1","mn":"ADBE Vector Graphic - Stroke","hd":false},{"ty":"fl","c":{"a":0,"k":[0.298038989305,0.298038989305,0.298038989305,1],"ix":4},"o":{"a":0,"k":100,"ix":5},"r":1,"bm":0,"nm":"Fill 1","mn":"ADBE Vector Graphic - Fill","hd":false},{"ty":"tr","p":{"a":0,"k":[0,0],"ix":2},"a":{"a":0,"k":[0,0],"ix":1},"s":{"a":0,"k":[274.112,274.112],"ix":3},"r":{"a":0,"k":0,"ix":6},"o":{"a":0,"k":100,"ix":7},"sk":{"a":0,"k":0,"ix":4},"sa":{"a":0,"k":0,"ix":5},"nm":"Transform"}],"nm":"fill L","np":3,"cix":2,"bm":0,"ix":1,"mn":"ADBE Vector Group","hd":false}],"ip":0,"op":300,"st":0,"bm":0},{"ddd":0,"ind":3,"ty":4,"nm":"Shape Layer 1","tt":1,"sr":1,"ks":{"o":{"a":0,"k":70,"ix":11},"r":{"a":0,"k":50,"ix":10},"p":{"s":true,"x":{"a":1,"k":[{"i":{"x":[0.479],"y":[1]},"o":{"x":[0.719],"y":[0]},"t":98,"s":[73.628],"e":[605.628]},{"t":130}],"ix":3},"y":{"a":0,"k":92,"ix":4}},"a":{"a":0,"k":[0,0,0],"ix":1},"s":{"a":0,"k":[100,100,100],"ix":6}},"ao":0,"shapes":[{"ty":"rc","d":1,"s":{"a":1,"k":[{"i":{"x":[0.667,0.667],"y":[1,1]},"o":{"x":[0.333,0.333],"y":[0,0]},"t":98,"s":[50,500],"e":[215,500]},{"i":{"x":[0.667,0.667],"y":[1,1]},"o":{"x":[0.333,0.333],"y":[0,0]},"t":115.525,"s":[215,500],"e":[50,500]},{"t":130}],"ix":2},"p":{"a":0,"k":[0,0],"ix":3},"r":{"a":0,"k":0,"ix":4},"nm":"Rectangle Path 1","mn":"ADBE Vector Shape - Rect","hd":false},{"ty":"fl","c":{"a":0,"k":[1,1,1,1],"ix":4},"o":{"a":0,"k":100,"ix":5},"r":1,"bm":0,"nm":"Fill 1","mn":"ADBE Vector Graphic - Fill","hd":false}],"ip":0,"op":300,"st":0,"bm":0},{"ddd":0,"ind":4,"ty":4,"nm":"fill L 2","td":1,"sr":1,"ks":{"o":{"a":0,"k":100,"ix":11},"r":{"a":0,"k":0,"ix":10},"p":{"a":0,"k":[319.34,108.274,0],"ix":2},"a":{"a":0,"k":[0,0,0],"ix":1},"s":{"a":0,"k":[100,100,100],"ix":6}},"ao":0,"shapes":[{"ty":"gr","it":[{"ind":0,"ty":"sh","ix":1,"ks":{"a":0,"k":{"i":[[-3.87,0],[0,0],[0,-3.87],[0,0],[16.29,0],[0,0],[0,16.29],[0,0]],"o":[[0,0],[3.87,0],[0,0],[0,16.29],[0,0],[-16.29,0],[0,0],[0,-3.87]],"v":[[-24.5,-29.5],[24.5,-29.5],[31.5,-22.5],[31.5,0],[2,29.5],[-2,29.5],[-31.5,0],[-31.5,-22.5]],"c":true},"ix":2},"nm":"Path 1","mn":"ADBE Vector Shape - Group","hd":false},{"ty":"st","c":{"a":0,"k":[0.258823990822,0.258823990822,0.258823990822,1],"ix":3},"o":{"a":0,"k":100,"ix":4},"w":{"a":0,"k":7,"ix":5},"lc":1,"lj":1,"ml":4,"bm":0,"nm":"Stroke 1","mn":"ADBE Vector Graphic - Stroke","hd":false},{"ty":"fl","c":{"a":0,"k":[0.298038989305,0.298038989305,0.298038989305,1],"ix":4},"o":{"a":0,"k":100,"ix":5},"r":1,"bm":0,"nm":"Fill 1","mn":"ADBE Vector Graphic - Fill","hd":false},{"ty":"tr","p":{"a":0,"k":[0,0],"ix":2},"a":{"a":0,"k":[0,0],"ix":1},"s":{"a":0,"k":[274.112,274.112],"ix":3},"r":{"a":0,"k":0,"ix":6},"o":{"a":0,"k":100,"ix":7},"sk":{"a":0,"k":0,"ix":4},"sa":{"a":0,"k":0,"ix":5},"nm":"Transform"}],"nm":"fill L","np":3,"cix":2,"bm":0,"ix":1,"mn":"ADBE Vector Group","hd":false}],"ip":0,"op":300,"st":0,"bm":0},{"ddd":0,"ind":5,"ty":4,"nm":"gradient L","tt":1,"sr":1,"ks":{"o":{"a":0,"k":100,"ix":11},"r":{"a":0,"k":0,"ix":10},"p":{"a":0,"k":[323.037,92.288,0],"ix":2},"a":{"a":0,"k":[0,0,0],"ix":1},"s":{"a":0,"k":[100,100,100],"ix":6}},"ao":0,"shapes":[{"ty":"gr","it":[{"ind":0,"ty":"sh","ix":1,"ks":{"a":0,"k":{"i":[[0,0],[0,0],[0,0],[0,0]],"o":[[0,0],[0,0],[0,0],[0,0]],"v":[[-36.343,9.786],[17.127,-33.514],[36.347,-9.784],[-17.133,33.516]],"c":true},"ix":2},"nm":"Path 1","mn":"ADBE Vector Shape - Group","hd":false},{"ty":"gf","o":{"a":0,"k":100,"ix":10},"r":1,"bm":0,"g":{"p":3,"k":{"a":0,"k":[0,0.298,0.298,0.298,0.5,0.326,0.326,0.326,1,0.354,0.354,0.354],"ix":9}},"s":{"a":0,"k":[-24.706,0],"ix":5},"e":{"a":0,"k":[12.18,0],"ix":6},"t":1,"nm":"Gradient Fill 1","mn":"ADBE Vector Graphic - G-Fill","hd":false},{"ty":"tr","p":{"a":0,"k":[0,0],"ix":2},"a":{"a":0,"k":[0,0],"ix":1},"s":{"a":0,"k":[274.112,274.112],"ix":3},"r":{"a":0,"k":0,"ix":6},"o":{"a":0,"k":100,"ix":7},"sk":{"a":0,"k":0,"ix":4},"sa":{"a":0,"k":0,"ix":5},"nm":"Transform"}],"nm":"gradient L","np":2,"cix":2,"bm":0,"ix":1,"mn":"ADBE Vector Group","hd":false}],"ip":0,"op":300,"st":0,"bm":0},{"ddd":0,"ind":6,"ty":4,"nm":"fill L","sr":1,"ks":{"o":{"a":0,"k":100,"ix":11},"r":{"a":0,"k":0,"ix":10},"p":{"a":0,"k":[319.34,108.274,0],"ix":2},"a":{"a":0,"k":[0,0,0],"ix":1},"s":{"a":0,"k":[100,100,100],"ix":6}},"ao":0,"shapes":[{"ty":"gr","it":[{"ind":0,"ty":"sh","ix":1,"ks":{"a":0,"k":{"i":[[-3.87,0],[0,0],[0,-3.87],[0,0],[16.29,0],[0,0],[0,16.29],[0,0]],"o":[[0,0],[3.87,0],[0,0],[0,16.29],[0,0],[-16.29,0],[0,0],[0,-3.87]],"v":[[-24.5,-29.5],[24.5,-29.5],[31.5,-22.5],[31.5,0],[2,29.5],[-2,29.5],[-31.5,0],[-31.5,-22.5]],"c":true},"ix":2},"nm":"Path 1","mn":"ADBE Vector Shape - Group","hd":false},{"ty":"st","c":{"a":0,"k":[0.258823990822,0.258823990822,0.258823990822,1],"ix":3},"o":{"a":0,"k":100,"ix":4},"w":{"a":0,"k":7,"ix":5},"lc":1,"lj":1,"ml":4,"bm":0,"nm":"Stroke 1","mn":"ADBE Vector Graphic - Stroke","hd":false},{"ty":"fl","c":{"a":0,"k":[0.298038989305,0.298038989305,0.298038989305,1],"ix":4},"o":{"a":0,"k":100,"ix":5},"r":1,"bm":0,"nm":"Fill 1","mn":"ADBE Vector Graphic - Fill","hd":false},{"ty":"tr","p":{"a":0,"k":[0,0],"ix":2},"a":{"a":0,"k":[0,0],"ix":1},"s":{"a":0,"k":[274.112,274.112],"ix":3},"r":{"a":0,"k":0,"ix":6},"o":{"a":0,"k":100,"ix":7},"sk":{"a":0,"k":0,"ix":4},"sa":{"a":0,"k":0,"ix":5},"nm":"Transform"}],"nm":"fill L","np":3,"cix":2,"bm":0,"ix":1,"mn":"ADBE Vector Group","hd":false}],"ip":0,"op":300,"st":0,"bm":0}]},{"id":"comp_3","layers":[{"ddd":0,"ind":1,"ty":4,"nm":"Mask 2","td":1,"sr":1,"ks":{"o":{"a":0,"k":100,"ix":11},"r":{"a":0,"k":0,"ix":10},"p":{"a":0,"k":[204.213,89.086,0],"ix":2},"a":{"a":0,"k":[0,0,0],"ix":1},"s":{"a":0,"k":[100,100,100],"ix":6}},"ao":0,"shapes":[{"ty":"gr","it":[{"ind":0,"ty":"sh","ix":1,"ks":{"a":0,"k":{"i":[[0,0],[7.03,0],[3.2,-4.51],[0,0],[-5.6,0],[-5.73,-4],[0,0],[0,0]],"o":[[-2.82,-5.95],[-5.96,0],[0,0],[5.07,-4],[5.6,0],[0,0],[0,0],[0,0]],"v":[[14,10.5],[-2,0.5],[-16.5,7.93],[-16.5,-4.5],[-0.5,-10.5],[16.5,-4.5],[16.5,10.5],[14,10.5]],"c":true},"ix":2},"nm":"Path 1","mn":"ADBE Vector Shape - Group","hd":false},{"ty":"fl","c":{"a":0,"k":[0.298038989305,0.298038989305,0.298038989305,1],"ix":4},"o":{"a":0,"k":100,"ix":5},"r":1,"bm":0,"nm":"Fill 1","mn":"ADBE Vector Graphic - Fill","hd":false},{"ty":"tr","p":{"a":0,"k":[0,0],"ix":2},"a":{"a":0,"k":[0,0],"ix":1},"s":{"a":0,"k":[274.112,274.112],"ix":3},"r":{"a":0,"k":0,"ix":6},"o":{"a":0,"k":100,"ix":7},"sk":{"a":0,"k":0,"ix":4},"sa":{"a":0,"k":0,"ix":5},"nm":"Transform"}],"nm":"Mask","np":2,"cix":2,"bm":0,"ix":1,"mn":"ADBE Vector Group","hd":false}],"ip":0,"op":300,"st":0,"bm":0},{"ddd":0,"ind":2,"ty":4,"nm":"Rectangle 133 Copy","tt":1,"sr":1,"ks":{"o":{"a":0,"k":100,"ix":11},"r":{"a":0,"k":0,"ix":10},"p":{"a":0,"k":[234.365,83.604,0],"ix":2},"a":{"a":0,"k":[0,0,0],"ix":1},"s":{"a":0,"k":[100,100,100],"ix":6}},"ao":0,"shapes":[{"ty":"gr","it":[{"ind":0,"ty":"sh","ix":1,"ks":{"a":0,"k":{"i":[[0,0],[0,0],[0,0],[0,0]],"o":[[0,0],[0,0],[0,0],[0,0]],"v":[[-6.5,-7.5],[6.5,-7.5],[6.5,7.5],[-6.5,7.5]],"c":true},"ix":2},"nm":"Path 1","mn":"ADBE Vector Shape - Group","hd":false},{"ty":"fl","c":{"a":0,"k":[0.258982002735,0.258982002735,0.258982002735,1],"ix":4},"o":{"a":0,"k":100,"ix":5},"r":1,"bm":0,"nm":"Fill 1","mn":"ADBE Vector Graphic - Fill","hd":false},{"ty":"tr","p":{"a":0,"k":[0,0],"ix":2},"a":{"a":0,"k":[0,0],"ix":1},"s":{"a":0,"k":[274.112,274.112],"ix":3},"r":{"a":0,"k":0,"ix":6},"o":{"a":0,"k":100,"ix":7},"sk":{"a":0,"k":0,"ix":4},"sa":{"a":0,"k":0,"ix":5},"nm":"Transform"}],"nm":"Rectangle 133 Copy","np":2,"cix":2,"bm":0,"ix":1,"mn":"ADBE Vector Group","hd":false}],"ip":0,"op":300,"st":0,"bm":0},{"ddd":0,"ind":3,"ty":4,"nm":"Mask","sr":1,"ks":{"o":{"a":0,"k":100,"ix":11},"r":{"a":0,"k":0,"ix":10},"p":{"a":0,"k":[204.213,89.086,0],"ix":2},"a":{"a":0,"k":[0,0,0],"ix":1},"s":{"a":0,"k":[100,100,100],"ix":6}},"ao":0,"shapes":[{"ty":"gr","it":[{"ind":0,"ty":"sh","ix":1,"ks":{"a":0,"k":{"i":[[0,0],[7.03,0],[3.2,-4.51],[0,0],[-5.6,0],[-5.73,-4],[0,0],[0,0]],"o":[[-2.82,-5.95],[-5.96,0],[0,0],[5.07,-4],[5.6,0],[0,0],[0,0],[0,0]],"v":[[14,10.5],[-2,0.5],[-16.5,7.93],[-16.5,-4.5],[-0.5,-10.5],[16.5,-4.5],[16.5,10.5],[14,10.5]],"c":true},"ix":2},"nm":"Path 1","mn":"ADBE Vector Shape - Group","hd":false},{"ty":"fl","c":{"a":0,"k":[0.298038989305,0.298038989305,0.298038989305,1],"ix":4},"o":{"a":0,"k":100,"ix":5},"r":1,"bm":0,"nm":"Fill 1","mn":"ADBE Vector Graphic - Fill","hd":false},{"ty":"tr","p":{"a":0,"k":[0,0],"ix":2},"a":{"a":0,"k":[0,0],"ix":1},"s":{"a":0,"k":[274.112,274.112],"ix":3},"r":{"a":0,"k":0,"ix":6},"o":{"a":0,"k":100,"ix":7},"sk":{"a":0,"k":0,"ix":4},"sa":{"a":0,"k":0,"ix":5},"nm":"Transform"}],"nm":"Mask","np":2,"cix":2,"bm":0,"ix":1,"mn":"ADBE Vector Group","hd":false}],"ip":0,"op":300,"st":0,"bm":0}]}],"layers":[{"ddd":0,"ind":1,"ty":0,"nm":"29_SUN","refId":"comp_0","sr":1,"ks":{"o":{"a":0,"k":100,"ix":11},"r":{"a":0,"k":0,"ix":10},"p":{"a":0,"k":[67.5,67.5,0],"ix":2},"a":{"a":0,"k":[270,270,0],"ix":1},"s":{"a":0,"k":[25,25,100],"ix":6}},"ao":0,"w":540,"h":540,"ip":0,"op":150,"st":-50,"bm":0}],"markers":[{"tm":200,"cm":"","dr":0}]}
