{"v":"5.5.2","fr":60,"ip":0,"op":198,"w":135,"h":135,"nm":"12_SUITCASE EXPORT","ddd":0,"assets":[{"id":"comp_0","layers":[{"ddd":0,"ind":2,"ty":4,"nm":"strap 01","parent":5,"sr":1,"ks":{"o":{"a":0,"k":100,"ix":11},"r":{"a":0,"k":0,"ix":10},"p":{"a":0,"k":[-110,1.18,0],"ix":2},"a":{"a":0,"k":[0,0,0],"ix":1},"s":{"a":0,"k":[100,100,100],"ix":6}},"ao":0,"shapes":[{"ty":"gr","it":[{"ind":0,"ty":"sh","ix":1,"ks":{"a":0,"k":{"i":[[-0.67,0],[0,0],[0,-0.67],[0,0],[0.67,0],[0,0],[0,0.67],[0,0]],"o":[[0,0],[0.67,0],[0,0],[0,0.67],[0,0],[-0.67,0],[0,0],[0,-0.67]],"v":[[-5.29,-34.5],[5.29,-34.5],[6.5,-33.29],[6.5,33.29],[5.29,34.5],[-5.29,34.5],[-6.5,33.29],[-6.5,-33.29]],"c":true},"ix":2},"nm":"Path 1","mn":"ADBE Vector Shape - Group","hd":false},{"ty":"fl","c":{"a":0,"k":[0.756862998009,0.466666996479,0.313724994659,1],"ix":4},"o":{"a":0,"k":100,"ix":5},"r":1,"bm":0,"nm":"Fill 1","mn":"ADBE Vector Graphic - Fill","hd":false},{"ty":"tr","p":{"a":0,"k":[0,0],"ix":2},"a":{"a":0,"k":[0,0],"ix":1},"s":{"a":0,"k":[400,400],"ix":3},"r":{"a":0,"k":0,"ix":6},"o":{"a":0,"k":100,"ix":7},"sk":{"a":0,"k":0,"ix":4},"sa":{"a":0,"k":0,"ix":5},"nm":"Transform"}],"nm":"strap 01","np":2,"cix":2,"bm":0,"ix":1,"mn":"ADBE Vector Group","hd":false}],"ip":0,"op":1000,"st":0,"bm":0},{"ddd":0,"ind":3,"ty":4,"nm":"strap 02","parent":5,"sr":1,"ks":{"o":{"a":0,"k":100,"ix":11},"r":{"a":0,"k":0,"ix":10},"p":{"a":0,"k":[110,1.18,0],"ix":2},"a":{"a":0,"k":[0,0,0],"ix":1},"s":{"a":0,"k":[100,100,100],"ix":6}},"ao":0,"shapes":[{"ty":"gr","it":[{"ind":0,"ty":"sh","ix":1,"ks":{"a":0,"k":{"i":[[-0.67,0],[0,0],[0,-0.67],[0,0],[0.67,0],[0,0],[0,0.67],[0,0]],"o":[[0,0],[0.67,0],[0,0],[0,0.67],[0,0],[-0.67,0],[0,0],[0,-0.67]],"v":[[-5.29,-34.5],[5.29,-34.5],[6.5,-33.29],[6.5,33.29],[5.29,34.5],[-5.29,34.5],[-6.5,33.29],[-6.5,-33.29]],"c":true},"ix":2},"nm":"Path 1","mn":"ADBE Vector Shape - Group","hd":false},{"ty":"fl","c":{"a":0,"k":[0.756862998009,0.466666996479,0.313724994659,1],"ix":4},"o":{"a":0,"k":100,"ix":5},"r":1,"bm":0,"nm":"Fill 1","mn":"ADBE Vector Graphic - Fill","hd":false},{"ty":"tr","p":{"a":0,"k":[0,0],"ix":2},"a":{"a":0,"k":[0,0],"ix":1},"s":{"a":0,"k":[400,400],"ix":3},"r":{"a":0,"k":0,"ix":6},"o":{"a":0,"k":100,"ix":7},"sk":{"a":0,"k":0,"ix":4},"sa":{"a":0,"k":0,"ix":5},"nm":"Transform"}],"nm":"strap 02","np":2,"cix":2,"bm":0,"ix":1,"mn":"ADBE Vector Group","hd":false}],"ip":0,"op":1000,"st":0,"bm":0},{"ddd":0,"ind":4,"ty":3,"nm":"SQUISH NULL","sr":1,"ks":{"o":{"a":0,"k":0,"ix":11},"r":{"a":0,"k":0,"ix":10},"p":{"a":0,"k":[270,424.5,0],"ix":2},"a":{"a":0,"k":[0,0,0],"ix":1},"s":{"a":1,"k":[{"i":{"x":[0.667,0.667,0.667],"y":[1,1,1]},"o":{"x":[0.333,0.333,0.333],"y":[0,0,0]},"t":206,"s":[100,100,100],"e":[101.467,98.5,100]},{"i":{"x":[0.667,0.667,0.667],"y":[1,1,1]},"o":{"x":[0.333,0.333,0.333],"y":[0,0,0]},"t":212,"s":[101.467,98.5,100],"e":[99.852,100.165,100]},{"i":{"x":[0.667,0.667,0.667],"y":[1,1,1]},"o":{"x":[0.333,0.333,0.333],"y":[0,0,0]},"t":217,"s":[99.852,100.165,100],"e":[100,100,100]},{"t":225}],"ix":6}},"ao":0,"ip":0,"op":1000,"st":0,"bm":0},{"ddd":0,"ind":5,"ty":4,"nm":"SUITCASE 02","parent":4,"sr":1,"ks":{"o":{"a":0,"k":100,"ix":11},"r":{"a":1,"k":[{"i":{"x":[0.413],"y":[0.801]},"o":{"x":[0.367],"y":[0]},"t":150,"s":[0],"e":[-8.096]},{"i":{"x":[0.442],"y":[1]},"o":{"x":[0.271],"y":[0.825]},"t":173,"s":[-8.096],"e":[-8.723]},{"i":{"x":[0.924],"y":[0.741]},"o":{"x":[0.886],"y":[0]},"t":189,"s":[-8.723],"e":[0]},{"t":212}],"ix":10},"p":{"s":true,"x":{"a":1,"k":[{"i":{"x":[0.232],"y":[1]},"o":{"x":[0.023],"y":[0.385]},"t":150,"s":[382],"e":[-138]},{"t":176}],"ix":3},"y":{"a":1,"k":[{"i":{"x":[0.98],"y":[1]},"o":{"x":[0.02],"y":[0]},"t":150,"s":[0],"e":[0]},{"t":176}],"ix":4}},"a":{"a":0,"k":[-136,139.68,0],"ix":1},"s":{"a":0,"k":[100,100,100],"ix":6}},"ao":0,"shapes":[{"ty":"gr","it":[{"ind":0,"ty":"sh","ix":1,"ks":{"a":0,"k":{"i":[[-5.02,0],[0,0],[0,-5.02],[0,0],[5.02,0],[0,0],[0,5.02],[0,0]],"o":[[0,0],[5.02,0],[0,0],[0,5.02],[0,0],[-5.02,0],[0,0],[0,-5.02]],"v":[[-38.9,-30.5],[38.9,-30.5],[48,-21.4],[48,21.4],[38.9,30.5],[-38.9,30.5],[-48,21.4],[-48,-21.4]],"c":true},"ix":2},"nm":"Path 1","mn":"ADBE Vector Shape - Group","hd":false},{"ty":"fl","c":{"a":0,"k":[0.600000023842,0.337255001068,0.196078002453,1],"ix":4},"o":{"a":0,"k":100,"ix":5},"r":1,"bm":0,"nm":"Fill 1","mn":"ADBE Vector Graphic - Fill","hd":false},{"ty":"tr","p":{"a":0,"k":[0,0],"ix":2},"a":{"a":0,"k":[0,0],"ix":1},"s":{"a":0,"k":[400,400],"ix":3},"r":{"a":0,"k":0,"ix":6},"o":{"a":0,"k":100,"ix":7},"sk":{"a":0,"k":0,"ix":4},"sa":{"a":0,"k":0,"ix":5},"nm":"Transform"}],"nm":"SUITCASE","np":2,"cix":2,"bm":0,"ix":1,"mn":"ADBE Vector Group","hd":false}],"ip":0,"op":1000,"st":0,"bm":0},{"ddd":0,"ind":6,"ty":4,"nm":"brass 01","parent":5,"sr":1,"ks":{"o":{"a":0,"k":100,"ix":11},"r":{"a":0,"k":0,"ix":10},"p":{"a":0,"k":[-52,-118.82,0],"ix":2},"a":{"a":0,"k":[0,0,0],"ix":1},"s":{"a":0,"k":[100,100,100],"ix":6}},"ao":0,"shapes":[{"ty":"gr","it":[{"ind":0,"ty":"sh","ix":1,"ks":{"a":0,"k":{"i":[[-1.82,0],[0,0],[0,-1.82],[0,0],[1.82,0],[0,0],[0,1.82],[0,0]],"o":[[0,0],[1.82,0],[0,0],[0,1.82],[0,0],[-1.82,0],[0,0],[0,-1.82]],"v":[[-4.7,-5.5],[4.7,-5.5],[8,-2.2],[8,2.2],[4.7,5.5],[-4.7,5.5],[-8,2.2],[-8,-2.2]],"c":true},"ix":2},"nm":"Path 1","mn":"ADBE Vector Shape - Group","hd":false},{"ty":"fl","c":{"a":0,"k":[1,0.792156994343,0.035294000059,1],"ix":4},"o":{"a":0,"k":100,"ix":5},"r":1,"bm":0,"nm":"Fill 1","mn":"ADBE Vector Graphic - Fill","hd":false},{"ty":"tr","p":{"a":0,"k":[0,0],"ix":2},"a":{"a":0,"k":[0,0],"ix":1},"s":{"a":0,"k":[400,400],"ix":3},"r":{"a":0,"k":0,"ix":6},"o":{"a":0,"k":100,"ix":7},"sk":{"a":0,"k":0,"ix":4},"sa":{"a":0,"k":0,"ix":5},"nm":"Transform"}],"nm":"brass 01","np":2,"cix":2,"bm":0,"ix":1,"mn":"ADBE Vector Group","hd":false}],"ip":0,"op":1000,"st":0,"bm":0},{"ddd":0,"ind":7,"ty":4,"nm":"brass 02","parent":5,"sr":1,"ks":{"o":{"a":0,"k":100,"ix":11},"r":{"a":0,"k":0,"ix":10},"p":{"a":0,"k":[52,-118.82,0],"ix":2},"a":{"a":0,"k":[0,0,0],"ix":1},"s":{"a":0,"k":[100,100,100],"ix":6}},"ao":0,"shapes":[{"ty":"gr","it":[{"ind":0,"ty":"sh","ix":1,"ks":{"a":0,"k":{"i":[[-1.82,0],[0,0],[0,-1.82],[0,0],[1.82,0],[0,0],[0,1.82],[0,0]],"o":[[0,0],[1.82,0],[0,0],[0,1.82],[0,0],[-1.82,0],[0,0],[0,-1.82]],"v":[[-4.7,-5.5],[4.7,-5.5],[8,-2.2],[8,2.2],[4.7,5.5],[-4.7,5.5],[-8,2.2],[-8,-2.2]],"c":true},"ix":2},"nm":"Path 1","mn":"ADBE Vector Shape - Group","hd":false},{"ty":"fl","c":{"a":0,"k":[1,0.792156994343,0.035294000059,1],"ix":4},"o":{"a":0,"k":100,"ix":5},"r":1,"bm":0,"nm":"Fill 1","mn":"ADBE Vector Graphic - Fill","hd":false},{"ty":"tr","p":{"a":0,"k":[0,0],"ix":2},"a":{"a":0,"k":[0,0],"ix":1},"s":{"a":0,"k":[400,400],"ix":3},"r":{"a":0,"k":0,"ix":6},"o":{"a":0,"k":100,"ix":7},"sk":{"a":0,"k":0,"ix":4},"sa":{"a":0,"k":0,"ix":5},"nm":"Transform"}],"nm":"brass 02","np":2,"cix":2,"bm":0,"ix":1,"mn":"ADBE Vector Group","hd":false}],"ip":0,"op":1000,"st":0,"bm":0},{"ddd":0,"ind":8,"ty":4,"nm":"handle","parent":5,"sr":1,"ks":{"o":{"a":0,"k":100,"ix":11},"r":{"a":0,"k":0,"ix":10},"p":{"a":0,"k":[0,-150.82,0],"ix":2},"a":{"a":0,"k":[0,0,0],"ix":1},"s":{"a":0,"k":[100,100,100],"ix":6}},"ao":0,"shapes":[{"ty":"gr","it":[{"ind":0,"ty":"sh","ix":1,"ks":{"a":0,"k":{"i":[[0,0],[2.01,0],[0,2.01],[0,0],[-4.92,0],[0,0],[0,-4.89],[0,0],[2.01,0],[0,2.01],[0,0],[0.97,0],[0,0],[0,-0.79]],"o":[[0,2.01],[-2.01,0],[0,0],[0,-4.89],[0,0],[4.92,0],[0,0],[0,2.01],[-2.01,0],[0,0],[0,-0.79],[0,0],[-0.97,0],[0,0]],"v":[[-9.361,4.499],[-13.001,8.139],[-16.641,4.499],[-16.641,0.499],[-7.801,-8.141],[7.799,-8.141],[16.639,0.499],[16.639,4.499],[12.999,8.139],[9.359,4.499],[9.359,0.499],[7.799,-0.861],[-7.801,-0.861],[-9.361,0.499]],"c":true},"ix":2},"nm":"Path 1","mn":"ADBE Vector Shape - Group","hd":false},{"ty":"fl","c":{"a":0,"k":[0.600000023842,0.337255001068,0.196078002453,1],"ix":4},"o":{"a":0,"k":100,"ix":5},"r":1,"bm":0,"nm":"Fill 1","mn":"ADBE Vector Graphic - Fill","hd":false},{"ty":"tr","p":{"a":0,"k":[0,0],"ix":2},"a":{"a":0,"k":[0,0],"ix":1},"s":{"a":0,"k":[400,400],"ix":3},"r":{"a":0,"k":0,"ix":6},"o":{"a":0,"k":100,"ix":7},"sk":{"a":0,"k":0,"ix":4},"sa":{"a":0,"k":0,"ix":5},"nm":"Transform"}],"nm":"handle","np":2,"cix":2,"bm":0,"ix":1,"mn":"ADBE Vector Group","hd":false}],"ip":0,"op":1000,"st":0,"bm":0},{"ddd":0,"ind":9,"ty":4,"nm":"arm","parent":13,"sr":1,"ks":{"o":{"a":0,"k":100,"ix":11},"r":{"a":0,"k":0,"ix":10},"p":{"s":true,"x":{"a":1,"k":[{"i":{"x":[0.833],"y":[1]},"o":{"x":[0.024],"y":[0]},"t":0,"s":[0.875],"e":[0.875]},{"i":{"x":[0.976],"y":[1]},"o":{"x":[0.167],"y":[0]},"t":25,"s":[0.875],"e":[0.875]},{"t":46}],"ix":3},"y":{"a":1,"k":[{"i":{"x":[0.333],"y":[0.807]},"o":{"x":[0.053],"y":[0.274]},"t":25,"s":[-636.82],"e":[-412.352]},{"i":{"x":[0.609],"y":[1]},"o":{"x":[0.278],"y":[0.761]},"t":37,"s":[-412.352],"e":[-376.82]},{"t":55}],"ix":4}},"a":{"a":0,"k":[-9.125,-356,0],"ix":1},"s":{"a":0,"k":[100,100,100],"ix":6}},"ao":0,"shapes":[{"ty":"gr","it":[{"ind":0,"ty":"sh","ix":1,"ks":{"a":1,"k":[{"i":{"x":0.667,"y":1},"o":{"x":0.167,"y":0.167},"t":55,"s":[{"i":[[0,0],[0,0]],"o":[[0,0],[0,0]],"v":[[-9,-356],[-9,-185]],"c":false}],"e":[{"i":[[0,0],[0,0]],"o":[[0,0],[0,0]],"v":[[-9,-356],[-9,-185]],"c":false}]},{"i":{"x":0.833,"y":1},"o":{"x":0.333,"y":0},"t":64,"s":[{"i":[[0,0],[0,0]],"o":[[0,0],[0,0]],"v":[[-9,-356],[-9,-185]],"c":false}],"e":[{"i":[[0,0],[0,0]],"o":[[0,0],[0,0]],"v":[[-9,-356],[-9,-185]],"c":false}]},{"i":{"x":0.833,"y":1},"o":{"x":0.167,"y":0},"t":113,"s":[{"i":[[0,0],[0,0]],"o":[[0,0],[0,0]],"v":[[-9,-356],[-9,-185]],"c":false}],"e":[{"i":[[0,0],[0,0]],"o":[[0,0],[0,0]],"v":[[-40.602,-348.898],[-9,-185]],"c":false}]},{"t":142}],"ix":2},"nm":"Path 1","mn":"ADBE Vector Shape - Group","hd":false},{"ty":"st","c":{"a":0,"k":[0.960784313725,0.658823529412,0.552941176471,1],"ix":3},"o":{"a":0,"k":100,"ix":4},"w":{"a":0,"k":70,"ix":5},"lc":2,"lj":1,"ml":4,"bm":0,"nm":"Stroke 1","mn":"ADBE Vector Graphic - Stroke","hd":false},{"ty":"tr","p":{"a":0,"k":[0,0],"ix":2},"a":{"a":0,"k":[0,0],"ix":1},"s":{"a":0,"k":[100,100],"ix":3},"r":{"a":0,"k":0,"ix":6},"o":{"a":0,"k":100,"ix":7},"sk":{"a":0,"k":0,"ix":4},"sa":{"a":0,"k":0,"ix":5},"nm":"Transform"}],"nm":"Shape 1","np":3,"cix":2,"bm":0,"ix":1,"mn":"ADBE Vector Group","hd":false}],"ip":0,"op":1000,"st":0,"bm":0},{"ddd":0,"ind":10,"ty":4,"nm":"fingers","parent":9,"sr":1,"ks":{"o":{"a":0,"k":100,"ix":11},"r":{"a":1,"k":[{"i":{"x":[0.387],"y":[1]},"o":{"x":[0.026],"y":[0.224]},"t":37,"s":[-20],"e":[0]},{"t":55}],"ix":10},"p":{"a":0,"k":[-9.031,-184.969,0],"ix":2},"a":{"a":0,"k":[-9.031,-184.969,0],"ix":1},"s":{"a":0,"k":[100,100,100],"ix":6}},"ao":0,"shapes":[{"ty":"gr","it":[{"ind":0,"ty":"sh","ix":1,"ks":{"a":1,"k":[{"i":{"x":0.667,"y":1},"o":{"x":0.333,"y":0},"t":37,"s":[{"i":[[0,0],[0,0]],"o":[[0,0],[0,0]],"v":[[-9,-185],[-9,-140]],"c":false}],"e":[{"i":[[0,0],[0,0]],"o":[[0,0],[0,0]],"v":[[-9,-185],[-9,-150]],"c":false}]},{"t":55}],"ix":2},"nm":"Path 1","mn":"ADBE Vector Shape - Group","hd":false},{"ty":"st","c":{"a":0,"k":[0.960784313725,0.658823529412,0.552941176471,1],"ix":3},"o":{"a":0,"k":100,"ix":4},"w":{"a":0,"k":70,"ix":5},"lc":2,"lj":1,"ml":4,"bm":0,"nm":"Stroke 1","mn":"ADBE Vector Graphic - Stroke","hd":false},{"ty":"tr","p":{"a":0,"k":[0,0],"ix":2},"a":{"a":0,"k":[0,0],"ix":1},"s":{"a":0,"k":[100,100],"ix":3},"r":{"a":0,"k":0,"ix":6},"o":{"a":0,"k":100,"ix":7},"sk":{"a":0,"k":0,"ix":4},"sa":{"a":0,"k":0,"ix":5},"nm":"Transform"}],"nm":"Shape 1","np":3,"cix":2,"bm":0,"ix":1,"mn":"ADBE Vector Group","hd":false}],"ip":0,"op":1000,"st":0,"bm":0},{"ddd":0,"ind":11,"ty":4,"nm":"strap 01","parent":13,"sr":1,"ks":{"o":{"a":0,"k":100,"ix":11},"r":{"a":0,"k":0,"ix":10},"p":{"a":0,"k":[-110,1.18,0],"ix":2},"a":{"a":0,"k":[0,0,0],"ix":1},"s":{"a":0,"k":[100,100,100],"ix":6}},"ao":0,"shapes":[{"ty":"gr","it":[{"ind":0,"ty":"sh","ix":1,"ks":{"a":0,"k":{"i":[[-0.67,0],[0,0],[0,-0.67],[0,0],[0.67,0],[0,0],[0,0.67],[0,0]],"o":[[0,0],[0.67,0],[0,0],[0,0.67],[0,0],[-0.67,0],[0,0],[0,-0.67]],"v":[[-5.29,-34.5],[5.29,-34.5],[6.5,-33.29],[6.5,33.29],[5.29,34.5],[-5.29,34.5],[-6.5,33.29],[-6.5,-33.29]],"c":true},"ix":2},"nm":"Path 1","mn":"ADBE Vector Shape - Group","hd":false},{"ty":"fl","c":{"a":0,"k":[0.756862998009,0.466666996479,0.313724994659,1],"ix":4},"o":{"a":0,"k":100,"ix":5},"r":1,"bm":0,"nm":"Fill 1","mn":"ADBE Vector Graphic - Fill","hd":false},{"ty":"tr","p":{"a":0,"k":[0,0],"ix":2},"a":{"a":0,"k":[0,0],"ix":1},"s":{"a":0,"k":[400,400],"ix":3},"r":{"a":0,"k":0,"ix":6},"o":{"a":0,"k":100,"ix":7},"sk":{"a":0,"k":0,"ix":4},"sa":{"a":0,"k":0,"ix":5},"nm":"Transform"}],"nm":"strap 01","np":2,"cix":2,"bm":0,"ix":1,"mn":"ADBE Vector Group","hd":false}],"ip":0,"op":1000,"st":0,"bm":0},{"ddd":0,"ind":12,"ty":4,"nm":"strap 02","parent":13,"sr":1,"ks":{"o":{"a":0,"k":100,"ix":11},"r":{"a":0,"k":0,"ix":10},"p":{"a":0,"k":[110,1.18,0],"ix":2},"a":{"a":0,"k":[0,0,0],"ix":1},"s":{"a":0,"k":[100,100,100],"ix":6}},"ao":0,"shapes":[{"ty":"gr","it":[{"ind":0,"ty":"sh","ix":1,"ks":{"a":0,"k":{"i":[[-0.67,0],[0,0],[0,-0.67],[0,0],[0.67,0],[0,0],[0,0.67],[0,0]],"o":[[0,0],[0.67,0],[0,0],[0,0.67],[0,0],[-0.67,0],[0,0],[0,-0.67]],"v":[[-5.29,-34.5],[5.29,-34.5],[6.5,-33.29],[6.5,33.29],[5.29,34.5],[-5.29,34.5],[-6.5,33.29],[-6.5,-33.29]],"c":true},"ix":2},"nm":"Path 1","mn":"ADBE Vector Shape - Group","hd":false},{"ty":"fl","c":{"a":0,"k":[0.756862998009,0.466666996479,0.313724994659,1],"ix":4},"o":{"a":0,"k":100,"ix":5},"r":1,"bm":0,"nm":"Fill 1","mn":"ADBE Vector Graphic - Fill","hd":false},{"ty":"tr","p":{"a":0,"k":[0,0],"ix":2},"a":{"a":0,"k":[0,0],"ix":1},"s":{"a":0,"k":[400,400],"ix":3},"r":{"a":0,"k":0,"ix":6},"o":{"a":0,"k":100,"ix":7},"sk":{"a":0,"k":0,"ix":4},"sa":{"a":0,"k":0,"ix":5},"nm":"Transform"}],"nm":"strap 02","np":2,"cix":2,"bm":0,"ix":1,"mn":"ADBE Vector Group","hd":false}],"ip":0,"op":1000,"st":0,"bm":0},{"ddd":0,"ind":13,"ty":4,"nm":"SUITCASE","sr":1,"ks":{"o":{"a":0,"k":100,"ix":11},"r":{"a":1,"k":[{"i":{"x":[0.57],"y":[1]},"o":{"x":[0.211],"y":[0]},"t":25,"s":[0],"e":[0]},{"i":{"x":[0.656],"y":[1]},"o":{"x":[0.302],"y":[0]},"t":40,"s":[0],"e":[0]},{"i":{"x":[0.669],"y":[1]},"o":{"x":[0.335],"y":[0]},"t":61.857,"s":[0],"e":[0]},{"i":{"x":[0.667],"y":[1]},"o":{"x":[0.352],"y":[0]},"t":80,"s":[0],"e":[0]},{"i":{"x":[0.667],"y":[1]},"o":{"x":[0.333],"y":[0]},"t":94,"s":[0],"e":[0.549]},{"i":{"x":[0.667],"y":[1]},"o":{"x":[0.333],"y":[0]},"t":108,"s":[0.549],"e":[-7.1]},{"t":151}],"ix":10},"p":{"s":true,"x":{"a":1,"k":[{"i":{"x":[0.833],"y":[0.833]},"o":{"x":[0.167],"y":[0.167]},"t":25,"s":[268],"e":[268]},{"i":{"x":[0.833],"y":[0.833]},"o":{"x":[0.167],"y":[0.167]},"t":40,"s":[268],"e":[268]},{"i":{"x":[0.577],"y":[1]},"o":{"x":[0.226],"y":[0]},"t":61.857,"s":[268],"e":[268]},{"i":{"x":[0.667],"y":[1]},"o":{"x":[0.284],"y":[0]},"t":80,"s":[268],"e":[268]},{"i":{"x":[0.667],"y":[1]},"o":{"x":[0.333],"y":[0]},"t":108,"s":[268],"e":[272]},{"i":{"x":[0.792],"y":[0.627]},"o":{"x":[0.49],"y":[0]},"t":122,"s":[272],"e":[-229.028]},{"t":155}],"ix":3},"y":{"a":1,"k":[{"i":{"x":[0.833],"y":[0.833]},"o":{"x":[0.167],"y":[0.167]},"t":25,"s":[116.82],"e":[116.82]},{"i":{"x":[0.833],"y":[0.833]},"o":{"x":[0.167],"y":[0.167]},"t":40,"s":[116.82],"e":[116.82]},{"i":{"x":[0.667],"y":[1]},"o":{"x":[0.226],"y":[0]},"t":61.857,"s":[116.82],"e":[116.82]},{"i":{"x":[0.311],"y":[1]},"o":{"x":[0.333],"y":[0]},"t":80,"s":[116.82],"e":[74.097]},{"i":{"x":[0.667],"y":[1]},"o":{"x":[0.333],"y":[0]},"t":99,"s":[74.097],"e":[76.82]},{"i":{"x":[0.355],"y":[1]},"o":{"x":[0.333],"y":[0]},"t":118,"s":[76.82],"e":[76.82]},{"t":167}],"ix":4}},"a":{"a":0,"k":[0,-168,0],"ix":1},"s":{"a":0,"k":[100,100,100],"ix":6}},"ao":0,"shapes":[{"ty":"gr","it":[{"ind":0,"ty":"sh","ix":1,"ks":{"a":0,"k":{"i":[[-5.02,0],[0,0],[0,-5.02],[0,0],[5.02,0],[0,0],[0,5.02],[0,0]],"o":[[0,0],[5.02,0],[0,0],[0,5.02],[0,0],[-5.02,0],[0,0],[0,-5.02]],"v":[[-38.9,-30.5],[38.9,-30.5],[48,-21.4],[48,21.4],[38.9,30.5],[-38.9,30.5],[-48,21.4],[-48,-21.4]],"c":true},"ix":2},"nm":"Path 1","mn":"ADBE Vector Shape - Group","hd":false},{"ty":"fl","c":{"a":0,"k":[0.600000023842,0.337255001068,0.196078002453,1],"ix":4},"o":{"a":0,"k":100,"ix":5},"r":1,"bm":0,"nm":"Fill 1","mn":"ADBE Vector Graphic - Fill","hd":false},{"ty":"tr","p":{"a":0,"k":[0,0],"ix":2},"a":{"a":0,"k":[0,0],"ix":1},"s":{"a":0,"k":[400,400],"ix":3},"r":{"a":0,"k":0,"ix":6},"o":{"a":0,"k":100,"ix":7},"sk":{"a":0,"k":0,"ix":4},"sa":{"a":0,"k":0,"ix":5},"nm":"Transform"}],"nm":"SUITCASE","np":2,"cix":2,"bm":0,"ix":1,"mn":"ADBE Vector Group","hd":false}],"ip":0,"op":1000,"st":0,"bm":0},{"ddd":0,"ind":14,"ty":4,"nm":"brass 01","parent":13,"sr":1,"ks":{"o":{"a":0,"k":100,"ix":11},"r":{"a":0,"k":0,"ix":10},"p":{"a":0,"k":[-52,-118.82,0],"ix":2},"a":{"a":0,"k":[0,0,0],"ix":1},"s":{"a":0,"k":[100,100,100],"ix":6}},"ao":0,"shapes":[{"ty":"gr","it":[{"ind":0,"ty":"sh","ix":1,"ks":{"a":0,"k":{"i":[[-1.82,0],[0,0],[0,-1.82],[0,0],[1.82,0],[0,0],[0,1.82],[0,0]],"o":[[0,0],[1.82,0],[0,0],[0,1.82],[0,0],[-1.82,0],[0,0],[0,-1.82]],"v":[[-4.7,-5.5],[4.7,-5.5],[8,-2.2],[8,2.2],[4.7,5.5],[-4.7,5.5],[-8,2.2],[-8,-2.2]],"c":true},"ix":2},"nm":"Path 1","mn":"ADBE Vector Shape - Group","hd":false},{"ty":"fl","c":{"a":0,"k":[1,0.792156994343,0.035294000059,1],"ix":4},"o":{"a":0,"k":100,"ix":5},"r":1,"bm":0,"nm":"Fill 1","mn":"ADBE Vector Graphic - Fill","hd":false},{"ty":"tr","p":{"a":0,"k":[0,0],"ix":2},"a":{"a":0,"k":[0,0],"ix":1},"s":{"a":0,"k":[400,400],"ix":3},"r":{"a":0,"k":0,"ix":6},"o":{"a":0,"k":100,"ix":7},"sk":{"a":0,"k":0,"ix":4},"sa":{"a":0,"k":0,"ix":5},"nm":"Transform"}],"nm":"brass 01","np":2,"cix":2,"bm":0,"ix":1,"mn":"ADBE Vector Group","hd":false}],"ip":0,"op":1000,"st":0,"bm":0},{"ddd":0,"ind":15,"ty":4,"nm":"brass 02","parent":13,"sr":1,"ks":{"o":{"a":0,"k":100,"ix":11},"r":{"a":0,"k":0,"ix":10},"p":{"a":0,"k":[52,-118.82,0],"ix":2},"a":{"a":0,"k":[0,0,0],"ix":1},"s":{"a":0,"k":[100,100,100],"ix":6}},"ao":0,"shapes":[{"ty":"gr","it":[{"ind":0,"ty":"sh","ix":1,"ks":{"a":0,"k":{"i":[[-1.82,0],[0,0],[0,-1.82],[0,0],[1.82,0],[0,0],[0,1.82],[0,0]],"o":[[0,0],[1.82,0],[0,0],[0,1.82],[0,0],[-1.82,0],[0,0],[0,-1.82]],"v":[[-4.7,-5.5],[4.7,-5.5],[8,-2.2],[8,2.2],[4.7,5.5],[-4.7,5.5],[-8,2.2],[-8,-2.2]],"c":true},"ix":2},"nm":"Path 1","mn":"ADBE Vector Shape - Group","hd":false},{"ty":"fl","c":{"a":0,"k":[1,0.792156994343,0.035294000059,1],"ix":4},"o":{"a":0,"k":100,"ix":5},"r":1,"bm":0,"nm":"Fill 1","mn":"ADBE Vector Graphic - Fill","hd":false},{"ty":"tr","p":{"a":0,"k":[0,0],"ix":2},"a":{"a":0,"k":[0,0],"ix":1},"s":{"a":0,"k":[400,400],"ix":3},"r":{"a":0,"k":0,"ix":6},"o":{"a":0,"k":100,"ix":7},"sk":{"a":0,"k":0,"ix":4},"sa":{"a":0,"k":0,"ix":5},"nm":"Transform"}],"nm":"brass 02","np":2,"cix":2,"bm":0,"ix":1,"mn":"ADBE Vector Group","hd":false}],"ip":0,"op":1000,"st":0,"bm":0},{"ddd":0,"ind":16,"ty":4,"nm":"handle","parent":13,"sr":1,"ks":{"o":{"a":0,"k":100,"ix":11},"r":{"a":0,"k":0,"ix":10},"p":{"a":0,"k":[0,-167.82,0],"ix":2},"a":{"a":0,"k":[0,-17,0],"ix":1},"s":{"a":0,"k":[100,100,100],"ix":6}},"ao":0,"shapes":[{"ty":"gr","it":[{"ind":0,"ty":"sh","ix":1,"ks":{"a":0,"k":{"i":[[0,0],[2.01,0],[0,2.01],[0,0],[-4.92,0],[0,0],[0,-4.89],[0,0],[2.01,0],[0,2.01],[0,0],[0.97,0],[0,0],[0,-0.79]],"o":[[0,2.01],[-2.01,0],[0,0],[0,-4.89],[0,0],[4.92,0],[0,0],[0,2.01],[-2.01,0],[0,0],[0,-0.79],[0,0],[-0.97,0],[0,0]],"v":[[-9.361,4.499],[-13.001,8.139],[-16.641,4.499],[-16.641,0.499],[-7.801,-8.141],[7.799,-8.141],[16.639,0.499],[16.639,4.499],[12.999,8.139],[9.359,4.499],[9.359,0.499],[7.799,-0.861],[-7.801,-0.861],[-9.361,0.499]],"c":true},"ix":2},"nm":"Path 1","mn":"ADBE Vector Shape - Group","hd":false},{"ty":"fl","c":{"a":0,"k":[0.600000023842,0.337255001068,0.196078002453,1],"ix":4},"o":{"a":0,"k":100,"ix":5},"r":1,"bm":0,"nm":"Fill 1","mn":"ADBE Vector Graphic - Fill","hd":false},{"ty":"tr","p":{"a":0,"k":[0,0],"ix":2},"a":{"a":0,"k":[0,0],"ix":1},"s":{"a":0,"k":[400,400],"ix":3},"r":{"a":0,"k":0,"ix":6},"o":{"a":0,"k":100,"ix":7},"sk":{"a":0,"k":0,"ix":4},"sa":{"a":0,"k":0,"ix":5},"nm":"Transform"}],"nm":"handle","np":2,"cix":2,"bm":0,"ix":1,"mn":"ADBE Vector Group","hd":false}],"ip":0,"op":1000,"st":0,"bm":0},{"ddd":0,"ind":17,"ty":4,"nm":"thumb","parent":9,"sr":1,"ks":{"o":{"a":0,"k":100,"ix":11},"r":{"a":1,"k":[{"i":{"x":[0.833],"y":[0.833]},"o":{"x":[0.167],"y":[0.167]},"t":37,"s":[45],"e":[29]},{"t":55}],"ix":10},"p":{"a":0,"k":[-24.031,-192.469,0],"ix":2},"a":{"a":0,"k":[-9.031,-184.969,0],"ix":1},"s":{"a":0,"k":[100,100,100],"ix":6}},"ao":0,"shapes":[{"ty":"gr","it":[{"ind":0,"ty":"sh","ix":1,"ks":{"a":0,"k":{"i":[[0,0],[0,0]],"o":[[0,0],[0,0]],"v":[[-9,-185],[-9,-140]],"c":false},"ix":2},"nm":"Path 1","mn":"ADBE Vector Shape - Group","hd":false},{"ty":"st","c":{"a":0,"k":[0.960784313725,0.658823529412,0.552941176471,1],"ix":3},"o":{"a":0,"k":100,"ix":4},"w":{"a":0,"k":30,"ix":5},"lc":2,"lj":1,"ml":4,"bm":0,"nm":"Stroke 1","mn":"ADBE Vector Graphic - Stroke","hd":false},{"ty":"tr","p":{"a":0,"k":[0,0],"ix":2},"a":{"a":0,"k":[0,0],"ix":1},"s":{"a":0,"k":[100,100],"ix":3},"r":{"a":0,"k":0,"ix":6},"o":{"a":0,"k":100,"ix":7},"sk":{"a":0,"k":0,"ix":4},"sa":{"a":0,"k":0,"ix":5},"nm":"Transform"}],"nm":"Shape 1","np":3,"cix":2,"bm":0,"ix":1,"mn":"ADBE Vector Group","hd":false}],"ip":0,"op":1000,"st":0,"bm":0}]}],"layers":[{"ddd":0,"ind":1,"ty":0,"nm":"12_SUITCASE UP","refId":"comp_0","sr":1,"ks":{"o":{"a":0,"k":100,"ix":11},"r":{"a":0,"k":0,"ix":10},"p":{"a":0,"k":[67.5,67.5,0],"ix":2},"a":{"a":0,"k":[270,270,0],"ix":1},"s":{"a":0,"k":[25,25,100],"ix":6}},"ao":0,"w":540,"h":540,"ip":0,"op":198,"st":-27,"bm":0}],"markers":[]}
