{"v":"5.5.2","fr":60,"ip":38,"op":93,"w":135,"h":135,"nm":"07_SOCK EXPORT","ddd":0,"assets":[{"id":"comp_0","layers":[{"ddd":0,"ind":3,"ty":0,"nm":"Sock Walk 02","refId":"comp_1","sr":1,"ks":{"o":{"a":0,"k":100,"ix":11},"r":{"a":0,"k":0,"ix":10},"p":{"a":0,"k":[270,270,0],"ix":2},"a":{"a":0,"k":[270,270,0],"ix":1},"s":{"a":0,"k":[100,100,100],"ix":6}},"ao":0,"w":540,"h":540,"ip":63,"op":138,"st":63,"bm":0},{"ddd":0,"ind":4,"ty":0,"nm":"Sock Walk 02","refId":"comp_1","sr":1,"ks":{"o":{"a":0,"k":100,"ix":11},"r":{"a":0,"k":0,"ix":10},"p":{"a":0,"k":[270,270,0],"ix":2},"a":{"a":0,"k":[270,270,0],"ix":1},"s":{"a":0,"k":[100,100,100],"ix":6}},"ao":0,"w":540,"h":540,"ip":9,"op":84,"st":9,"bm":0}]},{"id":"comp_1","layers":[{"ddd":0,"ind":1,"ty":4,"nm":"Toe Shape 2","parent":8,"td":1,"sr":1,"ks":{"o":{"a":0,"k":100,"ix":11},"r":{"a":1,"k":[{"i":{"x":[0.667],"y":[1]},"o":{"x":[0.438],"y":[0]},"t":0,"s":[21.379],"e":[-46.878]},{"i":{"x":[0.667],"y":[1]},"o":{"x":[0.572],"y":[0]},"t":19,"s":[-46.878],"e":[0]},{"i":{"x":[0.667],"y":[1]},"o":{"x":[0.333],"y":[0]},"t":30,"s":[0],"e":[0]},{"i":{"x":[0.667],"y":[1]},"o":{"x":[0.333],"y":[0]},"t":37,"s":[0],"e":[34]},{"i":{"x":[0.833],"y":[0.833]},"o":{"x":[0.333],"y":[0]},"t":47,"s":[34],"e":[0]},{"t":60}],"ix":10},"p":{"s":true,"x":{"a":0,"k":0,"ix":3},"y":{"a":1,"k":[{"i":{"x":[0.668],"y":[0.612]},"o":{"x":[0.307],"y":[0]},"t":37,"s":[0],"e":[-25.262]},{"i":{"x":[0.902],"y":[0.736]},"o":{"x":[0.482],"y":[0.411]},"t":42,"s":[-25.262],"e":[-59.949]},{"t":47}],"ix":4}},"a":{"a":0,"k":[-48.969,63.031,0],"ix":1},"s":{"a":0,"k":[100,100,100],"ix":6}},"ao":0,"shapes":[{"ty":"gr","it":[{"ind":0,"ty":"sh","ix":1,"ks":{"a":0,"k":{"i":[[0,0],[0,0],[0,0]],"o":[[0,0],[0,0],[0,0]],"v":[[-49,63],[18.661,100.365],[51.5,118.5]],"c":false},"ix":2},"nm":"Path 1","mn":"ADBE Vector Shape - Group","hd":false},{"ty":"st","c":{"a":0,"k":[1,1,1,1],"ix":3},"o":{"a":0,"k":100,"ix":4},"w":{"a":0,"k":138,"ix":5},"lc":2,"lj":1,"ml":4,"bm":0,"nm":"Stroke 1","mn":"ADBE Vector Graphic - Stroke","hd":false},{"ty":"tr","p":{"a":0,"k":[0,0],"ix":2},"a":{"a":0,"k":[0,0],"ix":1},"s":{"a":0,"k":[100,100],"ix":3},"r":{"a":0,"k":0,"ix":6},"o":{"a":0,"k":100,"ix":7},"sk":{"a":0,"k":0,"ix":4},"sa":{"a":0,"k":0,"ix":5},"nm":"Transform"}],"nm":"Shape 1","np":3,"cix":2,"bm":0,"ix":1,"mn":"ADBE Vector Group","hd":false}],"ip":0,"op":1000,"st":0,"bm":0},{"ddd":0,"ind":2,"ty":4,"nm":"Patches 2","parent":3,"tt":1,"sr":1,"ks":{"o":{"a":0,"k":99,"ix":11},"r":{"a":0,"k":46.054,"ix":10},"p":{"a":0,"k":[-87.827,35.982,0],"ix":2},"a":{"a":0,"k":[0,0,0],"ix":1},"s":{"a":0,"k":[100,100,100],"ix":6}},"ao":0,"shapes":[{"ty":"gr","it":[{"ind":0,"ty":"sh","ix":1,"ks":{"a":0,"k":{"i":[[0,0],[0,0],[0,0],[0,0]],"o":[[0,0],[0,0],[0,0],[0,0]],"v":[[-4.694,-151.347],[64.393,-25.411],[-15.784,34.101],[-94.188,-106.623]],"c":true},"ix":2},"nm":"Path 1","mn":"ADBE Vector Shape - Group","hd":false},{"ty":"fl","c":{"a":0,"k":[0.811764717102,0.811764717102,0.811764717102,1],"ix":4},"o":{"a":0,"k":100,"ix":5},"r":1,"bm":0,"nm":"Toe Patch","mn":"ADBE Vector Graphic - Fill","hd":false},{"ty":"tr","p":{"a":0,"k":[208.662,6.28],"ix":2},"a":{"a":0,"k":[0,0],"ix":1},"s":{"a":0,"k":[100,100],"ix":3},"r":{"a":0,"k":12.448,"ix":6},"o":{"a":0,"k":100,"ix":7},"sk":{"a":0,"k":0,"ix":4},"sa":{"a":0,"k":0,"ix":5},"nm":"Transform"}],"nm":"Toe Patch","np":2,"cix":2,"bm":0,"ix":1,"mn":"ADBE Vector Group","hd":false},{"ty":"gr","it":[{"d":1,"ty":"el","s":{"a":0,"k":[150,150],"ix":2},"p":{"a":0,"k":[0,0],"ix":3},"nm":"Ellipse Path 1","mn":"ADBE Vector Shape - Ellipse","hd":false},{"ty":"fl","c":{"a":0,"k":[0.811764705882,0.811764705882,0.811764705882,1],"ix":4},"o":{"a":0,"k":100,"ix":5},"r":1,"bm":0,"nm":"Fill 1","mn":"ADBE Vector Graphic - Fill","hd":false},{"ty":"tr","p":{"a":0,"k":[28.686,67.846],"ix":2},"a":{"a":0,"k":[0,0],"ix":1},"s":{"a":0,"k":[100,100],"ix":3},"r":{"a":0,"k":0,"ix":6},"o":{"a":0,"k":100,"ix":7},"sk":{"a":0,"k":0,"ix":4},"sa":{"a":0,"k":0,"ix":5},"nm":"Transform"}],"nm":"Heel Patch","np":2,"cix":2,"bm":0,"ix":2,"mn":"ADBE Vector Group","hd":false}],"ip":0,"op":1000,"st":0,"bm":0},{"ddd":0,"ind":3,"ty":4,"nm":"Toe Shape","parent":8,"sr":1,"ks":{"o":{"a":0,"k":100,"ix":11},"r":{"a":1,"k":[{"i":{"x":[0.667],"y":[1]},"o":{"x":[0.438],"y":[0]},"t":0,"s":[21.379],"e":[-46.878]},{"i":{"x":[0.667],"y":[1]},"o":{"x":[0.572],"y":[0]},"t":19,"s":[-46.878],"e":[0]},{"i":{"x":[0.667],"y":[1]},"o":{"x":[0.333],"y":[0]},"t":30,"s":[0],"e":[0]},{"i":{"x":[0.667],"y":[1]},"o":{"x":[0.333],"y":[0]},"t":37,"s":[0],"e":[34]},{"i":{"x":[0.833],"y":[0.833]},"o":{"x":[0.333],"y":[0]},"t":47,"s":[34],"e":[0]},{"t":60}],"ix":10},"p":{"s":true,"x":{"a":0,"k":0,"ix":3},"y":{"a":1,"k":[{"i":{"x":[0.668],"y":[0.612]},"o":{"x":[0.307],"y":[0]},"t":37,"s":[0],"e":[-25.262]},{"i":{"x":[0.902],"y":[0.736]},"o":{"x":[0.482],"y":[0.411]},"t":42,"s":[-25.262],"e":[-59.949]},{"t":47}],"ix":4}},"a":{"a":0,"k":[-48.969,63.031,0],"ix":1},"s":{"a":0,"k":[100,100,100],"ix":6}},"ao":0,"shapes":[{"ty":"gr","it":[{"ind":0,"ty":"sh","ix":1,"ks":{"a":0,"k":{"i":[[0,0],[0,0],[0,0]],"o":[[0,0],[0,0],[0,0]],"v":[[-49,63],[18.661,100.365],[51.5,118.5]],"c":false},"ix":2},"nm":"Path 1","mn":"ADBE Vector Shape - Group","hd":false},{"ty":"st","c":{"a":0,"k":[1,1,1,1],"ix":3},"o":{"a":0,"k":100,"ix":4},"w":{"a":0,"k":138,"ix":5},"lc":2,"lj":1,"ml":4,"bm":0,"nm":"Stroke 1","mn":"ADBE Vector Graphic - Stroke","hd":false},{"ty":"tr","p":{"a":0,"k":[0,0],"ix":2},"a":{"a":0,"k":[0,0],"ix":1},"s":{"a":0,"k":[100,100],"ix":3},"r":{"a":0,"k":0,"ix":6},"o":{"a":0,"k":100,"ix":7},"sk":{"a":0,"k":0,"ix":4},"sa":{"a":0,"k":0,"ix":5},"nm":"Transform"}],"nm":"Shape 1","np":3,"cix":2,"bm":0,"ix":1,"mn":"ADBE Vector Group","hd":false}],"ip":0,"op":1000,"st":0,"bm":0},{"ddd":0,"ind":4,"ty":0,"nm":"ANKLE","parent":3,"td":1,"refId":"comp_2","sr":1,"ks":{"o":{"a":0,"k":100,"ix":11},"r":{"a":1,"k":[{"i":{"x":[0.667],"y":[1]},"o":{"x":[0.167],"y":[0.167]},"t":0,"s":[2.264],"e":[18.432]},{"i":{"x":[0.667],"y":[1]},"o":{"x":[0.333],"y":[0]},"t":23,"s":[18.432],"e":[2.206]},{"i":{"x":[0.691],"y":[0.753]},"o":{"x":[0.333],"y":[0]},"t":30,"s":[2.206],"e":[17.315]},{"i":{"x":[0.667],"y":[1]},"o":{"x":[0.214],"y":[0.788]},"t":37,"s":[17.315],"e":[22]},{"i":{"x":[0.833],"y":[0.833]},"o":{"x":[0.333],"y":[0]},"t":47,"s":[22],"e":[0]},{"t":60}],"ix":10},"p":{"a":0,"k":[-49,63,0],"ix":2},"a":{"a":0,"k":[221,333,0],"ix":1},"s":{"a":0,"k":[100,100,100],"ix":6}},"ao":0,"w":540,"h":540,"ip":0,"op":1000,"st":0,"bm":0},{"ddd":0,"ind":5,"ty":4,"nm":"Patches 3","parent":3,"tt":1,"sr":1,"ks":{"o":{"a":0,"k":99,"ix":11},"r":{"a":0,"k":46.054,"ix":10},"p":{"a":0,"k":[-87.827,35.982,0],"ix":2},"a":{"a":0,"k":[0,0,0],"ix":1},"s":{"a":0,"k":[100,100,100],"ix":6}},"ao":0,"shapes":[{"ty":"gr","it":[{"ind":0,"ty":"sh","ix":1,"ks":{"a":0,"k":{"i":[[0,0],[0,0],[0,0],[0,0]],"o":[[0,0],[0,0],[0,0],[0,0]],"v":[[-4.694,-151.347],[64.393,-25.411],[-15.784,34.101],[-94.188,-106.623]],"c":true},"ix":2},"nm":"Path 1","mn":"ADBE Vector Shape - Group","hd":false},{"ty":"fl","c":{"a":0,"k":[0.811764717102,0.811764717102,0.811764717102,1],"ix":4},"o":{"a":0,"k":100,"ix":5},"r":1,"bm":0,"nm":"Toe Patch","mn":"ADBE Vector Graphic - Fill","hd":false},{"ty":"tr","p":{"a":0,"k":[208.662,6.28],"ix":2},"a":{"a":0,"k":[0,0],"ix":1},"s":{"a":0,"k":[100,100],"ix":3},"r":{"a":0,"k":12.448,"ix":6},"o":{"a":0,"k":100,"ix":7},"sk":{"a":0,"k":0,"ix":4},"sa":{"a":0,"k":0,"ix":5},"nm":"Transform"}],"nm":"Toe Patch","np":2,"cix":2,"bm":0,"ix":1,"mn":"ADBE Vector Group","hd":false},{"ty":"gr","it":[{"d":1,"ty":"el","s":{"a":0,"k":[150,150],"ix":2},"p":{"a":0,"k":[0,0],"ix":3},"nm":"Ellipse Path 1","mn":"ADBE Vector Shape - Ellipse","hd":false},{"ty":"fl","c":{"a":0,"k":[0.811764705882,0.811764705882,0.811764705882,1],"ix":4},"o":{"a":0,"k":100,"ix":5},"r":1,"bm":0,"nm":"Fill 1","mn":"ADBE Vector Graphic - Fill","hd":false},{"ty":"tr","p":{"a":0,"k":[28.686,67.846],"ix":2},"a":{"a":0,"k":[0,0],"ix":1},"s":{"a":0,"k":[100,100],"ix":3},"r":{"a":0,"k":0,"ix":6},"o":{"a":0,"k":100,"ix":7},"sk":{"a":0,"k":0,"ix":4},"sa":{"a":0,"k":0,"ix":5},"nm":"Transform"}],"nm":"Heel Patch","np":2,"cix":2,"bm":0,"ix":2,"mn":"ADBE Vector Group","hd":false}],"ip":0,"op":1000,"st":0,"bm":0},{"ddd":0,"ind":6,"ty":0,"nm":"ANKLE","parent":3,"refId":"comp_2","sr":1,"ks":{"o":{"a":0,"k":100,"ix":11},"r":{"a":1,"k":[{"i":{"x":[0.667],"y":[1]},"o":{"x":[0.167],"y":[0.167]},"t":0,"s":[2.264],"e":[18.432]},{"i":{"x":[0.667],"y":[1]},"o":{"x":[0.333],"y":[0]},"t":23,"s":[18.432],"e":[2.206]},{"i":{"x":[0.691],"y":[0.753]},"o":{"x":[0.333],"y":[0]},"t":30,"s":[2.206],"e":[17.315]},{"i":{"x":[0.667],"y":[1]},"o":{"x":[0.214],"y":[0.788]},"t":37,"s":[17.315],"e":[22]},{"i":{"x":[0.833],"y":[0.833]},"o":{"x":[0.333],"y":[0]},"t":47,"s":[22],"e":[0]},{"t":60}],"ix":10},"p":{"a":0,"k":[-49,63,0],"ix":2},"a":{"a":0,"k":[221,333,0],"ix":1},"s":{"a":0,"k":[100,100,100],"ix":6}},"ao":0,"w":540,"h":540,"ip":0,"op":1000,"st":0,"bm":0},{"ddd":0,"ind":7,"ty":3,"nm":"TOE NULL","sr":1,"ks":{"o":{"a":0,"k":0,"ix":11},"r":{"a":0,"k":0,"ix":10},"p":{"a":0,"k":[321.531,388.531,0],"ix":2},"a":{"a":0,"k":[0,0,0],"ix":1},"s":{"a":0,"k":[100,100,100],"ix":6}},"ao":0,"ip":0,"op":1000,"st":0,"bm":0},{"ddd":0,"ind":8,"ty":3,"nm":"HEEL NULL","parent":7,"sr":1,"ks":{"o":{"a":0,"k":0,"ix":11},"r":{"a":1,"k":[{"i":{"x":[0.85],"y":[0.845]},"o":{"x":[0.228],"y":[0.072]},"t":0,"s":[-29.008],"e":[2.847]},{"i":{"x":[0.696],"y":[1]},"o":{"x":[0.348],"y":[0.693]},"t":4,"s":[2.847],"e":[-3]},{"i":{"x":[0.833],"y":[0.833]},"o":{"x":[0.447],"y":[0]},"t":23,"s":[-3],"e":[0]},{"t":37}],"ix":10},"p":{"s":true,"x":{"a":1,"k":[{"i":{"x":[0.54],"y":[1]},"o":{"x":[0.02],"y":[0.123]},"t":0,"s":[-512.258],"e":[-100.5]},{"i":{"x":[0.667],"y":[1]},"o":{"x":[0.333],"y":[0]},"t":23,"s":[-100.5],"e":[-100.5]},{"i":{"x":[0.98],"y":[0.872]},"o":{"x":[0.48],"y":[0]},"t":37,"s":[-100.5],"e":[313.5]},{"t":60}],"ix":3},"y":{"a":1,"k":[{"i":{"x":[0.833],"y":[1]},"o":{"x":[0.167],"y":[0]},"t":0,"s":[-91.777],"e":[-105.5]},{"i":{"x":[0.706],"y":[0.562]},"o":{"x":[0.333],"y":[0]},"t":4,"s":[-105.5],"e":[-98.429]},{"i":{"x":[0.667],"y":[1]},"o":{"x":[0.402],"y":[0.169]},"t":11,"s":[-98.429],"e":[-55.5]},{"i":{"x":[0.98],"y":[1]},"o":{"x":[0.333],"y":[0]},"t":23,"s":[-55.5],"e":[-55.5]},{"i":{"x":[0.98],"y":[1]},"o":{"x":[0.02],"y":[0]},"t":37,"s":[-55.5],"e":[-55.5]},{"t":60}],"ix":4}},"a":{"a":0,"k":[0,0,0],"ix":1},"s":{"a":0,"k":[100,100,100],"ix":6}},"ao":0,"ip":0,"op":1000,"st":0,"bm":0}]},{"id":"comp_2","layers":[{"ddd":0,"ind":1,"ty":4,"nm":"ANKLE 2","td":1,"sr":1,"ks":{"o":{"a":0,"k":100,"ix":11},"r":{"a":0,"k":0,"ix":10},"p":{"a":0,"k":[221,333,0],"ix":2},"a":{"a":0,"k":[1,95,0],"ix":1},"s":{"a":0,"k":[100,100,100],"ix":6}},"ao":0,"shapes":[{"ty":"gr","it":[{"ind":0,"ty":"sh","ix":1,"ks":{"a":0,"k":{"i":[[-2.76,0],[0,0],[0,-2.76],[0,0],[9.39,0],[0,9.39],[0,0]],"o":[[0,0],[2.76,0],[0,0],[0,9.39],[-9.39,0],[0,0],[0,-2.76]],"v":[[-12,-40.5],[12,-40.5],[17,-35.5],[17,23.5],[0,40.5],[-17,23.5],[-17,-35.5]],"c":true},"ix":2},"nm":"Path 1","mn":"ADBE Vector Shape - Group","hd":false},{"ty":"fl","c":{"a":0,"k":[1,1,1,1],"ix":4},"o":{"a":0,"k":100,"ix":5},"r":1,"bm":0,"nm":"Fill 1","mn":"ADBE Vector Graphic - Fill","hd":false},{"ty":"tr","p":{"a":0,"k":[0,0],"ix":2},"a":{"a":0,"k":[0,0],"ix":1},"s":{"a":0,"k":[400,400],"ix":3},"r":{"a":0,"k":0,"ix":6},"o":{"a":0,"k":100,"ix":7},"sk":{"a":0,"k":0,"ix":4},"sa":{"a":0,"k":0,"ix":5},"nm":"Transform"}],"nm":"ANKLE","np":2,"cix":2,"bm":0,"ix":1,"mn":"ADBE Vector Group","hd":false}],"ip":0,"op":1000,"st":0,"bm":0},{"ddd":0,"ind":2,"ty":0,"nm":"Stripes","tt":1,"refId":"comp_3","sr":1,"ks":{"o":{"a":0,"k":100,"ix":11},"r":{"a":0,"k":0,"ix":10},"p":{"a":0,"k":[270,270,0],"ix":2},"a":{"a":0,"k":[270,270,0],"ix":1},"s":{"a":0,"k":[100,100,100],"ix":6}},"ao":0,"w":540,"h":540,"ip":0,"op":1000,"st":0,"bm":0},{"ddd":0,"ind":3,"ty":4,"nm":"ANKLE","sr":1,"ks":{"o":{"a":0,"k":100,"ix":11},"r":{"a":0,"k":0,"ix":10},"p":{"a":0,"k":[221,333,0],"ix":2},"a":{"a":0,"k":[1,95,0],"ix":1},"s":{"a":0,"k":[100,100,100],"ix":6}},"ao":0,"shapes":[{"ty":"gr","it":[{"ind":0,"ty":"sh","ix":1,"ks":{"a":0,"k":{"i":[[-2.76,0],[0,0],[0,-2.76],[0,0],[9.39,0],[0,9.39],[0,0]],"o":[[0,0],[2.76,0],[0,0],[0,9.39],[-9.39,0],[0,0],[0,-2.76]],"v":[[-12,-40.5],[12,-40.5],[17,-35.5],[17,23.5],[0,40.5],[-17,23.5],[-17,-35.5]],"c":true},"ix":2},"nm":"Path 1","mn":"ADBE Vector Shape - Group","hd":false},{"ty":"fl","c":{"a":0,"k":[1,1,1,1],"ix":4},"o":{"a":0,"k":100,"ix":5},"r":1,"bm":0,"nm":"Fill 1","mn":"ADBE Vector Graphic - Fill","hd":false},{"ty":"tr","p":{"a":0,"k":[0,0],"ix":2},"a":{"a":0,"k":[0,0],"ix":1},"s":{"a":0,"k":[400,400],"ix":3},"r":{"a":0,"k":0,"ix":6},"o":{"a":0,"k":100,"ix":7},"sk":{"a":0,"k":0,"ix":4},"sa":{"a":0,"k":0,"ix":5},"nm":"Transform"}],"nm":"ANKLE","np":2,"cix":2,"bm":0,"ix":1,"mn":"ADBE Vector Group","hd":false}],"ip":0,"op":1000,"st":0,"bm":0}]},{"id":"comp_3","layers":[{"ddd":0,"ind":1,"ty":4,"nm":"stripe 02","sr":1,"ks":{"o":{"a":0,"k":100,"ix":11},"r":{"a":0,"k":0,"ix":10},"p":{"a":0,"k":[220.516,184.954,0],"ix":2},"a":{"a":0,"k":[0,0,0],"ix":1},"s":{"a":0,"k":[100,100,100],"ix":6}},"ao":0,"shapes":[{"ty":"gr","it":[{"ind":0,"ty":"sh","ix":1,"ks":{"a":0,"k":{"i":[[0,0],[0,0],[0,0],[0,0]],"o":[[0,0],[0,0],[0,0],[0,0]],"v":[[-17.129,-3.916],[17.131,-3.916],[17.131,3.914],[-17.129,3.914]],"c":true},"ix":2},"nm":"Path 1","mn":"ADBE Vector Shape - Group","hd":false},{"ty":"fl","c":{"a":0,"k":[1,0.329412013292,0.329412013292,1],"ix":4},"o":{"a":0,"k":100,"ix":5},"r":1,"bm":0,"nm":"Fill 1","mn":"ADBE Vector Graphic - Fill","hd":false},{"ty":"tr","p":{"a":0,"k":[0,0],"ix":2},"a":{"a":0,"k":[0,0],"ix":1},"s":{"a":0,"k":[400,400],"ix":3},"r":{"a":0,"k":0,"ix":6},"o":{"a":0,"k":100,"ix":7},"sk":{"a":0,"k":0,"ix":4},"sa":{"a":0,"k":0,"ix":5},"nm":"Transform"}],"nm":"stripe 02","np":2,"cix":2,"bm":0,"ix":1,"mn":"ADBE Vector Group","hd":false}],"ip":0,"op":1000,"st":0,"bm":0},{"ddd":0,"ind":2,"ty":4,"nm":"stripe 01","sr":1,"ks":{"o":{"a":0,"k":100,"ix":11},"r":{"a":0,"k":0,"ix":10},"p":{"a":0,"k":[220.516,134.075,0],"ix":2},"a":{"a":0,"k":[0,0,0],"ix":1},"s":{"a":0,"k":[100,100,100],"ix":6}},"ao":0,"shapes":[{"ty":"gr","it":[{"ind":0,"ty":"sh","ix":1,"ks":{"a":0,"k":{"i":[[0,0],[0,0],[0,0],[0,0]],"o":[[0,0],[0,0],[0,0],[0,0]],"v":[[-17.129,-3.916],[17.131,-3.916],[17.131,3.914],[-17.129,3.914]],"c":true},"ix":2},"nm":"Path 1","mn":"ADBE Vector Shape - Group","hd":false},{"ty":"fl","c":{"a":0,"k":[1,0.329412013292,0.329412013292,1],"ix":4},"o":{"a":0,"k":100,"ix":5},"r":1,"bm":0,"nm":"Fill 1","mn":"ADBE Vector Graphic - Fill","hd":false},{"ty":"tr","p":{"a":0,"k":[0,0],"ix":2},"a":{"a":0,"k":[0,0],"ix":1},"s":{"a":0,"k":[400,400],"ix":3},"r":{"a":0,"k":0,"ix":6},"o":{"a":0,"k":100,"ix":7},"sk":{"a":0,"k":0,"ix":4},"sa":{"a":0,"k":0,"ix":5},"nm":"Transform"}],"nm":"stripe 01","np":2,"cix":2,"bm":0,"ix":1,"mn":"ADBE Vector Group","hd":false}],"ip":0,"op":1000,"st":0,"bm":0}]}],"layers":[{"ddd":0,"ind":1,"ty":0,"nm":"07_SOCK","refId":"comp_0","sr":1,"ks":{"o":{"a":0,"k":100,"ix":11},"r":{"a":0,"k":0,"ix":10},"p":{"a":0,"k":[67.5,67.5,0],"ix":2},"a":{"a":0,"k":[270,270,0],"ix":1},"s":{"a":0,"k":[25,25,100],"ix":6}},"ao":0,"w":540,"h":540,"ip":0,"op":1000,"st":0,"bm":0}],"markers":[{"tm":38,"cm":"1","dr":0},{"tm":101,"cm":"2","dr":0}]}
