{"v":"5.5.2","fr":60,"ip":0,"op":200,"w":135,"h":135,"nm":"23_ROLLER SKATE EXPORT","ddd":0,"assets":[{"id":"comp_0","layers":[{"ddd":0,"ind":1,"ty":3,"nm":"SCALE NULL","sr":1,"ks":{"o":{"a":0,"k":0,"ix":11},"r":{"a":0,"k":0,"ix":10},"p":{"s":true,"x":{"a":0,"k":171.125,"ix":3},"y":{"a":0,"k":445.375,"ix":4}},"a":{"a":0,"k":[0,0,0],"ix":1},"s":{"a":0,"k":[100,100,100],"ix":6}},"ao":0,"ip":0,"op":200,"st":-50,"bm":0},{"ddd":0,"ind":2,"ty":3,"nm":"SKATE NULL","parent":1,"sr":1,"ks":{"o":{"a":0,"k":0,"ix":11},"r":{"a":1,"k":[{"i":{"x":[0.667],"y":[1]},"o":{"x":[0.333],"y":[0]},"t":0,"s":[0],"e":[-4.885]},{"i":{"x":[0.843],"y":[0.154]},"o":{"x":[0.333],"y":[0]},"t":25,"s":[-4.885],"e":[-3.411]},{"i":{"x":[0.667],"y":[1]},"o":{"x":[0.519],"y":[0.397]},"t":56,"s":[-3.411],"e":[1.27]},{"i":{"x":[0.667],"y":[1]},"o":{"x":[0.333],"y":[0]},"t":70,"s":[1.27],"e":[0.035]},{"i":{"x":[0.942],"y":[0.662]},"o":{"x":[0.471],"y":[0]},"t":81,"s":[0.035],"e":[23]},{"i":{"x":[0.667],"y":[1]},"o":{"x":[0.333],"y":[0]},"t":100,"s":[23],"e":[23]},{"i":{"x":[0.318],"y":[0.771]},"o":{"x":[0.399],"y":[0]},"t":145,"s":[23],"e":[-1.017]},{"i":{"x":[0.613],"y":[1]},"o":{"x":[0.31],"y":[0.842]},"t":161,"s":[-1.017],"e":[-4.363]},{"i":{"x":[0.667],"y":[1]},"o":{"x":[0.333],"y":[0]},"t":179,"s":[-4.363],"e":[0]},{"t":200}],"ix":10},"p":{"s":true,"x":{"a":1,"k":[{"i":{"x":[0.667],"y":[1]},"o":{"x":[0.333],"y":[0]},"t":0,"s":[50],"e":[72]},{"i":{"x":[0.667],"y":[0.03]},"o":{"x":[0.333],"y":[0]},"t":25,"s":[72],"e":[64.98]},{"i":{"x":[0.833],"y":[0.75]},"o":{"x":[0.333],"y":[0.213]},"t":56,"s":[64.98],"e":[45.36]},{"i":{"x":[0.667],"y":[1]},"o":{"x":[0.167],"y":[0.131]},"t":75,"s":[45.36],"e":[0]},{"i":{"x":[0.667],"y":[1]},"o":{"x":[0.333],"y":[0]},"t":98,"s":[0],"e":[-3.093]},{"i":{"x":[0.86],"y":[-0.003]},"o":{"x":[0.223],"y":[0]},"t":125,"s":[-3.093],"e":[4.686]},{"i":{"x":[0.593],"y":[0.861]},"o":{"x":[0.246],"y":[0.144]},"t":147,"s":[4.686],"e":[69.206]},{"i":{"x":[0.638],"y":[1]},"o":{"x":[0.307],"y":[0.864]},"t":162,"s":[69.206],"e":[78.633]},{"i":{"x":[0.667],"y":[1]},"o":{"x":[0.333],"y":[0]},"t":180,"s":[78.633],"e":[50]},{"t":200}],"ix":3},"y":{"a":1,"k":[{"i":{"x":[0.833],"y":[0.833]},"o":{"x":[0.167],"y":[0.167]},"t":0,"s":[-52],"e":[-52]},{"t":75}],"ix":4}},"a":{"a":0,"k":[0,0,0],"ix":1},"s":{"a":0,"k":[100,100,100],"ix":6}},"ao":0,"ip":0,"op":200,"st":-50,"bm":0},{"ddd":0,"ind":3,"ty":4,"nm":"lace 01","parent":12,"sr":1,"ks":{"o":{"a":0,"k":100,"ix":11},"r":{"a":0,"k":0,"ix":10},"p":{"a":0,"k":[20.676,-41.76,0],"ix":2},"a":{"a":0,"k":[0,0,0],"ix":1},"s":{"a":0,"k":[100,100,100],"ix":6}},"ao":0,"shapes":[{"ty":"gr","it":[{"ind":0,"ty":"sh","ix":1,"ks":{"a":0,"k":{"i":[[-0.91,0.38],[0,0],[-0.38,-0.91],[0,0],[0.91,-0.39],[0,0],[0.39,0.91],[0,0]],"o":[[0,0],[0.91,-0.38],[0,0],[0.39,0.92],[0,0],[-0.91,0.39],[0,0],[-0.38,-0.91]],"v":[[-5.592,-1.587],[2.738,-5.127],[5.088,-4.177],[6.538,-0.767],[5.588,1.593],[-2.742,5.123],[-5.092,4.173],[-6.542,0.763]],"c":true},"ix":2},"nm":"Path 1","mn":"ADBE Vector Shape - Group","hd":false},{"ty":"fl","c":{"a":0,"k":[1,0.713724970818,0.862744987011,1],"ix":4},"o":{"a":0,"k":100,"ix":5},"r":1,"bm":0,"nm":"Fill 1","mn":"ADBE Vector Graphic - Fill","hd":false},{"ty":"tr","p":{"a":0,"k":[0,0],"ix":2},"a":{"a":0,"k":[0,0],"ix":1},"s":{"a":0,"k":[400,400],"ix":3},"r":{"a":0,"k":0,"ix":6},"o":{"a":0,"k":100,"ix":7},"sk":{"a":0,"k":0,"ix":4},"sa":{"a":0,"k":0,"ix":5},"nm":"Transform"}],"nm":"lace 01","np":2,"cix":2,"bm":0,"ix":1,"mn":"ADBE Vector Group","hd":false}],"ip":0,"op":200,"st":-50,"bm":0},{"ddd":0,"ind":4,"ty":4,"nm":"lace 02","parent":12,"sr":1,"ks":{"o":{"a":0,"k":100,"ix":11},"r":{"a":1,"k":[{"i":{"x":[0.667],"y":[1]},"o":{"x":[0.333],"y":[0]},"t":0,"s":[0],"e":[12]},{"i":{"x":[0.667],"y":[1]},"o":{"x":[0.333],"y":[0]},"t":25,"s":[12],"e":[12]},{"i":{"x":[0.667],"y":[1]},"o":{"x":[0.333],"y":[0]},"t":52,"s":[12],"e":[7]},{"i":{"x":[0.667],"y":[1]},"o":{"x":[0.333],"y":[0]},"t":70,"s":[7],"e":[7]},{"i":{"x":[0.667],"y":[1]},"o":{"x":[0.333],"y":[0]},"t":86,"s":[7],"e":[19]},{"i":{"x":[0.833],"y":[0.907]},"o":{"x":[0.333],"y":[0]},"t":97,"s":[19],"e":[3]},{"i":{"x":[0.667],"y":[1]},"o":{"x":[0.167],"y":[0.559]},"t":105,"s":[3],"e":[0]},{"i":{"x":[0.667],"y":[1]},"o":{"x":[0.333],"y":[0]},"t":114,"s":[0],"e":[0]},{"i":{"x":[0.667],"y":[1]},"o":{"x":[0.333],"y":[0]},"t":121,"s":[0],"e":[0]},{"i":{"x":[0.667],"y":[1]},"o":{"x":[0.333],"y":[0]},"t":138,"s":[0],"e":[-3]},{"i":{"x":[0.667],"y":[1]},"o":{"x":[0.333],"y":[0]},"t":145,"s":[-3],"e":[15]},{"i":{"x":[0.833],"y":[0.898]},"o":{"x":[0.333],"y":[0]},"t":159,"s":[15],"e":[1.228]},{"i":{"x":[0.667],"y":[1]},"o":{"x":[0.167],"y":[0.894]},"t":182,"s":[1.228],"e":[0]},{"t":200}],"ix":10},"p":{"a":0,"k":[38.023,13.423,0],"ix":2},"a":{"a":0,"k":[-9.25,11,0],"ix":1},"s":{"a":0,"k":[100,100,100],"ix":6}},"ao":0,"shapes":[{"ty":"gr","it":[{"ind":0,"ty":"sh","ix":1,"ks":{"a":0,"k":{"i":[[-0.6,0.79],[0,0],[-0.79,-0.6],[0,0],[0.6,-0.8],[0,0],[0.8,0.6],[0,0]],"o":[[0,0],[0.6,-0.79],[0,0],[0.79,0.6],[0,0],[-0.6,0.79],[0,0],[-0.79,-0.6]],"v":[[-5.636,1.419],[-0.196,-5.811],[2.324,-6.161],[5.284,-3.931],[5.634,-1.411],[0.194,5.809],[-2.326,6.159],[-5.286,3.929]],"c":true},"ix":2},"nm":"Path 1","mn":"ADBE Vector Shape - Group","hd":false},{"ty":"fl","c":{"a":0,"k":[1,0.713724970818,0.862744987011,1],"ix":4},"o":{"a":0,"k":100,"ix":5},"r":1,"bm":0,"nm":"Fill 1","mn":"ADBE Vector Graphic - Fill","hd":false},{"ty":"tr","p":{"a":0,"k":[0,0],"ix":2},"a":{"a":0,"k":[0,0],"ix":1},"s":{"a":0,"k":[400,400],"ix":3},"r":{"a":0,"k":0,"ix":6},"o":{"a":0,"k":100,"ix":7},"sk":{"a":0,"k":0,"ix":4},"sa":{"a":0,"k":0,"ix":5},"nm":"Transform"}],"nm":"lace 02","np":2,"cix":2,"bm":0,"ix":1,"mn":"ADBE Vector Group","hd":false}],"ip":0,"op":200,"st":-50,"bm":0},{"ddd":0,"ind":5,"ty":4,"nm":"lace 03","parent":2,"sr":1,"ks":{"o":{"a":0,"k":100,"ix":11},"r":{"a":0,"k":0,"ix":10},"p":{"a":0,"k":[64.32,-179.374,0],"ix":2},"a":{"a":0,"k":[0,0,0],"ix":1},"s":{"a":0,"k":[100,100,100],"ix":6}},"ao":0,"shapes":[{"ty":"gr","it":[{"ind":0,"ty":"sh","ix":1,"ks":{"a":0,"k":{"i":[[0,0],[0,0],[-0.99,0.09],[0,0],[-0.08,-0.99],[0,0],[0.99,-0.08],[0,0],[0.08,0.98]],"o":[[0,0],[-0.09,-0.98],[0,0],[0.99,-0.09],[0,0],[0.09,0.99],[0,0],[-0.99,0.08],[0,0]],"v":[[-3.316,3.928],[-3.946,-3.292],[-2.316,-5.232],[1.374,-5.552],[3.314,-3.922],[3.944,3.288],[2.314,5.228],[-1.376,5.558],[-3.316,3.928]],"c":true},"ix":2},"nm":"Path 1","mn":"ADBE Vector Shape - Group","hd":false},{"ty":"fl","c":{"a":0,"k":[1,0.713724970818,0.862744987011,1],"ix":4},"o":{"a":0,"k":100,"ix":5},"r":1,"bm":0,"nm":"Fill 1","mn":"ADBE Vector Graphic - Fill","hd":false},{"ty":"tr","p":{"a":0,"k":[0,0],"ix":2},"a":{"a":0,"k":[0,0],"ix":1},"s":{"a":0,"k":[400,400],"ix":3},"r":{"a":0,"k":0,"ix":6},"o":{"a":0,"k":100,"ix":7},"sk":{"a":0,"k":0,"ix":4},"sa":{"a":0,"k":0,"ix":5},"nm":"Transform"}],"nm":"lace 03","np":2,"cix":2,"bm":0,"ix":1,"mn":"ADBE Vector Group","hd":false}],"ip":0,"op":200,"st":-50,"bm":0},{"ddd":0,"ind":6,"ty":4,"nm":"wheel 01 MIDDLE","parent":2,"sr":1,"ks":{"o":{"a":0,"k":100,"ix":11},"r":{"a":1,"k":[{"i":{"x":[0.833],"y":[0.833]},"o":{"x":[0.167],"y":[0.167]},"t":0,"s":[0],"e":[5040]},{"t":200}],"ix":10},"p":{"a":0,"k":[-0.117,-0.006,0],"ix":2},"a":{"a":0,"k":[-0.125,0,0],"ix":1},"s":{"a":0,"k":[97,103,100],"ix":6}},"ao":0,"shapes":[{"ty":"gr","it":[{"ind":0,"ty":"sh","ix":1,"ks":{"a":0,"k":{"i":[[2.82,-1.2],[1.29,3.05],[-2.82,1.2],[-1.29,-3.05]],"o":[[-2.82,1.2],[-1.3,-3.05],[2.83,-1.19],[1.3,3.05]],"v":[[2.319,5.456],[-5.171,2.196],[-2.321,-5.464],[5.169,-2.194]],"c":true},"ix":2},"nm":"Path 1","mn":"ADBE Vector Shape - Group","hd":false},{"ty":"fl","c":{"a":0,"k":[1,1,1,1],"ix":4},"o":{"a":0,"k":100,"ix":5},"r":1,"bm":0,"nm":"Fill 1","mn":"ADBE Vector Graphic - Fill","hd":false},{"ty":"tr","p":{"a":0,"k":[0,0],"ix":2},"a":{"a":0,"k":[0,0],"ix":1},"s":{"a":0,"k":[400,400],"ix":3},"r":{"a":0,"k":0,"ix":6},"o":{"a":0,"k":100,"ix":7},"sk":{"a":0,"k":0,"ix":4},"sa":{"a":0,"k":0,"ix":5},"nm":"Transform"}],"nm":"wheel 01 MIDDLE","np":2,"cix":2,"bm":0,"ix":1,"mn":"ADBE Vector Group","hd":false}],"ip":0,"op":200,"st":-50,"bm":0},{"ddd":0,"ind":7,"ty":4,"nm":"wheel 01 WHEEL","parent":2,"sr":1,"ks":{"o":{"a":0,"k":100,"ix":11},"r":{"a":0,"k":0,"ix":10},"p":{"a":0,"k":[0.008,-0.006,0],"ix":2},"a":{"a":0,"k":[0,0,0],"ix":1},"s":{"a":0,"k":[100,100,100],"ix":6}},"ao":0,"shapes":[{"ty":"gr","it":[{"ind":0,"ty":"sh","ix":1,"ks":{"a":0,"k":{"i":[[6.51,-2.77],[2.83,6.66],[-6.51,2.76],[-2.83,-6.67]],"o":[[-6.5,2.76],[-2.83,-6.67],[6.51,-2.76],[2.82,6.66]],"v":[[5.118,12.073],[-11.782,5.003],[-5.122,-12.067],[11.788,-4.997]],"c":true},"ix":2},"nm":"Path 1","mn":"ADBE Vector Shape - Group","hd":false},{"ty":"fl","c":{"a":0,"k":[1,0.713724970818,0.862744987011,1],"ix":4},"o":{"a":0,"k":100,"ix":5},"r":1,"bm":0,"nm":"Fill 1","mn":"ADBE Vector Graphic - Fill","hd":false},{"ty":"tr","p":{"a":0,"k":[0,0],"ix":2},"a":{"a":0,"k":[0,0],"ix":1},"s":{"a":0,"k":[400,400],"ix":3},"r":{"a":0,"k":0,"ix":6},"o":{"a":0,"k":100,"ix":7},"sk":{"a":0,"k":0,"ix":4},"sa":{"a":0,"k":0,"ix":5},"nm":"Transform"}],"nm":"wheel 01 WHEEL","np":2,"cix":2,"bm":0,"ix":1,"mn":"ADBE Vector Group","hd":false}],"ip":0,"op":200,"st":-50,"bm":0},{"ddd":0,"ind":8,"ty":4,"nm":"wheel 02 MIDDLE","parent":2,"sr":1,"ks":{"o":{"a":0,"k":100,"ix":11},"r":{"a":1,"k":[{"i":{"x":[0.679],"y":[1]},"o":{"x":[0.193],"y":[0.277]},"t":0,"s":[0],"e":[2284.92]},{"i":{"x":[0.833],"y":[0.833]},"o":{"x":[0.36],"y":[0.356]},"t":100,"s":[2284.92],"e":[5191.187]},{"t":200}],"ix":10},"p":{"a":0,"k":[166.335,-70.517,0],"ix":2},"a":{"a":0,"k":[0.187,0.011,0],"ix":1},"s":{"a":0,"k":[97,103,100],"ix":6}},"ao":0,"shapes":[{"ty":"gr","it":[{"ind":0,"ty":"sh","ix":1,"ks":{"a":0,"k":{"i":[[2.82,-1.2],[1.29,3.05],[-2.82,1.2],[-1.29,-3.05]],"o":[[-2.82,1.2],[-1.3,-3.05],[2.83,-1.19],[1.3,3.05]],"v":[[2.319,5.456],[-5.171,2.196],[-2.321,-5.464],[5.169,-2.194]],"c":true},"ix":2},"nm":"Path 1","mn":"ADBE Vector Shape - Group","hd":false},{"ty":"fl","c":{"a":0,"k":[1,1,1,1],"ix":4},"o":{"a":0,"k":100,"ix":5},"r":1,"bm":0,"nm":"Fill 1","mn":"ADBE Vector Graphic - Fill","hd":false},{"ty":"tr","p":{"a":0,"k":[0,0],"ix":2},"a":{"a":0,"k":[0,0],"ix":1},"s":{"a":0,"k":[400,400],"ix":3},"r":{"a":0,"k":0,"ix":6},"o":{"a":0,"k":100,"ix":7},"sk":{"a":0,"k":0,"ix":4},"sa":{"a":0,"k":0,"ix":5},"nm":"Transform"}],"nm":"wheel 02 MIDDLE","np":2,"cix":2,"bm":0,"ix":1,"mn":"ADBE Vector Group","hd":false}],"ip":0,"op":200,"st":-50,"bm":0},{"ddd":0,"ind":9,"ty":4,"nm":"wheel 02 WHEEL","parent":2,"sr":1,"ks":{"o":{"a":0,"k":100,"ix":11},"r":{"a":0,"k":0,"ix":10},"p":{"a":0,"k":[166.148,-70.528,0],"ix":2},"a":{"a":0,"k":[0,0,0],"ix":1},"s":{"a":0,"k":[100,100,100],"ix":6}},"ao":0,"shapes":[{"ty":"gr","it":[{"ind":0,"ty":"sh","ix":1,"ks":{"a":0,"k":{"i":[[6.51,-2.77],[2.83,6.66],[-6.51,2.76],[-2.83,-6.67]],"o":[[-6.5,2.76],[-2.83,-6.67],[6.51,-2.76],[2.82,6.66]],"v":[[5.118,12.073],[-11.782,5.003],[-5.122,-12.067],[11.788,-4.997]],"c":true},"ix":2},"nm":"Path 1","mn":"ADBE Vector Shape - Group","hd":false},{"ty":"fl","c":{"a":0,"k":[1,0.713724970818,0.862744987011,1],"ix":4},"o":{"a":0,"k":100,"ix":5},"r":1,"bm":0,"nm":"Fill 1","mn":"ADBE Vector Graphic - Fill","hd":false},{"ty":"tr","p":{"a":0,"k":[0,0],"ix":2},"a":{"a":0,"k":[0,0],"ix":1},"s":{"a":0,"k":[400,400],"ix":3},"r":{"a":0,"k":0,"ix":6},"o":{"a":0,"k":100,"ix":7},"sk":{"a":0,"k":0,"ix":4},"sa":{"a":0,"k":0,"ix":5},"nm":"Transform"}],"nm":"wheel 02 WHEEL","np":2,"cix":2,"bm":0,"ix":1,"mn":"ADBE Vector Group","hd":false}],"ip":0,"op":200,"st":-50,"bm":0},{"ddd":0,"ind":10,"ty":4,"nm":"sole","parent":2,"sr":1,"ks":{"o":{"a":0,"k":100,"ix":11},"r":{"a":0,"k":0,"ix":10},"p":{"a":0,"k":[69.091,-80.797,0],"ix":2},"a":{"a":0,"k":[0,0,0],"ix":1},"s":{"a":0,"k":[100,100,100],"ix":6}},"ao":0,"shapes":[{"ty":"gr","it":[{"ind":0,"ty":"sh","ix":1,"ks":{"a":0,"k":{"i":[[-1.66,0.7],[0,0],[-1.7,-0.33],[0,0],[-1.65,0.7],[0,0],[-0.71,-1.66],[0,0],[1.66,-0.7],[0,0],[2.21,0.9],[0,0],[0,0],[1.83,-0.77],[0,0],[0.71,1.66],[0,0]],"o":[[0,0],[1.6,-0.67],[0,0],[1.76,0.34],[0,0],[1.66,-0.7],[0,0],[0.7,1.66],[0,0],[-2.21,0.94],[0,0],[0,0],[0.78,1.83],[0,0],[-1.66,0.7],[0,0],[-0.7,-1.66]],"v":[[-33.075,2.761],[-15.265,-4.809],[-10.215,-5.339],[-2.695,-3.879],[2.525,-4.429],[30.225,-16.189],[34.505,-14.459],[34.805,-13.749],[33.075,-9.479],[2.975,3.301],[-3.935,3.351],[-9.965,0.871],[-8.525,4.281],[-10.425,8.991],[-27.375,16.191],[-31.655,14.461],[-34.805,7.031]],"c":true},"ix":2},"nm":"Path 1","mn":"ADBE Vector Shape - Group","hd":false},{"ty":"fl","c":{"a":0,"k":[0.345097988844,0.345097988844,0.345097988844,1],"ix":4},"o":{"a":0,"k":100,"ix":5},"r":1,"bm":0,"nm":"Fill 1","mn":"ADBE Vector Graphic - Fill","hd":false},{"ty":"tr","p":{"a":0,"k":[0,0],"ix":2},"a":{"a":0,"k":[0,0],"ix":1},"s":{"a":0,"k":[400,400],"ix":3},"r":{"a":0,"k":0,"ix":6},"o":{"a":0,"k":100,"ix":7},"sk":{"a":0,"k":0,"ix":4},"sa":{"a":0,"k":0,"ix":5},"nm":"Transform"}],"nm":"sole","np":2,"cix":2,"bm":0,"ix":1,"mn":"ADBE Vector Group","hd":false}],"ip":0,"op":200,"st":-50,"bm":0},{"ddd":0,"ind":11,"ty":4,"nm":"base","parent":2,"sr":1,"ks":{"o":{"a":0,"k":100,"ix":11},"r":{"a":0,"k":0,"ix":10},"p":{"a":0,"k":[86.192,-53.938,0],"ix":2},"a":{"a":0,"k":[0,0,0],"ix":1},"s":{"a":0,"k":[100,100,100],"ix":6}},"ao":0,"shapes":[{"ty":"gr","it":[{"ind":0,"ty":"sh","ix":1,"ks":{"a":0,"k":{"i":[[-1.1,0.47],[0,0],[-0.47,-1.1],[0,0],[1.11,-0.47],[0,0],[0.46,1.1],[0,0]],"o":[[0,0],[1.11,-0.47],[0,0],[0.47,1.1],[0,0],[-1.1,0.47],[0,0],[-0.47,-1.1]],"v":[[-32.658,9.894],[29.802,-16.616],[32.652,-15.466],[33.802,-12.746],[32.652,-9.896],[-29.808,16.614],[-32.648,15.464],[-33.808,12.744]],"c":true},"ix":2},"nm":"Path 1","mn":"ADBE Vector Shape - Group","hd":false},{"ty":"fl","c":{"a":0,"k":[0.898038983345,0.898038983345,0.898038983345,1],"ix":4},"o":{"a":0,"k":100,"ix":5},"r":1,"bm":0,"nm":"Fill 1","mn":"ADBE Vector Graphic - Fill","hd":false},{"ty":"tr","p":{"a":0,"k":[0,0],"ix":2},"a":{"a":0,"k":[0,0],"ix":1},"s":{"a":0,"k":[400,400],"ix":3},"r":{"a":0,"k":0,"ix":6},"o":{"a":0,"k":100,"ix":7},"sk":{"a":0,"k":0,"ix":4},"sa":{"a":0,"k":0,"ix":5},"nm":"Transform"}],"nm":"base","np":2,"cix":2,"bm":0,"ix":1,"mn":"ADBE Vector Group","hd":false}],"ip":0,"op":200,"st":-50,"bm":0},{"ddd":0,"ind":12,"ty":4,"nm":"ankle","parent":2,"sr":1,"ks":{"o":{"a":0,"k":100,"ix":11},"r":{"a":1,"k":[{"i":{"x":[0.636],"y":[0.858]},"o":{"x":[0.333],"y":[0]},"t":0,"s":[0],"e":[-5.45]},{"i":{"x":[0.667],"y":[1]},"o":{"x":[0.319],"y":[1.064]},"t":25,"s":[-5.45],"e":[-6.134]},{"i":{"x":[0.667],"y":[1]},"o":{"x":[0.333],"y":[0]},"t":52,"s":[-6.134],"e":[-1.941]},{"i":{"x":[0.667],"y":[1]},"o":{"x":[0.333],"y":[0]},"t":70,"s":[-1.941],"e":[-1.941]},{"i":{"x":[0.667],"y":[1]},"o":{"x":[0.333],"y":[0]},"t":86,"s":[-1.941],"e":[-10.418]},{"i":{"x":[0.667],"y":[1]},"o":{"x":[0.333],"y":[0]},"t":97,"s":[-10.418],"e":[1.44]},{"i":{"x":[0.667],"y":[1]},"o":{"x":[0.333],"y":[0]},"t":105,"s":[1.44],"e":[-0.305]},{"i":{"x":[0.667],"y":[1]},"o":{"x":[0.333],"y":[0]},"t":114,"s":[-0.305],"e":[0]},{"i":{"x":[0.667],"y":[1]},"o":{"x":[0.333],"y":[0]},"t":121,"s":[0],"e":[0]},{"i":{"x":[0.667],"y":[1]},"o":{"x":[0.333],"y":[0]},"t":138,"s":[0],"e":[2.743]},{"i":{"x":[0.667],"y":[1]},"o":{"x":[0.333],"y":[0]},"t":145,"s":[2.743],"e":[-5.961]},{"i":{"x":[0.667],"y":[-0.062]},"o":{"x":[0.333],"y":[0]},"t":159,"s":[-5.961],"e":[-4.075]},{"i":{"x":[0.667],"y":[1]},"o":{"x":[0.333],"y":[0.277]},"t":173,"s":[-4.075],"e":[0.575]},{"i":{"x":[0.667],"y":[1]},"o":{"x":[0.333],"y":[0]},"t":182,"s":[0.575],"e":[0]},{"t":200}],"ix":10},"p":{"a":0,"k":[-15.7,-139.605,0],"ix":2},"a":{"a":0,"k":[19,44,0],"ix":1},"s":{"a":0,"k":[100,100,100],"ix":6}},"ao":0,"shapes":[{"ty":"gr","it":[{"ind":0,"ty":"sh","ix":1,"ks":{"a":0,"k":{"i":[[-2.21,0.94],[0,0],[-0.94,-2.21],[0,0],[2.21,-0.94],[0,0],[0.94,2.21],[0,0]],"o":[[0,0],[2.21,-0.94],[0,0],[0.94,2.21],[0,0],[-2.21,0.93],[0,0],[-0.94,-2.21]],"v":[[-17.623,-16.616],[0.287,-24.216],[5.987,-21.916],[19.927,10.914],[17.627,16.614],[-0.293,24.224],[-5.993,21.914],[-19.923,-10.916]],"c":true},"ix":2},"nm":"Path 1","mn":"ADBE Vector Shape - Group","hd":false},{"ty":"fl","c":{"a":0,"k":[1,1,1,1],"ix":4},"o":{"a":0,"k":100,"ix":5},"r":1,"bm":0,"nm":"Fill 1","mn":"ADBE Vector Graphic - Fill","hd":false},{"ty":"tr","p":{"a":0,"k":[0,0],"ix":2},"a":{"a":0,"k":[0,0],"ix":1},"s":{"a":0,"k":[400,400],"ix":3},"r":{"a":0,"k":0,"ix":6},"o":{"a":0,"k":100,"ix":7},"sk":{"a":0,"k":0,"ix":4},"sa":{"a":0,"k":0,"ix":5},"nm":"Transform"}],"nm":"ankle","np":2,"cix":2,"bm":0,"ix":1,"mn":"ADBE Vector Group","hd":false}],"ip":0,"op":200,"st":-50,"bm":0},{"ddd":0,"ind":13,"ty":4,"nm":"BOOT","parent":2,"sr":1,"ks":{"o":{"a":0,"k":100,"ix":11},"r":{"a":0,"k":0,"ix":10},"p":{"a":0,"k":[50.579,-124.588,0],"ix":2},"a":{"a":0,"k":[0,0,0],"ix":1},"s":{"a":0,"k":[100,100,100],"ix":6}},"ao":0,"shapes":[{"ty":"gr","it":[{"ind":0,"ty":"sh","ix":1,"ks":{"a":0,"k":{"i":[[0,0],[0,0],[-2.07,-4.87],[4.55,-1.92],[0,0],[0,0],[0,0],[0,0],[3.05,7.18],[0,0],[-7.17,3.04],[-1.35,0.16]],"o":[[0,0],[5.27,-0.6],[1.92,4.54],[0,0],[0,0],[0,0],[0,0],[-7.18,3.05],[0,0],[-3.04,-7.16],[1.24,-0.53],[0,0]],"v":[[-21.264,-13.793],[20.676,-18.593],[33.046,-11.393],[28.306,0.317],[2.306,11.357],[-6.994,9.367],[-7.974,15.727],[-12.264,17.547],[-30.784,10.067],[-32.634,5.707],[-25.164,-12.763],[-21.264,-13.793]],"c":true},"ix":2},"nm":"Path 1","mn":"ADBE Vector Shape - Group","hd":false},{"ty":"fl","c":{"a":0,"k":[1,1,1,1],"ix":4},"o":{"a":0,"k":100,"ix":5},"r":1,"bm":0,"nm":"Fill 1","mn":"ADBE Vector Graphic - Fill","hd":false},{"ty":"tr","p":{"a":0,"k":[0,0],"ix":2},"a":{"a":0,"k":[0,0],"ix":1},"s":{"a":0,"k":[400,400],"ix":3},"r":{"a":0,"k":0,"ix":6},"o":{"a":0,"k":100,"ix":7},"sk":{"a":0,"k":0,"ix":4},"sa":{"a":0,"k":0,"ix":5},"nm":"Transform"}],"nm":"BOOT","np":2,"cix":2,"bm":0,"ix":1,"mn":"ADBE Vector Group","hd":false}],"ip":0,"op":200,"st":-50,"bm":0}]}],"layers":[{"ddd":0,"ind":1,"ty":0,"nm":"23_ROLLER SKATE","refId":"comp_0","sr":1,"ks":{"o":{"a":0,"k":100,"ix":11},"r":{"a":0,"k":0,"ix":10},"p":{"a":0,"k":[67.5,67.5,0],"ix":2},"a":{"a":0,"k":[270,270,0],"ix":1},"s":{"a":0,"k":[25,25,100],"ix":6}},"ao":0,"w":540,"h":540,"ip":0,"op":200,"st":0,"bm":0}],"markers":[{"tm":150,"cm":"","dr":0}]}
