{"v":"5.5.2","fr":60,"ip":0,"op":135,"w":135,"h":135,"nm":"17_HAND EXPORT","ddd":0,"assets":[{"id":"comp_0","layers":[{"ddd":0,"ind":2,"ty":3,"nm":"WAVE NULL","sr":1,"ks":{"o":{"a":0,"k":0,"ix":11},"r":{"a":1,"k":[{"i":{"x":[0.667],"y":[1]},"o":{"x":[0.167],"y":[0]},"t":50,"s":[0],"e":[0]},{"i":{"x":[0.667],"y":[1]},"o":{"x":[0.333],"y":[0]},"t":75,"s":[0],"e":[1.943]},{"i":{"x":[0.667],"y":[1]},"o":{"x":[0.333],"y":[0]},"t":85,"s":[1.943],"e":[-5.068]},{"i":{"x":[0.667],"y":[1]},"o":{"x":[0.333],"y":[0]},"t":95,"s":[-5.068],"e":[8.333]},{"i":{"x":[0.667],"y":[1]},"o":{"x":[0.333],"y":[0]},"t":105,"s":[8.333],"e":[-10]},{"i":{"x":[0.667],"y":[1]},"o":{"x":[0.333],"y":[0]},"t":115,"s":[-10],"e":[10]},{"i":{"x":[0.667],"y":[1]},"o":{"x":[0.333],"y":[0]},"t":125,"s":[10],"e":[-10]},{"i":{"x":[0.667],"y":[1]},"o":{"x":[0.333],"y":[0]},"t":135,"s":[-10],"e":[8.333]},{"i":{"x":[0.667],"y":[1]},"o":{"x":[0.333],"y":[0]},"t":145,"s":[8.333],"e":[-6.735]},{"i":{"x":[0.667],"y":[1]},"o":{"x":[0.333],"y":[0]},"t":155,"s":[-6.735],"e":[1.943]},{"i":{"x":[0.667],"y":[1]},"o":{"x":[0.333],"y":[0]},"t":165,"s":[1.943],"e":[-0.834]},{"i":{"x":[0.667],"y":[1]},"o":{"x":[0.333],"y":[0]},"t":175,"s":[-0.834],"e":[0]},{"t":185}],"ix":10},"p":{"a":0,"k":[270,539.5,0],"ix":2},"a":{"a":0,"k":[0,0,0],"ix":1},"s":{"a":0,"k":[100,100,100],"ix":6}},"ao":0,"ip":0,"op":300,"st":0,"bm":0},{"ddd":0,"ind":3,"ty":4,"nm":"palm crease","parent":5,"sr":1,"ks":{"o":{"a":0,"k":100,"ix":11},"r":{"a":0,"k":0,"ix":10},"p":{"a":0,"k":[-23.083,10.994,0],"ix":2},"a":{"a":0,"k":[0,0,0],"ix":1},"s":{"a":0,"k":[100,100,100],"ix":6}},"ao":0,"shapes":[{"ty":"gr","it":[{"ind":0,"ty":"sh","ix":1,"ks":{"a":0,"k":{"i":[[13.97,7.38],[-1.16,2.2],[-2.2,-1.16],[0,-19.56],[2.48,0],[0,2.49]],"o":[[-2.2,-1.16],[1.16,-2.2],[16.94,8.95],[0,2.49],[-2.49,0],[0,-16.25]],"v":[[-13.69,-15.571],[-15.57,-21.651],[-9.49,-23.531],[16.09,19.549],[11.59,24.049],[7.09,19.549]],"c":true},"ix":2},"nm":"Path 1","mn":"ADBE Vector Shape - Group","hd":false},{"ty":"fl","c":{"a":0,"k":[0.611765027046,0.349020004272,0.22352899611,1],"ix":4},"o":{"a":0,"k":100,"ix":5},"r":1,"bm":0,"nm":"Fill 1","mn":"ADBE Vector Graphic - Fill","hd":false},{"ty":"tr","p":{"a":0,"k":[0,0],"ix":2},"a":{"a":0,"k":[0,0],"ix":1},"s":{"a":0,"k":[200,200],"ix":3},"r":{"a":0,"k":0,"ix":6},"o":{"a":0,"k":100,"ix":7},"sk":{"a":0,"k":0,"ix":4},"sa":{"a":0,"k":0,"ix":5},"nm":"Transform"}],"nm":"palm crease","np":2,"cix":2,"bm":0,"ix":1,"mn":"ADBE Vector Group","hd":false}],"ip":0,"op":300,"st":0,"bm":0},{"ddd":0,"ind":4,"ty":4,"nm":"WRIST","parent":2,"sr":1,"ks":{"o":{"a":0,"k":100,"ix":11},"r":{"a":1,"k":[{"i":{"x":[0.667],"y":[1]},"o":{"x":[0.167],"y":[0]},"t":54,"s":[0],"e":[0]},{"i":{"x":[0.667],"y":[1]},"o":{"x":[0.333],"y":[0]},"t":79,"s":[0],"e":[1.943]},{"i":{"x":[0.667],"y":[1]},"o":{"x":[0.333],"y":[0]},"t":89,"s":[1.943],"e":[-5.068]},{"i":{"x":[0.667],"y":[1]},"o":{"x":[0.333],"y":[0]},"t":99,"s":[-5.068],"e":[8.333]},{"i":{"x":[0.667],"y":[1]},"o":{"x":[0.333],"y":[0]},"t":109,"s":[8.333],"e":[-10]},{"i":{"x":[0.667],"y":[1]},"o":{"x":[0.333],"y":[0]},"t":119,"s":[-10],"e":[10]},{"i":{"x":[0.667],"y":[1]},"o":{"x":[0.333],"y":[0]},"t":129,"s":[10],"e":[-10]},{"i":{"x":[0.667],"y":[1]},"o":{"x":[0.333],"y":[0]},"t":139,"s":[-10],"e":[8.333]},{"i":{"x":[0.667],"y":[1]},"o":{"x":[0.333],"y":[0]},"t":149,"s":[8.333],"e":[-6.735]},{"i":{"x":[0.667],"y":[1]},"o":{"x":[0.333],"y":[0]},"t":159,"s":[-6.735],"e":[1.943]},{"i":{"x":[0.667],"y":[1]},"o":{"x":[0.333],"y":[0]},"t":169,"s":[1.943],"e":[-0.834]},{"i":{"x":[0.667],"y":[1]},"o":{"x":[0.333],"y":[0]},"t":179,"s":[-0.834],"e":[0]},{"t":189}],"ix":10},"p":{"a":0,"k":[5.67,-149.5,0],"ix":2},"a":{"a":0,"k":[0,0,0],"ix":1},"s":{"a":0,"k":[100,100,100],"ix":6}},"ao":0,"shapes":[{"ty":"gr","it":[{"ind":0,"ty":"sh","ix":1,"ks":{"a":0,"k":{"i":[[-6.08,0],[0,0],[0,-6.08],[0,0],[6.08,0],[0,0],[0,6.08],[0,0]],"o":[[0,0],[6.08,0],[0,0],[0,6.08],[0,0],[-6.08,0],[0,0],[0,-6.08]],"v":[[-24.5,-28],[24.5,-28],[35.5,-17],[35.5,17],[24.5,28],[-24.5,28],[-35.5,17],[-35.5,-17]],"c":true},"ix":2},"nm":"Path 1","mn":"ADBE Vector Shape - Group","hd":false},{"ty":"fl","c":{"a":0,"k":[0.686275005341,0.388235002756,0.235293999314,1],"ix":4},"o":{"a":0,"k":100,"ix":5},"r":1,"bm":0,"nm":"Fill 1","mn":"ADBE Vector Graphic - Fill","hd":false},{"ty":"tr","p":{"a":0,"k":[0,0],"ix":2},"a":{"a":0,"k":[0,0],"ix":1},"s":{"a":0,"k":[200,200],"ix":3},"r":{"a":0,"k":0,"ix":6},"o":{"a":0,"k":100,"ix":7},"sk":{"a":0,"k":0,"ix":4},"sa":{"a":0,"k":0,"ix":5},"nm":"Transform"}],"nm":"WRIST","np":2,"cix":2,"bm":0,"ix":1,"mn":"ADBE Vector Group","hd":false}],"ip":0,"op":300,"st":0,"bm":0},{"ddd":0,"ind":5,"ty":4,"nm":"palm","parent":4,"sr":1,"ks":{"o":{"a":0,"k":100,"ix":11},"r":{"a":1,"k":[{"i":{"x":[0.667],"y":[1]},"o":{"x":[0.167],"y":[0]},"t":56,"s":[0],"e":[0]},{"i":{"x":[0.667],"y":[1]},"o":{"x":[0.333],"y":[0]},"t":81,"s":[0],"e":[3.91]},{"i":{"x":[0.667],"y":[1]},"o":{"x":[0.333],"y":[0]},"t":91,"s":[3.91],"e":[-9.858]},{"i":{"x":[0.667],"y":[1]},"o":{"x":[0.333],"y":[0]},"t":101,"s":[-9.858],"e":[7.221]},{"i":{"x":[0.667],"y":[1]},"o":{"x":[0.333],"y":[0]},"t":111,"s":[7.221],"e":[-14.637]},{"i":{"x":[0.667],"y":[1]},"o":{"x":[0.333],"y":[0]},"t":121,"s":[-14.637],"e":[8.665]},{"i":{"x":[0.667],"y":[1]},"o":{"x":[0.333],"y":[0]},"t":131,"s":[8.665],"e":[-19.735]},{"i":{"x":[0.667],"y":[1]},"o":{"x":[0.333],"y":[0]},"t":141,"s":[-19.735],"e":[7.221]},{"i":{"x":[0.667],"y":[1]},"o":{"x":[0.333],"y":[0]},"t":151,"s":[7.221],"e":[-10.976]},{"i":{"x":[0.667],"y":[1]},"o":{"x":[0.333],"y":[0]},"t":161,"s":[-10.976],"e":[1.142]},{"i":{"x":[0.667],"y":[1]},"o":{"x":[0.333],"y":[0]},"t":171,"s":[1.142],"e":[0]},{"i":{"x":[0.667],"y":[1]},"o":{"x":[0.333],"y":[0]},"t":181,"s":[0],"e":[0]},{"t":191}],"ix":10},"p":{"a":0,"k":[4.591,-43.894,0],"ix":2},"a":{"a":0,"k":[0,46,0],"ix":1},"s":{"a":0,"k":[100,100,100],"ix":6}},"ao":0,"shapes":[{"ty":"gr","it":[{"ind":0,"ty":"sh","ix":1,"ks":{"a":0,"k":{"i":[[-13.73,-4.2],[0,0],[4.2,-13.73],[0,0],[13.73,4.2],[0,0],[-4.2,13.73],[0,0]],"o":[[0,0],[13.73,4.2],[0,0],[-4.2,13.73],[0,0],[-13.74,-4.2],[0,0],[4.19,-13.74]],"v":[[-9.278,-48.327],[34.712,-34.877],[51.972,-2.407],[41.742,31.063],[9.282,48.323],[-34.708,34.873],[-51.978,2.413],[-41.738,-31.057]],"c":true},"ix":2},"nm":"Path 1","mn":"ADBE Vector Shape - Group","hd":false},{"ty":"fl","c":{"a":0,"k":[0.686275005341,0.388235002756,0.235293999314,1],"ix":4},"o":{"a":0,"k":100,"ix":5},"r":1,"bm":0,"nm":"Fill 1","mn":"ADBE Vector Graphic - Fill","hd":false},{"ty":"tr","p":{"a":0,"k":[0,0],"ix":2},"a":{"a":0,"k":[0,0],"ix":1},"s":{"a":0,"k":[200,200],"ix":3},"r":{"a":0,"k":0,"ix":6},"o":{"a":0,"k":100,"ix":7},"sk":{"a":0,"k":0,"ix":4},"sa":{"a":0,"k":0,"ix":5},"nm":"Transform"}],"nm":"palm","np":2,"cix":2,"bm":0,"ix":1,"mn":"ADBE Vector Group","hd":false}],"ip":0,"op":300,"st":0,"bm":0},{"ddd":0,"ind":6,"ty":4,"nm":"thumb","parent":5,"sr":1,"ks":{"o":{"a":0,"k":100,"ix":11},"r":{"a":1,"k":[{"i":{"x":[0.667],"y":[1]},"o":{"x":[0.167],"y":[0]},"t":56,"s":[0],"e":[0]},{"i":{"x":[0.667],"y":[1]},"o":{"x":[0.333],"y":[0]},"t":81,"s":[0],"e":[3.011]},{"i":{"x":[0.667],"y":[1]},"o":{"x":[0.333],"y":[0]},"t":91,"s":[3.011],"e":[-9.84]},{"i":{"x":[0.667],"y":[1]},"o":{"x":[0.333],"y":[0]},"t":101,"s":[-9.84],"e":[12.918]},{"i":{"x":[0.667],"y":[1]},"o":{"x":[0.333],"y":[0]},"t":111,"s":[12.918],"e":[-19.415]},{"i":{"x":[0.667],"y":[1]},"o":{"x":[0.333],"y":[0]},"t":121,"s":[-19.415],"e":[15.502]},{"i":{"x":[0.667],"y":[1]},"o":{"x":[0.333],"y":[0]},"t":131,"s":[15.502],"e":[-19.415]},{"i":{"x":[0.667],"y":[1]},"o":{"x":[0.333],"y":[0]},"t":141,"s":[-19.415],"e":[12.918]},{"i":{"x":[0.667],"y":[1]},"o":{"x":[0.333],"y":[0]},"t":151,"s":[12.918],"e":[-13.077]},{"i":{"x":[0.667],"y":[1]},"o":{"x":[0.333],"y":[0]},"t":161,"s":[-13.077],"e":[3.011]},{"i":{"x":[0.667],"y":[1]},"o":{"x":[0.333],"y":[0]},"t":171,"s":[3.011],"e":[-1.618]},{"i":{"x":[0.667],"y":[1]},"o":{"x":[0.333],"y":[0]},"t":181,"s":[-1.618],"e":[0]},{"t":191}],"ix":10},"p":{"a":0,"k":[-91.969,11.768,0],"ix":2},"a":{"a":0,"k":[0,0,0],"ix":1},"s":{"a":0,"k":[100,100,100],"ix":6}},"ao":0,"shapes":[{"ty":"gr","it":[{"ind":0,"ty":"sh","ix":1,"ks":{"a":0,"k":{"i":[[-6.16,5.95],[-5.95,-6.16],[0,0],[6.15,-5.95],[5.94,6.16],[0,0]],"o":[[6.16,-5.95],[0,0],[5.94,6.16],[-6.16,5.94],[0,0],[-5.95,-6.16]],"v":[[-32.999,-34.169],[-11.079,-33.789],[21.256,-0.749],[20.876,21.171],[-1.044,20.781],[-33.379,-12.249]],"c":true},"ix":2},"nm":"Path 1","mn":"ADBE Vector Shape - Group","hd":false},{"ty":"fl","c":{"a":0,"k":[0.686275005341,0.388235002756,0.235293999314,1],"ix":4},"o":{"a":0,"k":100,"ix":5},"r":1,"bm":0,"nm":"Fill 1","mn":"ADBE Vector Graphic - Fill","hd":false},{"ty":"tr","p":{"a":0,"k":[0,0],"ix":2},"a":{"a":0,"k":[0,0],"ix":1},"s":{"a":0,"k":[200,200],"ix":3},"r":{"a":0,"k":0,"ix":6},"o":{"a":0,"k":100,"ix":7},"sk":{"a":0,"k":0,"ix":4},"sa":{"a":0,"k":0,"ix":5},"nm":"Transform"}],"nm":"thumb","np":2,"cix":2,"bm":0,"ix":1,"mn":"ADBE Vector Group","hd":false}],"ip":0,"op":300,"st":0,"bm":0},{"ddd":0,"ind":7,"ty":4,"nm":"pinky","parent":5,"sr":1,"ks":{"o":{"a":0,"k":100,"ix":11},"r":{"a":1,"k":[{"i":{"x":[0.667],"y":[1]},"o":{"x":[0.167],"y":[0]},"t":56,"s":[0],"e":[0]},{"i":{"x":[0.667],"y":[1]},"o":{"x":[0.333],"y":[0]},"t":81,"s":[0],"e":[3.478]},{"i":{"x":[0.667],"y":[1]},"o":{"x":[0.333],"y":[0]},"t":91,"s":[3.478],"e":[-5.816]},{"i":{"x":[0.667],"y":[1]},"o":{"x":[0.333],"y":[0]},"t":101,"s":[-5.816],"e":[10.301]},{"i":{"x":[0.667],"y":[1]},"o":{"x":[0.333],"y":[0]},"t":111,"s":[10.301],"e":[-13.773]},{"i":{"x":[0.667],"y":[1]},"o":{"x":[0.333],"y":[0]},"t":121,"s":[-13.773],"e":[12.362]},{"i":{"x":[0.667],"y":[1]},"o":{"x":[0.333],"y":[0]},"t":131,"s":[12.362],"e":[-15.201]},{"i":{"x":[0.667],"y":[1]},"o":{"x":[0.333],"y":[0]},"t":141,"s":[-15.201],"e":[10.301]},{"i":{"x":[0.667],"y":[1]},"o":{"x":[0.333],"y":[0]},"t":151,"s":[10.301],"e":[-7.729]},{"i":{"x":[0.667],"y":[1]},"o":{"x":[0.333],"y":[0]},"t":161,"s":[-7.729],"e":[5.299]},{"i":{"x":[0.667],"y":[1]},"o":{"x":[0.333],"y":[0]},"t":171,"s":[5.299],"e":[-0.737]},{"i":{"x":[0.667],"y":[1]},"o":{"x":[0.333],"y":[0]},"t":181,"s":[-0.737],"e":[0.383]},{"i":{"x":[0.667],"y":[1]},"o":{"x":[0.333],"y":[0]},"t":191,"s":[0.383],"e":[0]},{"t":200}],"ix":10},"p":{"a":0,"k":[64.489,1.144,0],"ix":2},"a":{"a":0,"k":[-31.542,55.377,0],"ix":1},"s":{"a":0,"k":[100,100,100],"ix":6}},"ao":0,"shapes":[{"ty":"gr","it":[{"ind":0,"ty":"sh","ix":1,"ks":{"a":0,"k":{"i":[[-7.41,-4.28],[4.28,-7.41],[0,0],[7.42,4.28],[-4.28,7.41],[0,0]],"o":[[7.42,4.28],[0,0],[-4.28,7.41],[-7.41,-4.28],[0,0],[4.28,-7.41]],"v":[[23.747,-41.135],[29.427,-19.965],[-2.573,35.465],[-23.753,41.135],[-29.423,19.965],[2.577,-35.465]],"c":true},"ix":2},"nm":"Path 1","mn":"ADBE Vector Shape - Group","hd":false},{"ty":"fl","c":{"a":0,"k":[0.686275005341,0.388235002756,0.235293999314,1],"ix":4},"o":{"a":0,"k":100,"ix":5},"r":1,"bm":0,"nm":"Fill 1","mn":"ADBE Vector Graphic - Fill","hd":false},{"ty":"tr","p":{"a":0,"k":[0,0],"ix":2},"a":{"a":0,"k":[0,0],"ix":1},"s":{"a":0,"k":[200,200],"ix":3},"r":{"a":0,"k":0,"ix":6},"o":{"a":0,"k":100,"ix":7},"sk":{"a":0,"k":0,"ix":4},"sa":{"a":0,"k":0,"ix":5},"nm":"Transform"}],"nm":"pinky","np":2,"cix":2,"bm":0,"ix":1,"mn":"ADBE Vector Group","hd":false}],"ip":0,"op":300,"st":0,"bm":0},{"ddd":0,"ind":8,"ty":4,"nm":"middle ","parent":5,"sr":1,"ks":{"o":{"a":0,"k":100,"ix":11},"r":{"a":1,"k":[{"i":{"x":[0.667],"y":[1]},"o":{"x":[0.167],"y":[0]},"t":54,"s":[0],"e":[0]},{"i":{"x":[0.667],"y":[1]},"o":{"x":[0.333],"y":[0]},"t":79,"s":[0],"e":[3.478]},{"i":{"x":[0.667],"y":[1]},"o":{"x":[0.333],"y":[0]},"t":89,"s":[3.478],"e":[-4.062]},{"i":{"x":[0.667],"y":[1]},"o":{"x":[0.333],"y":[0]},"t":99,"s":[-4.062],"e":[10.301]},{"i":{"x":[0.667],"y":[1]},"o":{"x":[0.333],"y":[0]},"t":109,"s":[10.301],"e":[-15.534]},{"i":{"x":[0.667],"y":[1]},"o":{"x":[0.333],"y":[0]},"t":119,"s":[-15.534],"e":[12.362]},{"i":{"x":[0.667],"y":[1]},"o":{"x":[0.333],"y":[0]},"t":129,"s":[12.362],"e":[-16.35]},{"i":{"x":[0.667],"y":[1]},"o":{"x":[0.333],"y":[0]},"t":139,"s":[-16.35],"e":[10.301]},{"i":{"x":[0.667],"y":[1]},"o":{"x":[0.333],"y":[0]},"t":149,"s":[10.301],"e":[-8.313]},{"i":{"x":[0.667],"y":[1]},"o":{"x":[0.333],"y":[0]},"t":159,"s":[-8.313],"e":[2.108]},{"i":{"x":[0.667],"y":[1]},"o":{"x":[0.333],"y":[0]},"t":169,"s":[2.108],"e":[-1.207]},{"i":{"x":[0.667],"y":[1]},"o":{"x":[0.333],"y":[0]},"t":179,"s":[-1.207],"e":[0.383]},{"i":{"x":[0.667],"y":[1]},"o":{"x":[0.333],"y":[0]},"t":189,"s":[0.383],"e":[0]},{"t":198}],"ix":10},"p":{"a":0,"k":[15.739,-59.106,0],"ix":2},"a":{"a":0,"k":[-21.835,59.914,0],"ix":1},"s":{"a":0,"k":[100,100,100],"ix":6}},"ao":0,"shapes":[{"ty":"gr","it":[{"ind":0,"ty":"sh","ix":1,"ks":{"a":0,"k":{"i":[[-8.04,-2.93],[2.93,-8.05],[0,0],[8.05,2.93],[-2.93,8.05],[0,0]],"o":[[8.05,2.93],[0,0],[-2.93,8.04],[-8.04,-2.93],[0,0],[2.93,-8.04]],"v":[[16.241,-44.634],[25.511,-24.764],[3.621,35.376],[-16.249,44.636],[-25.509,24.766],[-3.619,-35.374]],"c":true},"ix":2},"nm":"Path 1","mn":"ADBE Vector Shape - Group","hd":false},{"ty":"fl","c":{"a":0,"k":[0.686275005341,0.388235002756,0.235293999314,1],"ix":4},"o":{"a":0,"k":100,"ix":5},"r":1,"bm":0,"nm":"Fill 1","mn":"ADBE Vector Graphic - Fill","hd":false},{"ty":"tr","p":{"a":0,"k":[0,0],"ix":2},"a":{"a":0,"k":[0,0],"ix":1},"s":{"a":0,"k":[200,200],"ix":3},"r":{"a":0,"k":0,"ix":6},"o":{"a":0,"k":100,"ix":7},"sk":{"a":0,"k":0,"ix":4},"sa":{"a":0,"k":0,"ix":5},"nm":"Transform"}],"nm":"middle ","np":2,"cix":2,"bm":0,"ix":1,"mn":"ADBE Vector Group","hd":false}],"ip":0,"op":300,"st":0,"bm":0},{"ddd":0,"ind":9,"ty":4,"nm":"index","parent":5,"sr":1,"ks":{"o":{"a":0,"k":100,"ix":11},"r":{"a":1,"k":[{"i":{"x":[0.667],"y":[1]},"o":{"x":[0.167],"y":[0]},"t":56,"s":[0],"e":[0]},{"i":{"x":[0.667],"y":[1]},"o":{"x":[0.333],"y":[0]},"t":81,"s":[0],"e":[8.455]},{"i":{"x":[0.667],"y":[1]},"o":{"x":[0.333],"y":[0]},"t":91,"s":[8.455],"e":[-5.54]},{"i":{"x":[0.667],"y":[1]},"o":{"x":[0.333],"y":[0]},"t":101,"s":[-5.54],"e":[13.525]},{"i":{"x":[0.667],"y":[1]},"o":{"x":[0.333],"y":[0]},"t":111,"s":[13.525],"e":[-13.26]},{"i":{"x":[0.667],"y":[1]},"o":{"x":[0.333],"y":[0]},"t":121,"s":[-13.26],"e":[17.077]},{"i":{"x":[0.667],"y":[1]},"o":{"x":[0.333],"y":[0]},"t":131,"s":[17.077],"e":[-14.538]},{"i":{"x":[0.667],"y":[1]},"o":{"x":[0.333],"y":[0]},"t":141,"s":[-14.538],"e":[11.7]},{"i":{"x":[0.667],"y":[1]},"o":{"x":[0.333],"y":[0]},"t":151,"s":[11.7],"e":[-6.469]},{"i":{"x":[0.667],"y":[1]},"o":{"x":[0.333],"y":[0]},"t":161,"s":[-6.469],"e":[7.364]},{"i":{"x":[0.667],"y":[1]},"o":{"x":[0.333],"y":[0]},"t":171,"s":[7.364],"e":[-1.387]},{"i":{"x":[0.667],"y":[1]},"o":{"x":[0.333],"y":[0]},"t":181,"s":[-1.387],"e":[0.513]},{"i":{"x":[0.667],"y":[1]},"o":{"x":[0.333],"y":[0]},"t":191,"s":[0.513],"e":[0]},{"t":200}],"ix":10},"p":{"a":0,"k":[-53.261,-43.106,0],"ix":2},"a":{"a":0,"k":[-4.85,59.644,0],"ix":1},"s":{"a":0,"k":[100,100,100],"ix":6}},"ao":0,"shapes":[{"ty":"gr","it":[{"ind":0,"ty":"sh","ix":1,"ks":{"a":0,"k":{"i":[[0,0],[0.75,-8.53],[0,0],[8.53,0.75],[-0.75,8.53],[0,0],[-8.53,-0.75]],"o":[[8.53,0.75],[0,0],[-0.74,8.53],[-8.53,-0.74],[0,0],[0.75,-8.53],[0,0]],"v":[[3.964,-45.327],[18.054,-28.537],[12.824,31.233],[-3.966,45.323],[-18.056,28.533],[-12.826,-31.237],[3.964,-45.327]],"c":true},"ix":2},"nm":"Path 1","mn":"ADBE Vector Shape - Group","hd":false},{"ty":"fl","c":{"a":0,"k":[0.686275005341,0.388235002756,0.235293999314,1],"ix":4},"o":{"a":0,"k":100,"ix":5},"r":1,"bm":0,"nm":"Fill 1","mn":"ADBE Vector Graphic - Fill","hd":false},{"ty":"tr","p":{"a":0,"k":[0,0],"ix":2},"a":{"a":0,"k":[0,0],"ix":1},"s":{"a":0,"k":[200,200],"ix":3},"r":{"a":0,"k":0,"ix":6},"o":{"a":0,"k":100,"ix":7},"sk":{"a":0,"k":0,"ix":4},"sa":{"a":0,"k":0,"ix":5},"nm":"Transform"}],"nm":"index","np":2,"cix":2,"bm":0,"ix":1,"mn":"ADBE Vector Group","hd":false}],"ip":0,"op":300,"st":0,"bm":0}]}],"layers":[{"ddd":0,"ind":1,"ty":0,"nm":"17_HAND","refId":"comp_0","sr":1,"ks":{"o":{"a":0,"k":100,"ix":11},"r":{"a":0,"k":0,"ix":10},"p":{"a":0,"k":[67.5,67.5,0],"ix":2},"a":{"a":0,"k":[270,270,0],"ix":1},"s":{"a":0,"k":[25,25,100],"ix":6}},"ao":0,"w":540,"h":540,"ip":0,"op":11,"st":-239,"bm":0},{"ddd":0,"ind":2,"ty":0,"nm":"17_HAND","refId":"comp_0","sr":1,"ks":{"o":{"a":0,"k":100,"ix":11},"r":{"a":0,"k":0,"ix":10},"p":{"a":0,"k":[67.5,67.5,0],"ix":2},"a":{"a":0,"k":[270,270,0],"ix":1},"s":{"a":0,"k":[25,25,100],"ix":6}},"ao":0,"w":540,"h":540,"ip":11,"op":135,"st":-64,"bm":0}],"markers":[{"tm":35,"cm":"","dr":0}]}
