{"v":"5.5.2","fr":60,"ip":0,"op":80,"w":135,"h":135,"nm":"05_BURGER EXPORT","ddd":0,"assets":[{"id":"comp_0","layers":[{"ddd":0,"ind":3,"ty":0,"nm":"Bun TOP 2","refId":"comp_1","sr":1,"ks":{"o":{"a":0,"k":100,"ix":11},"r":{"a":1,"k":[{"i":{"x":[0.667],"y":[1]},"o":{"x":[0.47],"y":[0]},"t":0,"s":[-8],"e":[-0.419]},{"i":{"x":[0.534],"y":[1]},"o":{"x":[0.333],"y":[0]},"t":20,"s":[-0.419],"e":[8]},{"i":{"x":[0.667],"y":[1]},"o":{"x":[0.487],"y":[0]},"t":40,"s":[8],"e":[-0.419]},{"i":{"x":[0.55],"y":[1]},"o":{"x":[0.333],"y":[0]},"t":60,"s":[-0.419],"e":[-8]},{"i":{"x":[0.55],"y":[1]},"o":{"x":[0.487],"y":[0]},"t":80,"s":[-8],"e":[8]},{"i":{"x":[0.55],"y":[1]},"o":{"x":[0.487],"y":[0]},"t":120,"s":[8],"e":[-8]},{"t":160}],"ix":10},"p":{"s":true,"x":{"a":1,"k":[{"i":{"x":[0.833],"y":[1]},"o":{"x":[0.02],"y":[0]},"t":0,"s":[276],"e":[276]},{"i":{"x":[0.833],"y":[0.833]},"o":{"x":[0.167],"y":[0.167]},"t":20,"s":[276],"e":[276]},{"i":{"x":[0.833],"y":[0.833]},"o":{"x":[0.167],"y":[0.167]},"t":40,"s":[276],"e":[276]},{"i":{"x":[0.98],"y":[1]},"o":{"x":[0.167],"y":[0]},"t":60,"s":[276],"e":[276]},{"t":80}],"ix":3},"y":{"a":1,"k":[{"i":{"x":[0.818],"y":[1]},"o":{"x":[0.705],"y":[0]},"t":0,"s":[219],"e":[341.128]},{"i":{"x":[0.625],"y":[1]},"o":{"x":[0.166],"y":[0]},"t":18,"s":[341.128],"e":[341.128]},{"i":{"x":[0.186],"y":[1]},"o":{"x":[0.166],"y":[0]},"t":22,"s":[341.128],"e":[219]},{"i":{"x":[0.818],"y":[1]},"o":{"x":[0.802],"y":[0]},"t":40,"s":[219],"e":[341.128]},{"i":{"x":[0.625],"y":[1]},"o":{"x":[0.166],"y":[0]},"t":58,"s":[341.128],"e":[341.128]},{"i":{"x":[0.186],"y":[1]},"o":{"x":[0.166],"y":[0]},"t":62,"s":[341.128],"e":[219]},{"t":80}],"ix":4}},"a":{"a":0,"k":[270,239,0],"ix":1},"s":{"a":1,"k":[{"i":{"x":[0.667,0.667,0.667],"y":[1,1,1]},"o":{"x":[0.333,0.333,0.333],"y":[0,0,0]},"t":0,"s":[100,100,100],"e":[95,105,100]},{"i":{"x":[0.667,0.667,0.667],"y":[1,1,1]},"o":{"x":[0.333,0.333,0.333],"y":[0,0,0]},"t":16,"s":[95,105,100],"e":[115.635,82.144,100]},{"i":{"x":[0.667,0.667,0.667],"y":[1,1,1]},"o":{"x":[0.333,0.333,0.333],"y":[0,0,0]},"t":20,"s":[115.635,82.144,100],"e":[95,105,100]},{"i":{"x":[0.667,0.667,0.667],"y":[1,1,1]},"o":{"x":[0.333,0.333,0.333],"y":[0,0,0]},"t":24,"s":[95,105,100],"e":[100,100,100]},{"i":{"x":[0.667,0.667,0.667],"y":[1,1,1]},"o":{"x":[0.333,0.333,0.333],"y":[0,0,0]},"t":40,"s":[100,100,100],"e":[95,105,100]},{"i":{"x":[0.667,0.667,0.667],"y":[1,1,1]},"o":{"x":[0.333,0.333,0.333],"y":[0,0,0]},"t":56,"s":[95,105,100],"e":[115.635,82.144,100]},{"i":{"x":[0.667,0.667,0.667],"y":[1,1,1]},"o":{"x":[0.333,0.333,0.333],"y":[0,0,0]},"t":60,"s":[115.635,82.144,100],"e":[95,105,100]},{"i":{"x":[0.667,0.667,0.667],"y":[1,1,1]},"o":{"x":[0.333,0.333,0.333],"y":[0,0,0]},"t":64,"s":[95,105,100],"e":[100,100,100]},{"i":{"x":[0.667,0.667,0.667],"y":[1,1,1]},"o":{"x":[0.333,0.333,0.333],"y":[0,0,0]},"t":80,"s":[100,100,100],"e":[110,90,100]},{"i":{"x":[0.667,0.667,0.667],"y":[1,1,1]},"o":{"x":[0.333,0.333,0.333],"y":[0,0,0]},"t":100,"s":[110,90,100],"e":[100,100,100]},{"i":{"x":[0.667,0.667,0.667],"y":[1,1,1]},"o":{"x":[0.333,0.333,0.333],"y":[0,0,0]},"t":120,"s":[100,100,100],"e":[110,90,100]},{"i":{"x":[0.667,0.667,0.667],"y":[1,1,1]},"o":{"x":[0.333,0.333,0.333],"y":[0,0,0]},"t":140,"s":[110,90,100],"e":[100,100,100]},{"t":160}],"ix":6}},"ao":0,"w":540,"h":540,"ip":0,"op":1000,"st":0,"bm":0},{"ddd":0,"ind":4,"ty":4,"nm":"lettuce","sr":1,"ks":{"o":{"a":0,"k":100,"ix":11},"r":{"a":1,"k":[{"i":{"x":[0.667],"y":[1]},"o":{"x":[0.47],"y":[0]},"t":0,"s":[0],"e":[7.581]},{"i":{"x":[0.667],"y":[1]},"o":{"x":[0.333],"y":[0]},"t":18,"s":[7.581],"e":[5.034]},{"i":{"x":[0.667],"y":[1]},"o":{"x":[0.333],"y":[0]},"t":20,"s":[5.034],"e":[7.581]},{"i":{"x":[0.534],"y":[1]},"o":{"x":[0.333],"y":[0]},"t":22,"s":[7.581],"e":[16]},{"i":{"x":[0.667],"y":[1]},"o":{"x":[0.487],"y":[0]},"t":40,"s":[16],"e":[7.581]},{"i":{"x":[0.667],"y":[1]},"o":{"x":[0.333],"y":[0]},"t":58,"s":[7.581],"e":[5.034]},{"i":{"x":[0.667],"y":[1]},"o":{"x":[0.333],"y":[0]},"t":60,"s":[5.034],"e":[7.581]},{"i":{"x":[0.667],"y":[1]},"o":{"x":[0.333],"y":[0]},"t":62,"s":[7.581],"e":[0]},{"i":{"x":[0.667],"y":[1]},"o":{"x":[0.47],"y":[0]},"t":80,"s":[0],"e":[7.581]},{"i":{"x":[0.667],"y":[1]},"o":{"x":[0.333],"y":[0]},"t":98,"s":[7.581],"e":[7.581]},{"i":{"x":[0.534],"y":[1]},"o":{"x":[0.333],"y":[0]},"t":102,"s":[7.581],"e":[16]},{"i":{"x":[0.667],"y":[1]},"o":{"x":[0.487],"y":[0]},"t":120,"s":[16],"e":[7.581]},{"i":{"x":[0.667],"y":[1]},"o":{"x":[0.333],"y":[0]},"t":138,"s":[7.581],"e":[7.581]},{"i":{"x":[0.55],"y":[1]},"o":{"x":[0.333],"y":[0]},"t":142,"s":[7.581],"e":[0]},{"i":{"x":[0.833],"y":[1]},"o":{"x":[0.487],"y":[0]},"t":160,"s":[0],"e":[0]},{"t":189}],"ix":10},"p":{"s":true,"x":{"a":1,"k":[{"i":{"x":[0.833],"y":[1]},"o":{"x":[0.02],"y":[0]},"t":0,"s":[276],"e":[276]},{"i":{"x":[0.833],"y":[0.833]},"o":{"x":[0.167],"y":[0.167]},"t":20,"s":[276],"e":[276]},{"i":{"x":[0.833],"y":[0.833]},"o":{"x":[0.167],"y":[0.167]},"t":40,"s":[276],"e":[276]},{"i":{"x":[0.98],"y":[1]},"o":{"x":[0.167],"y":[0]},"t":60,"s":[276],"e":[276]},{"t":80}],"ix":3},"y":{"a":1,"k":[{"i":{"x":[0.818],"y":[1]},"o":{"x":[0.897],"y":[0]},"t":0,"s":[271.4],"e":[351.197]},{"i":{"x":[0.625],"y":[1]},"o":{"x":[0.166],"y":[0]},"t":18,"s":[351.197],"e":[351.197]},{"i":{"x":[0],"y":[1]},"o":{"x":[0.166],"y":[0]},"t":22,"s":[351.197],"e":[271.4]},{"i":{"x":[0.818],"y":[1]},"o":{"x":[0.993],"y":[0]},"t":40,"s":[271.4],"e":[351.197]},{"i":{"x":[0.625],"y":[1]},"o":{"x":[0.166],"y":[0]},"t":58,"s":[351.197],"e":[351.197]},{"i":{"x":[0],"y":[1]},"o":{"x":[0.166],"y":[0]},"t":62,"s":[351.197],"e":[271.4]},{"t":80}],"ix":4}},"a":{"a":0,"k":[0,0,0],"ix":1},"s":{"a":1,"k":[{"i":{"x":[0.667,0.667,0.667],"y":[1,1,1]},"o":{"x":[0.333,0.333,0.333],"y":[0,0,0]},"t":0,"s":[100,100,100],"e":[95,105,100]},{"i":{"x":[0.667,0.667,0.667],"y":[1,1,1]},"o":{"x":[0.333,0.333,0.333],"y":[0,0,0]},"t":16,"s":[95,105,100],"e":[120,80,100]},{"i":{"x":[0.667,0.667,0.667],"y":[1,1,1]},"o":{"x":[0.333,0.333,0.333],"y":[0,0,0]},"t":20,"s":[120,80,100],"e":[95,105,100]},{"i":{"x":[0.667,0.667,0.667],"y":[1,1,1]},"o":{"x":[0.333,0.333,0.333],"y":[0,0,0]},"t":24,"s":[95,105,100],"e":[100,100,100]},{"i":{"x":[0.667,0.667,0.667],"y":[1,1,1]},"o":{"x":[0.333,0.333,0.333],"y":[0,0,0]},"t":40,"s":[100,100,100],"e":[95,105,100]},{"i":{"x":[0.667,0.667,0.667],"y":[1,1,1]},"o":{"x":[0.333,0.333,0.333],"y":[0,0,0]},"t":56,"s":[95,105,100],"e":[110,90,100]},{"i":{"x":[0.667,0.667,0.667],"y":[1,1,1]},"o":{"x":[0.333,0.333,0.333],"y":[0,0,0]},"t":60,"s":[110,90,100],"e":[95,105,100]},{"i":{"x":[0.667,0.667,0.667],"y":[1,1,1]},"o":{"x":[0.333,0.333,0.333],"y":[0,0,0]},"t":64,"s":[95,105,100],"e":[100,100,100]},{"i":{"x":[0.667,0.667,0.667],"y":[1,1,1]},"o":{"x":[0.333,0.333,0.333],"y":[0,0,0]},"t":80,"s":[100,100,100],"e":[110,90,100]},{"i":{"x":[0.667,0.667,0.667],"y":[1,1,1]},"o":{"x":[0.333,0.333,0.333],"y":[0,0,0]},"t":100,"s":[110,90,100],"e":[100,100,100]},{"i":{"x":[0.667,0.667,0.667],"y":[1,1,1]},"o":{"x":[0.333,0.333,0.333],"y":[0,0,0]},"t":120,"s":[100,100,100],"e":[110,90,100]},{"i":{"x":[0.667,0.667,0.667],"y":[1,1,1]},"o":{"x":[0.333,0.333,0.333],"y":[0,0,0]},"t":140,"s":[110,90,100],"e":[100,100,100]},{"t":160}],"ix":6}},"ao":0,"shapes":[{"ty":"gr","it":[{"ind":0,"ty":"sh","ix":1,"ks":{"a":0,"k":{"i":[[-3,-0.5],[0,0],[-1.76,1.84],[-5.73,-3.35],[-1.07,1.12],[-5.73,-3.35],[-2.3,1.09],[0,0],[-1.3,-2.74],[2.74,-1.31],[0,0],[5.34,3.12],[1.07,-1.12],[5.74,3.34],[1.07,-1.12],[6.1,1.02],[0,0],[-0.5,3]],"o":[[0,0],[2.51,0.42],[4.59,-4.8],[1.34,0.78],[4.59,-4.8],[2.2,1.28],[0,0],[2.74,-1.31],[1.31,2.75],[0,0],[-5.58,2.66],[-1.34,-0.78],[-4.58,4.8],[-1.33,-0.78],[-4.27,4.47],[0,0],[-2.99,-0.5],[0.5,-2.99]],"v":[[-31.645,-1.308],[-27.195,-0.568],[-20.375,-2.838],[-2.775,-5.308],[1.325,-5.888],[18.925,-8.358],[26.115,-8.058],[30.185,-9.998],[37.515,-7.408],[34.925,-0.068],[30.845,1.872],[13.385,1.142],[9.275,1.712],[-8.325,4.192],[-12.425,4.762],[-29.015,10.282],[-33.465,9.542],[-37.975,3.202]],"c":true},"ix":2},"nm":"Path 1","mn":"ADBE Vector Shape - Group","hd":false},{"ty":"fl","c":{"a":0,"k":[0.564706027508,1,0,1],"ix":4},"o":{"a":0,"k":100,"ix":5},"r":1,"bm":0,"nm":"Fill 1","mn":"ADBE Vector Graphic - Fill","hd":false},{"ty":"tr","p":{"a":0,"k":[0,0],"ix":2},"a":{"a":0,"k":[0,0],"ix":1},"s":{"a":0,"k":[400,400],"ix":3},"r":{"a":0,"k":0,"ix":6},"o":{"a":0,"k":100,"ix":7},"sk":{"a":0,"k":0,"ix":4},"sa":{"a":0,"k":0,"ix":5},"nm":"Transform"}],"nm":"lettuce","np":2,"cix":2,"bm":0,"ix":1,"mn":"ADBE Vector Group","hd":false}],"ip":0,"op":1000,"st":0,"bm":0},{"ddd":0,"ind":5,"ty":0,"nm":"Patty","refId":"comp_2","sr":1,"ks":{"o":{"a":0,"k":100,"ix":11},"r":{"a":0,"k":0,"ix":10},"p":{"s":true,"x":{"a":1,"k":[{"i":{"x":[0.833],"y":[1]},"o":{"x":[0.15],"y":[0]},"t":16,"s":[270],"e":[270]},{"i":{"x":[0.85],"y":[1]},"o":{"x":[0.167],"y":[0]},"t":20,"s":[270],"e":[270]},{"i":{"x":[0.833],"y":[0.833]},"o":{"x":[0.167],"y":[0.167]},"t":24,"s":[270],"e":[270]},{"i":{"x":[0.833],"y":[1]},"o":{"x":[0.15],"y":[0]},"t":56,"s":[270],"e":[270]},{"i":{"x":[0.85],"y":[1]},"o":{"x":[0.167],"y":[0]},"t":60,"s":[270],"e":[270]},{"t":64}],"ix":3},"y":{"a":1,"k":[{"i":{"x":[0.667],"y":[1]},"o":{"x":[0.333],"y":[0]},"t":16,"s":[387],"e":[405.458]},{"i":{"x":[0.667],"y":[1]},"o":{"x":[0.333],"y":[0]},"t":20,"s":[405.458],"e":[387]},{"i":{"x":[0.667],"y":[1]},"o":{"x":[0.333],"y":[0]},"t":24,"s":[387],"e":[387]},{"i":{"x":[0.667],"y":[1]},"o":{"x":[0.333],"y":[0]},"t":56,"s":[387],"e":[405.458]},{"i":{"x":[0.667],"y":[1]},"o":{"x":[0.333],"y":[0]},"t":60,"s":[405.458],"e":[387]},{"t":64}],"ix":4}},"a":{"a":0,"k":[270,387,0],"ix":1},"s":{"a":1,"k":[{"i":{"x":[0.667,0.667,0.667],"y":[1,1,1]},"o":{"x":[0.333,0.333,0.333],"y":[0,0,0]},"t":0,"s":[100,100,100],"e":[100,100,100]},{"i":{"x":[0.622,0.623,0.667],"y":[1,1,1]},"o":{"x":[0.333,0.333,0.333],"y":[0,0,0]},"t":16,"s":[100,100,100],"e":[120,80,100]},{"i":{"x":[0.667,0.667,0.667],"y":[1,1,1]},"o":{"x":[0.538,0.538,0.333],"y":[0,0,0]},"t":20,"s":[120,80,100],"e":[100,100,100]},{"i":{"x":[0.667,0.667,0.667],"y":[1,1,1]},"o":{"x":[0.333,0.333,0.333],"y":[0,0,0]},"t":24,"s":[100,100,100],"e":[100,100,100]},{"i":{"x":[0.667,0.667,0.667],"y":[1,1,1]},"o":{"x":[0.333,0.333,0.333],"y":[0,0,0]},"t":40,"s":[100,100,100],"e":[100,100,100]},{"i":{"x":[0.622,0.623,0.667],"y":[1,1,1]},"o":{"x":[0.333,0.333,0.333],"y":[0,0,0]},"t":56,"s":[100,100,100],"e":[120,80,100]},{"i":{"x":[0.667,0.667,0.667],"y":[1,1,1]},"o":{"x":[0.538,0.538,0.333],"y":[0,0,0]},"t":60,"s":[120,80,100],"e":[100,100,100]},{"i":{"x":[0.667,0.667,0.667],"y":[1,1,1]},"o":{"x":[0.333,0.333,0.333],"y":[0,0,0]},"t":64,"s":[100,100,100],"e":[100,100,100]},{"i":{"x":[0.667,0.667,0.667],"y":[1,1,1]},"o":{"x":[0.333,0.333,0.333],"y":[0,0,0]},"t":80,"s":[100,100,100],"e":[100,100,100]},{"i":{"x":[0.622,0.623,0.667],"y":[1,1,1]},"o":{"x":[0.333,0.333,0.333],"y":[0,0,0]},"t":96,"s":[100,100,100],"e":[120,80,100]},{"i":{"x":[0.667,0.667,0.667],"y":[1,1,1]},"o":{"x":[0.538,0.538,0.333],"y":[0,0,0]},"t":100,"s":[120,80,100],"e":[100,100,100]},{"i":{"x":[0.667,0.667,0.667],"y":[1,1,1]},"o":{"x":[0.333,0.333,0.333],"y":[0,0,0]},"t":104,"s":[100,100,100],"e":[100,100,100]},{"i":{"x":[0.667,0.667,0.667],"y":[1,1,1]},"o":{"x":[0.333,0.333,0.333],"y":[0,0,0]},"t":120,"s":[100,100,100],"e":[100,100,100]},{"i":{"x":[0.622,0.623,0.667],"y":[1,1,1]},"o":{"x":[0.333,0.333,0.333],"y":[0,0,0]},"t":136,"s":[100,100,100],"e":[120,80,100]},{"i":{"x":[0.667,0.667,0.667],"y":[1,1,1]},"o":{"x":[0.538,0.538,0.333],"y":[0,0,0]},"t":140,"s":[120,80,100],"e":[100,100,100]},{"i":{"x":[0.667,0.667,0.667],"y":[1,1,1]},"o":{"x":[0.333,0.333,0.333],"y":[0,0,0]},"t":144,"s":[100,100,100],"e":[100,100,100]},{"t":160}],"ix":6}},"ao":0,"w":540,"h":540,"ip":0,"op":1000,"st":0,"bm":0},{"ddd":0,"ind":6,"ty":4,"nm":"bun BOTTOM","sr":1,"ks":{"o":{"a":0,"k":100,"ix":11},"r":{"a":0,"k":0,"ix":10},"p":{"a":0,"k":[274,427.5,0],"ix":2},"a":{"a":0,"k":[0,19.5,0],"ix":1},"s":{"a":1,"k":[{"i":{"x":[0.667,0.667,0.667],"y":[1,1,1]},"o":{"x":[0.333,0.333,0.333],"y":[0,0,0]},"t":0,"s":[100,100,100],"e":[100,100,100]},{"i":{"x":[0.622,0.623,0.667],"y":[1,1,1]},"o":{"x":[0.333,0.333,0.333],"y":[0,0,0]},"t":16,"s":[100,100,100],"e":[110,90,100]},{"i":{"x":[0.667,0.667,0.667],"y":[1,1,1]},"o":{"x":[0.538,0.538,0.333],"y":[0,0,0]},"t":20,"s":[110,90,100],"e":[100,100,100]},{"i":{"x":[0.667,0.667,0.667],"y":[1,1,1]},"o":{"x":[0.333,0.333,0.333],"y":[0,0,0]},"t":24,"s":[100,100,100],"e":[100,100,100]},{"i":{"x":[0.667,0.667,0.667],"y":[1,1,1]},"o":{"x":[0.333,0.333,0.333],"y":[0,0,0]},"t":40,"s":[100,100,100],"e":[100,100,100]},{"i":{"x":[0.622,0.623,0.667],"y":[1,1,1]},"o":{"x":[0.333,0.333,0.333],"y":[0,0,0]},"t":56,"s":[100,100,100],"e":[110,90,100]},{"i":{"x":[0.667,0.667,0.667],"y":[1,1,1]},"o":{"x":[0.538,0.538,0.333],"y":[0,0,0]},"t":60,"s":[110,90,100],"e":[100,100,100]},{"i":{"x":[0.667,0.667,0.667],"y":[1,1,1]},"o":{"x":[0.333,0.333,0.333],"y":[0,0,0]},"t":64,"s":[100,100,100],"e":[100,100,100]},{"i":{"x":[0.667,0.667,0.667],"y":[1,1,1]},"o":{"x":[0.333,0.333,0.333],"y":[0,0,0]},"t":80,"s":[100,100,100],"e":[100,100,100]},{"i":{"x":[0.622,0.623,0.667],"y":[1,1,1]},"o":{"x":[0.333,0.333,0.333],"y":[0,0,0]},"t":96,"s":[100,100,100],"e":[115,85,100]},{"i":{"x":[0.667,0.667,0.667],"y":[1,1,1]},"o":{"x":[0.538,0.538,0.333],"y":[0,0,0]},"t":100,"s":[115,85,100],"e":[100,100,100]},{"i":{"x":[0.667,0.667,0.667],"y":[1,1,1]},"o":{"x":[0.333,0.333,0.333],"y":[0,0,0]},"t":104,"s":[100,100,100],"e":[100,100,100]},{"i":{"x":[0.667,0.667,0.667],"y":[1,1,1]},"o":{"x":[0.333,0.333,0.333],"y":[0,0,0]},"t":120,"s":[100,100,100],"e":[100,100,100]},{"i":{"x":[0.622,0.623,0.667],"y":[1,1,1]},"o":{"x":[0.333,0.333,0.333],"y":[0,0,0]},"t":136,"s":[100,100,100],"e":[115,85,100]},{"i":{"x":[0.667,0.667,0.667],"y":[1,1,1]},"o":{"x":[0.538,0.538,0.333],"y":[0,0,0]},"t":140,"s":[115,85,100],"e":[100,100,100]},{"i":{"x":[0.667,0.667,0.667],"y":[1,1,1]},"o":{"x":[0.333,0.333,0.333],"y":[0,0,0]},"t":144,"s":[100,100,100],"e":[100,100,100]},{"t":160}],"ix":6}},"ao":0,"shapes":[{"ty":"gr","it":[{"ind":0,"ty":"sh","ix":1,"ks":{"a":0,"k":{"i":[[-2.58,0],[0,0],[0,-2.58],[0,0],[2.58,0],[0,0],[0,2.58],[0,0]],"o":[[0,0],[2.58,0],[0,0],[0,2.58],[0,0],[-2.58,0],[0,0],[0,-2.58]],"v":[[-26.83,-5],[26.83,-5],[31.5,-0.33],[31.5,0.33],[26.83,5],[-26.83,5],[-31.5,0.33],[-31.5,-0.33]],"c":true},"ix":2},"nm":"Path 1","mn":"ADBE Vector Shape - Group","hd":false},{"ty":"fl","c":{"a":0,"k":[0.952941000462,0.725489974022,0.42352899909,1],"ix":4},"o":{"a":0,"k":100,"ix":5},"r":1,"bm":0,"nm":"Fill 1","mn":"ADBE Vector Graphic - Fill","hd":false},{"ty":"tr","p":{"a":0,"k":[0,0],"ix":2},"a":{"a":0,"k":[0,0],"ix":1},"s":{"a":0,"k":[400,400],"ix":3},"r":{"a":0,"k":0,"ix":6},"o":{"a":0,"k":100,"ix":7},"sk":{"a":0,"k":0,"ix":4},"sa":{"a":0,"k":0,"ix":5},"nm":"Transform"}],"nm":"bun BOTTOM","np":2,"cix":2,"bm":0,"ix":1,"mn":"ADBE Vector Group","hd":false}],"ip":0,"op":1000,"st":0,"bm":0}]},{"id":"comp_1","layers":[{"ddd":0,"ind":1,"ty":4,"nm":"seed","parent":4,"sr":1,"ks":{"o":{"a":0,"k":100,"ix":11},"r":{"a":0,"k":0,"ix":10},"p":{"a":0,"k":[-2.947,-6.169,0],"ix":2},"a":{"a":0,"k":[0,0,0],"ix":1},"s":{"a":0,"k":[100,100,100],"ix":6}},"ao":0,"shapes":[{"ty":"gr","it":[{"ind":0,"ty":"sh","ix":1,"ks":{"a":0,"k":{"i":[[-1.02,0.14],[0,0],[-0.14,-1.02],[1.03,-0.14],[0,0],[0.14,1.02]],"o":[[0,0],[1.03,-0.15],[0.15,1.02],[0,0],[-1.02,0.14],[-0.15,-1.02]],"v":[[-3.461,-1.399],[2.939,-2.299],[5.049,-0.709],[3.459,1.401],[-2.941,2.301],[-5.051,0.711]],"c":true},"ix":2},"nm":"Path 1","mn":"ADBE Vector Shape - Group","hd":false},{"ty":"fl","c":{"a":0,"k":[1,0.811765015125,0.560783982277,1],"ix":4},"o":{"a":0,"k":100,"ix":5},"r":1,"bm":0,"nm":"Fill 1","mn":"ADBE Vector Graphic - Fill","hd":false},{"ty":"tr","p":{"a":0,"k":[0,0],"ix":2},"a":{"a":0,"k":[0,0],"ix":1},"s":{"a":0,"k":[400,400],"ix":3},"r":{"a":0,"k":0,"ix":6},"o":{"a":0,"k":100,"ix":7},"sk":{"a":0,"k":0,"ix":4},"sa":{"a":0,"k":0,"ix":5},"nm":"Transform"}],"nm":"seed","np":2,"cix":2,"bm":0,"ix":1,"mn":"ADBE Vector Group","hd":false}],"ip":0,"op":1000,"st":0,"bm":0},{"ddd":0,"ind":2,"ty":4,"nm":"seed","parent":4,"sr":1,"ks":{"o":{"a":0,"k":100,"ix":11},"r":{"a":0,"k":0,"ix":10},"p":{"a":0,"k":[44.859,-39.304,0],"ix":2},"a":{"a":0,"k":[0,0,0],"ix":1},"s":{"a":0,"k":[100,100,100],"ix":6}},"ao":0,"shapes":[{"ty":"gr","it":[{"ind":0,"ty":"sh","ix":1,"ks":{"a":0,"k":{"i":[[-1.02,0.14],[0,0],[-0.14,-1.02],[1.03,-0.14],[0,0],[0.14,1.02]],"o":[[0,0],[1.03,-0.15],[0.15,1.02],[0,0],[-1.02,0.14],[-0.15,-1.02]],"v":[[-3.461,-1.399],[2.939,-2.299],[5.049,-0.709],[3.459,1.401],[-2.941,2.301],[-5.051,0.711]],"c":true},"ix":2},"nm":"Path 1","mn":"ADBE Vector Shape - Group","hd":false},{"ty":"fl","c":{"a":0,"k":[1,0.811765015125,0.560783982277,1],"ix":4},"o":{"a":0,"k":100,"ix":5},"r":1,"bm":0,"nm":"Fill 1","mn":"ADBE Vector Graphic - Fill","hd":false},{"ty":"tr","p":{"a":0,"k":[0,0],"ix":2},"a":{"a":0,"k":[0,0],"ix":1},"s":{"a":0,"k":[400,400],"ix":3},"r":{"a":0,"k":0,"ix":6},"o":{"a":0,"k":100,"ix":7},"sk":{"a":0,"k":0,"ix":4},"sa":{"a":0,"k":0,"ix":5},"nm":"Transform"}],"nm":"seed","np":2,"cix":2,"bm":0,"ix":1,"mn":"ADBE Vector Group","hd":false}],"ip":0,"op":1000,"st":0,"bm":0},{"ddd":0,"ind":3,"ty":4,"nm":"seed","parent":4,"sr":1,"ks":{"o":{"a":0,"k":100,"ix":11},"r":{"a":0,"k":0,"ix":10},"p":{"a":0,"k":[-58.034,-24.843,0],"ix":2},"a":{"a":0,"k":[0,0,0],"ix":1},"s":{"a":0,"k":[100,100,100],"ix":6}},"ao":0,"shapes":[{"ty":"gr","it":[{"ind":0,"ty":"sh","ix":1,"ks":{"a":0,"k":{"i":[[-1.02,0.14],[0,0],[-0.14,-1.02],[1.03,-0.14],[0,0],[0.14,1.02]],"o":[[0,0],[1.03,-0.15],[0.15,1.02],[0,0],[-1.02,0.14],[-0.15,-1.02]],"v":[[-3.461,-1.399],[2.939,-2.299],[5.049,-0.709],[3.459,1.401],[-2.941,2.301],[-5.051,0.711]],"c":true},"ix":2},"nm":"Path 1","mn":"ADBE Vector Shape - Group","hd":false},{"ty":"fl","c":{"a":0,"k":[1,0.811765015125,0.560783982277,1],"ix":4},"o":{"a":0,"k":100,"ix":5},"r":1,"bm":0,"nm":"Fill 1","mn":"ADBE Vector Graphic - Fill","hd":false},{"ty":"tr","p":{"a":0,"k":[0,0],"ix":2},"a":{"a":0,"k":[0,0],"ix":1},"s":{"a":0,"k":[400,400],"ix":3},"r":{"a":0,"k":0,"ix":6},"o":{"a":0,"k":100,"ix":7},"sk":{"a":0,"k":0,"ix":4},"sa":{"a":0,"k":0,"ix":5},"nm":"Transform"}],"nm":"seed","np":2,"cix":2,"bm":0,"ix":1,"mn":"ADBE Vector Group","hd":false}],"ip":0,"op":1000,"st":0,"bm":0},{"ddd":0,"ind":4,"ty":4,"nm":"bun TOP","sr":1,"ks":{"o":{"a":0,"k":100,"ix":11},"r":{"a":0,"k":8,"ix":10},"p":{"a":0,"k":[261.35,240,0],"ix":2},"a":{"a":0,"k":[0,53.5,0],"ix":1},"s":{"a":0,"k":[100,100,100],"ix":6}},"ao":0,"shapes":[{"ty":"gr","it":[{"ind":0,"ty":"sh","ix":1,"ks":{"a":0,"k":{"i":[[-7.68,1.08],[0,0],[-1.08,-7.68],[0,0],[2.55,-0.35],[0,0],[0.36,2.55],[0,0]],"o":[[0,0],[7.67,-1.08],[0,0],[0.36,2.56],[0,0],[-2.55,0.36],[0,0],[-1.08,-7.67]],"v":[[-22.195,-11.733],[17.085,-17.253],[32.925,-5.313],[34.225,3.947],[30.255,9.217],[-27.565,17.347],[-32.835,13.377],[-34.135,4.107]],"c":true},"ix":2},"nm":"Path 1","mn":"ADBE Vector Shape - Group","hd":false},{"ty":"fl","c":{"a":0,"k":[0.952941000462,0.725489974022,0.42352899909,1],"ix":4},"o":{"a":0,"k":100,"ix":5},"r":1,"bm":0,"nm":"Fill 1","mn":"ADBE Vector Graphic - Fill","hd":false},{"ty":"tr","p":{"a":0,"k":[0,0],"ix":2},"a":{"a":0,"k":[0,0],"ix":1},"s":{"a":0,"k":[400,400],"ix":3},"r":{"a":0,"k":0,"ix":6},"o":{"a":0,"k":100,"ix":7},"sk":{"a":0,"k":0,"ix":4},"sa":{"a":0,"k":0,"ix":5},"nm":"Transform"}],"nm":"bun TOP","np":2,"cix":2,"bm":0,"ix":1,"mn":"ADBE Vector Group","hd":false}],"ip":0,"op":1000,"st":0,"bm":0}]},{"id":"comp_2","layers":[{"ddd":0,"ind":1,"ty":4,"nm":"cheese","sr":1,"ks":{"o":{"a":0,"k":100,"ix":11},"r":{"a":0,"k":0,"ix":10},"p":{"a":0,"k":[272,341.576,0],"ix":2},"a":{"a":0,"k":[0,0,0],"ix":1},"s":{"a":0,"k":[100,100,100],"ix":6}},"ao":0,"shapes":[{"ty":"gr","it":[{"ind":0,"ty":"sh","ix":1,"ks":{"a":0,"k":{"i":[[0,0],[2.89,1.45],[0,0],[0,0]],"o":[[-2.89,1.45],[0,0],[0,0],[0,0]],"v":[[4.59,4.306],[-4.59,4.306],[-24,-5.394],[24,-5.394]],"c":true},"ix":2},"nm":"Path 1","mn":"ADBE Vector Shape - Group","hd":false},{"ty":"fl","c":{"a":0,"k":[1,0.737254977226,0,1],"ix":4},"o":{"a":0,"k":100,"ix":5},"r":1,"bm":0,"nm":"Fill 1","mn":"ADBE Vector Graphic - Fill","hd":false},{"ty":"tr","p":{"a":0,"k":[0,0],"ix":2},"a":{"a":0,"k":[0,0],"ix":1},"s":{"a":0,"k":[400,400],"ix":3},"r":{"a":0,"k":0,"ix":6},"o":{"a":0,"k":100,"ix":7},"sk":{"a":0,"k":0,"ix":4},"sa":{"a":0,"k":0,"ix":5},"nm":"Transform"}],"nm":"cheese","np":2,"cix":2,"bm":0,"ix":1,"mn":"ADBE Vector Group","hd":false}],"ip":0,"op":1000,"st":0,"bm":0},{"ddd":0,"ind":2,"ty":4,"nm":"burger patty","sr":1,"ks":{"o":{"a":0,"k":100,"ix":11},"r":{"a":0,"k":0,"ix":10},"p":{"a":0,"k":[274,354,0],"ix":2},"a":{"a":0,"k":[0,0,0],"ix":1},"s":{"a":0,"k":[100,100,100],"ix":6}},"ao":0,"shapes":[{"ty":"gr","it":[{"ind":0,"ty":"sh","ix":1,"ks":{"a":0,"k":{"i":[[-2.58,0],[0,0],[0,-2.58],[0,0],[2.58,0],[0,0],[0,2.58],[0,0]],"o":[[0,0],[2.58,0],[0,0],[0,2.58],[0,0],[-2.58,0],[0,0],[0,-2.58]],"v":[[-30.83,-8.5],[30.83,-8.5],[35.5,-3.83],[35.5,3.83],[30.83,8.5],[-30.83,8.5],[-35.5,3.83],[-35.5,-3.83]],"c":true},"ix":2},"nm":"Path 1","mn":"ADBE Vector Shape - Group","hd":false},{"ty":"fl","c":{"a":0,"k":[0.509804010391,0.247059002519,0.105881996453,1],"ix":4},"o":{"a":0,"k":100,"ix":5},"r":1,"bm":0,"nm":"Fill 1","mn":"ADBE Vector Graphic - Fill","hd":false},{"ty":"tr","p":{"a":0,"k":[0,0],"ix":2},"a":{"a":0,"k":[0,0],"ix":1},"s":{"a":0,"k":[400,400],"ix":3},"r":{"a":0,"k":0,"ix":6},"o":{"a":0,"k":100,"ix":7},"sk":{"a":0,"k":0,"ix":4},"sa":{"a":0,"k":0,"ix":5},"nm":"Transform"}],"nm":"burger patty","np":2,"cix":2,"bm":0,"ix":1,"mn":"ADBE Vector Group","hd":false}],"ip":0,"op":1000,"st":0,"bm":0}]}],"layers":[{"ddd":0,"ind":1,"ty":0,"nm":"05_BURGER","refId":"comp_0","sr":1,"ks":{"o":{"a":0,"k":100,"ix":11},"r":{"a":0,"k":0,"ix":10},"p":{"a":0,"k":[67.5,67.5,0],"ix":2},"a":{"a":0,"k":[270,270,0],"ix":1},"s":{"a":0,"k":[25,25,100],"ix":6}},"ao":0,"w":540,"h":540,"ip":0,"op":1000,"st":0,"bm":0}],"markers":[]}
