{"v":"5.5.9","fr":60,"ip":107,"op":407,"w":750,"h":563,"nm":"06_AMETHYST-EMERALD_Demotion","ddd":0,"assets":[{"id":"comp_0","layers":[{"ddd":0,"ind":1,"ty":4,"nm":"Smoke CIRCLE 4","sr":1,"ks":{"o":{"a":0,"k":100,"ix":11},"r":{"a":0,"k":0,"ix":10},"p":{"s":true,"x":{"a":1,"k":[{"i":{"x":[0.209],"y":[1]},"o":{"x":[0.032],"y":[0.337]},"t":169,"s":[408.244]},{"t":300,"s":[343.026]}],"ix":3},"y":{"a":0,"k":744,"ix":4}},"a":{"a":0,"k":[0,0,0],"ix":1},"s":{"a":0,"k":[100,100,100],"ix":6}},"ao":0,"shapes":[{"d":1,"ty":"el","s":{"a":1,"k":[{"i":{"x":[0.471,0.471],"y":[1,1]},"o":{"x":[0.055,0.055],"y":[0.44,0.44]},"t":169,"s":[64.043,64.043]},{"t":300,"s":[73.164,73.164]}],"ix":2},"p":{"a":0,"k":[0,0],"ix":3},"nm":"Ellipse Path 1","mn":"ADBE Vector Shape - Ellipse","hd":false},{"ty":"fl","c":{"a":1,"k":[{"i":{"x":[0.667],"y":[1]},"o":{"x":[0.167],"y":[0.289]},"t":169,"s":[0.929411828518,0.929411828518,0.929411828518,1]},{"t":300,"s":[1,1,1,1]}],"ix":4},"o":{"a":0,"k":100,"ix":5},"r":1,"bm":0,"nm":"Fill 1","mn":"ADBE Vector Graphic - Fill","hd":false}],"ip":0,"op":500,"st":0,"bm":0},{"ddd":0,"ind":2,"ty":4,"nm":"Smoke CIRCLE 2","sr":1,"ks":{"o":{"a":0,"k":100,"ix":11},"r":{"a":0,"k":0,"ix":10},"p":{"s":true,"x":{"a":1,"k":[{"i":{"x":[0.209],"y":[1]},"o":{"x":[0.067],"y":[0.354]},"t":169,"s":[511.244]},{"t":287,"s":[546.244]}],"ix":3},"y":{"a":0,"k":744,"ix":4}},"a":{"a":0,"k":[0,0,0],"ix":1},"s":{"a":0,"k":[100,100,100],"ix":6}},"ao":0,"shapes":[{"d":1,"ty":"el","s":{"a":1,"k":[{"i":{"x":[0.471,0.471],"y":[1,1]},"o":{"x":[0.055,0.055],"y":[0.535,0.535]},"t":169,"s":[80,80]},{"t":287,"s":[117.276,117.276]}],"ix":2},"p":{"a":0,"k":[0,0],"ix":3},"nm":"Ellipse Path 1","mn":"ADBE Vector Shape - Ellipse","hd":false},{"ty":"fl","c":{"a":1,"k":[{"i":{"x":[0.667],"y":[1]},"o":{"x":[0.167],"y":[0.289]},"t":169,"s":[0.929411824544,0.929411824544,0.929411824544,1]},{"t":287,"s":[1,1,1,1]}],"ix":4},"o":{"a":0,"k":100,"ix":5},"r":1,"bm":0,"nm":"Fill 1","mn":"ADBE Vector Graphic - Fill","hd":false}],"ip":0,"op":500,"st":0,"bm":0},{"ddd":0,"ind":3,"ty":4,"nm":"Smoke CIRCLE 3","sr":1,"ks":{"o":{"a":0,"k":100,"ix":11},"r":{"a":0,"k":0,"ix":10},"p":{"s":true,"x":{"a":1,"k":[{"i":{"x":[0.465],"y":[1]},"o":{"x":[0.007],"y":[0.521]},"t":169,"s":[455.244]},{"t":287,"s":[445.244]}],"ix":3},"y":{"a":0,"k":744,"ix":4}},"a":{"a":0,"k":[0,0,0],"ix":1},"s":{"a":0,"k":[100,100,100],"ix":6}},"ao":0,"shapes":[{"d":1,"ty":"el","s":{"a":1,"k":[{"i":{"x":[0.471,0.471],"y":[1,1]},"o":{"x":[0.091,0.091],"y":[0.482,0.482]},"t":169,"s":[100,100]},{"t":287,"s":[191.558,191.558]}],"ix":2},"p":{"a":0,"k":[0,0],"ix":3},"nm":"Ellipse Path 1","mn":"ADBE Vector Shape - Ellipse","hd":false},{"ty":"fl","c":{"a":1,"k":[{"i":{"x":[0.667],"y":[1]},"o":{"x":[0.167],"y":[0.289]},"t":169,"s":[0.929411824544,0.929411824544,0.929411824544,1]},{"t":287,"s":[1,1,1,1]}],"ix":4},"o":{"a":0,"k":100,"ix":5},"r":1,"bm":0,"nm":"Fill 1","mn":"ADBE Vector Graphic - Fill","hd":false}],"ip":0,"op":500,"st":0,"bm":0}]},{"id":"comp_1","layers":[{"ddd":0,"ind":1,"ty":4,"nm":"Smoke CIRCLE 4","sr":1,"ks":{"o":{"a":0,"k":100,"ix":11},"r":{"a":0,"k":0,"ix":10},"p":{"s":true,"x":{"a":1,"k":[{"i":{"x":[0.415],"y":[1]},"o":{"x":[0.036],"y":[0.811]},"t":169,"s":[492.244]},{"t":300,"s":[503.04]}],"ix":3},"y":{"a":0,"k":744,"ix":4}},"a":{"a":0,"k":[0,0,0],"ix":1},"s":{"a":0,"k":[100,100,100],"ix":6}},"ao":0,"shapes":[{"d":1,"ty":"el","s":{"a":1,"k":[{"i":{"x":[0.471,0.471],"y":[1,1]},"o":{"x":[0.055,0.055],"y":[0.44,0.44]},"t":169,"s":[64.043,64.043]},{"t":300,"s":[73.164,73.164]}],"ix":2},"p":{"a":0,"k":[0,0],"ix":3},"nm":"Ellipse Path 1","mn":"ADBE Vector Shape - Ellipse","hd":false},{"ty":"fl","c":{"a":1,"k":[{"i":{"x":[0.667],"y":[1]},"o":{"x":[0.167],"y":[0.289]},"t":169,"s":[0.931035539216,0.931035539216,0.931035539216,1]},{"t":300,"s":[1,1,1,1]}],"ix":4},"o":{"a":0,"k":100,"ix":5},"r":1,"bm":0,"nm":"Fill 1","mn":"ADBE Vector Graphic - Fill","hd":false}],"ip":0,"op":500,"st":0,"bm":0},{"ddd":0,"ind":2,"ty":4,"nm":"Smoke CIRCLE 2","sr":1,"ks":{"o":{"a":0,"k":100,"ix":11},"r":{"a":0,"k":0,"ix":10},"p":{"s":true,"x":{"a":1,"k":[{"i":{"x":[0.415],"y":[1]},"o":{"x":[0.036],"y":[0.811]},"t":169,"s":[492.244]},{"t":300,"s":[566.479]}],"ix":3},"y":{"a":0,"k":744,"ix":4}},"a":{"a":0,"k":[0,0,0],"ix":1},"s":{"a":0,"k":[100,100,100],"ix":6}},"ao":0,"shapes":[{"d":1,"ty":"el","s":{"a":1,"k":[{"i":{"x":[0.471,0.471],"y":[1,1]},"o":{"x":[0.055,0.055],"y":[0.44,0.44]},"t":169,"s":[80,80]},{"t":300,"s":[130.276,130.276]}],"ix":2},"p":{"a":0,"k":[0,0],"ix":3},"nm":"Ellipse Path 1","mn":"ADBE Vector Shape - Ellipse","hd":false},{"ty":"fl","c":{"a":1,"k":[{"i":{"x":[0.667],"y":[1]},"o":{"x":[0.167],"y":[0.289]},"t":169,"s":[0.931035539216,0.931035539216,0.931035539216,1]},{"t":300,"s":[1,1,1,1]}],"ix":4},"o":{"a":0,"k":100,"ix":5},"r":1,"bm":0,"nm":"Fill 1","mn":"ADBE Vector Graphic - Fill","hd":false}],"ip":0,"op":500,"st":0,"bm":0},{"ddd":0,"ind":3,"ty":4,"nm":"Smoke CIRCLE 3","sr":1,"ks":{"o":{"a":0,"k":100,"ix":11},"r":{"a":0,"k":0,"ix":10},"p":{"s":true,"x":{"a":1,"k":[{"i":{"x":[0.291],"y":[1]},"o":{"x":[0.036],"y":[0.686]},"t":169,"s":[492.244]},{"t":300,"s":[642.67]}],"ix":3},"y":{"a":0,"k":744,"ix":4}},"a":{"a":0,"k":[0,0,0],"ix":1},"s":{"a":0,"k":[100,100,100],"ix":6}},"ao":0,"shapes":[{"d":1,"ty":"el","s":{"a":1,"k":[{"i":{"x":[0.471,0.471],"y":[1,1]},"o":{"x":[0.091,0.091],"y":[0.395,0.395]},"t":169,"s":[100,100]},{"t":300,"s":[195.529,195.529]}],"ix":2},"p":{"a":0,"k":[0,0],"ix":3},"nm":"Ellipse Path 1","mn":"ADBE Vector Shape - Ellipse","hd":false},{"ty":"fl","c":{"a":1,"k":[{"i":{"x":[0.667],"y":[1]},"o":{"x":[0.167],"y":[0.289]},"t":169,"s":[0.931035539216,0.931035539216,0.931035539216,1]},{"t":300,"s":[1,1,1,1]}],"ix":4},"o":{"a":0,"k":100,"ix":5},"r":1,"bm":0,"nm":"Fill 1","mn":"ADBE Vector Graphic - Fill","hd":false}],"ip":0,"op":500,"st":0,"bm":0}]},{"id":"comp_2","layers":[{"ddd":0,"ind":1,"ty":4,"nm":"Smoke CIRCLE 4","sr":1,"ks":{"o":{"a":0,"k":100,"ix":11},"r":{"a":0,"k":0,"ix":10},"p":{"s":true,"x":{"a":1,"k":[{"i":{"x":[0.415],"y":[1]},"o":{"x":[0.036],"y":[0.811]},"t":169,"s":[492.244]},{"t":300,"s":[521.255]}],"ix":3},"y":{"a":0,"k":744,"ix":4}},"a":{"a":0,"k":[0,0,0],"ix":1},"s":{"a":0,"k":[100,100,100],"ix":6}},"ao":0,"shapes":[{"d":1,"ty":"el","s":{"a":1,"k":[{"i":{"x":[0.471,0.471],"y":[1,1]},"o":{"x":[0.055,0.055],"y":[0.44,0.44]},"t":169,"s":[64.043,64.043]},{"t":300,"s":[73.164,73.164]}],"ix":2},"p":{"a":0,"k":[0,0],"ix":3},"nm":"Ellipse Path 1","mn":"ADBE Vector Shape - Ellipse","hd":false},{"ty":"fl","c":{"a":1,"k":[{"i":{"x":[0.667],"y":[1]},"o":{"x":[0.167],"y":[0.289]},"t":169,"s":[0.931035539216,0.931035539216,0.931035539216,1]},{"t":300,"s":[1,1,1,1]}],"ix":4},"o":{"a":0,"k":100,"ix":5},"r":1,"bm":0,"nm":"Fill 1","mn":"ADBE Vector Graphic - Fill","hd":false}],"ip":0,"op":500,"st":0,"bm":0},{"ddd":0,"ind":2,"ty":4,"nm":"Smoke CIRCLE 2","sr":1,"ks":{"o":{"a":0,"k":100,"ix":11},"r":{"a":0,"k":0,"ix":10},"p":{"s":true,"x":{"a":1,"k":[{"i":{"x":[0.415],"y":[1]},"o":{"x":[0.036],"y":[0.706]},"t":169,"s":[492.244]},{"t":283,"s":[610.315]}],"ix":3},"y":{"a":0,"k":744,"ix":4}},"a":{"a":0,"k":[0,0,0],"ix":1},"s":{"a":0,"k":[100,100,100],"ix":6}},"ao":0,"shapes":[{"d":1,"ty":"el","s":{"a":1,"k":[{"i":{"x":[0.471,0.471],"y":[1,1]},"o":{"x":[0.055,0.055],"y":[0.44,0.44]},"t":169,"s":[80,80]},{"t":300,"s":[144.857,144.857]}],"ix":2},"p":{"a":0,"k":[0,0],"ix":3},"nm":"Ellipse Path 1","mn":"ADBE Vector Shape - Ellipse","hd":false},{"ty":"fl","c":{"a":1,"k":[{"i":{"x":[0.667],"y":[1]},"o":{"x":[0.167],"y":[0.289]},"t":169,"s":[0.931035539216,0.931035539216,0.931035539216,1]},{"t":300,"s":[1,1,1,1]}],"ix":4},"o":{"a":0,"k":100,"ix":5},"r":1,"bm":0,"nm":"Fill 1","mn":"ADBE Vector Graphic - Fill","hd":false}],"ip":0,"op":500,"st":0,"bm":0}]},{"id":"comp_3","layers":[{"ddd":0,"ind":1,"ty":0,"nm":"07 Amethyst - FEATHER","parent":3,"refId":"comp_4","sr":1,"ks":{"o":{"a":0,"k":100,"ix":11},"r":{"a":0,"k":0,"ix":10},"p":{"a":0,"k":[147,155,0],"ix":2},"a":{"a":0,"k":[140.5,157,0],"ix":1},"s":{"a":0,"k":[100,100,100],"ix":6}},"ao":0,"w":281,"h":314,"ip":0,"op":800,"st":0,"bm":0},{"ddd":0,"ind":2,"ty":4,"nm":"TOP Interior","parent":3,"sr":1,"ks":{"o":{"a":0,"k":100,"ix":11},"r":{"a":0,"k":0,"ix":10},"p":{"a":0,"k":[140,146,0],"ix":2},"a":{"a":0,"k":[0,0,0],"ix":1},"s":{"a":0,"k":[100,100,100],"ix":6}},"ao":0,"shapes":[{"ty":"gr","it":[{"ind":0,"ty":"sh","ix":1,"ks":{"a":0,"k":{"i":[[0,0],[0,0],[0,0],[0,0],[0,0],[0,0],[0,0],[0,0]],"o":[[0,0],[0,0],[0,0],[0,0],[0,0],[0,0],[0,0],[0,0]],"v":[[26.71,-57.5],[50,-34.06],[50,34.06],[26.71,57.5],[-26.71,57.5],[-50,34.06],[-50,-34.06],[-26.71,-57.5]],"c":true},"ix":2},"nm":"Path 1","mn":"ADBE Vector Shape - Group","hd":false},{"ty":"fl","c":{"a":0,"k":[0.807843029499,0.509804010391,1,1],"ix":4},"o":{"a":0,"k":100,"ix":5},"r":1,"bm":0,"nm":"Fill 1","mn":"ADBE Vector Graphic - Fill","hd":false},{"ty":"tr","p":{"a":0,"k":[0,0],"ix":2},"a":{"a":0,"k":[0,0],"ix":1},"s":{"a":0,"k":[200,200],"ix":3},"r":{"a":0,"k":0,"ix":6},"o":{"a":0,"k":100,"ix":7},"sk":{"a":0,"k":0,"ix":4},"sa":{"a":0,"k":0,"ix":5},"nm":"Transform"}],"nm":"TOP Interior","np":2,"cix":2,"bm":0,"ix":1,"mn":"ADBE Vector Group","hd":false}],"ip":0,"op":3600,"st":0,"bm":0},{"ddd":0,"ind":3,"ty":0,"nm":"TOP Rim - Amethyst","refId":"comp_5","sr":1,"ks":{"o":{"a":0,"k":100,"ix":11},"r":{"a":0,"k":41.1,"ix":10},"p":{"s":true,"x":{"a":0,"k":284.243,"ix":3},"y":{"a":1,"k":[{"i":{"x":[0.903],"y":[0.777]},"o":{"x":[0.674],"y":[0]},"t":204,"s":[335]},{"t":229,"s":[353.063]}],"ix":4}},"a":{"a":0,"k":[140.5,157,0],"ix":1},"s":{"a":0,"k":[102,102,100],"ix":6}},"ao":0,"w":281,"h":314,"ip":0,"op":800,"st":0,"bm":0},{"ddd":0,"ind":4,"ty":4,"nm":"BOTTOM 3","sr":1,"ks":{"o":{"a":0,"k":100,"ix":11},"r":{"a":0,"k":41.1,"ix":10},"p":{"s":true,"x":{"a":1,"k":[{"i":{"x":[0.833],"y":[1]},"o":{"x":[0.73],"y":[0]},"t":244,"s":[291.569]},{"t":271,"s":[289.835]}],"ix":3},"y":{"a":1,"k":[{"i":{"x":[0.966],"y":[0.767]},"o":{"x":[0.792],"y":[0]},"t":244,"s":[343.888]},{"t":271,"s":[302.888]}],"ix":4}},"a":{"a":0,"k":[0,0,0],"ix":1},"s":{"a":0,"k":[102,102,100],"ix":6}},"ao":0,"shapes":[{"ty":"gr","it":[{"ind":0,"ty":"sh","ix":1,"ks":{"a":0,"k":{"i":[[0,0],[-1.37,-1.38],[0,0],[0,-2.06],[0,0],[1.42,-1.44],[0,0],[1.91,0],[0,0],[1.37,1.38],[0,0],[0,2.06],[0,0],[-1.42,1.44],[0,0],[-1.91,0]],"o":[[1.91,0],[0,0],[1.42,1.44],[0,0],[0,2.06],[0,0],[-1.37,1.38],[0,0],[-1.91,0],[0,0],[-1.42,-1.44],[0,0],[0,-2.06],[0,0],[1.37,-1.38],[0,0]],"v":[[29.41,-72],[34.52,-69.85],[61.78,-42.42],[64,-36.96],[64,36.96],[61.78,42.42],[34.52,69.85],[29.41,72],[-29.41,72],[-34.52,69.85],[-61.78,42.42],[-64,36.96],[-64,-36.96],[-61.78,-42.42],[-34.52,-69.85],[-29.41,-72]],"c":true},"ix":2},"nm":"Path 1","mn":"ADBE Vector Shape - Group","hd":false},{"ty":"fl","c":{"a":0,"k":[0.737254977226,0.403921991587,0.933332979679,1],"ix":4},"o":{"a":0,"k":100,"ix":5},"r":1,"bm":0,"nm":"Fill 1","mn":"ADBE Vector Graphic - Fill","hd":false},{"ty":"tr","p":{"a":0,"k":[0,0],"ix":2},"a":{"a":0,"k":[0,0],"ix":1},"s":{"a":0,"k":[200,200],"ix":3},"r":{"a":0,"k":0,"ix":6},"o":{"a":0,"k":100,"ix":7},"sk":{"a":0,"k":0,"ix":4},"sa":{"a":0,"k":0,"ix":5},"nm":"Transform"}],"nm":"BOTTOM","np":2,"cix":2,"bm":0,"ix":1,"mn":"ADBE Vector Group","hd":false}],"ip":0,"op":3600,"st":0,"bm":0}]},{"id":"comp_4","layers":[{"ddd":0,"ind":1,"ty":4,"nm":"quill","sr":1,"ks":{"o":{"a":0,"k":100,"ix":11},"r":{"a":0,"k":45,"ix":10},"p":{"a":0,"k":[120,163.056,0],"ix":2},"a":{"a":0,"k":[0,0,0],"ix":1},"s":{"a":0,"k":[100,100,100],"ix":6}},"ao":0,"shapes":[{"ty":"gr","it":[{"ind":0,"ty":"sh","ix":1,"ks":{"a":0,"k":{"i":[[0,0],[0,0]],"o":[[0,0],[0,0]],"v":[[0,-35.433],[0,35.437]],"c":false},"ix":2},"nm":"Path 1","mn":"ADBE Vector Shape - Group","hd":false},{"ty":"st","c":{"a":0,"k":[0.474509833841,0.20000001496,0.639215686275,1],"ix":3},"o":{"a":0,"k":100,"ix":4},"w":{"a":0,"k":5.792,"ix":5},"lc":2,"lj":1,"ml":4,"bm":0,"nm":"Stroke 1","mn":"ADBE Vector Graphic - Stroke","hd":false},{"ty":"tr","p":{"a":0,"k":[0,0],"ix":2},"a":{"a":0,"k":[0,0],"ix":1},"s":{"a":0,"k":[200,200],"ix":3},"r":{"a":0,"k":0,"ix":6},"o":{"a":0,"k":100,"ix":7},"sk":{"a":0,"k":0,"ix":4},"sa":{"a":0,"k":0,"ix":5},"nm":"Transform"}],"nm":"quill","np":2,"cix":2,"bm":0,"ix":1,"mn":"ADBE Vector Group","hd":false}],"ip":0,"op":800,"st":0,"bm":0},{"ddd":0,"ind":2,"ty":4,"nm":"feather","parent":1,"sr":1,"ks":{"o":{"a":0,"k":100,"ix":11},"r":{"a":0,"k":0,"ix":10},"p":{"a":0,"k":[-0.575,-36.137,0],"ix":2},"a":{"a":0,"k":[0,0,0],"ix":1},"s":{"a":0,"k":[100,100,100],"ix":6}},"ao":0,"shapes":[{"ty":"gr","it":[{"ind":0,"ty":"sh","ix":1,"ks":{"a":0,"k":{"i":[[0,0.64],[0,0],[-11.55,0],[0,-11.15],[0,0],[0.47,-0.45],[0,0],[0,-0.21],[-0.45,0],[0,0],[0,-0.65],[0,0],[2.41,-1.58],[0,0],[0,0],[0,2.81],[0,0],[-0.65,0],[0,0],[0,0.44],[0.16,0.15],[0,0]],"o":[[0,0],[0,-11.15],[11.55,0],[0,0],[0,0.65],[0,0],[-0.15,0.15],[0,0.44],[0,0],[0.65,0],[0,0],[0,2.81],[0,0],[0,0],[-2.41,-1.58],[0,0],[0,-0.65],[0,0],[0.46,0],[0,-0.21],[0,0],[-0.46,-0.45]],"v":[[-20.917,-11.184],[-20.917,-24.024],[0.003,-44.204],[20.913,-24.024],[20.913,7.456],[20.183,9.166],[11.653,17.256],[11.413,17.816],[12.233,18.616],[19.743,18.616],[20.913,19.796],[20.913,25.986],[17.063,33.006],[0.003,44.206],[-17.067,33.006],[-20.917,25.986],[-20.917,1.126],[-19.737,-0.054],[-12.267,-0.054],[-11.447,-0.854],[-11.687,-1.414],[-20.187,-9.474]],"c":true},"ix":2},"nm":"Path 1","mn":"ADBE Vector Shape - Group","hd":false},{"ty":"fl","c":{"a":0,"k":[0.58431372549,0.305882352941,0.756862804936,1],"ix":4},"o":{"a":0,"k":100,"ix":5},"r":1,"bm":0,"nm":"Fill 1","mn":"ADBE Vector Graphic - Fill","hd":false},{"ty":"tr","p":{"a":0,"k":[0,0],"ix":2},"a":{"a":0,"k":[0,0],"ix":1},"s":{"a":0,"k":[200,200],"ix":3},"r":{"a":0,"k":0,"ix":6},"o":{"a":0,"k":100,"ix":7},"sk":{"a":0,"k":0,"ix":4},"sa":{"a":0,"k":0,"ix":5},"nm":"Transform"}],"nm":"feather","np":2,"cix":2,"bm":0,"ix":1,"mn":"ADBE Vector Group","hd":false}],"ip":0,"op":800,"st":0,"bm":0}]},{"id":"comp_5","layers":[{"ddd":0,"ind":1,"ty":4,"nm":"TOP Rim 3","td":1,"sr":1,"ks":{"o":{"a":0,"k":100,"ix":11},"r":{"a":0,"k":0,"ix":10},"p":{"a":0,"k":[140,145,0],"ix":2},"a":{"a":0,"k":[0,0,0],"ix":1},"s":{"a":0,"k":[100,100,100],"ix":6}},"ao":0,"shapes":[{"ty":"gr","it":[{"ind":0,"ty":"sh","ix":1,"ks":{"a":0,"k":{"i":[[1.91,0],[0,0],[1.37,-1.38],[0,0],[0,-2.06],[0,0],[-1.42,-1.44],[0,0],[-1.91,0],[0,0],[-1.37,1.38],[0,0],[0,2.06],[0,0],[1.42,1.44],[0,0]],"o":[[0,0],[-1.91,0],[0,0],[-1.42,1.44],[0,0],[0,2.06],[0,0],[1.37,1.38],[0,0],[1.91,0],[0,0],[1.42,-1.44],[0,0],[0,-2.06],[0,0],[-1.37,-1.38]],"v":[[29.41,-72],[-29.41,-72],[-34.52,-69.85],[-61.78,-42.42],[-64,-36.96],[-64,36.96],[-61.78,42.42],[-34.52,69.85],[-29.41,72],[29.41,72],[34.52,69.85],[61.78,42.42],[64,36.96],[64,-36.96],[61.78,-42.42],[34.52,-69.85]],"c":true},"ix":2},"nm":"Path 1","mn":"ADBE Vector Shape - Group","hd":false},{"ty":"fl","c":{"a":0,"k":[0.858824014664,0.615685999393,1,1],"ix":4},"o":{"a":0,"k":100,"ix":5},"r":1,"bm":0,"nm":"Fill 1","mn":"ADBE Vector Graphic - Fill","hd":false},{"ty":"tr","p":{"a":0,"k":[0,0],"ix":2},"a":{"a":0,"k":[0,0],"ix":1},"s":{"a":0,"k":[200,200],"ix":3},"r":{"a":0,"k":0,"ix":6},"o":{"a":0,"k":100,"ix":7},"sk":{"a":0,"k":0,"ix":4},"sa":{"a":0,"k":0,"ix":5},"nm":"Transform"}],"nm":"TOP Rim","np":2,"cix":2,"bm":0,"ix":1,"mn":"ADBE Vector Group","hd":false}],"ip":0,"op":3600,"st":0,"bm":0},{"ddd":0,"ind":2,"ty":0,"nm":"Bevel Shine - Amethyst","tt":1,"refId":"comp_6","sr":1,"ks":{"o":{"a":0,"k":100,"ix":11},"r":{"a":0,"k":0,"ix":10},"p":{"a":0,"k":[140,157,0],"ix":2},"a":{"a":0,"k":[140.5,157,0],"ix":1},"s":{"a":0,"k":[100,100,100],"ix":6}},"ao":0,"w":281,"h":314,"ip":0,"op":3600,"st":0,"bm":0},{"ddd":0,"ind":3,"ty":4,"nm":"TOP Rim 2","sr":1,"ks":{"o":{"a":0,"k":100,"ix":11},"r":{"a":0,"k":0,"ix":10},"p":{"a":0,"k":[140,145,0],"ix":2},"a":{"a":0,"k":[0,0,0],"ix":1},"s":{"a":0,"k":[100,100,100],"ix":6}},"ao":0,"shapes":[{"ty":"gr","it":[{"ind":0,"ty":"sh","ix":1,"ks":{"a":0,"k":{"i":[[1.91,0],[0,0],[1.37,-1.38],[0,0],[0,-2.06],[0,0],[-1.42,-1.44],[0,0],[-1.91,0],[0,0],[-1.37,1.38],[0,0],[0,2.06],[0,0],[1.42,1.44],[0,0]],"o":[[0,0],[-1.91,0],[0,0],[-1.42,1.44],[0,0],[0,2.06],[0,0],[1.37,1.38],[0,0],[1.91,0],[0,0],[1.42,-1.44],[0,0],[0,-2.06],[0,0],[-1.37,-1.38]],"v":[[29.41,-72],[-29.41,-72],[-34.52,-69.85],[-61.78,-42.42],[-64,-36.96],[-64,36.96],[-61.78,42.42],[-34.52,69.85],[-29.41,72],[29.41,72],[34.52,69.85],[61.78,42.42],[64,36.96],[64,-36.96],[61.78,-42.42],[34.52,-69.85]],"c":true},"ix":2},"nm":"Path 1","mn":"ADBE Vector Shape - Group","hd":false},{"ty":"fl","c":{"a":0,"k":[0.858824014664,0.615685999393,1,1],"ix":4},"o":{"a":0,"k":100,"ix":5},"r":1,"bm":0,"nm":"Fill 1","mn":"ADBE Vector Graphic - Fill","hd":false},{"ty":"tr","p":{"a":0,"k":[0,0],"ix":2},"a":{"a":0,"k":[0,0],"ix":1},"s":{"a":0,"k":[200,200],"ix":3},"r":{"a":0,"k":0,"ix":6},"o":{"a":0,"k":100,"ix":7},"sk":{"a":0,"k":0,"ix":4},"sa":{"a":0,"k":0,"ix":5},"nm":"Transform"}],"nm":"TOP Rim","np":2,"cix":2,"bm":0,"ix":1,"mn":"ADBE Vector Group","hd":false}],"ip":0,"op":3600,"st":0,"bm":0}]},{"id":"comp_6","layers":[{"ddd":0,"ind":1,"ty":4,"nm":"shine 01","sr":1,"ks":{"o":{"a":0,"k":100,"ix":11},"r":{"a":0,"k":0,"ix":10},"p":{"a":0,"k":[35.5,26,0],"ix":2},"a":{"a":0,"k":[0,0,0],"ix":1},"s":{"a":0,"k":[100,100,100],"ix":6}},"ao":0,"shapes":[{"ty":"gr","it":[{"ind":0,"ty":"sh","ix":1,"ks":{"a":0,"k":{"i":[[0,0],[0,0],[0,0],[0,0]],"o":[[0,0],[0,0],[0,0],[0,0]],"v":[[-27.5,9.24],[8.91,-28.5],[27.5,7.12],[6.87,28.5]],"c":true},"ix":2},"nm":"Path 1","mn":"ADBE Vector Shape - Group","hd":false},{"ty":"fl","c":{"a":0,"k":[0.831372608858,0.560784313725,1,1],"ix":4},"o":{"a":0,"k":100,"ix":5},"r":1,"bm":0,"nm":"Fill 1","mn":"ADBE Vector Graphic - Fill","hd":false},{"ty":"tr","p":{"a":0,"k":[0,0],"ix":2},"a":{"a":0,"k":[0,0],"ix":1},"s":{"a":0,"k":[200,200],"ix":3},"r":{"a":0,"k":0,"ix":6},"o":{"a":0,"k":100,"ix":7},"sk":{"a":0,"k":0,"ix":4},"sa":{"a":0,"k":0,"ix":5},"nm":"Transform"}],"nm":"shine 01","np":2,"cix":2,"bm":0,"ix":1,"mn":"ADBE Vector Group","hd":false}],"ip":0,"op":3600,"st":0,"bm":0},{"ddd":0,"ind":2,"ty":4,"nm":"shine 02","sr":1,"ks":{"o":{"a":0,"k":100,"ix":11},"r":{"a":0,"k":0,"ix":10},"p":{"a":0,"k":[243.5,266,0],"ix":2},"a":{"a":0,"k":[0,0,0],"ix":1},"s":{"a":0,"k":[100,100,100],"ix":6}},"ao":0,"shapes":[{"ty":"gr","it":[{"ind":0,"ty":"sh","ix":1,"ks":{"a":0,"k":{"i":[[0,0],[0,0],[0,0],[0,0]],"o":[[0,0],[0,0],[0,0],[0,0]],"v":[[27.5,-9.24],[-8.91,28.5],[-27.5,-7.12],[-6.87,-28.5]],"c":true},"ix":2},"nm":"Path 1","mn":"ADBE Vector Shape - Group","hd":false},{"ty":"fl","c":{"a":0,"k":[0.831372608858,0.560784313725,1,1],"ix":4},"o":{"a":0,"k":100,"ix":5},"r":1,"bm":0,"nm":"Fill 1","mn":"ADBE Vector Graphic - Fill","hd":false},{"ty":"tr","p":{"a":0,"k":[0,0],"ix":2},"a":{"a":0,"k":[0,0],"ix":1},"s":{"a":0,"k":[200,200],"ix":3},"r":{"a":0,"k":0,"ix":6},"o":{"a":0,"k":100,"ix":7},"sk":{"a":0,"k":0,"ix":4},"sa":{"a":0,"k":0,"ix":5},"nm":"Transform"}],"nm":"shine 02","np":2,"cix":2,"bm":0,"ix":1,"mn":"ADBE Vector Group","hd":false}],"ip":0,"op":3600,"st":0,"bm":0}]},{"id":"comp_7","layers":[{"ddd":0,"ind":1,"ty":3,"nm":"Null 3","sr":1,"ks":{"o":{"a":0,"k":0,"ix":11},"r":{"a":0,"k":0,"ix":10},"p":{"a":0,"k":[300,335,0],"ix":2},"a":{"a":0,"k":[0,0,0],"ix":1},"s":{"a":0,"k":[100,100,100],"ix":6}},"ao":0,"ip":0,"op":800,"st":0,"bm":0},{"ddd":0,"ind":5,"ty":0,"nm":"07 Amethyst - FEATHER","parent":14,"refId":"comp_4","sr":1,"ks":{"o":{"a":0,"k":100,"ix":11},"r":{"a":0,"k":0,"ix":10},"p":{"a":0,"k":[7,-14,0],"ix":2},"a":{"a":0,"k":[140.5,157,0],"ix":1},"s":{"a":0,"k":[100,100,100],"ix":6}},"ao":0,"w":281,"h":314,"ip":0,"op":800,"st":0,"bm":0},{"ddd":0,"ind":8,"ty":4,"nm":"TOP Interior","parent":14,"sr":1,"ks":{"o":{"a":0,"k":100,"ix":11},"r":{"a":0,"k":0,"ix":10},"p":{"a":0,"k":[0,-23,0],"ix":2},"a":{"a":0,"k":[0,0,0],"ix":1},"s":{"a":0,"k":[100,100,100],"ix":6}},"ao":0,"shapes":[{"ty":"gr","it":[{"ind":0,"ty":"sh","ix":1,"ks":{"a":0,"k":{"i":[[0,0],[0,0],[0,0],[0,0],[0,0],[0,0],[0,0],[0,0]],"o":[[0,0],[0,0],[0,0],[0,0],[0,0],[0,0],[0,0],[0,0]],"v":[[26.71,-57.5],[50,-34.06],[50,34.06],[26.71,57.5],[-26.71,57.5],[-50,34.06],[-50,-34.06],[-26.71,-57.5]],"c":true},"ix":2},"nm":"Path 1","mn":"ADBE Vector Shape - Group","hd":false},{"ty":"fl","c":{"a":0,"k":[0.807843029499,0.509804010391,1,1],"ix":4},"o":{"a":0,"k":100,"ix":5},"r":1,"bm":0,"nm":"Fill 1","mn":"ADBE Vector Graphic - Fill","hd":false},{"ty":"tr","p":{"a":0,"k":[0,0],"ix":2},"a":{"a":0,"k":[0,0],"ix":1},"s":{"a":0,"k":[200,200],"ix":3},"r":{"a":0,"k":0,"ix":6},"o":{"a":0,"k":100,"ix":7},"sk":{"a":0,"k":0,"ix":4},"sa":{"a":0,"k":0,"ix":5},"nm":"Transform"}],"nm":"TOP Interior","np":2,"cix":2,"bm":0,"ix":1,"mn":"ADBE Vector Group","hd":false}],"ip":0,"op":3600,"st":0,"bm":0},{"ddd":0,"ind":11,"ty":0,"nm":"TOP Rim - Amethyst","parent":14,"refId":"comp_5","sr":1,"ks":{"o":{"a":0,"k":100,"ix":11},"r":{"a":0,"k":0,"ix":10},"p":{"a":0,"k":[0.5,-12,0],"ix":2},"a":{"a":0,"k":[140.5,157,0],"ix":1},"s":{"a":0,"k":[100,100,100],"ix":6}},"ao":0,"w":281,"h":314,"ip":0,"op":800,"st":0,"bm":0},{"ddd":0,"ind":14,"ty":4,"nm":"BOTTOM 2","parent":1,"sr":1,"ks":{"o":{"a":0,"k":100,"ix":11},"r":{"a":0,"k":0,"ix":10},"p":{"s":true,"x":{"a":0,"k":-0.5,"ix":3},"y":{"a":0,"k":12,"ix":4}},"a":{"a":0,"k":[0,0,0],"ix":1},"s":{"a":0,"k":[100,100,100],"ix":6}},"ao":0,"shapes":[{"ty":"gr","it":[{"ind":0,"ty":"sh","ix":1,"ks":{"a":1,"k":[{"i":{"x":0.833,"y":0.833},"o":{"x":1,"y":0},"t":222,"s":[{"i":[[0,0],[-1.37,-1.38],[0,0],[0,-2.06],[0,0],[1.42,-1.44],[0,0],[1.91,0],[0,0],[1.37,1.38],[0,0],[0,2.06],[0,0],[-1.42,1.44],[0,0],[-1.91,0]],"o":[[1.91,0],[0,0],[1.42,1.44],[0,0],[0,2.06],[0,0],[-1.37,1.38],[0,0],[-1.91,0],[0,0],[-1.42,-1.44],[0,0],[0,-2.06],[0,0],[1.37,-1.38],[0,0]],"v":[[29.41,-72],[34.52,-69.85],[61.78,-42.42],[64,-36.96],[64,36.96],[61.78,42.42],[34.52,69.85],[29.41,72],[-29.41,72],[-34.52,69.85],[-61.78,42.42],[-64,36.96],[-64,-36.96],[-61.78,-42.42],[-34.52,-69.85],[-29.41,-72]],"c":true}]},{"t":229,"s":[{"i":[[0,0],[-1.37,-1.38],[0,0],[0,-2.06],[0,0],[1.42,-1.44],[0,0],[1.91,0],[0,0],[1.37,1.38],[0,0],[0,2.06],[0,0],[-1.42,1.44],[0,0],[-1.91,0]],"o":[[1.91,0],[0,0],[1.42,1.44],[0,0],[0,2.06],[0,0],[-1.37,1.38],[0,0],[-1.91,0],[0,0],[-1.42,-1.44],[0,0],[0,-2.06],[0,0],[1.37,-1.38],[0,0]],"v":[[29.41,-72],[34.52,-69.85],[61.78,-42.42],[64,-36.96],[64.239,25.686],[62.019,31.145],[34.759,58.575],[29.649,60.725],[-29.171,60.725],[-34.281,58.575],[-61.541,31.145],[-63.761,25.686],[-64,-36.96],[-61.78,-42.42],[-34.52,-69.85],[-29.41,-72]],"c":true}]}],"ix":2},"nm":"Path 1","mn":"ADBE Vector Shape - Group","hd":false},{"ty":"fl","c":{"a":0,"k":[0.737254977226,0.403921991587,0.933332979679,1],"ix":4},"o":{"a":0,"k":100,"ix":5},"r":1,"bm":0,"nm":"Fill 1","mn":"ADBE Vector Graphic - Fill","hd":false},{"ty":"tr","p":{"a":0,"k":[0,0],"ix":2},"a":{"a":0,"k":[0,0],"ix":1},"s":{"a":0,"k":[200,200],"ix":3},"r":{"a":0,"k":0,"ix":6},"o":{"a":0,"k":100,"ix":7},"sk":{"a":0,"k":0,"ix":4},"sa":{"a":0,"k":0,"ix":5},"nm":"Transform"}],"nm":"BOTTOM","np":2,"cix":2,"bm":0,"ix":1,"mn":"ADBE Vector Group","hd":false}],"ip":0,"op":3600,"st":0,"bm":0}]},{"id":"comp_8","layers":[{"ddd":0,"ind":4,"ty":0,"nm":"06 Emerald - FEATHER","refId":"comp_9","sr":1,"ks":{"o":{"a":0,"k":100,"ix":11},"r":{"a":0,"k":0,"ix":10},"p":{"a":0,"k":[306.5,333,0],"ix":2},"a":{"a":0,"k":[140.5,157,0],"ix":1},"s":{"a":0,"k":[100,100,100],"ix":6}},"ao":0,"w":281,"h":314,"ip":0,"op":800,"st":0,"bm":0},{"ddd":0,"ind":7,"ty":4,"nm":"TOP Interior","sr":1,"ks":{"o":{"a":0,"k":100,"ix":11},"r":{"a":0,"k":0,"ix":10},"p":{"a":0,"k":[299.499,324.74,0],"ix":2},"a":{"a":0,"k":[0,0,0],"ix":1},"s":{"a":0,"k":[100,100,100],"ix":6}},"ao":0,"shapes":[{"ty":"gr","it":[{"ind":0,"ty":"sh","ix":1,"ks":{"a":0,"k":{"i":[[0,0],[0,0],[0,0],[0,0],[0,0],[0,0]],"o":[[0,0],[0,0],[0,0],[0,0],[0,0],[0,0]],"v":[[0.001,-58.754],[-49.429,-39.384],[-49.429,39.386],[0.001,58.756],[49.431,39.386],[49.431,-39.384]],"c":true},"ix":2},"nm":"Path 1","mn":"ADBE Vector Shape - Group","hd":false},{"ty":"fl","c":{"a":0,"k":[0.470588265213,0.788235353956,0,1],"ix":4},"o":{"a":0,"k":100,"ix":5},"r":1,"bm":0,"nm":"Fill 1","mn":"ADBE Vector Graphic - Fill","hd":false},{"ty":"tr","p":{"a":0,"k":[0,0],"ix":2},"a":{"a":0,"k":[0,0],"ix":1},"s":{"a":0,"k":[200,200],"ix":3},"r":{"a":0,"k":0,"ix":6},"o":{"a":0,"k":100,"ix":7},"sk":{"a":0,"k":0,"ix":4},"sa":{"a":0,"k":0,"ix":5},"nm":"Transform"}],"nm":"TOP Interior","np":2,"cix":2,"bm":0,"ix":1,"mn":"ADBE Vector Group","hd":false}],"ip":0,"op":3600,"st":0,"bm":0},{"ddd":0,"ind":10,"ty":4,"nm":"TOP Rim","sr":1,"ks":{"o":{"a":0,"k":100,"ix":11},"r":{"a":0,"k":0,"ix":10},"p":{"a":0,"k":[299.499,324.74,0],"ix":2},"a":{"a":0,"k":[0,0,0],"ix":1},"s":{"a":0,"k":[100,100,100],"ix":6}},"ao":0,"shapes":[{"ty":"gr","it":[{"ind":0,"ty":"sh","ix":1,"ks":{"a":0,"k":{"i":[[0,0],[0,-5.04],[0,0],[4.6,-1.8],[0,0],[2.75,1.08],[0,0],[0,5.04],[0,0],[-4.6,1.8],[0,0],[-2.75,-1.08]],"o":[[4.6,1.8],[0,0],[0,5.04],[0,0],[-2.75,1.08],[0,0],[-4.6,-1.8],[0,0],[0,-5.04],[0,0],[2.75,-1.08],[0,0]],"v":[[55.681,-52.12],[63.321,-40.77],[63.321,40.77],[55.681,52.12],[4.271,72.27],[-4.269,72.27],[-55.679,52.12],[-63.319,40.77],[-63.319,-40.77],[-55.679,-52.12],[-4.269,-72.27],[4.271,-72.27]],"c":true},"ix":2},"nm":"Path 1","mn":"ADBE Vector Shape - Group","hd":false},{"ty":"fl","c":{"a":0,"k":[0.529411764706,0.878431432387,0.011764706817,1],"ix":4},"o":{"a":0,"k":100,"ix":5},"r":1,"bm":0,"nm":"Fill 1","mn":"ADBE Vector Graphic - Fill","hd":false},{"ty":"tr","p":{"a":0,"k":[0,0],"ix":2},"a":{"a":0,"k":[0,0],"ix":1},"s":{"a":0,"k":[200,200],"ix":3},"r":{"a":0,"k":0,"ix":6},"o":{"a":0,"k":100,"ix":7},"sk":{"a":0,"k":0,"ix":4},"sa":{"a":0,"k":0,"ix":5},"nm":"Transform"}],"nm":"TOP Rim","np":2,"cix":2,"bm":0,"ix":1,"mn":"ADBE Vector Group","hd":false}],"ip":0,"op":3600,"st":0,"bm":0},{"ddd":0,"ind":13,"ty":4,"nm":"BOTTOM","sr":1,"ks":{"o":{"a":0,"k":100,"ix":11},"r":{"a":0,"k":0,"ix":10},"p":{"s":true,"x":{"a":1,"k":[{"i":{"x":[0.833],"y":[0.833]},"o":{"x":[0.167],"y":[0.167]},"t":220,"s":[299.499]},{"t":229,"s":[299.499]}],"ix":3},"y":{"a":1,"k":[{"i":{"x":[0.933],"y":[0.79]},"o":{"x":[1],"y":[0]},"t":220,"s":[344.999]},{"t":229,"s":[324.999]}],"ix":4}},"a":{"a":0,"k":[0,0,0],"ix":1},"s":{"a":0,"k":[100,100,100],"ix":6}},"ao":0,"shapes":[{"ty":"gr","it":[{"ind":0,"ty":"sh","ix":1,"ks":{"a":0,"k":{"i":[[-3.05,-1.2],[0,0],[0,-5.36],[0,0],[4.99,-1.96],[0,0],[3.06,1.2],[0,0],[0,5.36],[0,0],[-5,1.95],[0,0]],"o":[[0,0],[4.99,1.95],[0,0],[0,5.36],[0,0],[-3.05,1.2],[0,0],[-5,-1.96],[0,0],[0,-5.36],[0,0],[3.06,-1.2]],"v":[[4.751,-72.08],[55.041,-52.37],[63.321,-40.24],[63.321,40.24],[55.041,52.37],[4.751,72.08],[-4.759,72.08],[-55.039,52.37],[-63.319,40.24],[-63.319,-40.24],[-55.039,-52.37],[-4.759,-72.08]],"c":true},"ix":2},"nm":"Path 1","mn":"ADBE Vector Shape - Group","hd":false},{"ty":"fl","c":{"a":0,"k":[0.388235324037,0.654901960784,0,1],"ix":4},"o":{"a":0,"k":100,"ix":5},"r":1,"bm":0,"nm":"Fill 1","mn":"ADBE Vector Graphic - Fill","hd":false},{"ty":"tr","p":{"a":0,"k":[0,0],"ix":2},"a":{"a":0,"k":[0,0],"ix":1},"s":{"a":0,"k":[200,200],"ix":3},"r":{"a":0,"k":0,"ix":6},"o":{"a":0,"k":100,"ix":7},"sk":{"a":0,"k":0,"ix":4},"sa":{"a":0,"k":0,"ix":5},"nm":"Transform"}],"nm":"BOTTOM","np":2,"cix":2,"bm":0,"ix":1,"mn":"ADBE Vector Group","hd":false}],"ip":0,"op":3600,"st":0,"bm":0}]},{"id":"comp_9","layers":[{"ddd":0,"ind":1,"ty":4,"nm":"quill","sr":1,"ks":{"o":{"a":0,"k":100,"ix":11},"r":{"a":0,"k":45,"ix":10},"p":{"a":0,"k":[120,163.056,0],"ix":2},"a":{"a":0,"k":[0,0,0],"ix":1},"s":{"a":0,"k":[100,100,100],"ix":6}},"ao":0,"shapes":[{"ty":"gr","it":[{"ind":0,"ty":"sh","ix":1,"ks":{"a":0,"k":{"i":[[0,0],[0,0]],"o":[[0,0],[0,0]],"v":[[0,-35.433],[0,35.437]],"c":false},"ix":2},"nm":"Path 1","mn":"ADBE Vector Shape - Group","hd":false},{"ty":"st","c":{"a":0,"k":[0.250980392157,0.454901990704,0,1],"ix":3},"o":{"a":0,"k":100,"ix":4},"w":{"a":0,"k":5.792,"ix":5},"lc":2,"lj":1,"ml":4,"bm":0,"nm":"Stroke 1","mn":"ADBE Vector Graphic - Stroke","hd":false},{"ty":"tr","p":{"a":0,"k":[0,0],"ix":2},"a":{"a":0,"k":[0,0],"ix":1},"s":{"a":0,"k":[200,200],"ix":3},"r":{"a":0,"k":0,"ix":6},"o":{"a":0,"k":100,"ix":7},"sk":{"a":0,"k":0,"ix":4},"sa":{"a":0,"k":0,"ix":5},"nm":"Transform"}],"nm":"quill","np":2,"cix":2,"bm":0,"ix":1,"mn":"ADBE Vector Group","hd":false}],"ip":0,"op":800,"st":0,"bm":0},{"ddd":0,"ind":2,"ty":4,"nm":"feather","parent":1,"sr":1,"ks":{"o":{"a":0,"k":100,"ix":11},"r":{"a":0,"k":0,"ix":10},"p":{"a":0,"k":[-0.575,-36.137,0],"ix":2},"a":{"a":0,"k":[0,0,0],"ix":1},"s":{"a":0,"k":[100,100,100],"ix":6}},"ao":0,"shapes":[{"ty":"gr","it":[{"ind":0,"ty":"sh","ix":1,"ks":{"a":0,"k":{"i":[[0,0.64],[0,0],[-11.55,0],[0,-11.15],[0,0],[0.47,-0.45],[0,0],[0,-0.21],[-0.45,0],[0,0],[0,-0.65],[0,0],[2.41,-1.58],[0,0],[0,0],[0,2.81],[0,0],[-0.65,0],[0,0],[0,0.44],[0.16,0.15],[0,0]],"o":[[0,0],[0,-11.15],[11.55,0],[0,0],[0,0.65],[0,0],[-0.15,0.15],[0,0.44],[0,0],[0.65,0],[0,0],[0,2.81],[0,0],[0,0],[-2.41,-1.58],[0,0],[0,-0.65],[0,0],[0.46,0],[0,-0.21],[0,0],[-0.46,-0.45]],"v":[[-20.917,-11.184],[-20.917,-24.024],[0.003,-44.204],[20.913,-24.024],[20.913,7.456],[20.183,9.166],[11.653,17.256],[11.413,17.816],[12.233,18.616],[19.743,18.616],[20.913,19.796],[20.913,25.986],[17.063,33.006],[0.003,44.206],[-17.067,33.006],[-20.917,25.986],[-20.917,1.126],[-19.737,-0.054],[-12.267,-0.054],[-11.447,-0.854],[-11.687,-1.414],[-20.187,-9.474]],"c":true},"ix":2},"nm":"Path 1","mn":"ADBE Vector Shape - Group","hd":false},{"ty":"fl","c":{"a":0,"k":[0.313725490196,0.545098039216,0,1],"ix":4},"o":{"a":0,"k":100,"ix":5},"r":1,"bm":0,"nm":"Fill 1","mn":"ADBE Vector Graphic - Fill","hd":false},{"ty":"tr","p":{"a":0,"k":[0,0],"ix":2},"a":{"a":0,"k":[0,0],"ix":1},"s":{"a":0,"k":[200,200],"ix":3},"r":{"a":0,"k":0,"ix":6},"o":{"a":0,"k":100,"ix":7},"sk":{"a":0,"k":0,"ix":4},"sa":{"a":0,"k":0,"ix":5},"nm":"Transform"}],"nm":"feather","np":2,"cix":2,"bm":0,"ix":1,"mn":"ADBE Vector Group","hd":false}],"ip":0,"op":800,"st":0,"bm":0}]}],"layers":[{"ddd":0,"ind":1,"ty":3,"nm":"Null 2","sr":1,"ks":{"o":{"a":0,"k":0,"ix":11},"r":{"a":0,"k":0,"ix":10},"p":{"a":0,"k":[372.75,345.25,0],"ix":2},"a":{"a":0,"k":[0,0,0],"ix":1},"s":{"a":0,"k":[100,100,100],"ix":6}},"ao":0,"ip":0,"op":500,"st":0,"bm":0},{"ddd":0,"ind":2,"ty":0,"nm":"DUST FRONT","refId":"comp_0","sr":1,"ks":{"o":{"a":1,"k":[{"t":72,"s":[0],"h":1},{"t":272,"s":[100],"h":1},{"t":387,"s":[0],"h":1}],"ix":11},"r":{"a":0,"k":0,"ix":10},"p":{"a":0,"k":[268,563,0],"ix":2},"a":{"a":0,"k":[449.286,744,0],"ix":1},"s":{"a":1,"k":[{"i":{"x":[0.448,0.448,0.667],"y":[1,1,1]},"o":{"x":[0.124,0.124,0.167],"y":[0.332,0.332,2.302]},"t":272,"s":[140,140,100]},{"t":344,"s":[150,150,100]}],"ix":6}},"ao":0,"hasMask":true,"masksProperties":[{"inv":false,"mode":"a","pt":{"a":0,"k":{"i":[[1.429,-4.286],[0,0],[0,0],[0,0]],"o":[[-1.429,4.286],[0,0],[0,0],[0,0]],"v":[[794.286,364.714],[257.143,364.714],[257.143,744],[794.286,744]],"c":true},"ix":1},"o":{"a":0,"k":100,"ix":3},"x":{"a":0,"k":0,"ix":4},"nm":"Mask 1"}],"w":750,"h":1334,"ip":103,"op":603,"st":103,"bm":0},{"ddd":0,"ind":3,"ty":4,"nm":"Edge","sr":1,"ks":{"o":{"a":1,"k":[{"t":110,"s":[0],"h":1},{"i":{"x":[0.841],"y":[1]},"o":{"x":[0.732],"y":[0]},"t":272,"s":[100]},{"t":344,"s":[0],"h":1}],"ix":11},"r":{"a":0,"k":0,"ix":10},"p":{"a":0,"k":[273.75,486,0],"ix":2},"a":{"a":0,"k":[0,0,0],"ix":1},"s":{"a":0,"k":[100,100,100],"ix":6}},"ao":0,"shapes":[{"ind":0,"ty":"sh","ix":1,"ks":{"a":1,"k":[{"i":{"x":0.833,"y":0.833},"o":{"x":0.167,"y":0.167},"t":271,"s":[{"i":[[0,-8.284],[0,0],[8.284,0],[0,0],[0,8.284],[0,0],[-8.284,0],[0,0]],"o":[[0,0],[0,8.284],[0,0],[-8.284,0],[0,0],[0,-8.284],[0,0],[8.284,0]],"v":[[162.25,-20],[162,61.5],[147,76.5],[-119,76],[-134,61],[-133.75,-20.5],[-118.75,-35.5],[147.25,-35]],"c":true}]},{"i":{"x":0.833,"y":0.833},"o":{"x":0.167,"y":0.167},"t":272,"s":[{"i":[[0,-8.284],[0,0],[8.284,0],[0,0],[0,8.284],[0,0],[-8.284,0],[0,0]],"o":[[0,0],[0,8.284],[0,0],[-8.284,0],[0,0],[0,-8.284],[0,0],[8.284,0]],"v":[[162.25,-20],[162,61.5],[147,76.5],[-119,76],[-134,61],[-133.75,-20.5],[-118.75,-35.5],[147.25,-35]],"c":true}]},{"i":{"x":0.667,"y":1},"o":{"x":0.167,"y":0.167},"t":274,"s":[{"i":[[0,-8.284],[0,0],[8.284,0],[0,0],[0,8.284],[0,0],[-8.284,0],[0,0]],"o":[[0,0],[0,8.284],[0,0],[-8.284,0],[0,0],[0,-8.284],[0,0],[8.284,0]],"v":[[172.25,49],[172.25,62],[157.25,77],[-129,76],[-144,61],[-144,48],[-129,33],[157.25,34]],"c":true}]},{"t":277,"s":[{"i":[[0,-8.284],[0,0],[8.284,0],[0,0],[0,8.284],[0,0],[-8.284,0],[0,0]],"o":[[0,0],[0,8.284],[0,0],[-8.284,0],[0,0],[0,-8.284],[0,0],[8.284,0]],"v":[[162,45.5],[162,62],[147,77],[-119,76],[-134,61],[-134,44.5],[-119,29.5],[147,30.5]],"c":true}]}],"ix":2},"nm":"Path 1","mn":"ADBE Vector Shape - Group","hd":false},{"ty":"fl","c":{"a":0,"k":[0.737254901961,0.403921598547,0.933333393172,1],"ix":4},"o":{"a":0,"k":100,"ix":5},"r":1,"bm":0,"nm":"Fill 1","mn":"ADBE Vector Graphic - Fill","hd":false}],"ip":110,"op":610,"st":110,"bm":0},{"ddd":0,"ind":4,"ty":0,"nm":"DUST 02","refId":"comp_1","sr":1,"ks":{"o":{"a":1,"k":[{"t":72,"s":[0],"h":1},{"t":272,"s":[100],"h":1},{"t":387,"s":[0],"h":1}],"ix":11},"r":{"a":0,"k":0,"ix":10},"p":{"a":0,"k":[313.75,563,0],"ix":2},"a":{"a":0,"k":[375,744,0],"ix":1},"s":{"a":1,"k":[{"i":{"x":[0.382,0.382,0.667],"y":[1,1,1]},"o":{"x":[0.068,0.068,0.167],"y":[1.239,1.239,4.853]},"t":272,"s":[110,110,100]},{"t":322,"s":[117,117,100]}],"ix":6}},"ao":0,"hasMask":true,"masksProperties":[{"inv":false,"mode":"a","pt":{"a":0,"k":{"i":[[1.429,-4.286],[0,0],[0,0],[0,0]],"o":[[-1.429,4.286],[0,0],[0,0],[0,0]],"v":[[748.986,289.501],[106.716,289.501],[105.861,744],[748.559,744]],"c":true},"ix":1},"o":{"a":0,"k":100,"ix":3},"x":{"a":0,"k":0,"ix":4},"nm":"Mask 1"}],"w":750,"h":1334,"ip":103,"op":603,"st":103,"bm":0},{"ddd":0,"ind":5,"ty":0,"nm":"DUST 01","refId":"comp_2","sr":1,"ks":{"o":{"a":1,"k":[{"t":72,"s":[0],"h":1},{"t":272,"s":[100],"h":1},{"t":387,"s":[0],"h":1}],"ix":11},"r":{"a":0,"k":0,"ix":10},"p":{"a":0,"k":[253.75,486,0],"ix":2},"a":{"a":0,"k":[375,667,0],"ix":1},"s":{"a":0,"k":[-80,80,100],"ix":6}},"ao":0,"hasMask":true,"masksProperties":[{"inv":false,"mode":"a","pt":{"a":0,"k":{"i":[[1.429,-4.286],[0,0],[0,0],[0,0]],"o":[[-1.429,4.286],[0,0],[0,0],[0,0]],"v":[[693.036,99.714],[-246.607,99.714],[-246.607,763.297],[693.348,763.297]],"c":true},"ix":1},"o":{"a":0,"k":100,"ix":3},"x":{"a":0,"k":0,"ix":4},"nm":"Mask 1"}],"w":750,"h":1334,"ip":103,"op":603,"st":103,"bm":0},{"ddd":0,"ind":6,"ty":0,"nm":"07 Amethyst - FRONT ROTATE","refId":"comp_3","sr":1,"ks":{"o":{"a":1,"k":[{"t":72,"s":[0],"h":1},{"t":229,"s":[100],"h":1},{"t":272,"s":[0],"h":1}],"ix":11},"r":{"a":0,"k":4,"ix":10},"p":{"s":true,"x":{"a":0,"k":283,"ix":3},"y":{"a":1,"k":[{"i":{"x":[0.534],"y":[1]},"o":{"x":[0.12],"y":[0.374]},"t":229,"s":[561.574]},{"i":{"x":[0.869],"y":[0.615]},"o":{"x":[0.536],"y":[-0.004]},"t":234,"s":[551.592]},{"i":{"x":[0.667],"y":[1]},"o":{"x":[0.299],"y":[0.674]},"t":239,"s":[561.574]},{"i":{"x":[0.743],"y":[0.34]},"o":{"x":[0.333],"y":[0]},"t":244,"s":[560.084]},{"i":{"x":[0.833],"y":[1]},"o":{"x":[0.329],"y":[0]},"t":249,"s":[561.728]},{"t":271,"s":[561.728]}],"ix":4}},"a":{"a":0,"k":[297.522,493.237,0],"ix":1},"s":{"a":1,"k":[{"i":{"x":[0.951,0.928,0.809],"y":[1,0.783,1]},"o":{"x":[0.779,0.687,0.326],"y":[0,0,0]},"t":249,"s":[100,100,100]},{"t":271,"s":[100,75,100]}],"ix":6}},"ao":0,"w":600,"h":670,"ip":0,"op":800,"st":0,"bm":0},{"ddd":0,"ind":7,"ty":0,"nm":"07 Amethyst - FRONT","parent":1,"refId":"comp_7","sr":1,"ks":{"o":{"a":1,"k":[{"t":72,"s":[100],"h":1},{"t":229,"s":[0],"h":1}],"ix":11},"r":{"a":1,"k":[{"i":{"x":[0.667],"y":[1]},"o":{"x":[0.167],"y":[0.164]},"t":0,"s":[0]},{"i":{"x":[0.566],"y":[1]},"o":{"x":[0.3],"y":[0]},"t":108,"s":[0]},{"i":{"x":[0.667],"y":[1]},"o":{"x":[0.387],"y":[0]},"t":131,"s":[55.307]},{"i":{"x":[0.667],"y":[1]},"o":{"x":[0.333],"y":[0]},"t":155,"s":[38.903]},{"i":{"x":[0.667],"y":[1]},"o":{"x":[0.333],"y":[0]},"t":177,"s":[45.64]},{"i":{"x":[0.667],"y":[1]},"o":{"x":[0.333],"y":[0]},"t":197,"s":[44.471]},{"i":{"x":[0.833],"y":[1]},"o":{"x":[0.167],"y":[0]},"t":216,"s":[45]},{"t":220,"s":[45]}],"ix":10},"p":{"s":true,"x":{"a":1,"k":[{"i":{"x":[0.667],"y":[1]},"o":{"x":[0.333],"y":[0]},"t":108,"s":[-97.75]},{"t":131,"s":[-98.75]}],"ix":3},"y":{"a":1,"k":[{"i":{"x":[0.833],"y":[1]},"o":{"x":[0.167],"y":[0]},"t":108,"s":[-246.625]},{"i":{"x":[0.833],"y":[1]},"o":{"x":[0.167],"y":[0]},"t":131,"s":[-246.625]},{"i":{"x":[0.691],"y":[0.446]},"o":{"x":[0.34],"y":[0]},"t":220,"s":[-246.625]},{"i":{"x":[0.845],"y":[0.836]},"o":{"x":[0.465],"y":[0.393]},"t":229,"s":[-78.529]},{"t":237,"s":[238.312]}],"ix":4}},"a":{"a":0,"k":[200,244.625,0],"ix":1},"s":{"a":0,"k":[100,100,100],"ix":6}},"ao":0,"w":600,"h":670,"ip":0,"op":800,"st":0,"bm":0},{"ddd":0,"ind":8,"ty":0,"nm":"06 Emerald - FRONT","refId":"comp_8","sr":1,"ks":{"o":{"a":1,"k":[{"t":0,"s":[0],"h":1},{"t":109,"s":[100],"h":1}],"ix":11},"r":{"a":0,"k":0,"ix":10},"p":{"a":0,"k":[375,189,0],"ix":2},"a":{"a":0,"k":[300,335,0],"ix":1},"s":{"a":0,"k":[100,100,100],"ix":6}},"ao":0,"hasMask":true,"masksProperties":[{"inv":false,"mode":"a","pt":{"a":1,"k":[{"t":46,"s":[{"i":[[0,0],[0,0],[0,0],[0,0]],"o":[[0,0],[0,0],[0,0],[0,0]],"v":[[440,144],[158,144],[158,503],[440,503]],"c":true}],"h":1},{"t":103,"s":[{"i":[[0,0],[0,0],[0,0],[0,0]],"o":[[0,0],[0,0],[0,0],[0,0]],"v":[[440,144],[200,244.625],[158,503],[440,503]],"c":true}],"h":1},{"t":109,"s":[{"i":[[0,0],[0,0],[0,0],[0,0]],"o":[[0,0],[0,0],[0,0],[0,0]],"v":[[440,144],[200,244.625],[245,503],[439,375]],"c":true}],"h":1},{"t":110,"s":[{"i":[[0,0],[0,0],[0,0],[0,0]],"o":[[0,0],[0,0],[0,0],[0,0]],"v":[[440,144],[200,244.625],[245,503],[439,533]],"c":true}],"h":1},{"t":112,"s":[{"i":[[0,0],[0,0],[0,0],[0,0]],"o":[[0,0],[0,0],[0,0],[0,0]],"v":[[440,144],[158,144],[158,503],[440,503]],"c":true}],"h":1}],"ix":1},"o":{"a":0,"k":100,"ix":3},"x":{"a":0,"k":0,"ix":4},"nm":"Mask 1"}],"tm":{"a":0,"k":0,"ix":2},"w":600,"h":670,"ip":0,"op":800,"st":0,"bm":0}],"markers":[{"tm":107,"cm":"START","dr":0},{"tm":407,"cm":"END","dr":0},{"tm":498,"cm":"END","dr":0}]}
