{"v":"5.5.9","fr":60,"ip":0,"op":600,"w":200,"h":250,"nm":"Home Badge - EXPORT 6","ddd":0,"assets":[{"id":"comp_0","layers":[{"ddd":0,"ind":1,"ty":0,"nm":"Sparkle Particle","refId":"comp_1","sr":1,"ks":{"o":{"a":0,"k":100,"ix":11},"r":{"a":0,"k":0,"ix":10},"p":{"a":0,"k":[381.5,239,0],"ix":2},"a":{"a":0,"k":[100,100,0],"ix":1},"s":{"a":0,"k":[225,225,100],"ix":6}},"ao":0,"w":200,"h":200,"ip":114,"op":197,"st":114,"bm":0},{"ddd":0,"ind":2,"ty":0,"nm":"06 Emerald - FEATHER","td":1,"refId":"comp_2","sr":1,"ks":{"o":{"a":0,"k":100,"ix":11},"r":{"a":0,"k":0,"ix":10},"p":{"a":0,"k":[306.5,333,0],"ix":2},"a":{"a":0,"k":[140.5,157,0],"ix":1},"s":{"a":0,"k":[100,100,100],"ix":6}},"ao":0,"w":281,"h":314,"ip":0,"op":800,"st":0,"bm":0},{"ddd":0,"ind":3,"ty":4,"nm":"Shine - FEATHER","tt":1,"sr":1,"ks":{"o":{"a":0,"k":50,"ix":11},"r":{"a":0,"k":45,"ix":10},"p":{"s":true,"x":{"a":1,"k":[{"i":{"x":[0.833],"y":[1]},"o":{"x":[0.167],"y":[0]},"t":65,"s":[100.53]},{"i":{"x":[0.675],"y":[1]},"o":{"x":[0.404],"y":[0]},"t":72,"s":[100.53]},{"i":{"x":[0.833],"y":[1]},"o":{"x":[0.167],"y":[0]},"t":149,"s":[471.53]},{"t":153,"s":[471.53]}],"ix":3},"y":{"a":1,"k":[{"i":{"x":[0.833],"y":[1]},"o":{"x":[0.167],"y":[0]},"t":65,"s":[142.116]},{"i":{"x":[0.675],"y":[1]},"o":{"x":[0.404],"y":[0]},"t":72,"s":[142.116]},{"i":{"x":[0.833],"y":[1]},"o":{"x":[0.167],"y":[0]},"t":149,"s":[485.116]},{"t":153,"s":[485.116]}],"ix":4}},"a":{"a":0,"k":[0,0,0],"ix":1},"s":{"a":1,"k":[{"i":{"x":[0.846,0.667,0.667],"y":[1,1,1]},"o":{"x":[1,0.333,0.333],"y":[0,0,0]},"t":65,"s":[45,100,100]},{"i":{"x":[0.548,0.65,0.65],"y":[1.075,1,1]},"o":{"x":[0.188,0.312,0.312],"y":[0,0,0]},"t":115,"s":[55,100,100]},{"i":{"x":[0.845,0.831,0.831],"y":[1,1,1]},"o":{"x":[0.315,0.379,0.379],"y":[0.233,0,0]},"t":119,"s":[66,100,100]},{"t":153,"s":[45,100,100]}],"ix":6}},"ao":0,"shapes":[{"ty":"gr","it":[{"ind":0,"ty":"sh","ix":1,"ks":{"a":0,"k":{"i":[[0,0],[0,0],[0,0],[0,0]],"o":[[0,0],[0,0],[0,0],[0,0]],"v":[[-33,-100.5],[33,-100.5],[33,100.5],[-33,100.5]],"c":true},"ix":2},"nm":"Path 1","mn":"ADBE Vector Shape - Group","hd":false},{"ty":"fl","c":{"a":0,"k":[1,1,1,1],"ix":4},"o":{"a":0,"k":100,"ix":5},"r":1,"bm":0,"nm":"Fill 1","mn":"ADBE Vector Graphic - Fill","hd":false},{"ty":"tr","p":{"a":0,"k":[0,0],"ix":2},"a":{"a":0,"k":[0,0],"ix":1},"s":{"a":0,"k":[200,200],"ix":3},"r":{"a":0,"k":0,"ix":6},"o":{"a":0,"k":100,"ix":7},"sk":{"a":0,"k":0,"ix":4},"sa":{"a":0,"k":0,"ix":5},"nm":"Transform"}],"nm":"SHINE","np":2,"cix":2,"bm":0,"ix":1,"mn":"ADBE Vector Group","hd":false}],"ip":0,"op":800,"st":0,"bm":0},{"ddd":0,"ind":4,"ty":0,"nm":"06 Emerald - FEATHER","refId":"comp_2","sr":1,"ks":{"o":{"a":0,"k":100,"ix":11},"r":{"a":0,"k":0,"ix":10},"p":{"a":0,"k":[306.5,333,0],"ix":2},"a":{"a":0,"k":[140.5,157,0],"ix":1},"s":{"a":0,"k":[100,100,100],"ix":6}},"ao":0,"w":281,"h":314,"ip":0,"op":800,"st":0,"bm":0},{"ddd":0,"ind":5,"ty":4,"nm":"TOP Interior ALPHA","parent":13,"td":1,"sr":1,"ks":{"o":{"a":0,"k":100,"ix":11},"r":{"a":0,"k":0,"ix":10},"p":{"a":0,"k":[0,-20.259,0],"ix":2},"a":{"a":0,"k":[0,0,0],"ix":1},"s":{"a":0,"k":[100,100,100],"ix":6}},"ao":0,"shapes":[{"ty":"gr","it":[{"ind":0,"ty":"sh","ix":1,"ks":{"a":0,"k":{"i":[[0,0],[0,0],[0,0],[0,0],[0,0],[0,0]],"o":[[0,0],[0,0],[0,0],[0,0],[0,0],[0,0]],"v":[[0.001,-58.754],[-49.429,-39.384],[-49.429,39.386],[0.001,58.756],[49.431,39.386],[49.431,-39.384]],"c":true},"ix":2},"nm":"Path 1","mn":"ADBE Vector Shape - Group","hd":false},{"ty":"fl","c":{"a":0,"k":[0.470588265213,0.788235353956,0,1],"ix":4},"o":{"a":0,"k":100,"ix":5},"r":1,"bm":0,"nm":"Fill 1","mn":"ADBE Vector Graphic - Fill","hd":false},{"ty":"tr","p":{"a":0,"k":[0,0],"ix":2},"a":{"a":0,"k":[0,0],"ix":1},"s":{"a":0,"k":[200,200],"ix":3},"r":{"a":0,"k":0,"ix":6},"o":{"a":0,"k":100,"ix":7},"sk":{"a":0,"k":0,"ix":4},"sa":{"a":0,"k":0,"ix":5},"nm":"Transform"}],"nm":"TOP Interior","np":2,"cix":2,"bm":0,"ix":1,"mn":"ADBE Vector Group","hd":false}],"ip":0,"op":3600,"st":0,"bm":0},{"ddd":0,"ind":6,"ty":4,"nm":"Shine - INTERIOR","tt":1,"sr":1,"ks":{"o":{"a":0,"k":85,"ix":11},"r":{"a":0,"k":45,"ix":10},"p":{"s":true,"x":{"a":1,"k":[{"i":{"x":[0.833],"y":[1]},"o":{"x":[0.167],"y":[0]},"t":65,"s":[100.53]},{"i":{"x":[0.833],"y":[1]},"o":{"x":[0.167],"y":[0]},"t":76,"s":[100.53]},{"i":{"x":[0.675],"y":[1]},"o":{"x":[0.404],"y":[0]},"t":83,"s":[100.53]},{"i":{"x":[0.833],"y":[1]},"o":{"x":[0.167],"y":[0]},"t":149,"s":[471.53]},{"t":153,"s":[471.53]}],"ix":3},"y":{"a":1,"k":[{"i":{"x":[0.833],"y":[1]},"o":{"x":[0.167],"y":[0]},"t":65,"s":[142.116]},{"i":{"x":[0.833],"y":[1]},"o":{"x":[0.167],"y":[0]},"t":76,"s":[142.116]},{"i":{"x":[0.675],"y":[1]},"o":{"x":[0.404],"y":[0]},"t":83,"s":[142.116]},{"i":{"x":[0.833],"y":[1]},"o":{"x":[0.167],"y":[0]},"t":149,"s":[485.116]},{"t":153,"s":[485.116]}],"ix":4}},"a":{"a":0,"k":[0,0,0],"ix":1},"s":{"a":1,"k":[{"i":{"x":[0.833,0.833,0.833],"y":[1,1,1]},"o":{"x":[0.167,0.167,0.167],"y":[0,0,0]},"t":65,"s":[33,100,100]},{"i":{"x":[0.846,0.667,0.667],"y":[1,1,1]},"o":{"x":[1,0.333,0.333],"y":[0,0,0]},"t":76,"s":[33,100,100]},{"i":{"x":[0,0.833,0.833],"y":[1,1,1]},"o":{"x":[0.141,0.333,0.333],"y":[0,0,0]},"t":115,"s":[150,100,100]},{"t":153,"s":[33,100,100]}],"ix":6}},"ao":0,"shapes":[{"ty":"gr","it":[{"ind":0,"ty":"sh","ix":1,"ks":{"a":0,"k":{"i":[[0,0],[0,0],[0,0],[0,0]],"o":[[0,0],[0,0],[0,0],[0,0]],"v":[[-33,-100.5],[33,-100.5],[33,100.5],[-33,100.5]],"c":true},"ix":2},"nm":"Path 1","mn":"ADBE Vector Shape - Group","hd":false},{"ty":"fl","c":{"a":0,"k":[1,1,1,1],"ix":4},"o":{"a":0,"k":100,"ix":5},"r":1,"bm":0,"nm":"Fill 1","mn":"ADBE Vector Graphic - Fill","hd":false},{"ty":"tr","p":{"a":0,"k":[0,0],"ix":2},"a":{"a":0,"k":[0,0],"ix":1},"s":{"a":0,"k":[200,200],"ix":3},"r":{"a":0,"k":0,"ix":6},"o":{"a":0,"k":100,"ix":7},"sk":{"a":0,"k":0,"ix":4},"sa":{"a":0,"k":0,"ix":5},"nm":"Transform"}],"nm":"SHINE","np":2,"cix":2,"bm":0,"ix":1,"mn":"ADBE Vector Group","hd":false}],"ip":0,"op":800,"st":0,"bm":0},{"ddd":0,"ind":7,"ty":4,"nm":"TOP Interior","parent":13,"sr":1,"ks":{"o":{"a":0,"k":100,"ix":11},"r":{"a":0,"k":0,"ix":10},"p":{"a":0,"k":[0,-20.259,0],"ix":2},"a":{"a":0,"k":[0,0,0],"ix":1},"s":{"a":0,"k":[100,100,100],"ix":6}},"ao":0,"shapes":[{"ty":"gr","it":[{"ind":0,"ty":"sh","ix":1,"ks":{"a":0,"k":{"i":[[0,0],[0,0],[0,0],[0,0],[0,0],[0,0]],"o":[[0,0],[0,0],[0,0],[0,0],[0,0],[0,0]],"v":[[0.001,-58.754],[-49.429,-39.384],[-49.429,39.386],[0.001,58.756],[49.431,39.386],[49.431,-39.384]],"c":true},"ix":2},"nm":"Path 1","mn":"ADBE Vector Shape - Group","hd":false},{"ty":"fl","c":{"a":0,"k":[0.470588265213,0.788235353956,0,1],"ix":4},"o":{"a":0,"k":100,"ix":5},"r":1,"bm":0,"nm":"Fill 1","mn":"ADBE Vector Graphic - Fill","hd":false},{"ty":"tr","p":{"a":0,"k":[0,0],"ix":2},"a":{"a":0,"k":[0,0],"ix":1},"s":{"a":0,"k":[200,200],"ix":3},"r":{"a":0,"k":0,"ix":6},"o":{"a":0,"k":100,"ix":7},"sk":{"a":0,"k":0,"ix":4},"sa":{"a":0,"k":0,"ix":5},"nm":"Transform"}],"nm":"TOP Interior","np":2,"cix":2,"bm":0,"ix":1,"mn":"ADBE Vector Group","hd":false}],"ip":0,"op":3600,"st":0,"bm":0},{"ddd":0,"ind":8,"ty":4,"nm":"TOP Rim ALPHA","parent":13,"td":1,"sr":1,"ks":{"o":{"a":0,"k":100,"ix":11},"r":{"a":0,"k":0,"ix":10},"p":{"a":0,"k":[0,-20.259,0],"ix":2},"a":{"a":0,"k":[0,0,0],"ix":1},"s":{"a":0,"k":[100,100,100],"ix":6}},"ao":0,"shapes":[{"ty":"gr","it":[{"ind":0,"ty":"sh","ix":1,"ks":{"a":0,"k":{"i":[[0,0],[0,-5.04],[0,0],[4.6,-1.8],[0,0],[2.75,1.08],[0,0],[0,5.04],[0,0],[-4.6,1.8],[0,0],[-2.75,-1.08]],"o":[[4.6,1.8],[0,0],[0,5.04],[0,0],[-2.75,1.08],[0,0],[-4.6,-1.8],[0,0],[0,-5.04],[0,0],[2.75,-1.08],[0,0]],"v":[[55.681,-52.12],[63.321,-40.77],[63.321,40.77],[55.681,52.12],[4.271,72.27],[-4.269,72.27],[-55.679,52.12],[-63.319,40.77],[-63.319,-40.77],[-55.679,-52.12],[-4.269,-72.27],[4.271,-72.27]],"c":true},"ix":2},"nm":"Path 1","mn":"ADBE Vector Shape - Group","hd":false},{"ty":"fl","c":{"a":0,"k":[0.529411764706,0.878431432387,0.011764706817,1],"ix":4},"o":{"a":0,"k":100,"ix":5},"r":1,"bm":0,"nm":"Fill 1","mn":"ADBE Vector Graphic - Fill","hd":false},{"ty":"tr","p":{"a":0,"k":[0,0],"ix":2},"a":{"a":0,"k":[0,0],"ix":1},"s":{"a":0,"k":[200,200],"ix":3},"r":{"a":0,"k":0,"ix":6},"o":{"a":0,"k":100,"ix":7},"sk":{"a":0,"k":0,"ix":4},"sa":{"a":0,"k":0,"ix":5},"nm":"Transform"}],"nm":"TOP Rim","np":2,"cix":2,"bm":0,"ix":1,"mn":"ADBE Vector Group","hd":false}],"ip":0,"op":3600,"st":0,"bm":0},{"ddd":0,"ind":9,"ty":4,"nm":"Shine - RIM","tt":1,"sr":1,"ks":{"o":{"a":0,"k":95,"ix":11},"r":{"a":0,"k":45,"ix":10},"p":{"s":true,"x":{"a":1,"k":[{"i":{"x":[0.833],"y":[1]},"o":{"x":[0.167],"y":[0]},"t":65,"s":[100.53]},{"i":{"x":[0.833],"y":[1]},"o":{"x":[0.167],"y":[0]},"t":70,"s":[100.53]},{"i":{"x":[0.675],"y":[1]},"o":{"x":[0.404],"y":[0]},"t":77,"s":[100.53]},{"i":{"x":[0.833],"y":[1]},"o":{"x":[0.167],"y":[0]},"t":143,"s":[471.53]},{"t":147,"s":[471.53]}],"ix":3},"y":{"a":1,"k":[{"i":{"x":[0.833],"y":[1]},"o":{"x":[0.167],"y":[0]},"t":65,"s":[142.116]},{"i":{"x":[0.833],"y":[1]},"o":{"x":[0.167],"y":[0]},"t":70,"s":[142.116]},{"i":{"x":[0.675],"y":[1]},"o":{"x":[0.404],"y":[0]},"t":77,"s":[142.116]},{"i":{"x":[0.833],"y":[1]},"o":{"x":[0.167],"y":[0]},"t":143,"s":[485.116]},{"t":147,"s":[485.116]}],"ix":4}},"a":{"a":0,"k":[0,0,0],"ix":1},"s":{"a":1,"k":[{"i":{"x":[0.833,0.833,0.833],"y":[1,1,1]},"o":{"x":[0.167,0.167,0.167],"y":[0,0,0]},"t":65,"s":[80,100,100]},{"i":{"x":[0.846,0.667,0.667],"y":[1,1,1]},"o":{"x":[1,0.333,0.333],"y":[0,0,0]},"t":70,"s":[80,100,100]},{"i":{"x":[0,0.667,0.667],"y":[1,1,1]},"o":{"x":[0.141,0.333,0.333],"y":[0,0,0]},"t":109,"s":[85,100,100]},{"t":147,"s":[80,100,100]}],"ix":6}},"ao":0,"shapes":[{"ty":"gr","it":[{"ind":0,"ty":"sh","ix":1,"ks":{"a":0,"k":{"i":[[0,0],[0,0],[0,0],[0,0]],"o":[[0,0],[0,0],[0,0],[0,0]],"v":[[-33,-100.5],[33,-100.5],[33,100.5],[-33,100.5]],"c":true},"ix":2},"nm":"Path 1","mn":"ADBE Vector Shape - Group","hd":false},{"ty":"fl","c":{"a":0,"k":[1,1,1,1],"ix":4},"o":{"a":0,"k":100,"ix":5},"r":1,"bm":0,"nm":"Fill 1","mn":"ADBE Vector Graphic - Fill","hd":false},{"ty":"tr","p":{"a":0,"k":[0,0],"ix":2},"a":{"a":0,"k":[0,0],"ix":1},"s":{"a":0,"k":[200,200],"ix":3},"r":{"a":0,"k":0,"ix":6},"o":{"a":0,"k":100,"ix":7},"sk":{"a":0,"k":0,"ix":4},"sa":{"a":0,"k":0,"ix":5},"nm":"Transform"}],"nm":"SHINE","np":2,"cix":2,"bm":0,"ix":1,"mn":"ADBE Vector Group","hd":false}],"ip":0,"op":800,"st":0,"bm":0},{"ddd":0,"ind":10,"ty":4,"nm":"TOP Rim","parent":13,"sr":1,"ks":{"o":{"a":0,"k":100,"ix":11},"r":{"a":0,"k":0,"ix":10},"p":{"a":0,"k":[0,-20.259,0],"ix":2},"a":{"a":0,"k":[0,0,0],"ix":1},"s":{"a":0,"k":[100,100,100],"ix":6}},"ao":0,"shapes":[{"ty":"gr","it":[{"ind":0,"ty":"sh","ix":1,"ks":{"a":0,"k":{"i":[[0,0],[0,-5.04],[0,0],[4.6,-1.8],[0,0],[2.75,1.08],[0,0],[0,5.04],[0,0],[-4.6,1.8],[0,0],[-2.75,-1.08]],"o":[[4.6,1.8],[0,0],[0,5.04],[0,0],[-2.75,1.08],[0,0],[-4.6,-1.8],[0,0],[0,-5.04],[0,0],[2.75,-1.08],[0,0]],"v":[[55.681,-52.12],[63.321,-40.77],[63.321,40.77],[55.681,52.12],[4.271,72.27],[-4.269,72.27],[-55.679,52.12],[-63.319,40.77],[-63.319,-40.77],[-55.679,-52.12],[-4.269,-72.27],[4.271,-72.27]],"c":true},"ix":2},"nm":"Path 1","mn":"ADBE Vector Shape - Group","hd":false},{"ty":"fl","c":{"a":0,"k":[0.529411764706,0.878431432387,0.011764706817,1],"ix":4},"o":{"a":0,"k":100,"ix":5},"r":1,"bm":0,"nm":"Fill 1","mn":"ADBE Vector Graphic - Fill","hd":false},{"ty":"tr","p":{"a":0,"k":[0,0],"ix":2},"a":{"a":0,"k":[0,0],"ix":1},"s":{"a":0,"k":[200,200],"ix":3},"r":{"a":0,"k":0,"ix":6},"o":{"a":0,"k":100,"ix":7},"sk":{"a":0,"k":0,"ix":4},"sa":{"a":0,"k":0,"ix":5},"nm":"Transform"}],"nm":"TOP Rim","np":2,"cix":2,"bm":0,"ix":1,"mn":"ADBE Vector Group","hd":false}],"ip":0,"op":3600,"st":0,"bm":0},{"ddd":0,"ind":11,"ty":4,"nm":"BOTTOM ALPHA","td":1,"sr":1,"ks":{"o":{"a":0,"k":100,"ix":11},"r":{"a":0,"k":0,"ix":10},"p":{"a":0,"k":[299.499,344.999,0],"ix":2},"a":{"a":0,"k":[0,0,0],"ix":1},"s":{"a":0,"k":[100,100,100],"ix":6}},"ao":0,"shapes":[{"ty":"gr","it":[{"ind":0,"ty":"sh","ix":1,"ks":{"a":0,"k":{"i":[[-3.05,-1.2],[0,0],[0,-5.36],[0,0],[4.99,-1.96],[0,0],[3.06,1.2],[0,0],[0,5.36],[0,0],[-5,1.95],[0,0]],"o":[[0,0],[4.99,1.95],[0,0],[0,5.36],[0,0],[-3.05,1.2],[0,0],[-5,-1.96],[0,0],[0,-5.36],[0,0],[3.06,-1.2]],"v":[[4.751,-72.08],[55.041,-52.37],[63.321,-40.24],[63.321,40.24],[55.041,52.37],[4.751,72.08],[-4.759,72.08],[-55.039,52.37],[-63.319,40.24],[-63.319,-40.24],[-55.039,-52.37],[-4.759,-72.08]],"c":true},"ix":2},"nm":"Path 1","mn":"ADBE Vector Shape - Group","hd":false},{"ty":"fl","c":{"a":0,"k":[0.388235324037,0.654901960784,0,1],"ix":4},"o":{"a":0,"k":100,"ix":5},"r":1,"bm":0,"nm":"Fill 1","mn":"ADBE Vector Graphic - Fill","hd":false},{"ty":"tr","p":{"a":0,"k":[0,0],"ix":2},"a":{"a":0,"k":[0,0],"ix":1},"s":{"a":0,"k":[200,200],"ix":3},"r":{"a":0,"k":0,"ix":6},"o":{"a":0,"k":100,"ix":7},"sk":{"a":0,"k":0,"ix":4},"sa":{"a":0,"k":0,"ix":5},"nm":"Transform"}],"nm":"BOTTOM","np":2,"cix":2,"bm":0,"ix":1,"mn":"ADBE Vector Group","hd":false}],"ip":0,"op":3600,"st":0,"bm":0},{"ddd":0,"ind":12,"ty":4,"nm":"Shine - BOTTOM","tt":1,"sr":1,"ks":{"o":{"a":0,"k":35,"ix":11},"r":{"a":0,"k":45,"ix":10},"p":{"s":true,"x":{"a":1,"k":[{"i":{"x":[0.833],"y":[1]},"o":{"x":[0.167],"y":[0]},"t":65,"s":[100.53]},{"i":{"x":[0.675],"y":[1]},"o":{"x":[0.404],"y":[0]},"t":72,"s":[100.53]},{"i":{"x":[0.833],"y":[1]},"o":{"x":[0.167],"y":[0]},"t":149,"s":[471.53]},{"t":153,"s":[471.53]}],"ix":3},"y":{"a":1,"k":[{"i":{"x":[0.833],"y":[1]},"o":{"x":[0.167],"y":[0]},"t":65,"s":[142.116]},{"i":{"x":[0.675],"y":[1]},"o":{"x":[0.404],"y":[0]},"t":72,"s":[142.116]},{"i":{"x":[0.833],"y":[1]},"o":{"x":[0.167],"y":[0]},"t":149,"s":[485.116]},{"t":153,"s":[485.116]}],"ix":4}},"a":{"a":0,"k":[0,0,0],"ix":1},"s":{"a":1,"k":[{"i":{"x":[0.846,0.667,0.667],"y":[1,1,1]},"o":{"x":[1,0.333,0.333],"y":[0,0,0]},"t":65,"s":[45,100,100]},{"i":{"x":[0.548,0.65,0.65],"y":[1.075,1,1]},"o":{"x":[0.188,0.312,0.312],"y":[0,0,0]},"t":115,"s":[55,100,100]},{"i":{"x":[0.845,0.831,0.831],"y":[1,1,1]},"o":{"x":[0.315,0.379,0.379],"y":[0.233,0,0]},"t":119,"s":[66,100,100]},{"t":153,"s":[45,100,100]}],"ix":6}},"ao":0,"shapes":[{"ty":"gr","it":[{"ind":0,"ty":"sh","ix":1,"ks":{"a":0,"k":{"i":[[0,0],[0,0],[0,0],[0,0]],"o":[[0,0],[0,0],[0,0],[0,0]],"v":[[-33,-100.5],[33,-100.5],[33,100.5],[-33,100.5]],"c":true},"ix":2},"nm":"Path 1","mn":"ADBE Vector Shape - Group","hd":false},{"ty":"fl","c":{"a":0,"k":[1,1,1,1],"ix":4},"o":{"a":0,"k":100,"ix":5},"r":1,"bm":0,"nm":"Fill 1","mn":"ADBE Vector Graphic - Fill","hd":false},{"ty":"tr","p":{"a":0,"k":[0,0],"ix":2},"a":{"a":0,"k":[0,0],"ix":1},"s":{"a":0,"k":[200,200],"ix":3},"r":{"a":0,"k":0,"ix":6},"o":{"a":0,"k":100,"ix":7},"sk":{"a":0,"k":0,"ix":4},"sa":{"a":0,"k":0,"ix":5},"nm":"Transform"}],"nm":"SHINE","np":2,"cix":2,"bm":0,"ix":1,"mn":"ADBE Vector Group","hd":false}],"ip":0,"op":800,"st":0,"bm":0},{"ddd":0,"ind":13,"ty":4,"nm":"BOTTOM","sr":1,"ks":{"o":{"a":0,"k":100,"ix":11},"r":{"a":0,"k":0,"ix":10},"p":{"a":0,"k":[299.499,344.999,0],"ix":2},"a":{"a":0,"k":[0,0,0],"ix":1},"s":{"a":0,"k":[100,100,100],"ix":6}},"ao":0,"shapes":[{"ty":"gr","it":[{"ind":0,"ty":"sh","ix":1,"ks":{"a":0,"k":{"i":[[-3.05,-1.2],[0,0],[0,-5.36],[0,0],[4.99,-1.96],[0,0],[3.06,1.2],[0,0],[0,5.36],[0,0],[-5,1.95],[0,0]],"o":[[0,0],[4.99,1.95],[0,0],[0,5.36],[0,0],[-3.05,1.2],[0,0],[-5,-1.96],[0,0],[0,-5.36],[0,0],[3.06,-1.2]],"v":[[4.751,-72.08],[55.041,-52.37],[63.321,-40.24],[63.321,40.24],[55.041,52.37],[4.751,72.08],[-4.759,72.08],[-55.039,52.37],[-63.319,40.24],[-63.319,-40.24],[-55.039,-52.37],[-4.759,-72.08]],"c":true},"ix":2},"nm":"Path 1","mn":"ADBE Vector Shape - Group","hd":false},{"ty":"fl","c":{"a":0,"k":[0.388235324037,0.654901960784,0,1],"ix":4},"o":{"a":0,"k":100,"ix":5},"r":1,"bm":0,"nm":"Fill 1","mn":"ADBE Vector Graphic - Fill","hd":false},{"ty":"tr","p":{"a":0,"k":[0,0],"ix":2},"a":{"a":0,"k":[0,0],"ix":1},"s":{"a":0,"k":[200,200],"ix":3},"r":{"a":0,"k":0,"ix":6},"o":{"a":0,"k":100,"ix":7},"sk":{"a":0,"k":0,"ix":4},"sa":{"a":0,"k":0,"ix":5},"nm":"Transform"}],"nm":"BOTTOM","np":2,"cix":2,"bm":0,"ix":1,"mn":"ADBE Vector Group","hd":false}],"ip":0,"op":3600,"st":0,"bm":0}]},{"id":"comp_1","layers":[{"ddd":0,"ind":1,"ty":4,"nm":"Shape Layer 2","sr":1,"ks":{"o":{"a":1,"k":[{"i":{"x":[0.059],"y":[1]},"o":{"x":[0.333],"y":[0]},"t":0,"s":[0]},{"i":{"x":[0.2],"y":[1]},"o":{"x":[0.131],"y":[0]},"t":8,"s":[100]},{"t":41,"s":[0]}],"ix":11},"r":{"a":1,"k":[{"i":{"x":[0.667],"y":[1]},"o":{"x":[0.333],"y":[0]},"t":0,"s":[108]},{"t":100,"s":[720]}],"ix":10},"p":{"a":0,"k":[100.062,99.844,0],"ix":2},"a":{"a":0,"k":[0.062,-0.156,0],"ix":1},"s":{"a":1,"k":[{"i":{"x":[0.322,0.322,0.667],"y":[1,1,1]},"o":{"x":[0.333,0.333,0.333],"y":[0,0,0]},"t":0,"s":[33,33,100]},{"i":{"x":[0.667,0.667,0.667],"y":[1,1,1]},"o":{"x":[0.652,0.652,0.333],"y":[0,0,0]},"t":12,"s":[150,150,100]},{"t":68,"s":[50,50,100]}],"ix":6}},"ao":0,"shapes":[{"ty":"gr","it":[{"ind":0,"ty":"sh","ix":1,"ks":{"a":0,"k":{"i":[[0,0],[0,0]],"o":[[0,0],[0,0]],"v":[[-5.375,5.75],[5.375,-5.875]],"c":false},"ix":2},"nm":"Path 1","mn":"ADBE Vector Shape - Group","hd":false},{"ty":"st","c":{"a":0,"k":[1,1,1,1],"ix":3},"o":{"a":0,"k":100,"ix":4},"w":{"a":0,"k":2,"ix":5},"lc":2,"lj":1,"ml":4,"bm":0,"nm":"Stroke 1","mn":"ADBE Vector Graphic - Stroke","hd":false},{"ty":"fl","c":{"a":0,"k":[1,1,1,1],"ix":4},"o":{"a":0,"k":100,"ix":5},"r":1,"bm":0,"nm":"Fill 1","mn":"ADBE Vector Graphic - Fill","hd":false},{"ty":"tr","p":{"a":0,"k":[0,0],"ix":2},"a":{"a":0,"k":[0,0],"ix":1},"s":{"a":0,"k":[100,100],"ix":3},"r":{"a":0,"k":0,"ix":6},"o":{"a":0,"k":100,"ix":7},"sk":{"a":0,"k":0,"ix":4},"sa":{"a":0,"k":0,"ix":5},"nm":"Transform"}],"nm":"Shape 1","np":3,"cix":2,"bm":0,"ix":1,"mn":"ADBE Vector Group","hd":false}],"ip":0,"op":150,"st":0,"bm":0},{"ddd":0,"ind":2,"ty":4,"nm":"Shape Layer 1","sr":1,"ks":{"o":{"a":1,"k":[{"i":{"x":[0.059],"y":[1]},"o":{"x":[0.333],"y":[0]},"t":0,"s":[0]},{"i":{"x":[0.2],"y":[1]},"o":{"x":[0.131],"y":[0]},"t":8,"s":[100]},{"t":41,"s":[0]}],"ix":11},"r":{"a":1,"k":[{"i":{"x":[0.667],"y":[1]},"o":{"x":[0.333],"y":[0]},"t":0,"s":[0]},{"t":100,"s":[720]}],"ix":10},"p":{"a":0,"k":[100.062,99.844,0],"ix":2},"a":{"a":0,"k":[0.062,-0.156,0],"ix":1},"s":{"a":1,"k":[{"i":{"x":[0.322,0.322,0.667],"y":[1,1,1]},"o":{"x":[0.333,0.333,0.333],"y":[0,0,0]},"t":0,"s":[33,33,100]},{"i":{"x":[0.667,0.667,0.667],"y":[1,1,1]},"o":{"x":[0.652,0.652,0.333],"y":[0,0,0]},"t":12,"s":[150,150,100]},{"t":68,"s":[50,50,100]}],"ix":6}},"ao":0,"shapes":[{"ty":"gr","it":[{"ind":0,"ty":"sh","ix":1,"ks":{"a":0,"k":{"i":[[0,0],[0,0]],"o":[[0,0],[0,0]],"v":[[-5.375,5.75],[5.375,-5.875]],"c":false},"ix":2},"nm":"Path 1","mn":"ADBE Vector Shape - Group","hd":false},{"ty":"st","c":{"a":0,"k":[1,1,1,1],"ix":3},"o":{"a":0,"k":100,"ix":4},"w":{"a":0,"k":2,"ix":5},"lc":2,"lj":1,"ml":4,"bm":0,"nm":"Stroke 1","mn":"ADBE Vector Graphic - Stroke","hd":false},{"ty":"fl","c":{"a":0,"k":[1,1,1,1],"ix":4},"o":{"a":0,"k":100,"ix":5},"r":1,"bm":0,"nm":"Fill 1","mn":"ADBE Vector Graphic - Fill","hd":false},{"ty":"tr","p":{"a":0,"k":[0,0],"ix":2},"a":{"a":0,"k":[0,0],"ix":1},"s":{"a":0,"k":[100,100],"ix":3},"r":{"a":0,"k":0,"ix":6},"o":{"a":0,"k":100,"ix":7},"sk":{"a":0,"k":0,"ix":4},"sa":{"a":0,"k":0,"ix":5},"nm":"Transform"}],"nm":"Shape 1","np":3,"cix":2,"bm":0,"ix":1,"mn":"ADBE Vector Group","hd":false}],"ip":0,"op":150,"st":0,"bm":0},{"ddd":0,"ind":3,"ty":4,"nm":"sparkle 14","sr":1,"ks":{"o":{"a":1,"k":[{"i":{"x":[0.16],"y":[1]},"o":{"x":[0.163],"y":[0.416]},"t":0,"s":[0]},{"i":{"x":[0.319],"y":[0.758]},"o":{"x":[0.167],"y":[0]},"t":8,"s":[74]},{"i":{"x":[0.682],"y":[0.831]},"o":{"x":[0.388],"y":[0.516]},"t":62,"s":[13.434]},{"i":{"x":[0.607],"y":[1]},"o":{"x":[0.295],"y":[0.713]},"t":100,"s":[2.046]},{"t":131,"s":[0]}],"ix":11},"r":{"a":1,"k":[{"i":{"x":[0.549],"y":[0.67]},"o":{"x":[0.333],"y":[0]},"t":0,"s":[0]},{"t":74,"s":[235.834]}],"ix":10},"p":{"s":true,"x":{"a":0,"k":100,"ix":3},"y":{"a":0,"k":100,"ix":4}},"a":{"a":0,"k":[0,0,0],"ix":1},"s":{"a":1,"k":[{"i":{"x":[0.667,0.667,0.667],"y":[1,1,1]},"o":{"x":[0.333,0.333,0.333],"y":[0,0,0]},"t":0,"s":[0,0,100]},{"i":{"x":[0.388,0.388,0.833],"y":[0.078,0.078,4.993]},"o":{"x":[0.172,0.172,0.333],"y":[0,0,0]},"t":20,"s":[35,35,100]},{"i":{"x":[0.68,0.68,0.7],"y":[1,1,1]},"o":{"x":[0.23,0.23,0.177],"y":[0.91,0.91,-8.126]},"t":58,"s":[14.774,14.774,100]},{"t":131,"s":[0,0,100]}],"ix":6}},"ao":0,"shapes":[{"ty":"gr","it":[{"ind":0,"ty":"sh","ix":1,"ks":{"a":0,"k":{"i":[[0,0],[1.12,-0.65],[0,0],[0.65,1.12],[0,0],[-1.13,0.65],[0,0],[-0.65,-1.13]],"o":[[0.65,1.12],[0,0],[-1.13,0.65],[0,0],[-0.65,-1.13],[0,0],[1.12,-0.65],[0,0]],"v":[[5.652,-0.208],[4.792,3.012],[0.212,5.652],[-3.008,4.792],[-5.648,0.212],[-4.788,-3.008],[-0.208,-5.648],[3.012,-4.788]],"c":true},"ix":2},"nm":"Path 1","mn":"ADBE Vector Shape - Group","hd":false},{"ty":"fl","c":{"a":0,"k":[1,1,1,1],"ix":4},"o":{"a":0,"k":100,"ix":5},"r":1,"bm":0,"nm":"Fill 1","mn":"ADBE Vector Graphic - Fill","hd":false},{"ty":"tr","p":{"a":0,"k":[0,0],"ix":2},"a":{"a":0,"k":[0,0],"ix":1},"s":{"a":0,"k":[600,600],"ix":3},"r":{"a":0,"k":0,"ix":6},"o":{"a":0,"k":100,"ix":7},"sk":{"a":0,"k":0,"ix":4},"sa":{"a":0,"k":0,"ix":5},"nm":"Transform"}],"nm":"Group 1","np":2,"cix":2,"bm":0,"ix":1,"mn":"ADBE Vector Group","hd":false}],"ip":0,"op":150,"st":-270,"bm":0}]},{"id":"comp_2","layers":[{"ddd":0,"ind":1,"ty":4,"nm":"quill","sr":1,"ks":{"o":{"a":0,"k":100,"ix":11},"r":{"a":0,"k":45,"ix":10},"p":{"a":0,"k":[120,163.056,0],"ix":2},"a":{"a":0,"k":[0,0,0],"ix":1},"s":{"a":0,"k":[100,100,100],"ix":6}},"ao":0,"shapes":[{"ty":"gr","it":[{"ind":0,"ty":"sh","ix":1,"ks":{"a":0,"k":{"i":[[0,0],[0,0]],"o":[[0,0],[0,0]],"v":[[0,-35.433],[0,35.437]],"c":false},"ix":2},"nm":"Path 1","mn":"ADBE Vector Shape - Group","hd":false},{"ty":"st","c":{"a":0,"k":[0.250980392157,0.454901990704,0,1],"ix":3},"o":{"a":0,"k":100,"ix":4},"w":{"a":0,"k":5.792,"ix":5},"lc":2,"lj":1,"ml":4,"bm":0,"nm":"Stroke 1","mn":"ADBE Vector Graphic - Stroke","hd":false},{"ty":"tr","p":{"a":0,"k":[0,0],"ix":2},"a":{"a":0,"k":[0,0],"ix":1},"s":{"a":0,"k":[200,200],"ix":3},"r":{"a":0,"k":0,"ix":6},"o":{"a":0,"k":100,"ix":7},"sk":{"a":0,"k":0,"ix":4},"sa":{"a":0,"k":0,"ix":5},"nm":"Transform"}],"nm":"quill","np":2,"cix":2,"bm":0,"ix":1,"mn":"ADBE Vector Group","hd":false}],"ip":0,"op":800,"st":0,"bm":0},{"ddd":0,"ind":2,"ty":4,"nm":"feather","parent":1,"sr":1,"ks":{"o":{"a":0,"k":100,"ix":11},"r":{"a":0,"k":0,"ix":10},"p":{"a":0,"k":[-0.575,-36.137,0],"ix":2},"a":{"a":0,"k":[0,0,0],"ix":1},"s":{"a":0,"k":[100,100,100],"ix":6}},"ao":0,"shapes":[{"ty":"gr","it":[{"ind":0,"ty":"sh","ix":1,"ks":{"a":0,"k":{"i":[[0,0.64],[0,0],[-11.55,0],[0,-11.15],[0,0],[0.47,-0.45],[0,0],[0,-0.21],[-0.45,0],[0,0],[0,-0.65],[0,0],[2.41,-1.58],[0,0],[0,0],[0,2.81],[0,0],[-0.65,0],[0,0],[0,0.44],[0.16,0.15],[0,0]],"o":[[0,0],[0,-11.15],[11.55,0],[0,0],[0,0.65],[0,0],[-0.15,0.15],[0,0.44],[0,0],[0.65,0],[0,0],[0,2.81],[0,0],[0,0],[-2.41,-1.58],[0,0],[0,-0.65],[0,0],[0.46,0],[0,-0.21],[0,0],[-0.46,-0.45]],"v":[[-20.917,-11.184],[-20.917,-24.024],[0.003,-44.204],[20.913,-24.024],[20.913,7.456],[20.183,9.166],[11.653,17.256],[11.413,17.816],[12.233,18.616],[19.743,18.616],[20.913,19.796],[20.913,25.986],[17.063,33.006],[0.003,44.206],[-17.067,33.006],[-20.917,25.986],[-20.917,1.126],[-19.737,-0.054],[-12.267,-0.054],[-11.447,-0.854],[-11.687,-1.414],[-20.187,-9.474]],"c":true},"ix":2},"nm":"Path 1","mn":"ADBE Vector Shape - Group","hd":false},{"ty":"fl","c":{"a":0,"k":[0.313725490196,0.545098039216,0,1],"ix":4},"o":{"a":0,"k":100,"ix":5},"r":1,"bm":0,"nm":"Fill 1","mn":"ADBE Vector Graphic - Fill","hd":false},{"ty":"tr","p":{"a":0,"k":[0,0],"ix":2},"a":{"a":0,"k":[0,0],"ix":1},"s":{"a":0,"k":[200,200],"ix":3},"r":{"a":0,"k":0,"ix":6},"o":{"a":0,"k":100,"ix":7},"sk":{"a":0,"k":0,"ix":4},"sa":{"a":0,"k":0,"ix":5},"nm":"Transform"}],"nm":"feather","np":2,"cix":2,"bm":0,"ix":1,"mn":"ADBE Vector Group","hd":false}],"ip":0,"op":800,"st":0,"bm":0}]}],"layers":[{"ddd":0,"ind":5,"ty":0,"nm":"06 Emerald - FRONT","refId":"comp_0","sr":1,"ks":{"o":{"a":0,"k":100,"ix":11},"r":{"a":0,"k":0,"ix":10},"p":{"a":0,"k":[100,125,0],"ix":2},"a":{"a":0,"k":[300,335,0],"ix":1},"s":{"a":0,"k":[70,70,100],"ix":6}},"ao":0,"w":600,"h":670,"ip":0,"op":800,"st":0,"bm":0}],"markers":[]}
