{"v":"5.5.9","fr":60,"ip":107,"op":407,"w":750,"h":563,"nm":"03_SAPPHIRE-GOLD_Demotion","ddd":0,"assets":[{"id":"comp_0","layers":[{"ddd":0,"ind":1,"ty":4,"nm":"Smoke CIRCLE 4","sr":1,"ks":{"o":{"a":0,"k":100,"ix":11},"r":{"a":0,"k":0,"ix":10},"p":{"s":true,"x":{"a":1,"k":[{"i":{"x":[0.209],"y":[1]},"o":{"x":[0.032],"y":[0.337]},"t":169,"s":[408.244]},{"t":300,"s":[343.026]}],"ix":3},"y":{"a":0,"k":744,"ix":4}},"a":{"a":0,"k":[0,0,0],"ix":1},"s":{"a":0,"k":[100,100,100],"ix":6}},"ao":0,"shapes":[{"d":1,"ty":"el","s":{"a":1,"k":[{"i":{"x":[0.471,0.471],"y":[1,1]},"o":{"x":[0.055,0.055],"y":[0.44,0.44]},"t":169,"s":[64.043,64.043]},{"t":300,"s":[73.164,73.164]}],"ix":2},"p":{"a":0,"k":[0,0],"ix":3},"nm":"Ellipse Path 1","mn":"ADBE Vector Shape - Ellipse","hd":false},{"ty":"fl","c":{"a":1,"k":[{"i":{"x":[0.667],"y":[1]},"o":{"x":[0.167],"y":[0.289]},"t":169,"s":[0.929411828518,0.929411828518,0.929411828518,1]},{"t":300,"s":[1,1,1,1]}],"ix":4},"o":{"a":0,"k":100,"ix":5},"r":1,"bm":0,"nm":"Fill 1","mn":"ADBE Vector Graphic - Fill","hd":false}],"ip":0,"op":500,"st":0,"bm":0},{"ddd":0,"ind":2,"ty":4,"nm":"Smoke CIRCLE 2","sr":1,"ks":{"o":{"a":0,"k":100,"ix":11},"r":{"a":0,"k":0,"ix":10},"p":{"s":true,"x":{"a":1,"k":[{"i":{"x":[0.209],"y":[1]},"o":{"x":[0.067],"y":[0.354]},"t":169,"s":[511.244]},{"t":287,"s":[546.244]}],"ix":3},"y":{"a":0,"k":744,"ix":4}},"a":{"a":0,"k":[0,0,0],"ix":1},"s":{"a":0,"k":[100,100,100],"ix":6}},"ao":0,"shapes":[{"d":1,"ty":"el","s":{"a":1,"k":[{"i":{"x":[0.471,0.471],"y":[1,1]},"o":{"x":[0.055,0.055],"y":[0.535,0.535]},"t":169,"s":[80,80]},{"t":287,"s":[117.276,117.276]}],"ix":2},"p":{"a":0,"k":[0,0],"ix":3},"nm":"Ellipse Path 1","mn":"ADBE Vector Shape - Ellipse","hd":false},{"ty":"fl","c":{"a":1,"k":[{"i":{"x":[0.667],"y":[1]},"o":{"x":[0.167],"y":[0.289]},"t":169,"s":[0.929411824544,0.929411824544,0.929411824544,1]},{"t":287,"s":[1,1,1,1]}],"ix":4},"o":{"a":0,"k":100,"ix":5},"r":1,"bm":0,"nm":"Fill 1","mn":"ADBE Vector Graphic - Fill","hd":false}],"ip":0,"op":500,"st":0,"bm":0},{"ddd":0,"ind":3,"ty":4,"nm":"Smoke CIRCLE 3","sr":1,"ks":{"o":{"a":0,"k":100,"ix":11},"r":{"a":0,"k":0,"ix":10},"p":{"s":true,"x":{"a":1,"k":[{"i":{"x":[0.465],"y":[1]},"o":{"x":[0.007],"y":[0.521]},"t":169,"s":[455.244]},{"t":287,"s":[445.244]}],"ix":3},"y":{"a":0,"k":744,"ix":4}},"a":{"a":0,"k":[0,0,0],"ix":1},"s":{"a":0,"k":[100,100,100],"ix":6}},"ao":0,"shapes":[{"d":1,"ty":"el","s":{"a":1,"k":[{"i":{"x":[0.471,0.471],"y":[1,1]},"o":{"x":[0.091,0.091],"y":[0.482,0.482]},"t":169,"s":[100,100]},{"t":287,"s":[191.558,191.558]}],"ix":2},"p":{"a":0,"k":[0,0],"ix":3},"nm":"Ellipse Path 1","mn":"ADBE Vector Shape - Ellipse","hd":false},{"ty":"fl","c":{"a":1,"k":[{"i":{"x":[0.667],"y":[1]},"o":{"x":[0.167],"y":[0.289]},"t":169,"s":[0.929411824544,0.929411824544,0.929411824544,1]},{"t":287,"s":[1,1,1,1]}],"ix":4},"o":{"a":0,"k":100,"ix":5},"r":1,"bm":0,"nm":"Fill 1","mn":"ADBE Vector Graphic - Fill","hd":false}],"ip":0,"op":500,"st":0,"bm":0}]},{"id":"comp_1","layers":[{"ddd":0,"ind":1,"ty":4,"nm":"Smoke CIRCLE 4","sr":1,"ks":{"o":{"a":0,"k":100,"ix":11},"r":{"a":0,"k":0,"ix":10},"p":{"s":true,"x":{"a":1,"k":[{"i":{"x":[0.415],"y":[1]},"o":{"x":[0.036],"y":[0.811]},"t":169,"s":[492.244]},{"t":300,"s":[503.04]}],"ix":3},"y":{"a":0,"k":744,"ix":4}},"a":{"a":0,"k":[0,0,0],"ix":1},"s":{"a":0,"k":[100,100,100],"ix":6}},"ao":0,"shapes":[{"d":1,"ty":"el","s":{"a":1,"k":[{"i":{"x":[0.471,0.471],"y":[1,1]},"o":{"x":[0.055,0.055],"y":[0.44,0.44]},"t":169,"s":[64.043,64.043]},{"t":300,"s":[73.164,73.164]}],"ix":2},"p":{"a":0,"k":[0,0],"ix":3},"nm":"Ellipse Path 1","mn":"ADBE Vector Shape - Ellipse","hd":false},{"ty":"fl","c":{"a":1,"k":[{"i":{"x":[0.667],"y":[1]},"o":{"x":[0.167],"y":[0.289]},"t":169,"s":[0.931035539216,0.931035539216,0.931035539216,1]},{"t":300,"s":[1,1,1,1]}],"ix":4},"o":{"a":0,"k":100,"ix":5},"r":1,"bm":0,"nm":"Fill 1","mn":"ADBE Vector Graphic - Fill","hd":false}],"ip":0,"op":500,"st":0,"bm":0},{"ddd":0,"ind":2,"ty":4,"nm":"Smoke CIRCLE 2","sr":1,"ks":{"o":{"a":0,"k":100,"ix":11},"r":{"a":0,"k":0,"ix":10},"p":{"s":true,"x":{"a":1,"k":[{"i":{"x":[0.415],"y":[1]},"o":{"x":[0.036],"y":[0.811]},"t":169,"s":[492.244]},{"t":300,"s":[566.479]}],"ix":3},"y":{"a":0,"k":744,"ix":4}},"a":{"a":0,"k":[0,0,0],"ix":1},"s":{"a":0,"k":[100,100,100],"ix":6}},"ao":0,"shapes":[{"d":1,"ty":"el","s":{"a":1,"k":[{"i":{"x":[0.471,0.471],"y":[1,1]},"o":{"x":[0.055,0.055],"y":[0.44,0.44]},"t":169,"s":[80,80]},{"t":300,"s":[130.276,130.276]}],"ix":2},"p":{"a":0,"k":[0,0],"ix":3},"nm":"Ellipse Path 1","mn":"ADBE Vector Shape - Ellipse","hd":false},{"ty":"fl","c":{"a":1,"k":[{"i":{"x":[0.667],"y":[1]},"o":{"x":[0.167],"y":[0.289]},"t":169,"s":[0.931035539216,0.931035539216,0.931035539216,1]},{"t":300,"s":[1,1,1,1]}],"ix":4},"o":{"a":0,"k":100,"ix":5},"r":1,"bm":0,"nm":"Fill 1","mn":"ADBE Vector Graphic - Fill","hd":false}],"ip":0,"op":500,"st":0,"bm":0},{"ddd":0,"ind":3,"ty":4,"nm":"Smoke CIRCLE 3","sr":1,"ks":{"o":{"a":0,"k":100,"ix":11},"r":{"a":0,"k":0,"ix":10},"p":{"s":true,"x":{"a":1,"k":[{"i":{"x":[0.291],"y":[1]},"o":{"x":[0.036],"y":[0.686]},"t":169,"s":[492.244]},{"t":300,"s":[642.67]}],"ix":3},"y":{"a":0,"k":744,"ix":4}},"a":{"a":0,"k":[0,0,0],"ix":1},"s":{"a":0,"k":[100,100,100],"ix":6}},"ao":0,"shapes":[{"d":1,"ty":"el","s":{"a":1,"k":[{"i":{"x":[0.471,0.471],"y":[1,1]},"o":{"x":[0.091,0.091],"y":[0.395,0.395]},"t":169,"s":[100,100]},{"t":300,"s":[195.529,195.529]}],"ix":2},"p":{"a":0,"k":[0,0],"ix":3},"nm":"Ellipse Path 1","mn":"ADBE Vector Shape - Ellipse","hd":false},{"ty":"fl","c":{"a":1,"k":[{"i":{"x":[0.667],"y":[1]},"o":{"x":[0.167],"y":[0.289]},"t":169,"s":[0.931035539216,0.931035539216,0.931035539216,1]},{"t":300,"s":[1,1,1,1]}],"ix":4},"o":{"a":0,"k":100,"ix":5},"r":1,"bm":0,"nm":"Fill 1","mn":"ADBE Vector Graphic - Fill","hd":false}],"ip":0,"op":500,"st":0,"bm":0}]},{"id":"comp_2","layers":[{"ddd":0,"ind":1,"ty":4,"nm":"Smoke CIRCLE 4","sr":1,"ks":{"o":{"a":0,"k":100,"ix":11},"r":{"a":0,"k":0,"ix":10},"p":{"s":true,"x":{"a":1,"k":[{"i":{"x":[0.415],"y":[1]},"o":{"x":[0.036],"y":[0.811]},"t":169,"s":[492.244]},{"t":300,"s":[521.255]}],"ix":3},"y":{"a":0,"k":744,"ix":4}},"a":{"a":0,"k":[0,0,0],"ix":1},"s":{"a":0,"k":[100,100,100],"ix":6}},"ao":0,"shapes":[{"d":1,"ty":"el","s":{"a":1,"k":[{"i":{"x":[0.471,0.471],"y":[1,1]},"o":{"x":[0.055,0.055],"y":[0.44,0.44]},"t":169,"s":[64.043,64.043]},{"t":300,"s":[73.164,73.164]}],"ix":2},"p":{"a":0,"k":[0,0],"ix":3},"nm":"Ellipse Path 1","mn":"ADBE Vector Shape - Ellipse","hd":false},{"ty":"fl","c":{"a":1,"k":[{"i":{"x":[0.667],"y":[1]},"o":{"x":[0.167],"y":[0.289]},"t":169,"s":[0.931035539216,0.931035539216,0.931035539216,1]},{"t":300,"s":[1,1,1,1]}],"ix":4},"o":{"a":0,"k":100,"ix":5},"r":1,"bm":0,"nm":"Fill 1","mn":"ADBE Vector Graphic - Fill","hd":false}],"ip":0,"op":500,"st":0,"bm":0},{"ddd":0,"ind":2,"ty":4,"nm":"Smoke CIRCLE 2","sr":1,"ks":{"o":{"a":0,"k":100,"ix":11},"r":{"a":0,"k":0,"ix":10},"p":{"s":true,"x":{"a":1,"k":[{"i":{"x":[0.415],"y":[1]},"o":{"x":[0.036],"y":[0.706]},"t":169,"s":[492.244]},{"t":283,"s":[610.315]}],"ix":3},"y":{"a":0,"k":744,"ix":4}},"a":{"a":0,"k":[0,0,0],"ix":1},"s":{"a":0,"k":[100,100,100],"ix":6}},"ao":0,"shapes":[{"d":1,"ty":"el","s":{"a":1,"k":[{"i":{"x":[0.471,0.471],"y":[1,1]},"o":{"x":[0.055,0.055],"y":[0.44,0.44]},"t":169,"s":[80,80]},{"t":300,"s":[144.857,144.857]}],"ix":2},"p":{"a":0,"k":[0,0],"ix":3},"nm":"Ellipse Path 1","mn":"ADBE Vector Shape - Ellipse","hd":false},{"ty":"fl","c":{"a":1,"k":[{"i":{"x":[0.667],"y":[1]},"o":{"x":[0.167],"y":[0.289]},"t":169,"s":[0.931035539216,0.931035539216,0.931035539216,1]},{"t":300,"s":[1,1,1,1]}],"ix":4},"o":{"a":0,"k":100,"ix":5},"r":1,"bm":0,"nm":"Fill 1","mn":"ADBE Vector Graphic - Fill","hd":false}],"ip":0,"op":500,"st":0,"bm":0}]},{"id":"comp_3","layers":[{"ddd":0,"ind":1,"ty":3,"nm":"Null 6","sr":1,"ks":{"o":{"a":0,"k":0,"ix":11},"r":{"a":0,"k":45,"ix":10},"p":{"a":0,"k":[300,335,0],"ix":2},"a":{"a":0,"k":[0,0,0],"ix":1},"s":{"a":0,"k":[110,110,100],"ix":6}},"ao":0,"ip":0,"op":800,"st":0,"bm":0},{"ddd":0,"ind":2,"ty":0,"nm":"04 Sapphire - FEATHER","parent":1,"refId":"comp_4","sr":1,"ks":{"o":{"a":0,"k":100,"ix":11},"r":{"a":0,"k":0,"ix":10},"p":{"a":0,"k":[8.911,-10.196,0],"ix":2},"a":{"a":0,"k":[140.5,157,0],"ix":1},"s":{"a":0,"k":[100,100,100],"ix":6}},"ao":0,"w":281,"h":314,"ip":0,"op":800,"st":0,"bm":0},{"ddd":0,"ind":3,"ty":4,"nm":"TOP Interior","parent":1,"sr":1,"ks":{"o":{"a":0,"k":100,"ix":11},"r":{"a":0,"k":0,"ix":10},"p":{"a":0,"k":[-0.501,-10.26,0],"ix":2},"a":{"a":0,"k":[0,0,0],"ix":1},"s":{"a":0,"k":[100,100,100],"ix":6}},"ao":0,"shapes":[{"ty":"gr","it":[{"ind":0,"ty":"sh","ix":1,"ks":{"a":0,"k":{"i":[[0,0],[0,0],[0,0],[0,0],[0,0],[0,0]],"o":[[0,0],[0,0],[0,0],[0,0],[0,0],[0,0]],"v":[[0.001,-58.754],[-49.429,-39.384],[-49.429,39.386],[0.001,58.756],[49.431,39.386],[49.431,-39.384]],"c":true},"ix":2},"nm":"Path 1","mn":"ADBE Vector Shape - Group","hd":false},{"ty":"fl","c":{"a":0,"k":[0.10980399698,0.690195977688,0.964706003666,1],"ix":4},"o":{"a":0,"k":100,"ix":5},"r":1,"bm":0,"nm":"Fill 1","mn":"ADBE Vector Graphic - Fill","hd":false},{"ty":"tr","p":{"a":0,"k":[0,0],"ix":2},"a":{"a":0,"k":[0,0],"ix":1},"s":{"a":0,"k":[200,200],"ix":3},"r":{"a":0,"k":0,"ix":6},"o":{"a":0,"k":100,"ix":7},"sk":{"a":0,"k":0,"ix":4},"sa":{"a":0,"k":0,"ix":5},"nm":"Transform"}],"nm":"TOP Interior","np":2,"cix":2,"bm":0,"ix":1,"mn":"ADBE Vector Group","hd":false}],"ip":0,"op":3600,"st":0,"bm":0},{"ddd":0,"ind":4,"ty":4,"nm":"TOP Rim","parent":1,"sr":1,"ks":{"o":{"a":0,"k":100,"ix":11},"r":{"a":0,"k":0,"ix":10},"p":{"a":0,"k":[-0.501,-10.26,0],"ix":2},"a":{"a":0,"k":[0,0,0],"ix":1},"s":{"a":0,"k":[100,100,100],"ix":6}},"ao":0,"shapes":[{"ty":"gr","it":[{"ind":0,"ty":"sh","ix":1,"ks":{"a":0,"k":{"i":[[0,0],[0,-5.04],[0,0],[4.6,-1.8],[0,0],[2.75,1.08],[0,0],[0,5.04],[0,0],[-4.6,1.8],[0,0],[-2.75,-1.08]],"o":[[4.6,1.8],[0,0],[0,5.04],[0,0],[-2.75,1.08],[0,0],[-4.6,-1.8],[0,0],[0,-5.04],[0,0],[2.75,-1.08],[0,0]],"v":[[55.681,-52.12],[63.321,-40.77],[63.321,40.77],[55.681,52.12],[4.271,72.27],[-4.269,72.27],[-55.679,52.12],[-63.319,40.77],[-63.319,-40.77],[-55.679,-52.12],[-4.269,-72.27],[4.271,-72.27]],"c":true},"ix":2},"nm":"Path 1","mn":"ADBE Vector Shape - Group","hd":false},{"ty":"fl","c":{"a":0,"k":[0.274509996176,0.768626987934,1,1],"ix":4},"o":{"a":0,"k":100,"ix":5},"r":1,"bm":0,"nm":"Fill 1","mn":"ADBE Vector Graphic - Fill","hd":false},{"ty":"tr","p":{"a":0,"k":[0,0],"ix":2},"a":{"a":0,"k":[0,0],"ix":1},"s":{"a":0,"k":[200,200],"ix":3},"r":{"a":0,"k":0,"ix":6},"o":{"a":0,"k":100,"ix":7},"sk":{"a":0,"k":0,"ix":4},"sa":{"a":0,"k":0,"ix":5},"nm":"Transform"}],"nm":"TOP Rim","np":2,"cix":2,"bm":0,"ix":1,"mn":"ADBE Vector Group","hd":false}],"ip":0,"op":3600,"st":0,"bm":0},{"ddd":0,"ind":5,"ty":4,"nm":"BOTTOM","parent":1,"sr":1,"ks":{"o":{"a":0,"k":100,"ix":11},"r":{"a":0,"k":0,"ix":10},"p":{"s":true,"x":{"a":0,"k":-0.501,"ix":3},"y":{"a":1,"k":[{"i":{"x":[0.933],"y":[0.877]},"o":{"x":[0.797],"y":[0]},"t":220,"s":[9.999]},{"t":228,"s":[-10.001]}],"ix":4}},"a":{"a":0,"k":[0,0,0],"ix":1},"s":{"a":0,"k":[100,100,100],"ix":6}},"ao":0,"shapes":[{"ty":"gr","it":[{"ind":0,"ty":"sh","ix":1,"ks":{"a":1,"k":[{"i":{"x":0.833,"y":0.833},"o":{"x":0.901,"y":0},"t":249,"s":[{"i":[[-3.05,-1.2],[0,0],[0,-5.36],[0,0],[4.99,-1.96],[0,0],[3.06,1.2],[0,0],[0,5.36],[0,0],[-5,1.95],[0,0]],"o":[[0,0],[4.99,1.95],[0,0],[0,5.36],[0,0],[-3.05,1.2],[0,0],[-5,-1.96],[0,0],[0,-5.36],[0,0],[3.06,-1.2]],"v":[[4.751,-72.08],[55.041,-52.37],[63.321,-40.24],[63.321,40.24],[55.041,52.37],[4.751,72.08],[-4.759,72.08],[-55.039,52.37],[-63.319,40.24],[-63.319,-40.24],[-55.039,-52.37],[-4.759,-72.08]],"c":true}]},{"t":271,"s":[{"i":[[-3.05,-1.2],[0,0],[0,-5.36],[0,0],[4.99,-1.96],[0,0],[3.06,1.2],[0,0],[0,5.36],[0,0],[-5,1.95],[0,0]],"o":[[0,0],[4.99,1.95],[0,0],[0,5.36],[0,0],[-3.05,1.2],[0,0],[-5,-1.96],[0,0],[0,-5.36],[0,0],[3.06,-1.2]],"v":[[-9.384,-87.861],[40.906,-68.151],[62.687,-44.452],[51.658,26.809],[43.378,38.939],[-6.912,58.649],[-16.422,58.649],[-55.994,51.694],[-78.784,25.7],[-77.454,-56.021],[-69.174,-68.151],[-18.894,-87.861]],"c":true}]}],"ix":2},"nm":"Path 1","mn":"ADBE Vector Shape - Group","hd":false},{"ty":"fl","c":{"a":0,"k":[0.003922000062,0.564706027508,0.803921997547,1],"ix":4},"o":{"a":0,"k":100,"ix":5},"r":1,"bm":0,"nm":"Fill 1","mn":"ADBE Vector Graphic - Fill","hd":false},{"ty":"tr","p":{"a":0,"k":[0,0],"ix":2},"a":{"a":0,"k":[0,0],"ix":1},"s":{"a":0,"k":[200,200],"ix":3},"r":{"a":0,"k":0,"ix":6},"o":{"a":0,"k":100,"ix":7},"sk":{"a":0,"k":0,"ix":4},"sa":{"a":0,"k":0,"ix":5},"nm":"Transform"}],"nm":"BOTTOM","np":2,"cix":2,"bm":0,"ix":1,"mn":"ADBE Vector Group","hd":false}],"ip":0,"op":3600,"st":0,"bm":0}]},{"id":"comp_4","layers":[{"ddd":0,"ind":1,"ty":4,"nm":"quill","sr":1,"ks":{"o":{"a":0,"k":100,"ix":11},"r":{"a":0,"k":45,"ix":10},"p":{"a":0,"k":[118,171.056,0],"ix":2},"a":{"a":0,"k":[0,0,0],"ix":1},"s":{"a":0,"k":[100,100,100],"ix":6}},"ao":0,"shapes":[{"ty":"gr","it":[{"ind":0,"ty":"sh","ix":1,"ks":{"a":0,"k":{"i":[[0,0],[0,0]],"o":[[0,0],[0,0]],"v":[[0,-35.433],[0,35.437]],"c":false},"ix":2},"nm":"Path 1","mn":"ADBE Vector Shape - Group","hd":false},{"ty":"st","c":{"a":0,"k":[0,0.376470618154,0.564705882353,1],"ix":3},"o":{"a":0,"k":100,"ix":4},"w":{"a":0,"k":5.792,"ix":5},"lc":2,"lj":1,"ml":4,"bm":0,"nm":"Stroke 1","mn":"ADBE Vector Graphic - Stroke","hd":false},{"ty":"tr","p":{"a":0,"k":[0,0],"ix":2},"a":{"a":0,"k":[0,0],"ix":1},"s":{"a":0,"k":[200,200],"ix":3},"r":{"a":0,"k":0,"ix":6},"o":{"a":0,"k":100,"ix":7},"sk":{"a":0,"k":0,"ix":4},"sa":{"a":0,"k":0,"ix":5},"nm":"Transform"}],"nm":"quill","np":2,"cix":2,"bm":0,"ix":1,"mn":"ADBE Vector Group","hd":false}],"ip":0,"op":800,"st":0,"bm":0},{"ddd":0,"ind":2,"ty":4,"nm":"feather","parent":1,"sr":1,"ks":{"o":{"a":0,"k":100,"ix":11},"r":{"a":0,"k":0,"ix":10},"p":{"a":0,"k":[-0.575,-36.137,0],"ix":2},"a":{"a":0,"k":[0,0,0],"ix":1},"s":{"a":0,"k":[100,100,100],"ix":6}},"ao":0,"shapes":[{"ty":"gr","it":[{"ind":0,"ty":"sh","ix":1,"ks":{"a":0,"k":{"i":[[0,0.64],[0,0],[-11.55,0],[0,-11.15],[0,0],[0.47,-0.45],[0,0],[0,-0.21],[-0.45,0],[0,0],[0,-0.65],[0,0],[2.41,-1.58],[0,0],[0,0],[0,2.81],[0,0],[-0.65,0],[0,0],[0,0.44],[0.16,0.15],[0,0]],"o":[[0,0],[0,-11.15],[11.55,0],[0,0],[0,0.65],[0,0],[-0.15,0.15],[0,0.44],[0,0],[0.65,0],[0,0],[0,2.81],[0,0],[0,0],[-2.41,-1.58],[0,0],[0,-0.65],[0,0],[0.46,0],[0,-0.21],[0,0],[-0.46,-0.45]],"v":[[-20.917,-11.184],[-20.917,-24.024],[0.003,-44.204],[20.913,-24.024],[20.913,7.456],[20.183,9.166],[11.653,17.256],[11.413,17.816],[12.233,18.616],[19.743,18.616],[20.913,19.796],[20.913,25.986],[17.063,33.006],[0.003,44.206],[-17.067,33.006],[-20.917,25.986],[-20.917,1.126],[-19.737,-0.054],[-12.267,-0.054],[-11.447,-0.854],[-11.687,-1.414],[-20.187,-9.474]],"c":true},"ix":2},"nm":"Path 1","mn":"ADBE Vector Shape - Group","hd":false},{"ty":"fl","c":{"a":0,"k":[0,0.462745127958,0.674509803922,1],"ix":4},"o":{"a":0,"k":100,"ix":5},"r":1,"bm":0,"nm":"Fill 1","mn":"ADBE Vector Graphic - Fill","hd":false},{"ty":"tr","p":{"a":0,"k":[0,0],"ix":2},"a":{"a":0,"k":[0,0],"ix":1},"s":{"a":0,"k":[200,200],"ix":3},"r":{"a":0,"k":0,"ix":6},"o":{"a":0,"k":100,"ix":7},"sk":{"a":0,"k":0,"ix":4},"sa":{"a":0,"k":0,"ix":5},"nm":"Transform"}],"nm":"feather","np":2,"cix":2,"bm":0,"ix":1,"mn":"ADBE Vector Group","hd":false}],"ip":0,"op":800,"st":0,"bm":0}]},{"id":"comp_5","layers":[{"ddd":0,"ind":4,"ty":0,"nm":"04 Sapphire - FEATHER","refId":"comp_4","sr":1,"ks":{"o":{"a":0,"k":100,"ix":11},"r":{"a":0,"k":0,"ix":10},"p":{"a":0,"k":[308.5,325,0],"ix":2},"a":{"a":0,"k":[140.5,157,0],"ix":1},"s":{"a":0,"k":[100,100,100],"ix":6}},"ao":0,"w":281,"h":314,"ip":0,"op":800,"st":0,"bm":0},{"ddd":0,"ind":7,"ty":4,"nm":"TOP Interior","sr":1,"ks":{"o":{"a":0,"k":100,"ix":11},"r":{"a":0,"k":0,"ix":10},"p":{"a":0,"k":[299.499,324.74,0],"ix":2},"a":{"a":0,"k":[0,0,0],"ix":1},"s":{"a":0,"k":[100,100,100],"ix":6}},"ao":0,"shapes":[{"ty":"gr","it":[{"ind":0,"ty":"sh","ix":1,"ks":{"a":0,"k":{"i":[[0,0],[0,0],[0,0],[0,0],[0,0],[0,0]],"o":[[0,0],[0,0],[0,0],[0,0],[0,0],[0,0]],"v":[[0.001,-58.754],[-49.429,-39.384],[-49.429,39.386],[0.001,58.756],[49.431,39.386],[49.431,-39.384]],"c":true},"ix":2},"nm":"Path 1","mn":"ADBE Vector Shape - Group","hd":false},{"ty":"fl","c":{"a":0,"k":[0.10980399698,0.690195977688,0.964706003666,1],"ix":4},"o":{"a":0,"k":100,"ix":5},"r":1,"bm":0,"nm":"Fill 1","mn":"ADBE Vector Graphic - Fill","hd":false},{"ty":"tr","p":{"a":0,"k":[0,0],"ix":2},"a":{"a":0,"k":[0,0],"ix":1},"s":{"a":0,"k":[200,200],"ix":3},"r":{"a":0,"k":0,"ix":6},"o":{"a":0,"k":100,"ix":7},"sk":{"a":0,"k":0,"ix":4},"sa":{"a":0,"k":0,"ix":5},"nm":"Transform"}],"nm":"TOP Interior","np":2,"cix":2,"bm":0,"ix":1,"mn":"ADBE Vector Group","hd":false}],"ip":0,"op":3600,"st":0,"bm":0},{"ddd":0,"ind":10,"ty":4,"nm":"TOP Rim","sr":1,"ks":{"o":{"a":0,"k":100,"ix":11},"r":{"a":0,"k":0,"ix":10},"p":{"a":0,"k":[299.499,324.74,0],"ix":2},"a":{"a":0,"k":[0,0,0],"ix":1},"s":{"a":0,"k":[100,100,100],"ix":6}},"ao":0,"shapes":[{"ty":"gr","it":[{"ind":0,"ty":"sh","ix":1,"ks":{"a":0,"k":{"i":[[0,0],[0,-5.04],[0,0],[4.6,-1.8],[0,0],[2.75,1.08],[0,0],[0,5.04],[0,0],[-4.6,1.8],[0,0],[-2.75,-1.08]],"o":[[4.6,1.8],[0,0],[0,5.04],[0,0],[-2.75,1.08],[0,0],[-4.6,-1.8],[0,0],[0,-5.04],[0,0],[2.75,-1.08],[0,0]],"v":[[55.681,-52.12],[63.321,-40.77],[63.321,40.77],[55.681,52.12],[4.271,72.27],[-4.269,72.27],[-55.679,52.12],[-63.319,40.77],[-63.319,-40.77],[-55.679,-52.12],[-4.269,-72.27],[4.271,-72.27]],"c":true},"ix":2},"nm":"Path 1","mn":"ADBE Vector Shape - Group","hd":false},{"ty":"fl","c":{"a":0,"k":[0.274509996176,0.768626987934,1,1],"ix":4},"o":{"a":0,"k":100,"ix":5},"r":1,"bm":0,"nm":"Fill 1","mn":"ADBE Vector Graphic - Fill","hd":false},{"ty":"tr","p":{"a":0,"k":[0,0],"ix":2},"a":{"a":0,"k":[0,0],"ix":1},"s":{"a":0,"k":[200,200],"ix":3},"r":{"a":0,"k":0,"ix":6},"o":{"a":0,"k":100,"ix":7},"sk":{"a":0,"k":0,"ix":4},"sa":{"a":0,"k":0,"ix":5},"nm":"Transform"}],"nm":"TOP Rim","np":2,"cix":2,"bm":0,"ix":1,"mn":"ADBE Vector Group","hd":false}],"ip":0,"op":3600,"st":0,"bm":0},{"ddd":0,"ind":13,"ty":4,"nm":"BOTTOM","sr":1,"ks":{"o":{"a":0,"k":100,"ix":11},"r":{"a":0,"k":0,"ix":10},"p":{"s":true,"x":{"a":0,"k":299.499,"ix":3},"y":{"a":1,"k":[{"i":{"x":[0.933],"y":[0.877]},"o":{"x":[0.797],"y":[0]},"t":220,"s":[344.999]},{"t":228,"s":[324.999]}],"ix":4}},"a":{"a":0,"k":[0,0,0],"ix":1},"s":{"a":0,"k":[100,100,100],"ix":6}},"ao":0,"shapes":[{"ty":"gr","it":[{"ind":0,"ty":"sh","ix":1,"ks":{"a":0,"k":{"i":[[-3.05,-1.2],[0,0],[0,-5.36],[0,0],[4.99,-1.96],[0,0],[3.06,1.2],[0,0],[0,5.36],[0,0],[-5,1.95],[0,0]],"o":[[0,0],[4.99,1.95],[0,0],[0,5.36],[0,0],[-3.05,1.2],[0,0],[-5,-1.96],[0,0],[0,-5.36],[0,0],[3.06,-1.2]],"v":[[4.751,-72.08],[55.041,-52.37],[63.321,-40.24],[63.321,40.24],[55.041,52.37],[4.751,72.08],[-4.759,72.08],[-55.039,52.37],[-63.319,40.24],[-63.319,-40.24],[-55.039,-52.37],[-4.759,-72.08]],"c":true},"ix":2},"nm":"Path 1","mn":"ADBE Vector Shape - Group","hd":false},{"ty":"fl","c":{"a":0,"k":[0.003922000062,0.564706027508,0.803921997547,1],"ix":4},"o":{"a":0,"k":100,"ix":5},"r":1,"bm":0,"nm":"Fill 1","mn":"ADBE Vector Graphic - Fill","hd":false},{"ty":"tr","p":{"a":0,"k":[0,0],"ix":2},"a":{"a":0,"k":[0,0],"ix":1},"s":{"a":0,"k":[200,200],"ix":3},"r":{"a":0,"k":0,"ix":6},"o":{"a":0,"k":100,"ix":7},"sk":{"a":0,"k":0,"ix":4},"sa":{"a":0,"k":0,"ix":5},"nm":"Transform"}],"nm":"BOTTOM","np":2,"cix":2,"bm":0,"ix":1,"mn":"ADBE Vector Group","hd":false}],"ip":0,"op":3600,"st":0,"bm":0}]},{"id":"comp_6","layers":[{"ddd":0,"ind":4,"ty":0,"nm":"03 Gold - FEATHER","refId":"comp_7","sr":1,"ks":{"o":{"a":0,"k":100,"ix":11},"r":{"a":0,"k":0,"ix":10},"p":{"a":0,"k":[306.5,333,0],"ix":2},"a":{"a":0,"k":[140.5,157,0],"ix":1},"s":{"a":0,"k":[100,100,100],"ix":6}},"ao":0,"w":281,"h":314,"ip":0,"op":800,"st":0,"bm":0},{"ddd":0,"ind":7,"ty":4,"nm":"TOP Interior","sr":1,"ks":{"o":{"a":0,"k":100,"ix":11},"r":{"a":0,"k":0,"ix":10},"p":{"a":0,"k":[299.645,325,0],"ix":2},"a":{"a":0,"k":[0,0,0],"ix":1},"s":{"a":0,"k":[100,100,100],"ix":6}},"ao":0,"shapes":[{"ty":"gr","it":[{"ind":0,"ty":"sh","ix":1,"ks":{"a":0,"k":{"i":[[6.96,0],[0,0],[0,-7.66],[0,0],[-26.62,0],[0,0],[0,26.08],[0,0]],"o":[[0,0],[-6.95,0],[0,0],[0,26.08],[0,0],[26.62,0],[0,0],[0,-7.66]],"v":[[43.328,-57],[-43.332,-57],[-53.572,-45.79],[-53.572,10.34],[-5.812,57],[5.818,57],[53.568,10.34],[53.568,-45.79]],"c":true},"ix":2},"nm":"Path 1","mn":"ADBE Vector Shape - Group","hd":false},{"ty":"fl","c":{"a":0,"k":[0.996078491211,0.780392216701,0.003921568627,1],"ix":4},"o":{"a":0,"k":100,"ix":5},"r":1,"bm":0,"nm":"Fill 1","mn":"ADBE Vector Graphic - Fill","hd":false},{"ty":"tr","p":{"a":0,"k":[0,0],"ix":2},"a":{"a":0,"k":[0,0],"ix":1},"s":{"a":0,"k":[200,200],"ix":3},"r":{"a":0,"k":0,"ix":6},"o":{"a":0,"k":100,"ix":7},"sk":{"a":0,"k":0,"ix":4},"sa":{"a":0,"k":0,"ix":5},"nm":"Transform"}],"nm":"TOP Interior","np":2,"cix":2,"bm":0,"ix":1,"mn":"ADBE Vector Group","hd":false}],"ip":0,"op":800,"st":0,"bm":0},{"ddd":0,"ind":10,"ty":4,"nm":"TOP Rim","sr":1,"ks":{"o":{"a":0,"k":100,"ix":11},"r":{"a":0,"k":0,"ix":10},"p":{"a":0,"k":[299.645,325,0],"ix":2},"a":{"a":0,"k":[0,0,0],"ix":1},"s":{"a":0,"k":[100,100,100],"ix":6}},"ao":0,"shapes":[{"ty":"gr","it":[{"ind":0,"ty":"sh","ix":1,"ks":{"a":0,"k":{"i":[[0,0],[0,-13.25],[0,0],[34.8,0],[0,0],[0,34.79],[0,0],[-13.25,0]],"o":[[13.26,0],[0,0],[0,34.79],[0,0],[-34.79,0],[0,0],[0,-13.25],[0,0]],"v":[[45.568,-73],[69.568,-49],[69.568,10],[6.568,73],[-6.572,73],[-69.572,10],[-69.572,-49],[-45.572,-73]],"c":true},"ix":2},"nm":"Path 1","mn":"ADBE Vector Shape - Group","hd":false},{"ty":"fl","c":{"a":0,"k":[0.996078491211,0.89019613827,0.20000001496,1],"ix":4},"o":{"a":0,"k":100,"ix":5},"r":1,"bm":0,"nm":"Fill 1","mn":"ADBE Vector Graphic - Fill","hd":false},{"ty":"tr","p":{"a":0,"k":[0,0],"ix":2},"a":{"a":0,"k":[0,0],"ix":1},"s":{"a":0,"k":[200,200],"ix":3},"r":{"a":0,"k":0,"ix":6},"o":{"a":0,"k":100,"ix":7},"sk":{"a":0,"k":0,"ix":4},"sa":{"a":0,"k":0,"ix":5},"nm":"Transform"}],"nm":"TOP Rim","np":2,"cix":2,"bm":0,"ix":1,"mn":"ADBE Vector Group","hd":false}],"ip":0,"op":800,"st":0,"bm":0},{"ddd":0,"ind":13,"ty":4,"nm":"BOTTOM","sr":1,"ks":{"o":{"a":0,"k":100,"ix":11},"r":{"a":0,"k":0,"ix":10},"p":{"a":0,"k":[299.645,345,0],"ix":2},"a":{"a":0,"k":[0,0,0],"ix":1},"s":{"a":0,"k":[100,100,100],"ix":6}},"ao":0,"shapes":[{"ty":"gr","it":[{"ind":0,"ty":"sh","ix":1,"ks":{"a":0,"k":{"i":[[0,0],[0,-13.25],[0,0],[34.8,0],[0,0],[0,34.79],[0,0],[-13.25,0]],"o":[[13.26,0],[0,0],[0,34.79],[0,0],[-34.79,0],[0,0],[0,-13.25],[0,0]],"v":[[45.568,-73],[69.568,-49],[69.568,10],[6.568,73],[-6.572,73],[-69.572,10],[-69.572,-49],[-45.572,-73]],"c":true},"ix":2},"nm":"Path 1","mn":"ADBE Vector Shape - Group","hd":false},{"ty":"fl","c":{"a":0,"k":[1,0.756862804936,0,1],"ix":4},"o":{"a":0,"k":100,"ix":5},"r":1,"bm":0,"nm":"Fill 1","mn":"ADBE Vector Graphic - Fill","hd":false},{"ty":"tr","p":{"a":0,"k":[0,0],"ix":2},"a":{"a":0,"k":[0,0],"ix":1},"s":{"a":0,"k":[200,200],"ix":3},"r":{"a":0,"k":0,"ix":6},"o":{"a":0,"k":100,"ix":7},"sk":{"a":0,"k":0,"ix":4},"sa":{"a":0,"k":0,"ix":5},"nm":"Transform"}],"nm":"BOTTOM","np":2,"cix":2,"bm":0,"ix":1,"mn":"ADBE Vector Group","hd":false}],"ip":0,"op":800,"st":0,"bm":0}]},{"id":"comp_7","layers":[{"ddd":0,"ind":1,"ty":4,"nm":"quill","sr":1,"ks":{"o":{"a":0,"k":100,"ix":11},"r":{"a":0,"k":45,"ix":10},"p":{"a":0,"k":[120,163.056,0],"ix":2},"a":{"a":0,"k":[0,0,0],"ix":1},"s":{"a":0,"k":[100,100,100],"ix":6}},"ao":0,"shapes":[{"ty":"gr","it":[{"ind":0,"ty":"sh","ix":1,"ks":{"a":0,"k":{"i":[[0,0],[0,0]],"o":[[0,0],[0,0]],"v":[[0,-35.433],[0,35.437]],"c":false},"ix":2},"nm":"Path 1","mn":"ADBE Vector Shape - Group","hd":false},{"ty":"st","c":{"a":0,"k":[0.929411824544,0.509803921569,0,1],"ix":3},"o":{"a":0,"k":100,"ix":4},"w":{"a":0,"k":5.792,"ix":5},"lc":2,"lj":1,"ml":4,"bm":0,"nm":"Stroke 1","mn":"ADBE Vector Graphic - Stroke","hd":false},{"ty":"tr","p":{"a":0,"k":[0,0],"ix":2},"a":{"a":0,"k":[0,0],"ix":1},"s":{"a":0,"k":[200,200],"ix":3},"r":{"a":0,"k":0,"ix":6},"o":{"a":0,"k":100,"ix":7},"sk":{"a":0,"k":0,"ix":4},"sa":{"a":0,"k":0,"ix":5},"nm":"Transform"}],"nm":"quill","np":2,"cix":2,"bm":0,"ix":1,"mn":"ADBE Vector Group","hd":false}],"ip":0,"op":800,"st":0,"bm":0},{"ddd":0,"ind":2,"ty":4,"nm":"feather","parent":1,"sr":1,"ks":{"o":{"a":0,"k":100,"ix":11},"r":{"a":0,"k":0,"ix":10},"p":{"a":0,"k":[-0.575,-36.137,0],"ix":2},"a":{"a":0,"k":[0,0,0],"ix":1},"s":{"a":0,"k":[100,100,100],"ix":6}},"ao":0,"shapes":[{"ty":"gr","it":[{"ind":0,"ty":"sh","ix":1,"ks":{"a":0,"k":{"i":[[0,0.64],[0,0],[-11.55,0],[0,-11.15],[0,0],[0.47,-0.45],[0,0],[0,-0.21],[-0.45,0],[0,0],[0,-0.65],[0,0],[2.41,-1.58],[0,0],[0,0],[0,2.81],[0,0],[-0.65,0],[0,0],[0,0.44],[0.16,0.15],[0,0]],"o":[[0,0],[0,-11.15],[11.55,0],[0,0],[0,0.65],[0,0],[-0.15,0.15],[0,0.44],[0,0],[0.65,0],[0,0],[0,2.81],[0,0],[0,0],[-2.41,-1.58],[0,0],[0,-0.65],[0,0],[0.46,0],[0,-0.21],[0,0],[-0.46,-0.45]],"v":[[-20.917,-11.184],[-20.917,-24.024],[0.003,-44.204],[20.913,-24.024],[20.913,7.456],[20.183,9.166],[11.653,17.256],[11.413,17.816],[12.233,18.616],[19.743,18.616],[20.913,19.796],[20.913,25.986],[17.063,33.006],[0.003,44.206],[-17.067,33.006],[-20.917,25.986],[-20.917,1.126],[-19.737,-0.054],[-12.267,-0.054],[-11.447,-0.854],[-11.687,-1.414],[-20.187,-9.474]],"c":true},"ix":2},"nm":"Path 1","mn":"ADBE Vector Shape - Group","hd":false},{"ty":"fl","c":{"a":0,"k":[0.972549079446,0.592156862745,0.003921568627,1],"ix":4},"o":{"a":0,"k":100,"ix":5},"r":1,"bm":0,"nm":"Fill 1","mn":"ADBE Vector Graphic - Fill","hd":false},{"ty":"tr","p":{"a":0,"k":[0,0],"ix":2},"a":{"a":0,"k":[0,0],"ix":1},"s":{"a":0,"k":[200,200],"ix":3},"r":{"a":0,"k":0,"ix":6},"o":{"a":0,"k":100,"ix":7},"sk":{"a":0,"k":0,"ix":4},"sa":{"a":0,"k":0,"ix":5},"nm":"Transform"}],"nm":"feather","np":2,"cix":2,"bm":0,"ix":1,"mn":"ADBE Vector Group","hd":false}],"ip":0,"op":800,"st":0,"bm":0}]}],"layers":[{"ddd":0,"ind":1,"ty":3,"nm":"Null 2","sr":1,"ks":{"o":{"a":0,"k":0,"ix":11},"r":{"a":0,"k":0,"ix":10},"p":{"a":0,"k":[372.75,345.25,0],"ix":2},"a":{"a":0,"k":[0,0,0],"ix":1},"s":{"a":0,"k":[110,110,100],"ix":6}},"ao":0,"ip":0,"op":500,"st":0,"bm":0},{"ddd":0,"ind":2,"ty":0,"nm":"DUST FRONT","refId":"comp_0","sr":1,"ks":{"o":{"a":1,"k":[{"t":72,"s":[0],"h":1},{"t":272,"s":[100],"h":1},{"t":387,"s":[0],"h":1}],"ix":11},"r":{"a":0,"k":0,"ix":10},"p":{"a":0,"k":[268,563,0],"ix":2},"a":{"a":0,"k":[449.286,744,0],"ix":1},"s":{"a":1,"k":[{"i":{"x":[0.448,0.448,0.667],"y":[1,1,1]},"o":{"x":[0.124,0.124,0.167],"y":[0.332,0.332,2.302]},"t":272,"s":[140,140,100]},{"t":344,"s":[150,150,100]}],"ix":6}},"ao":0,"hasMask":true,"masksProperties":[{"inv":false,"mode":"a","pt":{"a":0,"k":{"i":[[1.429,-4.286],[0,0],[0,0],[0,0]],"o":[[-1.429,4.286],[0,0],[0,0],[0,0]],"v":[[794.286,364.714],[257.143,364.714],[257.143,744],[794.286,744]],"c":true},"ix":1},"o":{"a":0,"k":100,"ix":3},"x":{"a":0,"k":0,"ix":4},"nm":"Mask 1"}],"w":750,"h":1334,"ip":103,"op":603,"st":103,"bm":0},{"ddd":0,"ind":3,"ty":4,"nm":"Edge","sr":1,"ks":{"o":{"a":1,"k":[{"t":110,"s":[0],"h":1},{"i":{"x":[0.841],"y":[1]},"o":{"x":[0.732],"y":[0]},"t":272,"s":[100]},{"t":344,"s":[0],"h":1}],"ix":11},"r":{"a":0,"k":0,"ix":10},"p":{"a":0,"k":[262.75,486,0],"ix":2},"a":{"a":0,"k":[0,0,0],"ix":1},"s":{"a":0,"k":[100,100,100],"ix":6}},"ao":0,"shapes":[{"ind":0,"ty":"sh","ix":1,"ks":{"a":1,"k":[{"i":{"x":0.833,"y":0.833},"o":{"x":0.167,"y":0.167},"t":271,"s":[{"i":[[0,-8.284],[0,0],[8.284,0],[0,0],[0,8.284],[0,0],[-8.284,0],[0,0]],"o":[[0,0],[0,8.284],[0,0],[-8.284,0],[0,0],[0,-8.284],[0,0],[8.284,0]],"v":[[178.25,-19.5],[178,62],[163,77],[-163,76.5],[-178,61.5],[-177.75,-20],[-162.75,-35],[163.25,-34.5]],"c":true}]},{"i":{"x":0.833,"y":0.833},"o":{"x":0.167,"y":0.167},"t":272,"s":[{"i":[[0,-8.284],[0,0],[8.284,0],[0,0],[0,8.284],[0,0],[-8.284,0],[0,0]],"o":[[0,0],[0,8.284],[0,0],[-8.284,0],[0,0],[0,-8.284],[0,0],[8.284,0]],"v":[[177.25,-19.5],[177,62],[162,77],[-162,76],[-177,61],[-176.75,-20.5],[-161.75,-35.5],[162.25,-34.5]],"c":true}]},{"i":{"x":0.667,"y":1},"o":{"x":0.167,"y":0.167},"t":274,"s":[{"i":[[0,-8.284],[0,0],[8.284,0],[0,0],[0,8.284],[0,0],[-8.284,0],[0,0]],"o":[[0,0],[0,8.284],[0,0],[-8.284,0],[0,0],[0,-8.284],[0,0],[8.284,0]],"v":[[185.75,49],[185.75,62],[170.75,77],[-170.25,76],[-185.25,61],[-185.25,48],[-170.25,33],[170.75,34]],"c":true}]},{"t":277,"s":[{"i":[[0,-8.284],[0,0],[8.284,0],[0,0],[0,8.284],[0,0],[-8.284,0],[0,0]],"o":[[0,0],[0,8.284],[0,0],[-8.284,0],[0,0],[0,-8.284],[0,0],[8.284,0]],"v":[[178,45.5],[178,62],[163,77],[-162.75,76],[-177.75,61],[-177.75,44.5],[-162.75,29.5],[163,30.5]],"c":true}]}],"ix":2},"nm":"Path 1","mn":"ADBE Vector Shape - Group","hd":false},{"ty":"fl","c":{"a":0,"k":[0.003921568627,0.564705882353,0.803921628466,1],"ix":4},"o":{"a":0,"k":100,"ix":5},"r":1,"bm":0,"nm":"Fill 1","mn":"ADBE Vector Graphic - Fill","hd":false}],"ip":110,"op":610,"st":110,"bm":0},{"ddd":0,"ind":4,"ty":0,"nm":"DUST 02","refId":"comp_1","sr":1,"ks":{"o":{"a":1,"k":[{"t":72,"s":[0],"h":1},{"t":272,"s":[100],"h":1},{"t":387,"s":[0],"h":1}],"ix":11},"r":{"a":0,"k":0,"ix":10},"p":{"a":0,"k":[313.75,563,0],"ix":2},"a":{"a":0,"k":[375,744,0],"ix":1},"s":{"a":1,"k":[{"i":{"x":[0.382,0.382,0.667],"y":[1,1,1]},"o":{"x":[0.068,0.068,0.167],"y":[1.239,1.239,4.853]},"t":272,"s":[110,110,100]},{"t":322,"s":[117,117,100]}],"ix":6}},"ao":0,"hasMask":true,"masksProperties":[{"inv":false,"mode":"a","pt":{"a":0,"k":{"i":[[1.429,-4.286],[0,0],[0,0],[0,0]],"o":[[-1.429,4.286],[0,0],[0,0],[0,0]],"v":[[748.986,289.501],[106.716,289.501],[105.861,744],[748.559,744]],"c":true},"ix":1},"o":{"a":0,"k":100,"ix":3},"x":{"a":0,"k":0,"ix":4},"nm":"Mask 1"}],"w":750,"h":1334,"ip":103,"op":603,"st":103,"bm":0},{"ddd":0,"ind":5,"ty":0,"nm":"DUST 01","refId":"comp_2","sr":1,"ks":{"o":{"a":1,"k":[{"t":72,"s":[0],"h":1},{"t":272,"s":[100],"h":1},{"t":387,"s":[0],"h":1}],"ix":11},"r":{"a":0,"k":0,"ix":10},"p":{"a":0,"k":[253.75,486,0],"ix":2},"a":{"a":0,"k":[375,667,0],"ix":1},"s":{"a":0,"k":[-80,80,100],"ix":6}},"ao":0,"hasMask":true,"masksProperties":[{"inv":false,"mode":"a","pt":{"a":0,"k":{"i":[[1.429,-4.286],[0,0],[0,0],[0,0]],"o":[[-1.429,4.286],[0,0],[0,0],[0,0]],"v":[[693.036,99.714],[-246.607,99.714],[-246.607,763.297],[693.348,763.297]],"c":true},"ix":1},"o":{"a":0,"k":100,"ix":3},"x":{"a":0,"k":0,"ix":4},"nm":"Mask 1"}],"w":750,"h":1334,"ip":103,"op":603,"st":103,"bm":0},{"ddd":0,"ind":6,"ty":0,"nm":"04 Sapphire - FRONT ROTATE","refId":"comp_3","sr":1,"ks":{"o":{"a":1,"k":[{"t":72,"s":[0],"h":1},{"t":229,"s":[100],"h":1},{"t":272,"s":[0],"h":1}],"ix":11},"r":{"a":0,"k":0,"ix":10},"p":{"s":true,"x":{"a":0,"k":283,"ix":3},"y":{"a":1,"k":[{"i":{"x":[0.597],"y":[1]},"o":{"x":[0.12],"y":[0.479]},"t":229,"s":[562.324]},{"i":{"x":[0.88],"y":[0.543]},"o":{"x":[0.444],"y":[0]},"t":234,"s":[543.815]},{"i":{"x":[0.667],"y":[1]},"o":{"x":[0.371],"y":[0.601]},"t":239,"s":[562.324]},{"i":{"x":[0.778],"y":[0.421]},"o":{"x":[0.333],"y":[0]},"t":244,"s":[559.239]},{"t":249,"s":[562.478]}],"ix":4}},"a":{"a":0,"k":[321.522,496.987,0],"ix":1},"s":{"a":1,"k":[{"i":{"x":[0.951,0.928,0.809],"y":[1,0.783,1]},"o":{"x":[0.779,0.687,0.326],"y":[0,0,0]},"t":249,"s":[100,100,100]},{"t":271,"s":[100,75,100]}],"ix":6}},"ao":0,"w":600,"h":670,"ip":0,"op":800,"st":0,"bm":0},{"ddd":0,"ind":7,"ty":0,"nm":"04 Sapphire - FRONT","parent":1,"refId":"comp_5","sr":1,"ks":{"o":{"a":1,"k":[{"t":72,"s":[100],"h":1},{"t":229,"s":[0],"h":1}],"ix":11},"r":{"a":1,"k":[{"i":{"x":[0.667],"y":[1]},"o":{"x":[0.167],"y":[0.164]},"t":0,"s":[0]},{"i":{"x":[0.566],"y":[1]},"o":{"x":[0.3],"y":[0]},"t":108,"s":[0]},{"i":{"x":[0.667],"y":[1]},"o":{"x":[0.387],"y":[0]},"t":131,"s":[55.307]},{"i":{"x":[0.667],"y":[1]},"o":{"x":[0.333],"y":[0]},"t":155,"s":[38.903]},{"i":{"x":[0.667],"y":[1]},"o":{"x":[0.333],"y":[0]},"t":177,"s":[45.64]},{"i":{"x":[0.667],"y":[1]},"o":{"x":[0.333],"y":[0]},"t":197,"s":[44.471]},{"i":{"x":[0.833],"y":[1]},"o":{"x":[0.167],"y":[0]},"t":216,"s":[45]},{"t":220,"s":[45]}],"ix":10},"p":{"s":true,"x":{"a":1,"k":[{"i":{"x":[0.667],"y":[1]},"o":{"x":[0.333],"y":[0]},"t":108,"s":[-87.5]},{"t":131,"s":[-89.5]}],"ix":3},"y":{"a":1,"k":[{"i":{"x":[0.691],"y":[0.495]},"o":{"x":[0.34],"y":[0]},"t":220,"s":[-262.688]},{"i":{"x":[0.845],"y":[0.836]},"o":{"x":[0.465],"y":[0.393]},"t":229,"s":[-78.529]},{"t":237,"s":[238.312]}],"ix":4}},"a":{"a":0,"k":[210.25,228.562,0],"ix":1},"s":{"a":0,"k":[100,100,100],"ix":6}},"ao":0,"w":600,"h":670,"ip":0,"op":800,"st":0,"bm":0},{"ddd":0,"ind":8,"ty":0,"nm":"03 Gold - FRONT","refId":"comp_6","sr":1,"ks":{"o":{"a":1,"k":[{"t":0,"s":[0],"h":1},{"t":109,"s":[100],"h":1}],"ix":11},"r":{"a":0,"k":0,"ix":10},"p":{"a":0,"k":[375,189,0],"ix":2},"a":{"a":0,"k":[300,335,0],"ix":1},"s":{"a":0,"k":[100,100,100],"ix":6}},"ao":0,"hasMask":true,"masksProperties":[{"inv":false,"mode":"a","pt":{"a":1,"k":[{"i":{"x":0.833,"y":0.833},"o":{"x":0.167,"y":0.167},"t":108,"s":[{"i":[[0,0],[0,0],[0,0],[0,0]],"o":[[0,0],[0,0],[0,0],[0,0]],"v":[[440,144],[158,144],[158,378],[440,378]],"c":true}]},{"i":{"x":0.833,"y":0.833},"o":{"x":0.167,"y":0.167},"t":109,"s":[{"i":[[0,0],[0,0],[0,0],[0,0]],"o":[[0,0],[0,0],[0,0],[0,0]],"v":[[440,144],[231,221],[158,378],[440,378]],"c":true}]},{"i":{"x":0.833,"y":0.833},"o":{"x":0.167,"y":0.167},"t":113,"s":[{"i":[[0,0],[0,0],[0,0],[0,0]],"o":[[0,0],[0,0],[0,0],[0,0]],"v":[[440,144],[158,216],[158,378],[440,491]],"c":true}]},{"t":117,"s":[{"i":[[0,0],[0,0],[0,0],[0,0]],"o":[[0,0],[0,0],[0,0],[0,0]],"v":[[440,144],[158,144],[158,491],[440,491]],"c":true}]}],"ix":1},"o":{"a":0,"k":100,"ix":3},"x":{"a":0,"k":0,"ix":4},"nm":"Mask 1"}],"tm":{"a":0,"k":0,"ix":2},"w":600,"h":670,"ip":0,"op":800,"st":0,"bm":0}],"markers":[{"tm":107,"cm":"START","dr":0},{"tm":407,"cm":"END","dr":0},{"tm":498,"cm":"END","dr":0}]}
