{"v":"5.6.4","fr":60,"ip":0,"op":90,"w":225,"h":230,"nm":"PB_explode - EXPORT","ddd":0,"assets":[{"id":"comp_0","layers":[{"ddd":0,"ind":1,"ty":4,"nm":"Shape Layer 5","sr":1,"ks":{"o":{"a":1,"k":[{"i":{"x":[0.667],"y":[0.803]},"o":{"x":[0.333],"y":[0]},"t":5,"s":[100]},{"i":{"x":[0.667],"y":[-2.059]},"o":{"x":[0.333],"y":[1.014]},"t":12,"s":[80.686]},{"i":{"x":[0.667],"y":[0.501]},"o":{"x":[0.333],"y":[0.405]},"t":19,"s":[76.941]},{"i":{"x":[0.667],"y":[2.615]},"o":{"x":[0.333],"y":[-2.136]},"t":26,"s":[48.653]},{"i":{"x":[0.667],"y":[1]},"o":{"x":[0.333],"y":[0.386]},"t":33,"s":[55.258]},{"t":47,"s":[0]}],"ix":11},"r":{"a":0,"k":0,"ix":10},"p":{"s":true,"x":{"a":1,"k":[{"i":{"x":[0.792],"y":[0.778]},"o":{"x":[0.646],"y":[0.63]},"t":5,"s":[133]},{"i":{"x":[0.772],"y":[1]},"o":{"x":[0.33],"y":[0.392]},"t":15,"s":[115.234]},{"t":39,"s":[77]}],"ix":3},"y":{"a":1,"k":[{"i":{"x":[0.661],"y":[0.873]},"o":{"x":[0.027],"y":[0.726]},"t":5,"s":[712]},{"t":39,"s":[797]}],"ix":4}},"a":{"a":0,"k":[0,0,0],"ix":1},"s":{"a":1,"k":[{"i":{"x":[0.833,0.833,0.833],"y":[1,1,1]},"o":{"x":[0.333,0.333,0.333],"y":[0,0,0]},"t":5,"s":[21,21,100]},{"i":{"x":[0.833,0.833,0.833],"y":[1,1,1]},"o":{"x":[0.167,0.167,0.167],"y":[0,0,0]},"t":12,"s":[8,8,100]},{"i":{"x":[0.833,0.833,0.833],"y":[1,1,1]},"o":{"x":[0.167,0.167,0.167],"y":[0,0,0]},"t":19,"s":[17,17,100]},{"i":{"x":[0.583,0.583,0.583],"y":[1.35,1.35,5.632]},"o":{"x":[0.167,0.167,0.167],"y":[0,0,0]},"t":26,"s":[5,5,100]},{"i":{"x":[0.833,0.833,0.833],"y":[1,1,1]},"o":{"x":[0.417,0.417,0.417],"y":[0.318,0.318,-9.265]},"t":33,"s":[10,10,100]},{"t":47,"s":[-1,-1,100]}],"ix":6}},"ao":0,"shapes":[{"d":1,"ty":"el","s":{"a":0,"k":[100,100],"ix":2},"p":{"a":0,"k":[0,0],"ix":3},"nm":"Ellipse Path 1","mn":"ADBE Vector Shape - Ellipse","hd":false},{"ty":"fl","c":{"a":0,"k":[0.992156863213,0.854901969433,0,1],"ix":4},"o":{"a":0,"k":100,"ix":5},"r":1,"bm":0,"nm":"Fill 1","mn":"ADBE Vector Graphic - Fill","hd":false}],"ip":0,"op":250,"st":0,"bm":0}]},{"id":"comp_1","layers":[{"ddd":0,"ind":2,"ty":4,"nm":"Shape Layer 4","sr":1,"ks":{"o":{"a":1,"k":[{"i":{"x":[0.667],"y":[0.803]},"o":{"x":[0.333],"y":[0]},"t":9,"s":[100]},{"i":{"x":[0.667],"y":[-1.622]},"o":{"x":[0.333],"y":[0.869]},"t":16,"s":[80.686]},{"i":{"x":[0.667],"y":[0.644]},"o":{"x":[0.333],"y":[0.289]},"t":22,"s":[76.941]},{"i":{"x":[0.667],"y":[2.384]},"o":{"x":[0.333],"y":[-1.831]},"t":27,"s":[48.653]},{"i":{"x":[0.667],"y":[1]},"o":{"x":[0.333],"y":[0.386]},"t":33,"s":[55.258]},{"t":47,"s":[0]}],"ix":11},"r":{"a":0,"k":0,"ix":10},"p":{"s":true,"x":{"a":1,"k":[{"i":{"x":[0.814],"y":[1]},"o":{"x":[0.31],"y":[2.238]},"t":9,"s":[170]},{"t":39,"s":[154]}],"ix":3},"y":{"a":1,"k":[{"i":{"x":[0.661],"y":[0.833]},"o":{"x":[0.027],"y":[0.955]},"t":9,"s":[712]},{"t":39,"s":[769]}],"ix":4}},"a":{"a":0,"k":[0,0,0],"ix":1},"s":{"a":1,"k":[{"i":{"x":[0.833,0.833,0.833],"y":[1,1,1]},"o":{"x":[0.333,0.333,0.333],"y":[0,0,0]},"t":9,"s":[30,30,100]},{"i":{"x":[0.833,0.833,0.833],"y":[1,1,1]},"o":{"x":[0.167,0.167,0.167],"y":[0,0,0]},"t":16,"s":[17,17,100]},{"i":{"x":[0.833,0.833,0.833],"y":[1,1,1]},"o":{"x":[0.167,0.167,0.167],"y":[0,0,0]},"t":22,"s":[26,26,100]},{"i":{"x":[0.583,0.583,0.583],"y":[1.3,1.3,4.971]},"o":{"x":[0.167,0.167,0.167],"y":[0,0,0]},"t":27,"s":[14,14,100]},{"i":{"x":[0.833,0.833,0.833],"y":[1,1,1]},"o":{"x":[0.417,0.417,0.417],"y":[0.318,0.318,-9.265]},"t":33,"s":[19,19,100]},{"t":47,"s":[8,8,100]}],"ix":6}},"ao":0,"shapes":[{"d":1,"ty":"el","s":{"a":0,"k":[100,100],"ix":2},"p":{"a":0,"k":[0,0],"ix":3},"nm":"Ellipse Path 1","mn":"ADBE Vector Shape - Ellipse","hd":false},{"ty":"fl","c":{"a":0,"k":[0.992156863213,0.854901969433,0,1],"ix":4},"o":{"a":0,"k":100,"ix":5},"r":1,"bm":0,"nm":"Fill 1","mn":"ADBE Vector Graphic - Fill","hd":false}],"ip":0,"op":250,"st":0,"bm":0}]},{"id":"comp_2","layers":[{"ddd":0,"ind":3,"ty":4,"nm":"Shape Layer 3","sr":1,"ks":{"o":{"a":1,"k":[{"i":{"x":[0.667],"y":[0.803]},"o":{"x":[0.333],"y":[0]},"t":0,"s":[100]},{"i":{"x":[0.667],"y":[-1.622]},"o":{"x":[0.333],"y":[0.869]},"t":7,"s":[80.686]},{"i":{"x":[0.667],"y":[0.644]},"o":{"x":[0.333],"y":[0.289]},"t":13,"s":[76.941]},{"i":{"x":[0.667],"y":[2.384]},"o":{"x":[0.333],"y":[-1.831]},"t":18,"s":[48.653]},{"i":{"x":[0.667],"y":[1]},"o":{"x":[0.333],"y":[0.386]},"t":24,"s":[55.258]},{"t":38,"s":[0]}],"ix":11},"r":{"a":0,"k":0,"ix":10},"p":{"s":true,"x":{"a":1,"k":[{"i":{"x":[0.98],"y":[0.833]},"o":{"x":[0.584],"y":[0]},"t":0,"s":[139]},{"t":30,"s":[129]}],"ix":3},"y":{"a":1,"k":[{"i":{"x":[0.455],"y":[0.916]},"o":{"x":[0.049],"y":[0.486]},"t":0,"s":[712]},{"t":30,"s":[779]}],"ix":4}},"a":{"a":0,"k":[0,0,0],"ix":1},"s":{"a":1,"k":[{"i":{"x":[0.833,0.833,0.833],"y":[1,1,1]},"o":{"x":[0.333,0.333,0.333],"y":[0,0,0]},"t":0,"s":[38,38,100]},{"i":{"x":[0.833,0.833,0.833],"y":[1,1,1]},"o":{"x":[0.167,0.167,0.167],"y":[0,0,0]},"t":7,"s":[25,25,100]},{"i":{"x":[0.833,0.833,0.833],"y":[1,1,1]},"o":{"x":[0.167,0.167,0.167],"y":[0,0,0]},"t":13,"s":[34,34,100]},{"i":{"x":[0.583,0.583,0.583],"y":[1.3,1.3,4.971]},"o":{"x":[0.167,0.167,0.167],"y":[0,0,0]},"t":18,"s":[22,22,100]},{"i":{"x":[0.833,0.833,0.833],"y":[1,1,1]},"o":{"x":[0.417,0.417,0.417],"y":[0.318,0.318,-9.265]},"t":24,"s":[27,27,100]},{"t":38,"s":[16,16,100]}],"ix":6}},"ao":0,"shapes":[{"d":1,"ty":"el","s":{"a":0,"k":[100,100],"ix":2},"p":{"a":0,"k":[0,0],"ix":3},"nm":"Ellipse Path 1","mn":"ADBE Vector Shape - Ellipse","hd":false},{"ty":"fl","c":{"a":0,"k":[0.992156863213,0.854901969433,0,1],"ix":4},"o":{"a":0,"k":100,"ix":5},"r":1,"bm":0,"nm":"Fill 1","mn":"ADBE Vector Graphic - Fill","hd":false}],"ip":0,"op":250,"st":0,"bm":0}]}],"layers":[{"ddd":0,"ind":1,"ty":4,"nm":"Shape Layer 1","sr":1,"ks":{"o":{"a":1,"k":[{"i":{"x":[0.667],"y":[1]},"o":{"x":[0.025],"y":[0.762]},"t":-0.999,"s":[0]},{"i":{"x":[0.833],"y":[1]},"o":{"x":[1],"y":[0]},"t":22.805,"s":[50]},{"t":56.8814322574633,"s":[0]}],"ix":11},"r":{"a":0,"k":0,"ix":10},"p":{"a":0,"k":[116.5,108,0],"ix":2},"a":{"a":0,"k":[0,0,0],"ix":1},"s":{"a":1,"k":[{"i":{"x":[0.473,0.473,0.667],"y":[1,1,1]},"o":{"x":[0.203,0.203,0.333],"y":[0.608,0.608,0]},"t":-0.999,"s":[32,32,100]},{"t":34.0005719661713,"s":[183,183,100]}],"ix":6}},"ao":0,"shapes":[{"d":1,"ty":"el","s":{"a":0,"k":[100,100],"ix":2},"p":{"a":0,"k":[0,0],"ix":3},"nm":"Ellipse Path 1","mn":"ADBE Vector Shape - Ellipse","hd":false},{"ty":"st","c":{"a":0,"k":[0.996078491211,0.886274576187,0.192156881094,1],"ix":3},"o":{"a":0,"k":100,"ix":4},"w":{"a":1,"k":[{"i":{"x":[0.667],"y":[1]},"o":{"x":[0.09],"y":[0.554]},"t":-0.999,"s":[65]},{"t":34.0005719661713,"s":[0]}],"ix":5},"lc":1,"lj":1,"ml":4,"bm":0,"nm":"Stroke 1","mn":"ADBE Vector Graphic - Stroke","hd":false}],"ip":-56,"op":7436.81175677115,"st":-156.102942742537,"bm":0},{"ddd":0,"ind":2,"ty":0,"nm":"FAIRY DUST V4","refId":"comp_0","sr":1,"ks":{"o":{"a":0,"k":100,"ix":11},"r":{"a":0,"k":0,"ix":10},"p":{"a":0,"k":[469.5,113,0],"ix":2},"a":{"a":0,"k":[414,736,0],"ix":1},"s":{"a":0,"k":[135,135,100],"ix":6}},"ao":0,"w":828,"h":1472,"ip":-0.01345355152462,"op":241.467147066132,"st":-8.53285293386816,"bm":0},{"ddd":0,"ind":3,"ty":0,"nm":"FAIRY DUST V3","refId":"comp_1","sr":1,"ks":{"o":{"a":0,"k":100,"ix":11},"r":{"a":0,"k":154,"ix":10},"p":{"a":0,"k":[101.5,132,0],"ix":2},"a":{"a":0,"k":[188,716,0],"ix":1},"s":{"a":0,"k":[143,143,100],"ix":6}},"ao":0,"w":828,"h":1472,"ip":10.6357956764048,"op":249.986546448475,"st":-0.01345355152462,"bm":0},{"ddd":0,"ind":4,"ty":0,"nm":"FAIRY DUST V2","refId":"comp_2","sr":1,"ks":{"o":{"a":0,"k":61,"ix":11},"r":{"a":0,"k":0,"ix":10},"p":{"a":0,"k":[478.5,135,0],"ix":2},"a":{"a":0,"k":[414,736,0],"ix":1},"s":{"a":0,"k":[140,140,100],"ix":6}},"ao":0,"w":828,"h":1472,"ip":-0.01345355152462,"op":249.986546448475,"st":-0.01345355152462,"bm":0}],"markers":[]}
