{"v":"5.6.6","fr":24,"ip":0,"op":143,"w":540,"h":540,"nm":"Sparkles Only","ddd":0,"assets":[{"id":"comp_0","layers":[{"ddd":0,"ind":1,"ty":4,"nm":"spark","sr":1,"ks":{"o":{"a":0,"k":100,"ix":11},"r":{"a":0,"k":0,"ix":10},"p":{"a":0,"k":[59.884,60.137,0],"ix":2},"a":{"a":0,"k":[27.5,27.5,0],"ix":1},"s":{"a":1,"k":[{"i":{"x":[0.194,0.194,0.667],"y":[1,1,1]},"o":{"x":[0.037,0.037,0.333],"y":[0.496,0.496,0]},"t":0,"s":[0,0,100]},{"i":{"x":[0.974,0.974,0.667],"y":[0.503,0.503,1]},"o":{"x":[0.802,0.802,0.333],"y":[0,0,0]},"t":10,"s":[100,100,100]},{"t":20,"s":[0,0,100]}],"ix":6}},"ao":0,"shapes":[{"ty":"gr","it":[{"ind":0,"ty":"sh","ix":1,"ks":{"a":0,"k":{"i":[[3.905,3.905],[0,0],[-3.905,3.905],[0,0],[-3.906,-3.905],[0,0],[3.905,-3.906],[0,0]],"o":[[0,0],[-3.905,-3.906],[0,0],[3.905,-3.905],[0,0],[3.905,3.905],[0,0],[-3.906,3.905]],"v":[[-7.071,15.434],[-15.434,7.071],[-15.434,-7.071],[-7.071,-15.434],[7.071,-15.434],[15.434,-7.071],[15.434,7.071],[7.071,15.434]],"c":true},"ix":2},"nm":"Path 1","mn":"ADBE Vector Shape - Group","hd":false},{"ty":"st","c":{"a":0,"k":[1,1,1,1],"ix":3},"o":{"a":0,"k":100,"ix":4},"w":{"a":0,"k":8,"ix":5},"lc":1,"lj":1,"ml":4,"bm":0,"nm":"Stroke 1","mn":"ADBE Vector Graphic - Stroke","hd":false},{"ty":"fl","c":{"a":0,"k":[0.902000038297,0.745000023935,1,1],"ix":4},"o":{"a":0,"k":100,"ix":5},"r":1,"bm":0,"nm":"Fill 1","mn":"ADBE Vector Graphic - Fill","hd":false},{"ty":"tr","p":{"a":0,"k":[27.616,27.363],"ix":2},"a":{"a":0,"k":[0,0],"ix":1},"s":{"a":0,"k":[200,200],"ix":3},"r":{"a":0,"k":0,"ix":6},"o":{"a":0,"k":100,"ix":7},"sk":{"a":0,"k":0,"ix":4},"sa":{"a":0,"k":0,"ix":5},"nm":"Transform"}],"nm":"Group 1","np":3,"cix":2,"bm":0,"ix":1,"mn":"ADBE Vector Group","hd":false}],"ip":0,"op":960,"st":0,"bm":0}]}],"layers":[{"ddd":0,"ind":1,"ty":0,"nm":"spark_blink_comp","refId":"comp_0","sr":1,"ks":{"o":{"a":0,"k":100,"ix":11},"r":{"a":0,"k":0,"ix":10},"p":{"a":0,"k":[474,123,0],"ix":2},"a":{"a":0,"k":[60,60,0],"ix":1},"s":{"a":0,"k":[70,70,100],"ix":6}},"ao":0,"w":120,"h":120,"ip":108,"op":132,"st":108,"bm":0},{"ddd":0,"ind":2,"ty":0,"nm":"spark_blink_comp","refId":"comp_0","sr":1,"ks":{"o":{"a":0,"k":100,"ix":11},"r":{"a":0,"k":0,"ix":10},"p":{"a":0,"k":[134,463,0],"ix":2},"a":{"a":0,"k":[60,60,0],"ix":1},"s":{"a":0,"k":[90,90,100],"ix":6}},"ao":0,"w":120,"h":120,"ip":0,"op":24,"st":0,"bm":0},{"ddd":0,"ind":3,"ty":0,"nm":"spark_blink_comp","refId":"comp_0","sr":1,"ks":{"o":{"a":0,"k":100,"ix":11},"r":{"a":0,"k":0,"ix":10},"p":{"a":0,"k":[494,303,0],"ix":2},"a":{"a":0,"k":[60,60,0],"ix":1},"s":{"a":0,"k":[90,90,100],"ix":6}},"ao":0,"w":120,"h":120,"ip":72,"op":96,"st":72,"bm":0},{"ddd":0,"ind":4,"ty":0,"nm":"spark_blink_comp","refId":"comp_0","sr":1,"ks":{"o":{"a":0,"k":100,"ix":11},"r":{"a":0,"k":0,"ix":10},"p":{"a":0,"k":[374,63,0],"ix":2},"a":{"a":0,"k":[60,60,0],"ix":1},"s":{"a":0,"k":[90,90,100],"ix":6}},"ao":0,"w":120,"h":120,"ip":30,"op":54,"st":30,"bm":0},{"ddd":0,"ind":5,"ty":0,"nm":"spark_blink_comp","refId":"comp_0","sr":1,"ks":{"o":{"a":0,"k":100,"ix":11},"r":{"a":0,"k":0,"ix":10},"p":{"a":0,"k":[54,363,0],"ix":2},"a":{"a":0,"k":[60,60,0],"ix":1},"s":{"a":0,"k":[90,90,100],"ix":6}},"ao":0,"w":120,"h":120,"ip":96,"op":120,"st":96,"bm":0},{"ddd":0,"ind":6,"ty":0,"nm":"spark_blink_comp","refId":"comp_0","sr":1,"ks":{"o":{"a":0,"k":100,"ix":11},"r":{"a":0,"k":0,"ix":10},"p":{"a":0,"k":[74,135,0],"ix":2},"a":{"a":0,"k":[60,60,0],"ix":1},"s":{"a":0,"k":[100,100,100],"ix":6}},"ao":0,"w":120,"h":120,"ip":60,"op":84,"st":60,"bm":0},{"ddd":0,"ind":7,"ty":0,"nm":"spark_blink_comp","refId":"comp_0","sr":1,"ks":{"o":{"a":0,"k":100,"ix":11},"r":{"a":0,"k":0,"ix":10},"p":{"a":0,"k":[54,163,0],"ix":2},"a":{"a":0,"k":[60,60,0],"ix":1},"s":{"a":0,"k":[100,100,100],"ix":6}},"ao":0,"w":120,"h":120,"ip":12,"op":36,"st":12,"bm":0},{"ddd":0,"ind":8,"ty":0,"nm":"spark_blink_comp","refId":"comp_0","sr":1,"ks":{"o":{"a":0,"k":100,"ix":11},"r":{"a":0,"k":0,"ix":10},"p":{"a":0,"k":[234,43,0],"ix":2},"a":{"a":0,"k":[60,60,0],"ix":1},"s":{"a":0,"k":[100,100,100],"ix":6}},"ao":0,"w":120,"h":120,"ip":48,"op":72,"st":48,"bm":0},{"ddd":0,"ind":9,"ty":0,"nm":"spark_blink_comp","refId":"comp_0","sr":1,"ks":{"o":{"a":0,"k":100,"ix":11},"r":{"a":0,"k":0,"ix":10},"p":{"a":0,"k":[94,463,0],"ix":2},"a":{"a":0,"k":[60,60,0],"ix":1},"s":{"a":0,"k":[80,80,100],"ix":6}},"ao":0,"w":120,"h":120,"ip":36,"op":60,"st":36,"bm":0},{"ddd":0,"ind":10,"ty":0,"nm":"spark_blink_comp","refId":"comp_0","sr":1,"ks":{"o":{"a":0,"k":100,"ix":11},"r":{"a":0,"k":0,"ix":10},"p":{"a":0,"k":[294,501,0],"ix":2},"a":{"a":0,"k":[60,60,0],"ix":1},"s":{"a":0,"k":[80,80,100],"ix":6}},"ao":0,"w":120,"h":120,"ip":84,"op":108,"st":84,"bm":0},{"ddd":0,"ind":11,"ty":0,"nm":"spark_blink_comp","refId":"comp_0","sr":1,"ks":{"o":{"a":0,"k":100,"ix":11},"r":{"a":0,"k":0,"ix":10},"p":{"a":0,"k":[494,333,0],"ix":2},"a":{"a":0,"k":[60,60,0],"ix":1},"s":{"a":0,"k":[80,80,100],"ix":6}},"ao":0,"w":120,"h":120,"ip":18,"op":42,"st":18,"bm":0}],"markers":[]}
