{"v":"5.1.16","fr":60,"ip":0,"op":90,"w":94,"h":73,"nm":"EXPORT NORMAL - JSON","ddd":0,"assets":[{"id":"comp_0","layers":[{"ddd":0,"ind":1,"ty":3,"nm":"Null 1","sr":1,"ks":{"o":{"a":0,"k":0,"ix":11},"r":{"a":0,"k":0,"ix":10},"p":{"a":0,"k":[513.5,519,0],"ix":2},"a":{"a":0,"k":[0,0,0],"ix":1},"s":{"a":0,"k":[136,136,100],"ix":6}},"ao":0,"ip":0,"op":90,"st":-25,"bm":0},{"ddd":0,"ind":2,"ty":0,"nm":"Megaphone","refId":"comp_1","sr":1,"ks":{"o":{"a":0,"k":100,"ix":11},"r":{"a":0,"k":0,"ix":10},"p":{"s":true,"x":{"a":0,"k":359.5,"ix":3},"y":{"a":0,"k":519,"ix":4}},"a":{"a":0,"k":[215,369,0],"ix":1},"s":{"a":0,"k":[103.704,96.296,100],"ix":6}},"ao":0,"w":1338,"h":738,"ip":0,"op":90,"st":-25,"bm":0},{"ddd":0,"ind":3,"ty":4,"nm":"Audio Waves 02","parent":1,"sr":1,"ks":{"o":{"a":1,"k":[{"i":{"x":[0.466],"y":[1]},"o":{"x":[0.086],"y":[0.198]},"n":["0p466_1_0p086_0p198"],"t":10,"s":[0],"e":[100]},{"i":{"x":[0.667],"y":[1]},"o":{"x":[0.333],"y":[0]},"n":["0p667_1_0p333_0"],"t":13,"s":[100],"e":[100]},{"i":{"x":[0.501],"y":[1]},"o":{"x":[0.333],"y":[0]},"n":["0p501_1_0p333_0"],"t":55,"s":[100],"e":[0]},{"t":78}],"ix":11},"r":{"a":0,"k":0,"ix":10},"p":{"a":0,"k":[2,2.5,0],"ix":2},"a":{"a":0,"k":[0,0,0],"ix":1},"s":{"a":1,"k":[{"i":{"x":[0.833,0.833,0.833],"y":[0.833,0.833,0.833]},"o":{"x":[0.167,0.167,0.167],"y":[0.167,0.167,0.167]},"n":["0p833_0p833_0p167_0p167","0p833_0p833_0p167_0p167","0p833_0p833_0p167_0p167"],"t":10,"s":[100,100,100],"e":[100,100,100]},{"t":17}],"ix":6}},"ao":0,"shapes":[{"d":1,"ty":"el","s":{"a":1,"k":[{"i":{"x":[0.526,0.526],"y":[1,1]},"o":{"x":[0.167,0.167],"y":[0.167,0.167]},"n":["0p526_1_0p167_0p167","0p526_1_0p167_0p167"],"t":-15,"s":[65,65],"e":[0,0]},{"i":{"x":[0.379,0.379],"y":[0.661,0.661]},"o":{"x":[0.02,0.02],"y":[0.16,0.16]},"n":["0p379_0p661_0p02_0p16","0p379_0p661_0p02_0p16"],"t":10,"s":[0,0],"e":[59.624,59.624]},{"i":{"x":[0.612,0.612],"y":[0.802,0.802]},"o":{"x":[0.27,0.27],"y":[0.466,0.466]},"n":["0p612_0p802_0p27_0p466","0p612_0p802_0p27_0p466"],"t":20,"s":[59.624,59.624],"e":[89.734,89.734]},{"i":{"x":[0.667,0.667],"y":[1,1]},"o":{"x":[0.269,0.269],"y":[0.885,0.885]},"n":["0p667_1_0p269_0p885","0p667_1_0p269_0p885"],"t":36,"s":[89.734,89.734],"e":[104.055,104.055]},{"t":85}],"ix":2},"p":{"a":0,"k":[0,0],"ix":3},"nm":"Ellipse Path 1","mn":"ADBE Vector Shape - Ellipse","hd":false},{"ty":"tm","s":{"a":1,"k":[{"i":{"x":[0.833],"y":[0.833]},"o":{"x":[0.167],"y":[0.167]},"n":["0p833_0p833_0p167_0p167"],"t":-15,"s":[8],"e":[8]},{"i":{"x":[0.085],"y":[1.277]},"o":{"x":[0.277],"y":[0.019]},"n":["0p085_1p277_0p277_0p019"],"t":10,"s":[8],"e":[9.997]},{"i":{"x":[0.641],"y":[1]},"o":{"x":[0.189],"y":[1.017]},"n":["0p641_1_0p189_1p017"],"t":14,"s":[9.997],"e":[8]},{"t":85}],"ix":1},"e":{"a":1,"k":[{"i":{"x":[0.833],"y":[0.833]},"o":{"x":[0.167],"y":[0.167]},"n":["0p833_0p833_0p167_0p167"],"t":-15,"s":[42],"e":[42]},{"i":{"x":[0.057],"y":[1.376]},"o":{"x":[0.306],"y":[0.015]},"n":["0p057_1p376_0p306_0p015"],"t":10,"s":[42],"e":[40.034]},{"i":{"x":[0.624],"y":[1]},"o":{"x":[0.144],"y":[1.022]},"n":["0p624_1_0p144_1p022"],"t":14,"s":[40.034],"e":[42]},{"t":85}],"ix":2},"o":{"a":1,"k":[{"i":{"x":[0.833],"y":[0.833]},"o":{"x":[0.167],"y":[0.167]},"n":["0p833_0p833_0p167_0p167"],"t":-15,"s":[0],"e":[0]},{"i":{"x":[0.833],"y":[0.833]},"o":{"x":[0.167],"y":[0.167]},"n":["0p833_0p833_0p167_0p167"],"t":10,"s":[0],"e":[0]},{"t":85}],"ix":3},"m":1,"ix":2,"nm":"Trim Paths 1","mn":"ADBE Vector Filter - Trim","hd":false},{"ty":"st","c":{"a":0,"k":[1,1,1,1],"ix":3},"o":{"a":0,"k":100,"ix":4},"w":{"a":1,"k":[{"i":{"x":[0],"y":[0.808]},"o":{"x":[0.086],"y":[0.382]},"n":["0_0p808_0p086_0p382"],"t":10,"s":[0],"e":[18.276]},{"i":{"x":[0.833],"y":[1]},"o":{"x":[0.104],"y":[1.024]},"n":["0p833_1_0p104_1p024"],"t":17,"s":[18.276],"e":[20.561]},{"i":{"x":[0.833],"y":[1]},"o":{"x":[0.167],"y":[0]},"n":["0p833_1_0p167_0"],"t":62,"s":[20.561],"e":[20.561]},{"t":85}],"ix":5},"lc":2,"lj":1,"ml":4,"nm":"Stroke 1","mn":"ADBE Vector Graphic - Stroke","hd":false}],"ip":10,"op":85,"st":-15,"bm":0},{"ddd":0,"ind":4,"ty":4,"nm":"Audio Waves 01","parent":1,"sr":1,"ks":{"o":{"a":1,"k":[{"i":{"x":[0.466],"y":[1]},"o":{"x":[0.086],"y":[0.198]},"n":["0p466_1_0p086_0p198"],"t":0,"s":[0],"e":[100]},{"i":{"x":[0.667],"y":[1]},"o":{"x":[0.333],"y":[0]},"n":["0p667_1_0p333_0"],"t":3,"s":[100],"e":[100]},{"i":{"x":[0.501],"y":[1]},"o":{"x":[0.333],"y":[0]},"n":["0p501_1_0p333_0"],"t":45,"s":[100],"e":[0]},{"t":68}],"ix":11},"r":{"a":0,"k":0,"ix":10},"p":{"a":0,"k":[2,2.5,0],"ix":2},"a":{"a":0,"k":[0,0,0],"ix":1},"s":{"a":1,"k":[{"i":{"x":[0.833,0.833,0.833],"y":[0.833,0.833,0.833]},"o":{"x":[0.167,0.167,0.167],"y":[0.167,0.167,0.167]},"n":["0p833_0p833_0p167_0p167","0p833_0p833_0p167_0p167","0p833_0p833_0p167_0p167"],"t":0,"s":[100,100,100],"e":[100,100,100]},{"t":7}],"ix":6}},"ao":0,"shapes":[{"d":1,"ty":"el","s":{"a":1,"k":[{"i":{"x":[0.526,0.526],"y":[1,1]},"o":{"x":[0.167,0.167],"y":[0.167,0.167]},"n":["0p526_1_0p167_0p167","0p526_1_0p167_0p167"],"t":-25,"s":[66.345,66.345],"e":[0,0]},{"i":{"x":[0.379,0.379],"y":[0.661,0.661]},"o":{"x":[0.02,0.02],"y":[0.16,0.16]},"n":["0p379_0p661_0p02_0p16","0p379_0p661_0p02_0p16"],"t":0,"s":[0,0],"e":[118.14,118.14]},{"i":{"x":[0.526,0.526],"y":[0.747,0.747]},"o":{"x":[0.27,0.27],"y":[0.466,0.466]},"n":["0p526_0p747_0p27_0p466","0p526_0p747_0p27_0p466"],"t":10,"s":[118.14,118.14],"e":[177.801,177.801]},{"i":{"x":[0.667,0.667],"y":[1,1]},"o":{"x":[0.264,0.264],"y":[0.909,0.909]},"n":["0p667_1_0p264_0p909","0p667_1_0p264_0p909"],"t":26,"s":[177.801,177.801],"e":[206.178,206.178]},{"t":75}],"ix":2},"p":{"a":0,"k":[0,0],"ix":3},"nm":"Ellipse Path 1","mn":"ADBE Vector Shape - Ellipse","hd":false},{"ty":"tm","s":{"a":1,"k":[{"i":{"x":[0.833],"y":[0.833]},"o":{"x":[0.167],"y":[0.167]},"n":["0p833_0p833_0p167_0p167"],"t":-25,"s":[8],"e":[8]},{"i":{"x":[0.085],"y":[1.277]},"o":{"x":[0.277],"y":[0.019]},"n":["0p085_1p277_0p277_0p019"],"t":0,"s":[8],"e":[9.997]},{"i":{"x":[0.641],"y":[1]},"o":{"x":[0.189],"y":[1.017]},"n":["0p641_1_0p189_1p017"],"t":4,"s":[9.997],"e":[8]},{"t":75}],"ix":1},"e":{"a":1,"k":[{"i":{"x":[0.833],"y":[0.833]},"o":{"x":[0.167],"y":[0.167]},"n":["0p833_0p833_0p167_0p167"],"t":-25,"s":[42],"e":[42]},{"i":{"x":[0.057],"y":[1.376]},"o":{"x":[0.306],"y":[0.015]},"n":["0p057_1p376_0p306_0p015"],"t":0,"s":[42],"e":[40.034]},{"i":{"x":[0.624],"y":[1]},"o":{"x":[0.144],"y":[1.022]},"n":["0p624_1_0p144_1p022"],"t":4,"s":[40.034],"e":[42]},{"t":75}],"ix":2},"o":{"a":1,"k":[{"i":{"x":[0.833],"y":[0.833]},"o":{"x":[0.167],"y":[0.167]},"n":["0p833_0p833_0p167_0p167"],"t":-25,"s":[0],"e":[0]},{"i":{"x":[0.833],"y":[0.833]},"o":{"x":[0.167],"y":[0.167]},"n":["0p833_0p833_0p167_0p167"],"t":0,"s":[0],"e":[0]},{"t":75}],"ix":3},"m":1,"ix":2,"nm":"Trim Paths 1","mn":"ADBE Vector Filter - Trim","hd":false},{"ty":"st","c":{"a":0,"k":[1,1,1,1],"ix":3},"o":{"a":0,"k":100,"ix":4},"w":{"a":1,"k":[{"i":{"x":[0],"y":[0.839]},"o":{"x":[0.086],"y":[0.382]},"n":["0_0p839_0p086_0p382"],"t":0,"s":[0],"e":[19.965]},{"i":{"x":[0.833],"y":[1]},"o":{"x":[0.119],"y":[0.975]},"n":["0p833_1_0p119_0p975"],"t":7,"s":[19.965],"e":[22.49]},{"i":{"x":[0.833],"y":[1]},"o":{"x":[0.167],"y":[0]},"n":["0p833_1_0p167_0"],"t":52,"s":[22.49],"e":[22.49]},{"t":75}],"ix":5},"lc":2,"lj":1,"ml":4,"nm":"Stroke 1","mn":"ADBE Vector Graphic - Stroke","hd":false}],"ip":0,"op":75,"st":-25,"bm":0}]},{"id":"comp_1","layers":[{"ddd":0,"ind":1,"ty":4,"nm":"Combined Shape","sr":1,"ks":{"o":{"a":0,"k":100,"ix":11},"r":{"a":0,"k":0,"ix":10},"p":{"a":0,"k":[260.937,373.678,0],"ix":2},"a":{"a":0,"k":[0,0,0],"ix":1},"s":{"a":0,"k":[100,100,100],"ix":6}},"ao":0,"shapes":[{"ty":"gr","it":[{"ty":"gr","it":[{"ind":0,"ty":"sh","ix":1,"ks":{"a":0,"k":{"i":[[-0.6,0.43],[0,0],[-0.71,-1.02],[0,-0.46],[0,0],[1.25,0],[0.39,0.27],[0,0],[0,0.74],[0,0]],"o":[[0,0],[1.03,-0.72],[0.27,0.38],[0,0],[0,1.25],[-0.46,0],[0,0],[-0.6,-0.42],[0,0],[0,-0.73]],"v":[[-4.981,-11.657],[10.219,-22.327],[13.369,-21.777],[13.779,-20.477],[13.779,20.473],[11.519,22.733],[10.219,22.323],[-4.981,11.653],[-5.941,9.803],[-5.941,-9.807]],"c":true},"ix":2},"nm":"Path 1","mn":"ADBE Vector Shape - Group","hd":false},{"ind":1,"ty":"sh","ix":2,"ks":{"a":0,"k":{"i":[[-3.03,0],[0,0],[0,-3.03],[0,0],[3.03,0],[0,0],[0,3.03],[0,0]],"o":[[0,0],[3.03,0],[0,0],[0,3.03],[0,0],[-3.03,0],[0,0],[0,-3.03]],"v":[[-8.293,-11.675],[-0.123,-11.675],[5.367,-6.185],[5.367,6.425],[-0.123,11.915],[-8.293,11.915],[-13.783,6.425],[-13.783,-6.185]],"c":true},"ix":2},"nm":"Path 2","mn":"ADBE Vector Shape - Group","hd":false},{"ty":"tr","p":{"a":0,"k":[0,0],"ix":2},"a":{"a":0,"k":[0,0],"ix":1},"s":{"a":0,"k":[100,100],"ix":3},"r":{"a":0,"k":0,"ix":6},"o":{"a":0,"k":100,"ix":7},"sk":{"a":0,"k":0,"ix":4},"sa":{"a":0,"k":0,"ix":5},"nm":"Transform"}],"nm":"Group 1","np":2,"cix":2,"ix":1,"mn":"ADBE Vector Group","hd":false},{"ty":"mm","mm":2,"nm":"Merge Paths 1","mn":"ADBE Vector Filter - Merge","hd":false},{"ty":"fl","c":{"a":0,"k":[1,1,1,1],"ix":4},"o":{"a":0,"k":100,"ix":5},"r":1,"nm":"Fill 1","mn":"ADBE Vector Graphic - Fill","hd":false},{"ty":"tr","p":{"a":0,"k":[0,0],"ix":2},"a":{"a":0,"k":[0,0],"ix":1},"s":{"a":0,"k":[600,600],"ix":3},"r":{"a":0,"k":0,"ix":6},"o":{"a":0,"k":100,"ix":7},"sk":{"a":0,"k":0,"ix":4},"sa":{"a":0,"k":0,"ix":5},"nm":"Transform"}],"nm":"Combined Shape","np":3,"cix":2,"ix":1,"mn":"ADBE Vector Group","hd":false}],"ip":0,"op":3600,"st":0,"bm":0}]}],"layers":[{"ddd":0,"ind":1,"ty":0,"nm":"NORMAL","refId":"comp_0","sr":1,"ks":{"o":{"a":0,"k":100,"ix":11},"r":{"a":0,"k":0,"ix":10},"p":{"a":0,"k":[48,36,0],"ix":2},"a":{"a":0,"k":[500,519,0],"ix":1},"s":{"a":0,"k":[26.5,26.5,100],"ix":6}},"ao":0,"w":1000,"h":1038,"ip":0,"op":90,"st":0,"bm":0}],"markers":[]}
