{"v":"5.3.4","fr":60,"ip":0,"op":90,"w":133,"h":73,"nm":"EXPORT SLOW - JSON","ddd":0,"assets":[{"id":"comp_0","layers":[{"ddd":0,"ind":1,"ty":0,"nm":"Turtle Icon","parent":2,"refId":"comp_1","sr":1,"ks":{"o":{"a":0,"k":100,"ix":11},"r":{"a":0,"k":0,"ix":10},"p":{"a":0,"k":[1079.063,465.84,0],"ix":2},"a":{"a":0,"k":[300,150,0],"ix":1},"s":{"a":0,"k":[100,100,100],"ix":6}},"ao":0,"w":600,"h":300,"ip":0,"op":90,"st":-25,"bm":0},{"ddd":0,"ind":2,"ty":3,"nm":"Turtle Button","sr":1,"ks":{"o":{"a":0,"k":100,"ix":11},"r":{"a":0,"k":0,"ix":10},"p":{"a":0,"k":[-41,279,0],"ix":2},"a":{"a":0,"k":[669,369,0],"ix":1},"s":{"a":0,"k":[100,100,100],"ix":6}},"ao":0,"ip":0,"op":90,"st":-25,"bm":0}]},{"id":"comp_1","layers":[{"ddd":0,"ind":1,"ty":4,"nm":"Audio Waves 02","sr":1,"ks":{"o":{"a":1,"k":[{"i":{"x":[0.466],"y":[1]},"o":{"x":[0.086],"y":[0.198]},"n":["0p466_1_0p086_0p198"],"t":35,"s":[0],"e":[100]},{"i":{"x":[0.667],"y":[1]},"o":{"x":[0.333],"y":[0]},"n":["0p667_1_0p333_0"],"t":38,"s":[100],"e":[100]},{"i":{"x":[0.501],"y":[1]},"o":{"x":[0.333],"y":[0]},"n":["0p501_1_0p333_0"],"t":80,"s":[100],"e":[0]},{"t":103}],"ix":11},"r":{"a":0,"k":0,"ix":10},"p":{"a":0,"k":[381,141.5,0],"ix":2},"a":{"a":0,"k":[0,0,0],"ix":1},"s":{"a":1,"k":[{"i":{"x":[0.833,0.833,0.833],"y":[0.833,0.833,0.833]},"o":{"x":[0.167,0.167,0.167],"y":[0.167,0.167,0.167]},"n":["0p833_0p833_0p167_0p167","0p833_0p833_0p167_0p167","0p833_0p833_0p167_0p167"],"t":35,"s":[100,100,100],"e":[100,100,100]},{"t":42}],"ix":6}},"ao":0,"shapes":[{"d":1,"ty":"el","s":{"a":1,"k":[{"i":{"x":[0.526,0.526],"y":[1,1]},"o":{"x":[0.167,0.167],"y":[0.167,0.167]},"n":["0p526_1_0p167_0p167","0p526_1_0p167_0p167"],"t":10,"s":[65,65],"e":[0,0]},{"i":{"x":[0.379,0.379],"y":[0.661,0.661]},"o":{"x":[0.02,0.02],"y":[0.16,0.16]},"n":["0p379_0p661_0p02_0p16","0p379_0p661_0p02_0p16"],"t":35,"s":[0,0],"e":[59.624,59.624]},{"i":{"x":[0.612,0.612],"y":[0.802,0.802]},"o":{"x":[0.27,0.27],"y":[0.466,0.466]},"n":["0p612_0p802_0p27_0p466","0p612_0p802_0p27_0p466"],"t":45,"s":[59.624,59.624],"e":[89.734,89.734]},{"i":{"x":[0.667,0.667],"y":[1,1]},"o":{"x":[0.269,0.269],"y":[0.885,0.885]},"n":["0p667_1_0p269_0p885","0p667_1_0p269_0p885"],"t":61,"s":[89.734,89.734],"e":[104.055,104.055]},{"t":110}],"ix":2},"p":{"a":0,"k":[0,0],"ix":3},"nm":"Ellipse Path 1","mn":"ADBE Vector Shape - Ellipse","hd":false},{"ty":"tm","s":{"a":1,"k":[{"i":{"x":[0.833],"y":[0.833]},"o":{"x":[0.167],"y":[0.167]},"n":["0p833_0p833_0p167_0p167"],"t":10,"s":[8],"e":[8]},{"i":{"x":[0.085],"y":[1.277]},"o":{"x":[0.277],"y":[0.019]},"n":["0p085_1p277_0p277_0p019"],"t":35,"s":[8],"e":[9.997]},{"i":{"x":[0.641],"y":[1]},"o":{"x":[0.189],"y":[1.017]},"n":["0p641_1_0p189_1p017"],"t":39,"s":[9.997],"e":[8]},{"t":110}],"ix":1},"e":{"a":1,"k":[{"i":{"x":[0.833],"y":[0.833]},"o":{"x":[0.167],"y":[0.167]},"n":["0p833_0p833_0p167_0p167"],"t":10,"s":[42],"e":[42]},{"i":{"x":[0.057],"y":[1.376]},"o":{"x":[0.306],"y":[0.015]},"n":["0p057_1p376_0p306_0p015"],"t":35,"s":[42],"e":[40.034]},{"i":{"x":[0.624],"y":[1]},"o":{"x":[0.144],"y":[1.022]},"n":["0p624_1_0p144_1p022"],"t":39,"s":[40.034],"e":[42]},{"t":110}],"ix":2},"o":{"a":1,"k":[{"i":{"x":[0.833],"y":[0.833]},"o":{"x":[0.167],"y":[0.167]},"n":["0p833_0p833_0p167_0p167"],"t":10,"s":[0],"e":[0]},{"i":{"x":[0.833],"y":[0.833]},"o":{"x":[0.167],"y":[0.167]},"n":["0p833_0p833_0p167_0p167"],"t":35,"s":[0],"e":[0]},{"t":110}],"ix":3},"m":1,"ix":2,"nm":"Trim Paths 1","mn":"ADBE Vector Filter - Trim","hd":false},{"ty":"st","c":{"a":0,"k":[0.109803921569,0.690196078431,0.964705882353,1],"ix":3},"o":{"a":0,"k":100,"ix":4},"w":{"a":1,"k":[{"i":{"x":[0],"y":[0.808]},"o":{"x":[0.086],"y":[0.382]},"n":["0_0p808_0p086_0p382"],"t":35,"s":[0],"e":[16]},{"i":{"x":[0.833],"y":[1]},"o":{"x":[0.104],"y":[1.024]},"n":["0p833_1_0p104_1p024"],"t":42,"s":[16],"e":[18]},{"i":{"x":[0.833],"y":[1]},"o":{"x":[0.167],"y":[0]},"n":["0p833_1_0p167_0"],"t":87,"s":[18],"e":[18]},{"t":110}],"ix":5},"lc":2,"lj":1,"ml":4,"ml2":{"a":0,"k":4,"ix":8},"nm":"Stroke 1","mn":"ADBE Vector Graphic - Stroke","hd":false}],"ip":35,"op":110,"st":10,"bm":0},{"ddd":0,"ind":2,"ty":4,"nm":"Audio Waves 01","sr":1,"ks":{"o":{"a":1,"k":[{"i":{"x":[0.466],"y":[1]},"o":{"x":[0.086],"y":[0.198]},"n":["0p466_1_0p086_0p198"],"t":25,"s":[0],"e":[100]},{"i":{"x":[0.667],"y":[1]},"o":{"x":[0.333],"y":[0]},"n":["0p667_1_0p333_0"],"t":28,"s":[100],"e":[100]},{"i":{"x":[0.501],"y":[1]},"o":{"x":[0.333],"y":[0]},"n":["0p501_1_0p333_0"],"t":70,"s":[100],"e":[0]},{"t":93}],"ix":11},"r":{"a":0,"k":0,"ix":10},"p":{"a":0,"k":[381,141.5,0],"ix":2},"a":{"a":0,"k":[0,0,0],"ix":1},"s":{"a":1,"k":[{"i":{"x":[0.833,0.833,0.833],"y":[0.833,0.833,0.833]},"o":{"x":[0.167,0.167,0.167],"y":[0.167,0.167,0.167]},"n":["0p833_0p833_0p167_0p167","0p833_0p833_0p167_0p167","0p833_0p833_0p167_0p167"],"t":25,"s":[100,100,100],"e":[100,100,100]},{"t":32}],"ix":6}},"ao":0,"shapes":[{"d":1,"ty":"el","s":{"a":1,"k":[{"i":{"x":[0.526,0.526],"y":[1,1]},"o":{"x":[0.167,0.167],"y":[0.167,0.167]},"n":["0p526_1_0p167_0p167","0p526_1_0p167_0p167"],"t":0,"s":[65,65],"e":[0,0]},{"i":{"x":[0.379,0.379],"y":[0.661,0.661]},"o":{"x":[0.02,0.02],"y":[0.16,0.16]},"n":["0p379_0p661_0p02_0p16","0p379_0p661_0p02_0p16"],"t":25,"s":[0,0],"e":[115.746,115.746]},{"i":{"x":[0.526,0.526],"y":[0.747,0.747]},"o":{"x":[0.27,0.27],"y":[0.466,0.466]},"n":["0p526_0p747_0p27_0p466","0p526_0p747_0p27_0p466"],"t":35,"s":[115.746,115.746],"e":[174.198,174.198]},{"i":{"x":[0.667,0.667],"y":[1,1]},"o":{"x":[0.264,0.264],"y":[0.909,0.909]},"n":["0p667_1_0p264_0p909","0p667_1_0p264_0p909"],"t":51,"s":[174.198,174.198],"e":[202,202]},{"t":100}],"ix":2},"p":{"a":0,"k":[0,0],"ix":3},"nm":"Ellipse Path 1","mn":"ADBE Vector Shape - Ellipse","hd":false},{"ty":"tm","s":{"a":1,"k":[{"i":{"x":[0.833],"y":[0.833]},"o":{"x":[0.167],"y":[0.167]},"n":["0p833_0p833_0p167_0p167"],"t":0,"s":[8],"e":[8]},{"i":{"x":[0.085],"y":[1.277]},"o":{"x":[0.277],"y":[0.019]},"n":["0p085_1p277_0p277_0p019"],"t":25,"s":[8],"e":[9.997]},{"i":{"x":[0.641],"y":[1]},"o":{"x":[0.189],"y":[1.017]},"n":["0p641_1_0p189_1p017"],"t":29,"s":[9.997],"e":[8]},{"t":100}],"ix":1},"e":{"a":1,"k":[{"i":{"x":[0.833],"y":[0.833]},"o":{"x":[0.167],"y":[0.167]},"n":["0p833_0p833_0p167_0p167"],"t":0,"s":[42],"e":[42]},{"i":{"x":[0.057],"y":[1.376]},"o":{"x":[0.306],"y":[0.015]},"n":["0p057_1p376_0p306_0p015"],"t":25,"s":[42],"e":[40.034]},{"i":{"x":[0.624],"y":[1]},"o":{"x":[0.144],"y":[1.022]},"n":["0p624_1_0p144_1p022"],"t":29,"s":[40.034],"e":[42]},{"t":100}],"ix":2},"o":{"a":1,"k":[{"i":{"x":[0.833],"y":[0.833]},"o":{"x":[0.167],"y":[0.167]},"n":["0p833_0p833_0p167_0p167"],"t":0,"s":[0],"e":[0]},{"i":{"x":[0.833],"y":[0.833]},"o":{"x":[0.167],"y":[0.167]},"n":["0p833_0p833_0p167_0p167"],"t":25,"s":[0],"e":[0]},{"t":100}],"ix":3},"m":1,"ix":2,"nm":"Trim Paths 1","mn":"ADBE Vector Filter - Trim","hd":false},{"ty":"st","c":{"a":0,"k":[0.109803921569,0.690196078431,0.964705882353,1],"ix":3},"o":{"a":0,"k":100,"ix":4},"w":{"a":1,"k":[{"i":{"x":[0],"y":[0.839]},"o":{"x":[0.086],"y":[0.382]},"n":["0_0p839_0p086_0p382"],"t":25,"s":[0],"e":[15.979]},{"i":{"x":[0.833],"y":[1]},"o":{"x":[0.119],"y":[0.975]},"n":["0p833_1_0p119_0p975"],"t":32,"s":[15.979],"e":[18]},{"i":{"x":[0.833],"y":[1]},"o":{"x":[0.167],"y":[0]},"n":["0p833_1_0p167_0"],"t":77,"s":[18],"e":[18]},{"t":100}],"ix":5},"lc":2,"lj":1,"ml":4,"ml2":{"a":0,"k":4,"ix":8},"nm":"Stroke 1","mn":"ADBE Vector Graphic - Stroke","hd":false}],"ip":25,"op":100,"st":0,"bm":0},{"ddd":0,"ind":3,"ty":4,"nm":"Turtle Layers","sr":1,"ks":{"o":{"a":0,"k":100,"ix":11},"r":{"a":0,"k":0,"ix":10},"p":{"a":0,"k":[253.702,160.218,0],"ix":2},"a":{"a":0,"k":[0,0,0],"ix":1},"s":{"a":0,"k":[100,100,100],"ix":6}},"ao":0,"shapes":[{"ty":"gr","it":[{"ty":"gr","it":[{"ind":0,"ty":"sh","ix":1,"ks":{"a":0,"k":{"i":[[0,0],[0,0],[0,0],[0.86,0],[0,0],[0,0.86],[0,0],[0,0],[0.01,0.74],[-0.58,0.17],[0,0],[-0.14,0.02],[-0.09,1.58],[0,0],[-2.32,0],[0,0],[0,-2.32],[0,0],[1.38,0],[0,0],[3.81,-1.16],[0,0],[0.86,0],[0,0],[0,0.86]],"o":[[0,0],[0,0],[0,0.86],[0,0],[-0.86,0],[0,0],[0,0],[-0.74,0.01],[-0.01,-0.6],[0,0],[0.15,-0.05],[2.41,-0.84],[0,0],[0,-2.32],[0,0],[2.32,0],[0,0],[0,1.38],[0,0],[-1.16,2.46],[0,0],[0,0.86],[0,0],[-0.87,0],[0,0]],"v":[[-0.402,7.36],[-6.762,9.1],[-6.762,10.64],[-8.322,12.2],[-12.362,12.2],[-13.922,10.64],[-13.922,9.25],[-17.952,9.29],[-19.302,7.96],[-18.332,6.66],[5.598,0.12],[6.038,0.03],[9.308,-3.28],[9.308,-3.91],[13.508,-8.11],[15.108,-8.11],[19.298,-3.91],[19.298,-2.22],[16.798,0.28],[14.158,0.28],[6.748,5.6],[6.748,10.64],[5.188,12.2],[1.158,12.2],[-0.402,10.64]],"c":true},"ix":2},"nm":"Path 1","mn":"ADBE Vector Shape - Group","hd":false},{"ind":1,"ty":"sh","ix":2,"ks":{"a":0,"k":{"i":[[0.19,0.55],[0.06,0.23],[-5.74,1.53],[-1.51,-5.64],[-0.04,-0.24],[0.57,-0.16],[0,0]],"o":[[-0.08,-0.23],[-1.51,-5.64],[5.74,-1.54],[0.06,0.23],[0.12,0.57],[0,0],[-0.58,0.16]],"v":[[-15.249,1.881],[-15.459,1.181],[-7.809,-11.819],[5.321,-4.389],[5.481,-3.679],[4.661,-2.379],[-13.879,2.581]],"c":true},"ix":2},"nm":"Path 2","mn":"ADBE Vector Shape - Group","hd":false},{"ty":"tr","p":{"a":0,"k":[0,0],"ix":2},"a":{"a":0,"k":[0,0],"ix":1},"s":{"a":0,"k":[100,100],"ix":3},"r":{"a":0,"k":0,"ix":6},"o":{"a":0,"k":100,"ix":7},"sk":{"a":0,"k":0,"ix":4},"sa":{"a":0,"k":0,"ix":5},"nm":"Transform"}],"nm":"Group 1","np":2,"cix":2,"ix":1,"mn":"ADBE Vector Group","hd":false},{"ty":"mm","mm":1,"nm":"Merge Paths 1","mn":"ADBE Vector Filter - Merge","hd":false},{"ty":"fl","c":{"a":0,"k":[0.109803921569,0.690196078431,0.964705882353,1],"ix":4},"o":{"a":0,"k":100,"ix":5},"r":1,"nm":"Fill 1","mn":"ADBE Vector Graphic - Fill","hd":false},{"ty":"tr","p":{"a":0,"k":[0,0],"ix":2},"a":{"a":0,"k":[0,0],"ix":1},"s":{"a":0,"k":[600,600],"ix":3},"r":{"a":0,"k":0,"ix":6},"o":{"a":0,"k":100,"ix":7},"sk":{"a":0,"k":0,"ix":4},"sa":{"a":0,"k":0,"ix":5},"nm":"Transform"}],"nm":"Turtle Layers","np":3,"cix":2,"ix":1,"mn":"ADBE Vector Group","hd":false}],"ip":0,"op":500,"st":0,"bm":0}]}],"layers":[{"ddd":0,"ind":1,"ty":0,"nm":"SLOW","refId":"comp_0","sr":1,"ks":{"o":{"a":0,"k":100,"ix":11},"r":{"a":0,"k":0,"ix":10},"p":{"a":0,"k":[63,39,0],"ix":2},"a":{"a":0,"k":[375,375,0],"ix":1},"s":{"a":0,"k":[37,37,100],"ix":6}},"ao":0,"w":750,"h":750,"ip":0,"op":90,"st":0,"bm":0}],"markers":[]}
