{"v":"5.6.6","fr":60,"ip":110,"op":169,"w":52,"h":52,"nm":"Hirigana_EXPORT","ddd":0,"assets":[{"id":"comp_0","layers":[{"ddd":0,"ind":1,"ty":3,"nm":"Scale TEMPLATE Null 2","sr":1,"ks":{"o":{"a":0,"k":0,"ix":11},"r":{"a":0,"k":0,"ix":10},"p":{"a":0,"k":[92,92,0],"ix":2},"a":{"a":0,"k":[0,0,0],"ix":1},"s":{"a":1,"k":[{"i":{"x":[0.833,0.833,0.833],"y":[0.833,0.833,0.833]},"o":{"x":[0.167,0.167,0.167],"y":[0.167,0.167,0.167]},"t":0,"s":[100,100,100]},{"i":{"x":[0.756,0.756,0.667],"y":[1,1,1]},"o":{"x":[0.167,0.167,0.167],"y":[0,0,0]},"t":60,"s":[100,100,100]},{"i":{"x":[0.468,0.468,0.833],"y":[0.815,0.815,1]},"o":{"x":[0.071,0.071,0.333],"y":[0.319,0.319,0]},"t":90,"s":[100,100,100]},{"i":{"x":[0.591,0.591,0.667],"y":[1,1,1]},"o":{"x":[0.275,0.275,0.167],"y":[0.768,0.768,0]},"t":98.4,"s":[112.743,112.743,100]},{"i":{"x":[0.667,0.667,0.667],"y":[1,1,1]},"o":{"x":[0.333,0.333,0.333],"y":[0,0,0]},"t":110.4,"s":[115,115,100]},{"i":{"x":[0.667,0.667,0.667],"y":[1,1,1]},"o":{"x":[0.333,0.333,0.333],"y":[0,0,0]},"t":132,"s":[115,115,100]},{"i":{"x":[0.667,0.667,0.667],"y":[1,1,1]},"o":{"x":[1,1,0.333],"y":[0,0,0]},"t":159.6,"s":[115,115,100]},{"i":{"x":[0.667,0.667,0.667],"y":[1,1,1]},"o":{"x":[0.333,0.333,0.333],"y":[0,0,0]},"t":169.199,"s":[94,94,100]},{"i":{"x":[0.667,0.667,0.667],"y":[1,1,1]},"o":{"x":[0.333,0.333,0.333],"y":[0,0,0]},"t":178.801,"s":[102,102,100]},{"t":188.400390625,"s":[100,100,100]}],"ix":6}},"ao":0,"ip":0,"op":500.4,"st":0,"bm":0},{"ddd":0,"ind":2,"ty":4,"nm":"Shape Layer 1","sr":1,"ks":{"o":{"a":1,"k":[{"i":{"x":[0.833],"y":[0.833]},"o":{"x":[0.167],"y":[0.167]},"t":87,"s":[100]},{"t":110,"s":[100]}],"ix":11},"r":{"a":0,"k":0,"ix":10},"p":{"a":0,"k":[26.5,43.75,0],"ix":2},"a":{"a":0,"k":[-240.5,-175.5,0],"ix":1},"s":{"a":0,"k":[30,30,100],"ix":6}},"ao":0,"shapes":[{"ty":"gr","it":[{"ind":0,"ty":"sh","ix":1,"ks":{"a":0,"k":{"i":[[-72.992,-1.05],[-57.209,1.228],[-80.221,11.142]],"o":[[61.564,0.886],[66.164,-1.42],[93.992,-13.054]],"v":[[-216,-174],[-39.997,-174.913],[159.833,-194]],"c":false},"ix":2},"nm":"Path 1","mn":"ADBE Vector Shape - Group","hd":false},{"ty":"st","c":{"a":0,"k":[0.109803929048,0.690196078431,0.964705942191,1],"ix":3},"o":{"a":0,"k":100,"ix":4},"w":{"a":1,"k":[{"i":{"x":[0.667],"y":[1]},"o":{"x":[0.333],"y":[0]},"t":87,"s":[40]},{"i":{"x":[0.414],"y":[0.852]},"o":{"x":[0.084],"y":[0.339]},"t":110,"s":[40]},{"i":{"x":[0.667],"y":[1]},"o":{"x":[0.326],"y":[1.249]},"t":121,"s":[47.421]},{"i":{"x":[0.667],"y":[1]},"o":{"x":[0.564],"y":[0]},"t":143,"s":[48.4]},{"i":{"x":[0.667],"y":[1]},"o":{"x":[0.564],"y":[0]},"t":152,"s":[48.4]},{"i":{"x":[0.667],"y":[1]},"o":{"x":[0.333],"y":[0]},"t":161,"s":[38.211]},{"t":170,"s":[40]}],"ix":5},"lc":2,"lj":1,"ml":4,"bm":0,"nm":"Stroke 1","mn":"ADBE Vector Graphic - Stroke","hd":false},{"ty":"tr","p":{"a":0,"k":[0,0],"ix":2},"a":{"a":0,"k":[0,0],"ix":1},"s":{"a":0,"k":[100,100],"ix":3},"r":{"a":0,"k":0,"ix":6},"o":{"a":0,"k":100,"ix":7},"sk":{"a":0,"k":0,"ix":4},"sa":{"a":0,"k":0,"ix":5},"nm":"Transform"}],"nm":"Shape 1","np":3,"cix":2,"bm":0,"ix":1,"mn":"ADBE Vector Group","hd":false},{"ty":"tm","s":{"a":1,"k":[{"i":{"x":[0.833],"y":[0.833]},"o":{"x":[0.167],"y":[0.167]},"t":87,"s":[0]},{"t":110,"s":[0]}],"ix":1},"e":{"a":1,"k":[{"i":{"x":[0.667],"y":[1]},"o":{"x":[0.167],"y":[0]},"t":87,"s":[0]},{"i":{"x":[0.376],"y":[1]},"o":{"x":[0.333],"y":[0]},"t":110,"s":[0]},{"t":121,"s":[100]}],"ix":2},"o":{"a":1,"k":[{"i":{"x":[0.833],"y":[0.833]},"o":{"x":[0.167],"y":[0.167]},"t":87,"s":[0]},{"t":110,"s":[0]}],"ix":3},"m":1,"ix":2,"nm":"Trim Paths 1","mn":"ADBE Vector Filter - Trim","hd":false}],"ip":0,"op":500,"st":0,"bm":0},{"ddd":0,"ind":3,"ty":4,"nm":"Shape Layer 2","sr":1,"ks":{"o":{"a":0,"k":100,"ix":11},"r":{"a":0,"k":0,"ix":10},"p":{"a":0,"k":[74.5,20,0],"ix":2},"a":{"a":0,"k":[-73,-259,0],"ix":1},"s":{"a":0,"k":[30,30,100],"ix":6}},"ao":0,"shapes":[{"ty":"gr","it":[{"ind":0,"ty":"sh","ix":1,"ks":{"a":0,"k":{"i":[[3.707,-87.386],[-49.667,-104]],"o":[[-7,165],[54.96,115.085]],"v":[[-73,-259],[-35,173.333]],"c":false},"ix":2},"nm":"Path 1","mn":"ADBE Vector Shape - Group","hd":false},{"ty":"tm","s":{"a":1,"k":[{"i":{"x":[0.833],"y":[0.833]},"o":{"x":[0.167],"y":[0.167]},"t":87,"s":[0]},{"t":116,"s":[0]}],"ix":1},"e":{"a":1,"k":[{"i":{"x":[0.667],"y":[1]},"o":{"x":[0.167],"y":[0]},"t":87,"s":[0]},{"i":{"x":[0.31],"y":[1]},"o":{"x":[0.557],"y":[0]},"t":116,"s":[0]},{"t":127,"s":[100]}],"ix":2},"o":{"a":1,"k":[{"i":{"x":[0.833],"y":[0.833]},"o":{"x":[0.167],"y":[0.167]},"t":87,"s":[0]},{"t":116,"s":[0]}],"ix":3},"m":1,"ix":2,"nm":"Trim Paths 1","mn":"ADBE Vector Filter - Trim","hd":false},{"ty":"st","c":{"a":0,"k":[0.109803929048,0.690196078431,0.964705942191,1],"ix":3},"o":{"a":0,"k":100,"ix":4},"w":{"a":1,"k":[{"i":{"x":[0.667],"y":[1]},"o":{"x":[0.333],"y":[0]},"t":87,"s":[40]},{"i":{"x":[0.414],"y":[0.852]},"o":{"x":[0.084],"y":[0.339]},"t":113,"s":[40]},{"i":{"x":[0.667],"y":[1]},"o":{"x":[0.326],"y":[1.079]},"t":124,"s":[47.421]},{"i":{"x":[0.667],"y":[1]},"o":{"x":[0.564],"y":[0]},"t":143,"s":[48.4]},{"i":{"x":[0.667],"y":[1]},"o":{"x":[0.564],"y":[0]},"t":152,"s":[48.4]},{"i":{"x":[0.667],"y":[1]},"o":{"x":[0.333],"y":[0]},"t":161,"s":[38.211]},{"t":170,"s":[40]}],"ix":5},"lc":2,"lj":1,"ml":4,"bm":0,"nm":"Stroke 1","mn":"ADBE Vector Graphic - Stroke","hd":false},{"ty":"tr","p":{"a":0,"k":[0,0],"ix":2},"a":{"a":0,"k":[0,0],"ix":1},"s":{"a":0,"k":[100,100],"ix":3},"r":{"a":0,"k":0,"ix":6},"o":{"a":0,"k":100,"ix":7},"sk":{"a":0,"k":0,"ix":4},"sa":{"a":0,"k":0,"ix":5},"nm":"Transform"}],"nm":"Shape 1","np":4,"cix":2,"bm":0,"ix":1,"mn":"ADBE Vector Group","hd":false},{"ty":"tm","s":{"a":0,"k":0,"ix":1},"e":{"a":0,"k":100,"ix":2},"o":{"a":0,"k":0,"ix":3},"m":1,"ix":2,"nm":"Trim Paths 1","mn":"ADBE Vector Filter - Trim","hd":false}],"ip":0,"op":500,"st":0,"bm":0},{"ddd":0,"ind":4,"ty":4,"nm":"Shape Layer 3","sr":1,"ks":{"o":{"a":0,"k":100,"ix":11},"r":{"a":0,"k":0,"ix":10},"p":{"a":0,"k":[97.5,73,0],"ix":2},"a":{"a":0,"k":[15,-54,0],"ix":1},"s":{"a":0,"k":[30,30,100],"ix":6}},"ao":0,"shapes":[{"ty":"gr","it":[{"ind":0,"ty":"sh","ix":1,"ks":{"a":0,"k":{"i":[[16.274,-152.303],[77.833,41],[-194.5,2.5],[13.764,-43.75],[107.333,-12.5]],"o":[[-20,187.167],[-88.942,-46.852],[218.04,-2.803],[-18.667,59.333],[-115.221,13.419]],"v":[[77.5,-85.333],[-177,214.167],[12.833,-35.667],[215.333,127.5],[30.167,249.333]],"c":false},"ix":2},"nm":"Path 1","mn":"ADBE Vector Shape - Group","hd":false},{"ty":"st","c":{"a":0,"k":[0.109803929048,0.690196078431,0.964705942191,1],"ix":3},"o":{"a":0,"k":100,"ix":4},"w":{"a":1,"k":[{"i":{"x":[0.667],"y":[1]},"o":{"x":[0.333],"y":[0]},"t":87,"s":[40]},{"i":{"x":[0.414],"y":[0.852]},"o":{"x":[0.084],"y":[0.339]},"t":116,"s":[40]},{"i":{"x":[0.667],"y":[1]},"o":{"x":[0.326],"y":[0.908]},"t":127,"s":[47.421]},{"i":{"x":[0.667],"y":[1]},"o":{"x":[0.564],"y":[0]},"t":143,"s":[48.4]},{"i":{"x":[0.667],"y":[1]},"o":{"x":[0.564],"y":[0]},"t":152,"s":[48.4]},{"i":{"x":[0.667],"y":[1]},"o":{"x":[0.333],"y":[0]},"t":161,"s":[38.211]},{"t":170,"s":[40]}],"ix":5},"lc":2,"lj":1,"ml":4,"bm":0,"nm":"Stroke 1","mn":"ADBE Vector Graphic - Stroke","hd":false},{"ty":"tr","p":{"a":0,"k":[0,0],"ix":2},"a":{"a":0,"k":[0,0],"ix":1},"s":{"a":0,"k":[100,100],"ix":3},"r":{"a":0,"k":0,"ix":6},"o":{"a":0,"k":100,"ix":7},"sk":{"a":0,"k":0,"ix":4},"sa":{"a":0,"k":0,"ix":5},"nm":"Transform"}],"nm":"Shape 1","np":3,"cix":2,"bm":0,"ix":1,"mn":"ADBE Vector Group","hd":false},{"ty":"tm","s":{"a":1,"k":[{"i":{"x":[0.833],"y":[0.833]},"o":{"x":[0.167],"y":[0.167]},"t":87,"s":[0]},{"t":122,"s":[0]}],"ix":1},"e":{"a":1,"k":[{"i":{"x":[0.667],"y":[1]},"o":{"x":[0.167],"y":[0]},"t":87,"s":[0]},{"i":{"x":[0],"y":[1]},"o":{"x":[0.496],"y":[0]},"t":122,"s":[0]},{"t":149,"s":[100]}],"ix":2},"o":{"a":1,"k":[{"i":{"x":[0.833],"y":[0.833]},"o":{"x":[0.167],"y":[0.167]},"t":87,"s":[0]},{"t":122,"s":[0]}],"ix":3},"m":1,"ix":2,"nm":"Trim Paths 1","mn":"ADBE Vector Filter - Trim","hd":false}],"ip":0,"op":500,"st":0,"bm":0},{"ddd":0,"ind":8,"ty":4,"nm":"Vector 6 (Stroke)","sr":1,"ks":{"o":{"a":0,"k":100,"ix":11},"r":{"a":0,"k":0,"ix":10},"p":{"a":0,"k":[94.419,114,0],"ix":2},"a":{"a":0,"k":[0,0,0],"ix":1},"s":{"a":0,"k":[100,100,100],"ix":6}},"ao":0,"shapes":[{"ty":"gr","it":[{"ind":0,"ty":"sh","ix":1,"ks":{"a":0,"k":{"i":[[-0.078,0.724],[0.549,0.059],[0.059,-0.549],[0.212,-0.994],[1.011,-0.064],[1.797,-0.717],[-0.457,-3.887],[-2.072,-1.009],[-3.906,2.672],[-1.78,3.988],[-0.476,1.81],[-1.207,-0.431],[0.336,-3.918],[9.78,-1.712],[-0.095,-0.544],[-0.544,0.095],[-0.43,5.022],[3.924,1.401],[1.491,0.16]],"o":[[0.059,-0.549],[-0.549,-0.059],[-0.078,0.727],[-1.046,-0.034],[-3.115,0.196],[-8.483,3.187],[0.186,1.577],[2.121,1.033],[4.007,-2.742],[0.907,-2.032],[1.447,0.14],[3.076,1.099],[-0.32,3.728],[-0.544,0.095],[0.095,0.544],[10.22,-1.788],[0.414,-4.832],[-1.307,-0.467],[0.194,-0.951]],"v":[[6.442,-12.394],[5.554,-13.494],[4.453,-12.607],[4.024,-10],[0.922,-9.949],[-6.914,-8.433],[-17.046,6.117],[-13.965,10.911],[-4.988,8.825],[3.523,-2.042],[5.578,-7.898],[9.611,-7.058],[15.076,1.79],[1.775,11.515],[0.962,12.672],[2.12,13.485],[17.069,1.96],[10.284,-8.942],[6.038,-9.862]],"c":true},"ix":2},"nm":"Path 1","mn":"ADBE Vector Shape - Group","hd":false},{"ind":1,"ty":"sh","ix":2,"ks":{"a":0,"k":{"i":[[-2.987,0.188],[-0.829,-0.015],[0.796,-1.782],[3.593,-2.458],[1.145,0.558],[0.148,1.256],[-7.508,2.816],[0,0],[0,0]],"o":[[0.824,-0.052],[-0.441,1.604],[-1.695,3.796],[-3.694,2.528],[-1.195,-0.582],[-0.366,-3.111],[0,0],[0,0],[1.537,-0.615]],"v":[[1.048,-7.953],[3.538,-8.012],[1.697,-2.858],[-6.117,7.175],[-13.089,9.113],[-15.059,5.883],[-6.201,-6.564],[-6.191,-6.568],[-6.181,-6.572]],"c":true},"ix":2},"nm":"Path 2","mn":"ADBE Vector Shape - Group","hd":false},{"ty":"mm","mm":5,"nm":"Merge Paths 1","mn":"ADBE Vector Filter - Merge","hd":false},{"ty":"fl","c":{"a":0,"k":[0.686274528503,0.686274528503,0.686274528503,1],"ix":4},"o":{"a":0,"k":100,"ix":5},"r":1,"bm":0,"nm":"Fill 1","mn":"ADBE Vector Graphic - Fill","hd":false},{"ty":"tr","p":{"a":0,"k":[0,0],"ix":2},"a":{"a":0,"k":[0,0],"ix":1},"s":{"a":0,"k":[400,400],"ix":3},"r":{"a":0,"k":0,"ix":6},"o":{"a":0,"k":100,"ix":7},"sk":{"a":0,"k":0,"ix":4},"sa":{"a":0,"k":0,"ix":5},"nm":"Transform"}],"nm":"Vector 6 (Stroke)","np":4,"cix":2,"bm":0,"ix":1,"mn":"ADBE Vector Group","hd":false}],"ip":0,"op":500,"st":0,"bm":0},{"ddd":0,"ind":9,"ty":4,"nm":"Vector 5 (Stroke)","sr":1,"ks":{"o":{"a":0,"k":100,"ix":11},"r":{"a":0,"k":0,"ix":10},"p":{"a":0,"k":[90.21,41.124,0],"ix":2},"a":{"a":0,"k":[0,0,0],"ix":1},"s":{"a":0,"k":[100,100,100],"ix":6}},"ao":0,"shapes":[{"ty":"gr","it":[{"ind":0,"ty":"sh","ix":1,"ks":{"a":0,"k":{"i":[[-11.276,1.611],[0.078,0.547],[0.547,-0.078],[4.628,0.165],[0.02,-0.552],[-0.552,-0.02]],"o":[[0.547,-0.078],[-0.078,-0.547],[-11.124,1.589],[-0.552,-0.02],[-0.02,0.552],[4.706,0.168]],"v":[[14.141,0.209],[14.99,-0.922],[13.859,-1.771],[-13.964,-0.28],[-14.999,0.683],[-14.036,1.718]],"c":true},"ix":2},"nm":"Path 1","mn":"ADBE Vector Shape - Group","hd":false},{"ty":"fl","c":{"a":0,"k":[0.686274528503,0.686274528503,0.686274528503,1],"ix":4},"o":{"a":0,"k":100,"ix":5},"r":1,"bm":0,"nm":"Fill 1","mn":"ADBE Vector Graphic - Fill","hd":false},{"ty":"tr","p":{"a":0,"k":[0,0],"ix":2},"a":{"a":0,"k":[0,0],"ix":1},"s":{"a":0,"k":[400,400],"ix":3},"r":{"a":0,"k":0,"ix":6},"o":{"a":0,"k":100,"ix":7},"sk":{"a":0,"k":0,"ix":4},"sa":{"a":0,"k":0,"ix":5},"nm":"Transform"}],"nm":"Vector 5 (Stroke)","np":2,"cix":2,"bm":0,"ix":1,"mn":"ADBE Vector Group","hd":false}],"ip":0,"op":500,"st":0,"bm":0},{"ddd":0,"ind":10,"ty":4,"nm":"Vector 4 (Stroke)","sr":1,"ks":{"o":{"a":0,"k":100,"ix":11},"r":{"a":0,"k":0,"ix":10},"p":{"a":0,"k":[79.395,85,0],"ix":2},"a":{"a":0,"k":[0,0,0],"ix":1},"s":{"a":0,"k":[100,100,100],"ix":6}},"ao":0,"shapes":[{"ty":"gr","it":[{"ind":0,"ty":"sh","ix":1,"ks":{"a":0,"k":{"i":[[-0.33,3.964],[0.55,0.046],[0.046,-0.55],[-0.336,-6.329],[-0.532,-2.799],[-1.086,-1.846],[-0.476,0.28],[0.28,0.476],[0.513,2.698],[0.165,3.11]],"o":[[0.046,-0.55],[-0.55,-0.046],[-0.336,4.036],[0.168,3.165],[0.529,2.783],[0.28,0.476],[0.476,-0.28],[-0.914,-1.554],[-0.51,-2.682],[-0.33,-6.221]],"v":[[-0.3,-16.167],[-1.213,-17.247],[-2.293,-16.333],[-2.545,0.503],[-1.529,9.615],[0.842,16.757],[2.211,17.112],[2.566,15.743],[0.436,9.241],[-0.548,0.397]],"c":true},"ix":2},"nm":"Path 1","mn":"ADBE Vector Shape - Group","hd":false},{"ty":"fl","c":{"a":0,"k":[0.686274528503,0.686274528503,0.686274528503,1],"ix":4},"o":{"a":0,"k":100,"ix":5},"r":1,"bm":0,"nm":"Fill 1","mn":"ADBE Vector Graphic - Fill","hd":false},{"ty":"tr","p":{"a":0,"k":[0,0],"ix":2},"a":{"a":0,"k":[0,0],"ix":1},"s":{"a":0,"k":[400,400],"ix":3},"r":{"a":0,"k":0,"ix":6},"o":{"a":0,"k":100,"ix":7},"sk":{"a":0,"k":0,"ix":4},"sa":{"a":0,"k":0,"ix":5},"nm":"Transform"}],"nm":"Vector 4 (Stroke)","np":2,"cix":2,"bm":0,"ix":1,"mn":"ADBE Vector Group","hd":false}],"ip":0,"op":500,"st":0,"bm":0}]}],"layers":[{"ddd":0,"ind":1,"ty":0,"nm":"Hirigana_ANIM","refId":"comp_0","sr":1,"ks":{"o":{"a":0,"k":100,"ix":11},"r":{"a":0,"k":0,"ix":10},"p":{"a":0,"k":[26,26,0],"ix":2},"a":{"a":0,"k":[92,92,0],"ix":1},"s":{"a":0,"k":[25,25,100],"ix":6}},"ao":0,"w":184,"h":184,"ip":0,"op":500,"st":0,"bm":0}],"markers":[{"tm":60,"cm":"Timeline START","dr":0},{"tm":110,"cm":"Anim START","dr":0},{"tm":169,"cm":"Anim END\r","dr":0},{"tm":265.19921875,"cm":"Timeline END","dr":0}]}
