{"v":"5.7.4","fr":60,"ip":110,"op":167,"w":46,"h":46,"nm":"Shop_EXPORT-RED 46 x 46","ddd":0,"assets":[{"id":"comp_0","layers":[{"ddd":0,"ind":1,"ty":3,"nm":"Null 12","parent":4,"sr":1,"ks":{"o":{"a":0,"k":0,"ix":11},"r":{"a":0,"k":0,"ix":10},"p":{"a":0,"k":[24.588,-0.715,0],"ix":2,"l":2},"a":{"a":0,"k":[0,0,0],"ix":1,"l":2},"s":{"a":1,"k":[{"i":{"x":[0.833,0.833,0.833],"y":[1,1,1]},"o":{"x":[0.333,0.333,0.333],"y":[0,0,0]},"t":110,"s":[112.36,112.36,100]},{"t":118,"s":[55.36,112.36,100],"h":1},{"i":{"x":[0.833,0.833,0.833],"y":[1,1,1]},"o":{"x":[0.333,0.333,0.333],"y":[0,0,0]},"t":121,"s":[112.36,112.36,100]},{"t":125,"s":[55.36,112.36,100],"h":1},{"i":{"x":[0.833,0.833,0.833],"y":[1,1,1]},"o":{"x":[0.333,0.333,0.333],"y":[0,0,0]},"t":129,"s":[112.36,112.36,100]},{"t":134,"s":[55.36,112.36,100],"h":1},{"i":{"x":[0.833,0.833,0.833],"y":[1,1,1]},"o":{"x":[0.333,0.333,0.333],"y":[0,0,0]},"t":140,"s":[112.36,112.36,100]},{"t":147,"s":[55.36,112.36,100],"h":1}],"ix":6,"l":2}},"ao":0,"ip":0,"op":300,"st":0,"bm":0},{"ddd":0,"ind":2,"ty":4,"nm":"Shadow","parent":1,"sr":1,"ks":{"o":{"a":1,"k":[{"i":{"x":[0.667],"y":[1]},"o":{"x":[0.333],"y":[0]},"t":110,"s":[0]},{"i":{"x":[0.833],"y":[1]},"o":{"x":[0.333],"y":[0]},"t":118,"s":[100]},{"t":119,"s":[0],"h":1},{"i":{"x":[0.667],"y":[1]},"o":{"x":[0.333],"y":[0]},"t":121,"s":[0]},{"i":{"x":[0.833],"y":[1]},"o":{"x":[0.333],"y":[0]},"t":124,"s":[100]},{"t":125,"s":[0],"h":1},{"i":{"x":[0.667],"y":[1]},"o":{"x":[0.333],"y":[0]},"t":129,"s":[0]},{"i":{"x":[0.833],"y":[1]},"o":{"x":[0.333],"y":[0]},"t":133,"s":[100]},{"t":134,"s":[0],"h":1},{"i":{"x":[0.667],"y":[1]},"o":{"x":[0.333],"y":[0]},"t":140,"s":[0]},{"i":{"x":[0.833],"y":[1]},"o":{"x":[0.333],"y":[0]},"t":146,"s":[100]},{"t":147,"s":[0],"h":1}],"ix":11},"r":{"a":0,"k":59.5,"ix":10},"p":{"a":0,"k":[-22.541,-2.582,0],"ix":2,"l":2},"a":{"a":0,"k":[19.382,32.865,0],"ix":1,"l":2},"s":{"a":0,"k":[-89,89,100],"ix":6,"l":2}},"ao":0,"shapes":[{"ty":"gr","it":[{"ind":0,"ty":"sh","ix":1,"ks":{"a":0,"k":{"i":[[0,0],[3.362,-1.967],[0,0],[-3.076,-2.054],[0,0],[-1.672,1.055],[0,0],[-0.021,1.698]],"o":[[0.048,-3.895],[0,0],[-3.193,1.868],[0,0],[1.644,1.098],[0,0],[1.436,-0.906],[0,0]],"v":[[18.178,-11.227],[10.641,-15.611],[-15.699,-0.198],[-15.951,8.29],[-5.21,15.461],[0.242,15.532],[15.685,5.793],[18.021,1.618]],"c":true},"ix":2},"nm":"Path 1","mn":"ADBE Vector Shape - Group","hd":false},{"ty":"fl","c":{"a":0,"k":[0.917647058824,0.16862745098,0.16862745098,1],"ix":4},"o":{"a":0,"k":100,"ix":5},"r":1,"bm":0,"nm":"Fill 1","mn":"ADBE Vector Graphic - Fill","hd":false},{"ty":"tr","p":{"a":0,"k":[0,0],"ix":2},"a":{"a":0,"k":[0,0],"ix":1},"s":{"a":0,"k":[100,100],"ix":3},"r":{"a":0,"k":0,"ix":6},"o":{"a":0,"k":100,"ix":7},"sk":{"a":0,"k":0,"ix":4},"sa":{"a":0,"k":0,"ix":5},"nm":"Transform"}],"nm":"highlight","np":2,"cix":2,"bm":0,"ix":1,"mn":"ADBE Vector Group","hd":false}],"ip":110,"op":300,"st":0,"bm":0},{"ddd":0,"ind":3,"ty":4,"nm":"Highlight","parent":5,"sr":1,"ks":{"o":{"a":1,"k":[{"i":{"x":[0.833],"y":[1]},"o":{"x":[0.333],"y":[0]},"t":110,"s":[100]},{"i":{"x":[0.667],"y":[1]},"o":{"x":[0.167],"y":[0]},"t":118,"s":[35]},{"i":{"x":[0.833],"y":[1]},"o":{"x":[0.333],"y":[0]},"t":121,"s":[100]},{"i":{"x":[0.667],"y":[1]},"o":{"x":[0.167],"y":[0]},"t":125,"s":[35]},{"i":{"x":[0.833],"y":[1]},"o":{"x":[0.333],"y":[0]},"t":129,"s":[100]},{"i":{"x":[0.667],"y":[1]},"o":{"x":[0.167],"y":[0]},"t":134,"s":[35]},{"i":{"x":[0.833],"y":[1]},"o":{"x":[0.333],"y":[0]},"t":140,"s":[100]},{"i":{"x":[0.667],"y":[1]},"o":{"x":[0.167],"y":[0]},"t":147,"s":[35]},{"t":155,"s":[100]}],"ix":11},"r":{"a":1,"k":[{"i":{"x":[0.833],"y":[1]},"o":{"x":[0.333],"y":[0]},"t":110,"s":[0]},{"i":{"x":[0.667],"y":[1]},"o":{"x":[0.167],"y":[0]},"t":118,"s":[-4]},{"i":{"x":[0.833],"y":[1]},"o":{"x":[0.333],"y":[0]},"t":121,"s":[0]},{"i":{"x":[0.667],"y":[1]},"o":{"x":[0.167],"y":[0]},"t":125,"s":[-4]},{"i":{"x":[0.833],"y":[1]},"o":{"x":[0.333],"y":[0]},"t":129,"s":[0]},{"i":{"x":[0.667],"y":[1]},"o":{"x":[0.167],"y":[0]},"t":134,"s":[-4]},{"i":{"x":[0.833],"y":[1]},"o":{"x":[0.333],"y":[0]},"t":140,"s":[0]},{"i":{"x":[0.667],"y":[1]},"o":{"x":[0.167],"y":[0]},"t":147,"s":[-4]},{"t":155,"s":[0]}],"ix":10},"p":{"a":0,"k":[-21.743,-20.3,0],"ix":2,"l":2},"a":{"a":0,"k":[-2.247,12.921,0],"ix":1,"l":2},"s":{"a":1,"k":[{"i":{"x":[0.833,0.833,0.833],"y":[1,1,1]},"o":{"x":[0.333,0.333,0.333],"y":[0,0,0]},"t":110,"s":[100,100,100]},{"i":{"x":[0.667,0.667,0.667],"y":[1,1,1]},"o":{"x":[0.167,0.167,0.167],"y":[0,0,0]},"t":118,"s":[121,106,100]},{"i":{"x":[0.667,0.667,0.667],"y":[1,1,1]},"o":{"x":[0.333,0.333,0.333],"y":[0,0,0]},"t":120,"s":[89,84,100]},{"i":{"x":[0.833,0.833,0.833],"y":[1,1,1]},"o":{"x":[0.333,0.333,0.333],"y":[0,0,0]},"t":121,"s":[100,100,100]},{"i":{"x":[0.667,0.667,0.667],"y":[1,1,1]},"o":{"x":[0.167,0.167,0.167],"y":[0,0,0]},"t":125,"s":[121,106,100]},{"i":{"x":[0.667,0.667,0.667],"y":[1,1,1]},"o":{"x":[0.333,0.333,0.333],"y":[0,0,0]},"t":127,"s":[89,84,100]},{"i":{"x":[0.833,0.833,0.833],"y":[1,1,1]},"o":{"x":[0.333,0.333,0.333],"y":[0,0,0]},"t":129,"s":[100,100,100]},{"i":{"x":[0.667,0.667,0.667],"y":[1,1,1]},"o":{"x":[0.167,0.167,0.167],"y":[0,0,0]},"t":134,"s":[121,106,100]},{"i":{"x":[0.667,0.667,0.667],"y":[1,1,1]},"o":{"x":[0.333,0.333,0.333],"y":[0,0,0]},"t":136,"s":[89,84,100]},{"i":{"x":[0.833,0.833,0.833],"y":[1,1,1]},"o":{"x":[0.333,0.333,0.333],"y":[0,0,0]},"t":140,"s":[100,100,100]},{"i":{"x":[0.667,0.667,0.667],"y":[1,1,1]},"o":{"x":[0.167,0.167,0.167],"y":[0,0,0]},"t":147,"s":[121,106,100]},{"i":{"x":[0.667,0.667,0.667],"y":[1,1,1]},"o":{"x":[0.333,0.333,0.333],"y":[0,0,0]},"t":150,"s":[89,84,100]},{"t":155,"s":[100,100,100]}],"ix":6,"l":2}},"ao":0,"shapes":[{"ty":"gr","it":[{"ind":0,"ty":"sh","ix":1,"ks":{"a":0,"k":{"i":[[0,0],[3.362,-1.967],[0,0],[-3.076,-2.054],[0,0],[-1.672,1.055],[0,0],[-0.021,1.698]],"o":[[0.048,-3.895],[0,0],[-3.193,1.868],[0,0],[1.644,1.098],[0,0],[1.436,-0.906],[0,0]],"v":[[18.178,-11.227],[10.641,-15.611],[-15.699,-0.198],[-15.951,8.29],[-5.21,15.461],[0.242,15.532],[15.685,5.793],[18.021,1.618]],"c":true},"ix":2},"nm":"Path 1","mn":"ADBE Vector Shape - Group","hd":false},{"ty":"fl","c":{"a":0,"k":[1,0.874509803922,0.878431372549,1],"ix":4},"o":{"a":0,"k":100,"ix":5},"r":1,"bm":0,"nm":"Fill 1","mn":"ADBE Vector Graphic - Fill","hd":false},{"ty":"tr","p":{"a":0,"k":[0,0],"ix":2},"a":{"a":0,"k":[0,0],"ix":1},"s":{"a":0,"k":[100,100],"ix":3},"r":{"a":0,"k":0,"ix":6},"o":{"a":0,"k":100,"ix":7},"sk":{"a":0,"k":0,"ix":4},"sa":{"a":0,"k":0,"ix":5},"nm":"Transform"}],"nm":"highlight","np":2,"cix":2,"bm":0,"ix":1,"mn":"ADBE Vector Group","hd":false}],"ip":110,"op":300,"st":0,"bm":0},{"ddd":0,"ind":4,"ty":4,"nm":"inner shape","parent":5,"sr":1,"ks":{"o":{"a":1,"k":[{"i":{"x":[0.833],"y":[1]},"o":{"x":[0.333],"y":[0]},"t":110,"s":[15.258]},{"i":{"x":[0.833],"y":[1]},"o":{"x":[0.167],"y":[0]},"t":118,"s":[0]},{"i":{"x":[0.833],"y":[1]},"o":{"x":[0.167],"y":[0]},"t":119,"s":[0]},{"i":{"x":[0.833],"y":[1]},"o":{"x":[0.167],"y":[0]},"t":120,"s":[13.258]},{"i":{"x":[0.833],"y":[1]},"o":{"x":[0.167],"y":[0]},"t":125,"s":[0]},{"i":{"x":[0.833],"y":[1]},"o":{"x":[0.167],"y":[0]},"t":126,"s":[0]},{"i":{"x":[0.667],"y":[1]},"o":{"x":[0.167],"y":[0]},"t":127,"s":[13.258]},{"i":{"x":[0.833],"y":[1]},"o":{"x":[0.333],"y":[0]},"t":129,"s":[15.258]},{"i":{"x":[0.833],"y":[1]},"o":{"x":[0.167],"y":[0]},"t":134,"s":[0]},{"i":{"x":[0.833],"y":[1]},"o":{"x":[0.167],"y":[0]},"t":135,"s":[0]},{"i":{"x":[0.667],"y":[1]},"o":{"x":[0.167],"y":[0]},"t":136,"s":[13.258]},{"i":{"x":[0.833],"y":[1]},"o":{"x":[0.333],"y":[0]},"t":140,"s":[15.258]},{"i":{"x":[0.833],"y":[1]},"o":{"x":[0.167],"y":[0]},"t":147,"s":[0]},{"i":{"x":[0.833],"y":[1]},"o":{"x":[0.167],"y":[0]},"t":150,"s":[0]},{"t":155,"s":[13.258]}],"ix":11},"r":{"a":0,"k":0,"ix":10},"p":{"s":true,"x":{"a":1,"k":[{"i":{"x":[0.833],"y":[1]},"o":{"x":[0.333],"y":[0]},"t":110,"s":[23.173]},{"i":{"x":[0.569],"y":[0.81]},"o":{"x":[0.203],"y":[0]},"t":118,"s":[33.173]},{"i":{"x":[0.703],"y":[1]},"o":{"x":[0.317],"y":[-0.135]},"t":120,"s":[12.58]},{"i":{"x":[0.833],"y":[1]},"o":{"x":[0.333],"y":[0]},"t":121,"s":[23.173]},{"i":{"x":[0.569],"y":[0.81]},"o":{"x":[0.203],"y":[0]},"t":125,"s":[33.173]},{"i":{"x":[0.667],"y":[1]},"o":{"x":[0.317],"y":[-0.271]},"t":127,"s":[12.58]},{"i":{"x":[0.833],"y":[1]},"o":{"x":[0.333],"y":[0]},"t":129,"s":[23.173]},{"i":{"x":[0.569],"y":[0.81]},"o":{"x":[0.203],"y":[0]},"t":134,"s":[33.173]},{"i":{"x":[0.667],"y":[1]},"o":{"x":[0.317],"y":[-0.541]},"t":136,"s":[12.58]},{"i":{"x":[0.833],"y":[1]},"o":{"x":[0.333],"y":[0]},"t":140,"s":[23.173]},{"i":{"x":[0.569],"y":[0.716]},"o":{"x":[0.203],"y":[0]},"t":147,"s":[33.173]},{"i":{"x":[0.667],"y":[1]},"o":{"x":[0.317],"y":[-0.677]},"t":150,"s":[12.58]},{"t":155,"s":[23.173]}],"ix":3},"y":{"a":1,"k":[{"i":{"x":[0.667],"y":[1]},"o":{"x":[0.333],"y":[0]},"t":110,"s":[0.715]},{"t":155,"s":[0.715]}],"ix":4}},"a":{"a":0,"k":[22.828,0,0],"ix":1,"l":2},"s":{"a":1,"k":[{"i":{"x":[0.833,0.833,0.833],"y":[1,1,1]},"o":{"x":[0.333,0.333,0.333],"y":[0,0,0]},"t":110,"s":[100,100,100]},{"i":{"x":[0.667,0.667,0.667],"y":[1,1,1]},"o":{"x":[0.167,0.167,0.167],"y":[0,0,0]},"t":118,"s":[100,100,100]},{"i":{"x":[0.833,0.833,0.833],"y":[1,1,1]},"o":{"x":[0.333,0.333,0.333],"y":[0,0,0]},"t":121,"s":[100,100,100]},{"i":{"x":[0.667,0.667,0.667],"y":[1,1,1]},"o":{"x":[0.167,0.167,0.167],"y":[0,0,0]},"t":125,"s":[100,100,100]},{"i":{"x":[0.833,0.833,0.833],"y":[1,1,1]},"o":{"x":[0.333,0.333,0.333],"y":[0,0,0]},"t":129,"s":[100,100,100]},{"i":{"x":[0.667,0.667,0.667],"y":[1,1,1]},"o":{"x":[0.167,0.167,0.167],"y":[0,0,0]},"t":134,"s":[100,100,100]},{"i":{"x":[0.833,0.833,0.833],"y":[1,1,1]},"o":{"x":[0.333,0.333,0.333],"y":[0,0,0]},"t":140,"s":[100,100,100]},{"i":{"x":[0.667,0.667,0.667],"y":[1,1,1]},"o":{"x":[0.167,0.167,0.167],"y":[0,0,0]},"t":147,"s":[100,100,100]},{"t":155,"s":[100,100,100]}],"ix":6,"l":2}},"ao":0,"shapes":[{"ty":"gr","it":[{"ind":0,"ty":"sh","ix":1,"ks":{"a":0,"k":{"i":[[0,0],[0,2.96],[0,0],[2.394,1.504],[0,0],[2.462,-1.548],[0,0],[0,-2.96],[0,0],[-2.394,-1.505],[0,0],[-2.462,1.548]],"o":[[2.394,-1.504],[0,0],[0,-2.96],[0,0],[-2.462,-1.548],[0,0],[-2.394,1.505],[0,0],[0,2.96],[0,0],[2.462,1.548],[0,0]],"v":[[19.004,18.717],[22.866,11.512],[22.866,-11.512],[19.004,-18.717],[3.991,-28.153],[-3.992,-28.153],[-19.004,-18.717],[-22.866,-11.512],[-22.866,11.512],[-19.004,18.717],[-3.992,28.153],[3.991,28.153]],"c":true},"ix":2},"nm":"Path 1","mn":"ADBE Vector Shape - Group","hd":false},{"ty":"fl","c":{"a":0,"k":[1,1,1,1],"ix":4},"o":{"a":0,"k":100,"ix":5},"r":1,"bm":0,"nm":"Fill 1","mn":"ADBE Vector Graphic - Fill","hd":false},{"ty":"tr","p":{"a":0,"k":[0,0],"ix":2},"a":{"a":0,"k":[0,0],"ix":1},"s":{"a":0,"k":[100,100],"ix":3},"r":{"a":0,"k":0,"ix":6},"o":{"a":0,"k":100,"ix":7},"sk":{"a":0,"k":0,"ix":4},"sa":{"a":0,"k":0,"ix":5},"nm":"Transform"}],"nm":"inner shape","np":2,"cix":2,"bm":0,"ix":1,"mn":"ADBE Vector Group","hd":false}],"ip":110,"op":300,"st":0,"bm":0},{"ddd":0,"ind":5,"ty":4,"nm":"outer shape","parent":6,"sr":1,"ks":{"o":{"a":0,"k":100,"ix":11},"r":{"a":0,"k":0,"ix":10},"p":{"a":0,"k":[0,0,0],"ix":2,"l":2},"a":{"a":0,"k":[0,0,0],"ix":1,"l":2},"s":{"a":1,"k":[{"i":{"x":[0.407,0.407,0.833],"y":[1,1,1]},"o":{"x":[0.222,0.222,0.333],"y":[0.551,0.551,0]},"t":110,"s":[89,89,100]},{"i":{"x":[0.793,0.793,0.833],"y":[0.047,0.047,1.117]},"o":{"x":[0.408,0.408,0.185],"y":[0,0,0]},"t":124,"s":[119,119,100]},{"i":{"x":[0.307,0.307,0.842],"y":[1,1,1]},"o":{"x":[0.413,0.413,0.167],"y":[0.501,0.501,-0.162]},"t":137,"s":[115.168,115.168,100]},{"i":{"x":[0.474,0.474,0.833],"y":[1,1,1]},"o":{"x":[0.409,0.409,0.167],"y":[0,0,0]},"t":155,"s":[95,95,100]},{"t":167,"s":[100,100,100]}],"ix":6,"l":2}},"ao":0,"shapes":[{"ty":"gr","it":[{"ind":0,"ty":"sh","ix":1,"ks":{"a":0,"k":{"i":[[0,0],[0,5.849],[0,0],[5.052,2.972],[0,0],[5.197,-3.058],[0,0],[0,-5.849],[0,0],[-5.052,-2.972],[0,0],[-5.197,3.058]],"o":[[5.052,-2.972],[0,0],[0,-5.849],[0,0],[-5.197,-3.058],[0,0],[-5.052,2.972],[0,0],[0,5.849],[0,0],[5.197,3.058],[0,0]],"v":[[40.109,36.977],[48.261,22.743],[48.261,-22.743],[40.109,-36.977],[8.423,-55.62],[-8.425,-55.62],[-40.109,-36.977],[-48.261,-22.743],[-48.261,22.743],[-40.109,36.977],[-8.425,55.62],[8.423,55.62]],"c":true},"ix":2},"nm":"Path 1","mn":"ADBE Vector Shape - Group","hd":false},{"ty":"fl","c":{"a":0,"k":[1,0.294117647059,0.294117647059,1],"ix":4},"o":{"a":0,"k":100,"ix":5},"r":1,"bm":0,"nm":"Fill 1","mn":"ADBE Vector Graphic - Fill","hd":false},{"ty":"tr","p":{"a":0,"k":[0,0],"ix":2},"a":{"a":0,"k":[0,0],"ix":1},"s":{"a":0,"k":[100,100],"ix":3},"r":{"a":0,"k":0,"ix":6},"o":{"a":0,"k":100,"ix":7},"sk":{"a":0,"k":0,"ix":4},"sa":{"a":0,"k":0,"ix":5},"nm":"Transform"}],"nm":"outer shape","np":2,"cix":2,"bm":0,"ix":1,"mn":"ADBE Vector Group","hd":false}],"ip":110,"op":300,"st":0,"bm":0},{"ddd":0,"ind":6,"ty":3,"nm":"Scale - NULL","sr":1,"ks":{"o":{"a":0,"k":0,"ix":11},"r":{"a":0,"k":0,"ix":10},"p":{"a":0,"k":[74,74,0],"ix":2,"l":2},"a":{"a":0,"k":[0,0,0],"ix":1,"l":2},"s":{"a":1,"k":[{"i":{"x":[0.667,0.667,0.667],"y":[1,1,1]},"o":{"x":[0.333,0.333,0.333],"y":[0,0,0]},"t":110,"s":[100,100,100]},{"i":{"x":[0.833,0.833,0.833],"y":[1,1,1]},"o":{"x":[0.167,0.167,0.167],"y":[0,0,0]},"t":118,"s":[70,100,100]},{"i":{"x":[0.667,0.667,0.667],"y":[1,1,1]},"o":{"x":[0.167,0.167,0.167],"y":[0,0,0]},"t":121,"s":[100,100,100]},{"i":{"x":[0.833,0.833,0.833],"y":[1,1,1]},"o":{"x":[0.167,0.167,0.167],"y":[0,0,0]},"t":125,"s":[70,100,100]},{"i":{"x":[0.667,0.667,0.667],"y":[1,1,1]},"o":{"x":[0.167,0.167,0.167],"y":[0,0,0]},"t":129,"s":[100,100,100]},{"i":{"x":[0.833,0.833,0.833],"y":[1,1,1]},"o":{"x":[0.167,0.167,0.167],"y":[0,0,0]},"t":134,"s":[70,100,100]},{"i":{"x":[0.667,0.667,0.667],"y":[1,1,1]},"o":{"x":[0.167,0.167,0.167],"y":[0,0,0]},"t":140,"s":[100,100,100]},{"i":{"x":[0.833,0.833,0.833],"y":[1,1,1]},"o":{"x":[0.167,0.167,0.167],"y":[0,0,0]},"t":147,"s":[70,100,100]},{"t":155,"s":[100,100,100]}],"ix":6,"l":2}},"ao":0,"ip":0,"op":300,"st":0,"bm":0},{"ddd":0,"ind":7,"ty":0,"nm":"Shop - Light","refId":"comp_1","sr":1,"ks":{"o":{"a":1,"k":[{"t":60,"s":[100],"h":1},{"t":110,"s":[0],"h":1}],"ix":11},"r":{"a":0,"k":0,"ix":10},"p":{"a":0,"k":[74,74,0],"ix":2,"l":2},"a":{"a":0,"k":[74,74,0],"ix":1,"l":2},"s":{"a":0,"k":[100,100,100],"ix":6,"l":2}},"ao":0,"w":148,"h":148,"ip":0,"op":300,"st":0,"bm":0}]},{"id":"comp_1","layers":[{"ddd":0,"ind":1,"ty":4,"nm":"shop_outline_light","sr":1,"ks":{"o":{"a":0,"k":100,"ix":11},"r":{"a":0,"k":0,"ix":10},"p":{"a":0,"k":[74,74,0],"ix":2,"l":2},"a":{"a":0,"k":[0,0,0],"ix":1,"l":2},"s":{"a":0,"k":[100,100,100],"ix":6,"l":2}},"ao":0,"shapes":[{"ty":"gr","it":[{"ind":0,"ty":"sh","ix":1,"ks":{"a":0,"k":{"i":[[0,0],[0,5.849],[0,0],[5.052,2.972],[0,0],[5.197,-3.058],[0,0],[0,-5.849],[0,0],[-5.052,-2.972],[0,0],[-5.197,3.058]],"o":[[5.052,-2.972],[0,0],[0,-5.849],[0,0],[-5.197,-3.058],[0,0],[-5.052,2.972],[0,0],[0,5.849],[0,0],[5.197,3.058],[0,0]],"v":[[40.109,36.977],[48.261,22.743],[48.261,-22.743],[40.109,-36.977],[8.423,-55.62],[-8.425,-55.62],[-40.109,-36.977],[-48.261,-22.743],[-48.261,22.743],[-40.109,36.977],[-8.425,55.62],[8.423,55.62]],"c":true},"ix":2},"nm":"Path 1","mn":"ADBE Vector Shape - Group","hd":false},{"ind":1,"ty":"sh","ix":2,"ks":{"a":0,"k":{"i":[[0,0],[0,0.465],[0,0],[0,0],[0,-0.938],[0,0],[0.207,-0.897]],"o":[[0.063,-0.453],[0,0],[0,0],[0.207,0.897],[0,0],[0,0.938],[0,0]],"v":[[41.632,24.122],[41.728,22.743],[41.728,-22.747],[25.769,-13.56],[26.084,-10.797],[26.084,12.227],[25.77,14.99]],"c":true},"ix":2},"nm":"Path 2","mn":"ADBE Vector Shape - Group","hd":false},{"ind":2,"ty":"sh","ix":3,"ks":{"a":0,"k":{"i":[[0,0],[-0.749,-0.934],[0,0],[0.675,0.431],[0,0],[3.474,-2.217],[0,0],[0.577,-0.586],[0,0],[-0.993,0.585],[0,0],[-3.149,-1.853]],"o":[[1.065,0.627],[0,0],[-0.557,-0.555],[0,0],[-3.474,-2.217],[0,0],[-0.706,0.451],[0,0],[0.72,-0.855],[0,0],[3.149,-1.853],[0,0]],"v":[[36.789,-31.367],[39.525,-29.001],[22.628,-19.273],[20.778,-20.757],[5.991,-30.194],[-5.303,-30.193],[-20.089,-20.757],[-22.017,-19.195],[-39.372,-29.188],[-36.789,-31.367],[-5.105,-50.009],[5.103,-50.009]],"c":true},"ix":2},"nm":"Path 3","mn":"ADBE Vector Shape - Group","hd":false},{"ind":3,"ty":"sh","ix":4,"ks":{"a":0,"k":{"i":[[0,0],[0.69,-0.406],[0,0],[3.149,1.853],[0,0],[0.498,0.449],[0,0],[-0.681,-0.435],[0,0],[-3.474,2.217],[0,0],[-0.557,0.555]],"o":[[-0.562,0.542],[0,0],[-3.149,1.853],[0,0],[-0.591,-0.348],[0,0],[0.561,0.561],[0,0],[3.474,2.217],[0,0],[0.675,-0.431],[0,0]],"v":[[38.67,29.938],[36.789,31.367],[5.103,50.009],[-5.105,50.009],[-36.789,31.367],[-38.424,30.168],[-21.955,20.687],[-20.089,22.187],[-5.303,31.624],[5.991,31.624],[20.778,22.187],[22.628,20.703]],"c":true},"ix":2},"nm":"Path 4","mn":"ADBE Vector Shape - Group","hd":false},{"ind":4,"ty":"sh","ix":5,"ks":{"a":0,"k":{"i":[[0,0],[-0.204,-0.891],[0,0],[0,0.582],[0,0],[-0.003,0.092],[0,0],[0,-0.9]],"o":[[0,0.93],[0,0],[-0.098,-0.562],[0,0],[0,-0.093],[0,0],[-0.191,0.864],[0,0]],"v":[[-25.395,12.227],[-25.086,14.968],[-41.579,24.462],[-41.728,22.743],[-41.728,-22.743],[-41.724,-23.021],[-25.105,-13.451],[-25.395,-10.797]],"c":true},"ix":2},"nm":"Path 5","mn":"ADBE Vector Shape - Group","hd":false},{"ind":5,"ty":"sh","ix":6,"ks":{"a":0,"k":{"i":[[0,0],[1.377,-0.879],[0,0],[0,-1.909],[0,0],[-1.368,-0.873],[0,0],[-1.377,0.879],[0,0],[0,1.909],[0,0],[1.368,0.873]],"o":[[-1.377,-0.879],[0,0],[-1.368,0.873],[0,0],[0,1.909],[0,0],[1.377,0.879],[0,0],[1.368,-0.873],[0,0],[0,-1.909],[0,0]],"v":[[2.559,-24.683],[-1.871,-24.683],[-16.657,-15.247],[-18.96,-10.797],[-18.96,12.227],[-16.657,16.677],[-1.871,26.113],[2.559,26.113],[17.346,16.677],[19.649,12.227],[19.649,-10.797],[17.346,-15.246]],"c":true},"ix":2},"nm":"Path 6","mn":"ADBE Vector Shape - Group","hd":false},{"ty":"mm","mm":1,"nm":"Merge Paths 1","mn":"ADBE Vector Filter - Merge","hd":false},{"ty":"fl","c":{"a":0,"k":[0.686274528503,0.686274528503,0.686274528503,1],"ix":4},"o":{"a":0,"k":100,"ix":5},"r":1,"bm":0,"nm":"Fill 1","mn":"ADBE Vector Graphic - Fill","hd":false},{"ty":"tr","p":{"a":0,"k":[0,0],"ix":2},"a":{"a":0,"k":[0,0],"ix":1},"s":{"a":0,"k":[100,100],"ix":3},"r":{"a":0,"k":0,"ix":6},"o":{"a":0,"k":100,"ix":7},"sk":{"a":0,"k":0,"ix":4},"sa":{"a":0,"k":0,"ix":5},"nm":"Transform"}],"nm":"shop_outline_light","np":8,"cix":2,"bm":0,"ix":1,"mn":"ADBE Vector Group","hd":false}],"ip":0,"op":300,"st":0,"bm":0}]}],"layers":[{"ddd":0,"ind":1,"ty":0,"nm":"Shop_ANIM - RED","refId":"comp_0","sr":1,"ks":{"o":{"a":0,"k":100,"ix":11},"r":{"a":0,"k":0,"ix":10},"p":{"a":0,"k":[23,23,0],"ix":2,"l":2},"a":{"a":0,"k":[74,74,0],"ix":1,"l":2},"s":{"a":0,"k":[31.1,31.1,100],"ix":6,"l":2}},"ao":0,"w":148,"h":148,"ip":0,"op":300,"st":0,"bm":0}],"markers":[{"tm":60,"cm":"TIMELINE START","dr":0},{"tm":110,"cm":"ANIM START","dr":0},{"tm":167,"cm":"ANIM END","dr":0},{"tm":265,"cm":"TIMELINE END","dr":0}]}
