{"v":"5.7.4","fr":60,"ip":110,"op":220,"w":52,"h":52,"nm":"Home_EXPORT 52 x 52","ddd":0,"assets":[{"id":"comp_0","layers":[{"ddd":0,"ind":1,"ty":3,"nm":"Roof - NULL","sr":1,"ks":{"o":{"a":0,"k":0,"ix":11},"r":{"a":0,"k":0,"ix":10},"p":{"s":true,"x":{"a":0,"k":87,"ix":3},"y":{"a":1,"k":[{"i":{"x":[0.36],"y":[1]},"o":{"x":[0.333],"y":[0]},"t":110,"s":[36.5]},{"i":{"x":[0.336],"y":[1]},"o":{"x":[1],"y":[0]},"t":114,"s":[26.933]},{"i":{"x":[0],"y":[1]},"o":{"x":[0.093],"y":[0]},"t":122,"s":[65.977]},{"i":{"x":[0.854],"y":[-0.085]},"o":{"x":[0.464],"y":[0]},"t":136,"s":[17.787]},{"i":{"x":[0.627],"y":[1]},"o":{"x":[0.724],"y":[0.286]},"t":149,"s":[21.037]},{"i":{"x":[0.404],"y":[1]},"o":{"x":[0.167],"y":[0]},"t":154,"s":[44.5]},{"t":160,"s":[36.5]}],"ix":4}},"a":{"a":0,"k":[0,0,0],"ix":1,"l":2},"s":{"a":0,"k":[100,100,100],"ix":6,"l":2}},"ao":0,"ip":0,"op":300,"st":0,"bm":0},{"ddd":0,"ind":2,"ty":4,"nm":"Roof L","parent":1,"sr":1,"ks":{"o":{"a":1,"k":[{"t":60,"s":[0],"h":1},{"t":110,"s":[100],"h":1}],"ix":11},"r":{"a":1,"k":[{"i":{"x":[0.126],"y":[1]},"o":{"x":[0.655],"y":[0]},"t":110,"s":[0]},{"i":{"x":[0.397],"y":[1]},"o":{"x":[0.493],"y":[0]},"t":113,"s":[6]},{"i":{"x":[0.667],"y":[1]},"o":{"x":[0.453],"y":[0]},"t":119,"s":[-19.354]},{"i":{"x":[0.667],"y":[1]},"o":{"x":[0.55],"y":[0]},"t":126,"s":[6]},{"i":{"x":[0.667],"y":[1]},"o":{"x":[0.333],"y":[0]},"t":135,"s":[-25.387]},{"i":{"x":[0.667],"y":[1]},"o":{"x":[0.333],"y":[0]},"t":139,"s":[-11.765]},{"i":{"x":[0.667],"y":[1]},"o":{"x":[0.333],"y":[0]},"t":143,"s":[-29.506]},{"i":{"x":[0.667],"y":[1]},"o":{"x":[0.333],"y":[0]},"t":148,"s":[-11.765]},{"i":{"x":[0.21],"y":[1]},"o":{"x":[0.333],"y":[0]},"t":153,"s":[-29.506]},{"i":{"x":[0.667],"y":[1]},"o":{"x":[0.229],"y":[0]},"t":159,"s":[6]},{"t":167,"s":[0]}],"ix":10},"p":{"a":0,"k":[0.125,-1.125,0],"ix":2,"l":2},"a":{"a":0,"k":[-1.875,-51.625,0],"ix":1,"l":2},"s":{"a":0,"k":[100,100,100],"ix":6,"l":2}},"ao":0,"shapes":[{"ind":0,"ty":"sh","ix":1,"ks":{"a":0,"k":{"i":[[0,0],[0,0]],"o":[[0,0],[0,0]],"v":[[-2,-51.75],[55.5,-10.5]],"c":false},"ix":2},"nm":"Path 1","mn":"ADBE Vector Shape - Group","hd":false},{"ty":"st","c":{"a":0,"k":[1,0.294117647059,0.294117647059,1],"ix":3},"o":{"a":0,"k":100,"ix":4},"w":{"a":0,"k":20,"ix":5},"lc":2,"lj":1,"ml":4,"bm":0,"nm":"Stroke 1","mn":"ADBE Vector Graphic - Stroke","hd":false}],"ip":0,"op":300,"st":0,"bm":0},{"ddd":0,"ind":3,"ty":4,"nm":"Roof R","parent":1,"sr":1,"ks":{"o":{"a":1,"k":[{"t":60,"s":[0],"h":1},{"t":110,"s":[100],"h":1}],"ix":11},"r":{"a":1,"k":[{"i":{"x":[0.126],"y":[1]},"o":{"x":[0.655],"y":[0]},"t":110,"s":[0]},{"i":{"x":[0.397],"y":[1]},"o":{"x":[0.493],"y":[0]},"t":113,"s":[-6]},{"i":{"x":[0.664],"y":[1]},"o":{"x":[0.677],"y":[0]},"t":119,"s":[18.326]},{"i":{"x":[0.667],"y":[1]},"o":{"x":[0.55],"y":[0]},"t":126,"s":[-6]},{"i":{"x":[0.667],"y":[1]},"o":{"x":[0.333],"y":[0]},"t":135,"s":[25.193]},{"i":{"x":[0.667],"y":[1]},"o":{"x":[0.333],"y":[0]},"t":139,"s":[11.678]},{"i":{"x":[0.667],"y":[1]},"o":{"x":[0.333],"y":[0]},"t":143,"s":[29.312]},{"i":{"x":[0.667],"y":[1]},"o":{"x":[0.333],"y":[0]},"t":148,"s":[11.678]},{"i":{"x":[0.21],"y":[1]},"o":{"x":[0.333],"y":[0]},"t":153,"s":[29.312]},{"i":{"x":[0.667],"y":[1]},"o":{"x":[0.229],"y":[0]},"t":159,"s":[-6]},{"t":167,"s":[0]}],"ix":10},"p":{"a":0,"k":[0,-1.25,0],"ix":2,"l":2},"a":{"a":0,"k":[0,-51.75,0],"ix":1,"l":2},"s":{"a":0,"k":[100,100,100],"ix":6,"l":2}},"ao":0,"shapes":[{"ind":0,"ty":"sh","ix":1,"ks":{"a":0,"k":{"i":[[0,0],[0,0]],"o":[[0,0],[0,0]],"v":[[0.125,-51.875],[-57,-10.25]],"c":false},"ix":2},"nm":"Path 1","mn":"ADBE Vector Shape - Group","hd":false},{"ty":"st","c":{"a":0,"k":[1,0.294117647059,0.294117647059,1],"ix":3},"o":{"a":0,"k":100,"ix":4},"w":{"a":0,"k":20,"ix":5},"lc":2,"lj":1,"ml":4,"bm":0,"nm":"Stroke 1","mn":"ADBE Vector Graphic - Stroke","hd":false}],"ip":0,"op":300,"st":0,"bm":0},{"ddd":0,"ind":5,"ty":4,"nm":"window","parent":8,"sr":1,"ks":{"o":{"a":1,"k":[{"t":60,"s":[0],"h":1},{"t":110,"s":[100],"h":1}],"ix":11},"r":{"a":0,"k":0,"ix":10},"p":{"a":0,"k":[0.045,0.29,0],"ix":2,"l":2},"a":{"a":0,"k":[0,0,0],"ix":1,"l":2},"s":{"a":0,"k":[100,100,100],"ix":6,"l":2}},"ao":0,"shapes":[{"ty":"gr","it":[{"ind":0,"ty":"sh","ix":1,"ks":{"a":0,"k":{"i":[[-8.885,0],[0,8.885],[8.885,0],[0,-8.885]],"o":[[8.885,0],[0,-8.885],[-8.885,0],[0,8.885]],"v":[[0,16.087],[16.087,0],[0,-16.087],[-16.087,0]],"c":true},"ix":2},"nm":"Path 1","mn":"ADBE Vector Shape - Group","hd":false},{"ty":"fl","c":{"a":0,"k":[0.579166650772,0.316128462553,0.316128462553,1],"ix":4},"o":{"a":0,"k":100,"ix":5},"r":1,"bm":0,"nm":"Fill 1","mn":"ADBE Vector Graphic - Fill","hd":false},{"ty":"tr","p":{"a":0,"k":[0,0],"ix":2},"a":{"a":0,"k":[0,0],"ix":1},"s":{"a":0,"k":[100,100],"ix":3},"r":{"a":0,"k":0,"ix":6},"o":{"a":0,"k":100,"ix":7},"sk":{"a":0,"k":0,"ix":4},"sa":{"a":0,"k":0,"ix":5},"nm":"Transform"}],"nm":"window","np":2,"cix":2,"bm":0,"ix":1,"mn":"ADBE Vector Group","hd":false}],"ip":0,"op":300,"st":0,"bm":0},{"ddd":0,"ind":6,"ty":4,"nm":"perch line","parent":8,"sr":1,"ks":{"o":{"a":1,"k":[{"t":60,"s":[0],"h":1},{"t":110,"s":[50],"h":1}],"ix":11},"r":{"a":0,"k":0,"ix":10},"p":{"a":0,"k":[0.045,29.469,0],"ix":2,"l":2},"a":{"a":0,"k":[0,0,0],"ix":1,"l":2},"s":{"a":0,"k":[100,100,100],"ix":6,"l":2}},"ao":0,"shapes":[{"ty":"gr","it":[{"ind":0,"ty":"sh","ix":1,"ks":{"a":0,"k":{"i":[[0,0],[0,-2.665],[-2.665,0],[0,0],[0,2.665],[2.665,0]],"o":[[-2.665,0],[0,2.665],[0,0],[2.665,0],[0,-2.665],[0,0]],"v":[[-9.652,-4.826],[-14.478,0],[-9.652,4.826],[9.652,4.826],[14.478,0],[9.652,-4.826]],"c":true},"ix":2},"nm":"Path 1","mn":"ADBE Vector Shape - Group","hd":false},{"ty":"fl","c":{"a":0,"k":[0.579166650772,0.316128462553,0.316128462553,1],"ix":4},"o":{"a":0,"k":100,"ix":5},"r":1,"bm":0,"nm":"Fill 1","mn":"ADBE Vector Graphic - Fill","hd":false},{"ty":"tr","p":{"a":0,"k":[0,0],"ix":2},"a":{"a":0,"k":[0,0],"ix":1},"s":{"a":0,"k":[100,100],"ix":3},"r":{"a":0,"k":0,"ix":6},"o":{"a":0,"k":100,"ix":7},"sk":{"a":0,"k":0,"ix":4},"sa":{"a":0,"k":0,"ix":5},"nm":"Transform"}],"nm":"perch line","np":2,"cix":2,"bm":0,"ix":1,"mn":"ADBE Vector Group","hd":false}],"ip":0,"op":300,"st":0,"bm":0},{"ddd":0,"ind":7,"ty":4,"nm":"house body 2","parent":8,"sr":1,"ks":{"o":{"a":1,"k":[{"t":60,"s":[0],"h":1},{"t":110,"s":[100],"h":1}],"ix":11},"r":{"a":0,"k":0,"ix":10},"p":{"a":0,"k":[-0.004,0.96,0],"ix":2,"l":2},"a":{"a":0,"k":[0,0,0],"ix":1,"l":2},"s":{"a":0,"k":[100,100,100],"ix":6,"l":2}},"ao":0,"shapes":[{"ty":"gr","it":[{"ind":0,"ty":"sh","ix":1,"ks":{"a":0,"k":{"i":[[0,0],[-1.373,7.208],[0,0],[2.504,1.821],[0,0],[2.808,-2.076],[0,0],[-0.575,-3.02],[0,0],[-7.338,0]],"o":[[7.338,0],[0,0],[0.579,-3.042],[0,0],[-2.824,-2.054],[0,0],[-2.471,1.828],[0,0],[1.373,7.208],[0,0]],"v":[[24.745,53.221],[39.757,40.798],[49.971,-12.826],[46.818,-20.793],[4.334,-51.691],[-5.128,-51.653],[-46.869,-20.786],[-49.971,-12.857],[-39.751,40.798],[-24.739,53.221]],"c":true},"ix":2},"nm":"Path 1","mn":"ADBE Vector Shape - Group","hd":false},{"ty":"fl","c":{"a":0,"k":[1,0.782608687878,0,1],"ix":4},"o":{"a":0,"k":100,"ix":5},"r":1,"bm":0,"nm":"Fill 1","mn":"ADBE Vector Graphic - Fill","hd":false},{"ty":"tr","p":{"a":0,"k":[0,0],"ix":2},"a":{"a":0,"k":[0,0],"ix":1},"s":{"a":0,"k":[100,100],"ix":3},"r":{"a":0,"k":0,"ix":6},"o":{"a":0,"k":100,"ix":7},"sk":{"a":0,"k":0,"ix":4},"sa":{"a":0,"k":0,"ix":5},"nm":"Transform"}],"nm":"house body","np":2,"cix":2,"bm":0,"ix":1,"mn":"ADBE Vector Group","hd":false}],"ip":0,"op":300,"st":0,"bm":0},{"ddd":0,"ind":8,"ty":3,"nm":"house body","sr":1,"ks":{"o":{"a":1,"k":[{"t":60,"s":[0],"h":1},{"t":110,"s":[100],"h":1}],"ix":11},"r":{"a":0,"k":0,"ix":10},"p":{"s":true,"x":{"a":0,"k":86.955,"ix":3},"y":{"a":0,"k":142.097,"ix":4}},"a":{"a":0,"k":[0,54,0],"ix":1,"l":2},"s":{"a":1,"k":[{"i":{"x":[0.667,0.389,0.667],"y":[1,1,1]},"o":{"x":[0.247,0.184,0.333],"y":[0.412,0.551,0]},"t":110,"s":[100,100,100]},{"i":{"x":[0.667,0.667,0.667],"y":[1,1,1]},"o":{"x":[0.555,0.536,0.333],"y":[0,0,0]},"t":113,"s":[97,104.595,100]},{"i":{"x":[0.334,0.379,0.667],"y":[1,1,1]},"o":{"x":[0.62,0.592,0.333],"y":[0,0,0]},"t":119,"s":[124.783,71.027,100]},{"i":{"x":[0.758,0.755,0.667],"y":[-0.526,-0.539,1]},"o":{"x":[0.437,0.433,0.333],"y":[0,0,0]},"t":129,"s":[91.221,104.595,100]},{"i":{"x":[0.543,0.533,0.667],"y":[1,1,1]},"o":{"x":[0.655,0.735,0.333],"y":[0.37,0.451,0]},"t":144,"s":[93.261,102.374,100]},{"i":{"x":[0.566,0.481,0.667],"y":[1,1,1]},"o":{"x":[0.333,0.333,0.333],"y":[0,0,0]},"t":150,"s":[102.374,93.261,100]},{"t":158,"s":[100,100,100]}],"ix":6,"l":2}},"ao":0,"ip":0,"op":300,"st":0,"bm":0},{"ddd":0,"ind":9,"ty":0,"nm":"home_outline_light","refId":"comp_1","sr":1,"ks":{"o":{"a":1,"k":[{"t":60,"s":[100],"h":1},{"t":110,"s":[0],"h":1}],"ix":11},"r":{"a":0,"k":0,"ix":10},"p":{"a":0,"k":[86.5,87,0],"ix":2,"l":2},"a":{"a":0,"k":[74,74,0],"ix":1,"l":2},"s":{"a":0,"k":[100,100,100],"ix":6,"l":2}},"ao":0,"w":148,"h":148,"ip":0,"op":300,"st":0,"bm":0}]},{"id":"comp_1","layers":[{"ddd":0,"ind":1,"ty":4,"nm":"Union","sr":1,"ks":{"o":{"a":0,"k":100,"ix":11},"r":{"a":0,"k":0,"ix":10},"p":{"a":0,"k":[73.984,70.992,0],"ix":2,"l":2},"a":{"a":0,"k":[0,0,0],"ix":1,"l":2},"s":{"a":0,"k":[100,100,100],"ix":6,"l":2}},"ao":0,"shapes":[{"ty":"gr","it":[{"ind":0,"ty":"sh","ix":1,"ks":{"a":0,"k":{"i":[[10.661,0],[0,-10.661],[-10.661,0],[0,10.661]],"o":[[-10.661,0],[0,10.661],[10.661,0],[0,-10.661]],"v":[[0.016,-14.913],[-19.288,4.392],[0.016,23.696],[19.32,4.392]],"c":true},"ix":2},"nm":"Path 1","mn":"ADBE Vector Shape - Group","hd":false},{"ind":1,"ty":"sh","ix":2,"ks":{"a":0,"k":{"i":[[0,7.108],[-7.108,0],[0,-7.108],[7.108,0]],"o":[[0,-7.108],[7.108,0],[0,7.108],[-7.108,0]],"v":[[-12.854,4.392],[0.016,-8.478],[12.886,4.392],[0.016,17.261]],"c":true},"ix":2},"nm":"Path 2","mn":"ADBE Vector Shape - Group","hd":false},{"ind":2,"ty":"sh","ix":3,"ks":{"a":0,"k":{"i":[[0,1.777],[-1.777,0],[0,0],[0,-1.777],[1.777,0],[0,0]],"o":[[0,-1.777],[0,0],[1.777,0],[0,1.777],[0,0],[-1.777,0]],"v":[[-14.462,35.182],[-11.245,31.965],[11.277,31.965],[14.494,35.182],[11.277,38.4],[-11.245,38.4]],"c":true},"ix":2},"nm":"Path 3","mn":"ADBE Vector Shape - Group","hd":false},{"ind":3,"ty":"sh","ix":4,"ks":{"a":0,"k":{"i":[[0.376,0.212],[4.111,-2.947],[0,0],[-3.673,-5.054],[-5.033,3.608],[0,0],[0,0],[-7.873,0],[0,0],[-1.285,7.765],[0,0],[0,0],[-3.656,5.031],[5.033,3.656],[0,0]],"o":[[-3.832,-2.899],[0,0],[-5.078,3.64],[3.64,5.009],[0,0],[0,0],[1.285,7.765],[0,0],[7.873,0],[0,0],[0,0],[5.033,3.656],[3.656,-5.031],[0,0],[-0.355,-0.258]],"v":[[7.134,-55.843],[-6.226,-56.012],[-62.848,-15.424],[-65.397,0.346],[-49.722,2.879],[-47.527,1.305],[-40.352,44.662],[-24.477,58.122],[24.487,58.122],[40.361,44.662],[47.545,1.257],[49.665,2.796],[65.397,0.305],[62.905,-15.424],[8.232,-55.138]],"c":true},"ix":2},"nm":"Path 4","mn":"ADBE Vector Shape - Group","hd":false},{"ind":4,"ty":"sh","ix":5,"ks":{"a":0,"k":{"i":[[0,0],[1.794,-1.286],[0,0],[-1.574,-2.166],[-2.157,1.546],[0,0],[0,0],[-1.567,2.156],[2.157,1.567],[0,0],[0.201,0.106],[0,0]],"o":[[-1.648,-1.319],[0,0],[-2.176,1.56],[1.56,2.147],[0,0],[0,0],[2.157,1.567],[1.567,-2.156],[0,0],[-0.192,-0.139],[0,0],[0,0]],"v":[[3.352,-50.633],[-2.475,-50.783],[-59.098,-10.195],[-60.19,-3.436],[-53.472,-2.351],[0.382,-40.955],[53.448,-2.409],[60.19,-3.477],[59.122,-10.218],[4.449,-49.932],[3.859,-50.3],[3.59,-50.442]],"c":true},"ix":2},"nm":"Path 5","mn":"ADBE Vector Shape - Group","hd":false},{"ind":5,"ty":"sh","ix":6,"ks":{"a":0,"k":{"i":[[0.771,4.659],[0,0],[0,0],[0,0],[0,0],[4.724,0],[0,0]],"o":[[0,0],[0,0],[0,0],[0,0],[-0.771,4.659],[0,0],[-4.724,0]],"v":[[-34.002,43.611],[-41.696,-2.875],[0.357,-33.019],[41.722,-2.973],[34.011,43.611],[24.487,51.688],[-24.477,51.688]],"c":true},"ix":2},"nm":"Path 6","mn":"ADBE Vector Shape - Group","hd":false},{"ty":"fl","c":{"a":0,"k":[0.686274528503,0.686274528503,0.686274528503,1],"ix":4},"o":{"a":0,"k":100,"ix":5},"r":1,"bm":0,"nm":"Fill 1","mn":"ADBE Vector Graphic - Fill","hd":false},{"ty":"tr","p":{"a":0,"k":[0,0],"ix":2},"a":{"a":0,"k":[0,0],"ix":1},"s":{"a":0,"k":[100,100],"ix":3},"r":{"a":0,"k":0,"ix":6},"o":{"a":0,"k":100,"ix":7},"sk":{"a":0,"k":0,"ix":4},"sa":{"a":0,"k":0,"ix":5},"nm":"Transform"}],"nm":"Union","np":7,"cix":2,"bm":0,"ix":1,"mn":"ADBE Vector Group","hd":false}],"ip":0,"op":300,"st":0,"bm":0}]}],"layers":[{"ddd":0,"ind":1,"ty":0,"nm":"Home_ANIM","refId":"comp_0","sr":1,"ks":{"o":{"a":0,"k":100,"ix":11},"r":{"a":0,"k":0,"ix":10},"p":{"a":0,"k":[26,26,0],"ix":2,"l":2},"a":{"a":0,"k":[87,87,0],"ix":1,"l":2},"s":{"a":0,"k":[29.885,29.885,100],"ix":6,"l":2}},"ao":0,"w":174,"h":174,"ip":0,"op":300,"st":0,"bm":0}],"markers":[{"tm":60,"cm":"TIMELINE START","dr":0},{"tm":110,"cm":"ANIM START","dr":0},{"tm":167,"cm":"ANIM END","dr":0},{"tm":265,"cm":"TIMELINE END","dr":0}]}
