{"v":"5.6.6","fr":60,"ip":110,"op":200,"w":52,"h":52,"nm":"Stories_EXPORT","ddd":0,"assets":[{"id":"comp_0","layers":[{"ddd":0,"ind":1,"ty":0,"nm":"Stories_Anim","refId":"comp_1","sr":1,"ks":{"o":{"a":0,"k":100,"ix":11},"r":{"a":0,"k":0,"ix":10},"p":{"a":0,"k":[92,92,0],"ix":2},"a":{"a":0,"k":[125,125,0],"ix":1},"s":{"a":0,"k":[87,87,100],"ix":6}},"ao":0,"w":250,"h":250,"ip":110,"op":230,"st":110,"bm":0},{"ddd":0,"ind":2,"ty":3,"nm":"Scale TEMPLATE Null","parent":12,"sr":1,"ks":{"o":{"a":0,"k":0,"ix":11},"r":{"a":0,"k":0,"ix":10},"p":{"a":0,"k":[92.5,92,0],"ix":2},"a":{"a":0,"k":[0,0,0],"ix":1},"s":{"a":1,"k":[{"i":{"x":[0.833,0.833,0.833],"y":[0.833,0.833,0.833]},"o":{"x":[0.167,0.167,0.167],"y":[0.167,0.167,0.167]},"t":0,"s":[100,100,100]},{"i":{"x":[0.756,0.756,0.667],"y":[1,1,1]},"o":{"x":[0.167,0.167,0.167],"y":[0,0,0]},"t":60,"s":[100,100,100]},{"i":{"x":[0.468,0.468,0.833],"y":[0.815,0.815,1]},"o":{"x":[0.071,0.071,0.333],"y":[0.319,0.319,0]},"t":90,"s":[100,100,100]},{"i":{"x":[0.591,0.591,0.667],"y":[1,1,1]},"o":{"x":[0.275,0.275,0.167],"y":[0.768,0.768,0]},"t":98.4,"s":[112.743,112.743,100]},{"i":{"x":[0.667,0.667,0.667],"y":[1,1,1]},"o":{"x":[0.333,0.333,0.333],"y":[0,0,0]},"t":110.4,"s":[115,115,100]},{"i":{"x":[0.667,0.667,0.667],"y":[1,1,1]},"o":{"x":[0.333,0.333,0.333],"y":[0,0,0]},"t":132,"s":[115,115,100]},{"i":{"x":[0.667,0.667,0.667],"y":[1,1,1]},"o":{"x":[1,1,0.333],"y":[0,0,0]},"t":159.6,"s":[115,115,100]},{"i":{"x":[0.667,0.667,0.667],"y":[1,1,1]},"o":{"x":[0.333,0.333,0.333],"y":[0,0,0]},"t":169.199,"s":[94,94,100]},{"i":{"x":[0.667,0.667,0.667],"y":[1,1,1]},"o":{"x":[0.333,0.333,0.333],"y":[0,0,0]},"t":178.801,"s":[102,102,100]},{"t":188.400390625,"s":[100,100,100]}],"ix":6}},"ao":0,"ip":0,"op":500.4,"st":0,"bm":0},{"ddd":0,"ind":8,"ty":4,"nm":"Page L - Inactive","sr":1,"ks":{"o":{"a":1,"k":[{"t":60,"s":[100],"h":1},{"t":110,"s":[0],"h":1}],"ix":11},"r":{"a":0,"k":0,"ix":10},"p":{"a":0,"k":[61.667,85.873,0],"ix":2},"a":{"a":0,"k":[0,0,0],"ix":1},"s":{"a":0,"k":[100,100,100],"ix":6}},"ao":0,"shapes":[{"ty":"gr","it":[{"ind":0,"ty":"sh","ix":1,"ks":{"a":0,"k":{"i":[[0,0],[-0.552,0],[0,0],[0,-3.314],[0,0],[0.205,0.162],[3.097,0],[0,0],[0,0.553]],"o":[[0,-0.552],[0,0],[3.314,0],[0,0],[-0.141,-0.12],[-1.254,-0.995],[0,0],[-0.551,0],[0,0]],"v":[[-6.5,-10.468],[-5.5,-11.468],[0.5,-11.468],[6.5,-5.468],[6.5,10.675],[5.988,10.254],[0,8.532],[-5.501,8.532],[-6.5,7.532]],"c":true},"ix":2},"nm":"Path 1","mn":"ADBE Vector Shape - Group","hd":false},{"ind":1,"ty":"sh","ix":2,"ks":{"a":0,"k":{"i":[[0,0],[-1.657,0],[0,0],[0,-4.418],[0,0],[0.545,0.091],[0.597,0.527],[3.303,0],[0,0],[0,1.657]],"o":[[0,-1.657],[0,0],[4.418,0],[0,0],[0,0.552],[-1.093,-0.182],[-0.926,-0.817],[0,0],[-1.657,0],[0,0]],"v":[[-8.5,-10.468],[-5.5,-13.468],[0.5,-13.468],[8.5,-5.468],[8.5,12.532],[7.504,13.457],[5.259,12.258],[0,10.532],[-5.501,10.532],[-8.5,7.532]],"c":true},"ix":2},"nm":"Path 2","mn":"ADBE Vector Shape - Group","hd":false},{"ty":"mm","mm":5,"nm":"Merge Paths 1","mn":"ADBE Vector Filter - Merge","hd":false},{"ty":"fl","c":{"a":0,"k":[0.686274528503,0.686274528503,0.686274528503,1],"ix":4},"o":{"a":0,"k":100,"ix":5},"r":1,"bm":0,"nm":"Fill 1","mn":"ADBE Vector Graphic - Fill","hd":false},{"ty":"tr","p":{"a":0,"k":[0,0],"ix":2},"a":{"a":0,"k":[0,0],"ix":1},"s":{"a":0,"k":[400,400],"ix":3},"r":{"a":0,"k":0,"ix":6},"o":{"a":0,"k":100,"ix":7},"sk":{"a":0,"k":0,"ix":4},"sa":{"a":0,"k":0,"ix":5},"nm":"Transform"}],"nm":"Rectangle 646 (Stroke)","np":4,"cix":2,"bm":0,"ix":1,"mn":"ADBE Vector Group","hd":false}],"ip":0,"op":500,"st":0,"bm":0},{"ddd":0,"ind":9,"ty":4,"nm":"Page R - Inactive","sr":1,"ks":{"o":{"a":1,"k":[{"t":60,"s":[100],"h":1},{"t":110,"s":[0],"h":1}],"ix":11},"r":{"a":0,"k":0,"ix":10},"p":{"a":0,"k":[121.667,85.84,0],"ix":2},"a":{"a":0,"k":[0,0,0],"ix":1},"s":{"a":0,"k":[100,100,100],"ix":6}},"ao":0,"shapes":[{"ty":"gr","it":[{"ind":0,"ty":"sh","ix":1,"ks":{"a":0,"k":{"i":[[0,0],[0,-0.552],[0,0],[0.551,0],[0,0],[1.299,-0.942],[0.138,-0.112],[0,0],[-3.314,0]],"o":[[0.552,0],[0,0],[0,0.553],[0,0],[-3.035,0],[-0.166,0.12],[0,0],[0,-3.314],[0,0]],"v":[[5.5,-11.46],[6.5,-10.46],[6.5,7.54],[5.501,8.54],[0,8.54],[-6.043,10.178],[-6.5,10.529],[-6.5,-5.46],[-0.5,-11.46]],"c":true},"ix":2},"nm":"Path 1","mn":"ADBE Vector Shape - Group","hd":false},{"ind":1,"ty":"sh","ix":2,"ks":{"a":0,"k":{"i":[[0,0],[1.657,0],[0,0],[0,-4.418],[0,0],[-0.54,0.118],[-0.571,0.478],[-3.402,0],[0,0],[0,1.657]],"o":[[0,-1.657],[0,0],[-4.418,0],[0,0],[0,0.552],[0.863,-0.188],[0.997,-0.835],[0,0],[1.657,0],[0,0]],"v":[[8.5,-10.46],[5.5,-13.46],[-0.5,-13.46],[-8.5,-5.46],[-8.5,12.54],[-7.505,13.442],[-5.551,12.34],[0,10.54],[5.501,10.54],[8.5,7.54]],"c":true},"ix":2},"nm":"Path 2","mn":"ADBE Vector Shape - Group","hd":false},{"ty":"mm","mm":5,"nm":"Merge Paths 1","mn":"ADBE Vector Filter - Merge","hd":false},{"ty":"fl","c":{"a":0,"k":[0.686274528503,0.686274528503,0.686274528503,1],"ix":4},"o":{"a":0,"k":100,"ix":5},"r":1,"bm":0,"nm":"Fill 1","mn":"ADBE Vector Graphic - Fill","hd":false},{"ty":"tr","p":{"a":0,"k":[0,0],"ix":2},"a":{"a":0,"k":[0,0],"ix":1},"s":{"a":0,"k":[400,400],"ix":3},"r":{"a":0,"k":0,"ix":6},"o":{"a":0,"k":100,"ix":7},"sk":{"a":0,"k":0,"ix":4},"sa":{"a":0,"k":0,"ix":5},"nm":"Transform"}],"nm":"Rectangle 645 (Stroke)","np":4,"cix":2,"bm":0,"ix":1,"mn":"ADBE Vector Group","hd":false}],"ip":0,"op":500,"st":0,"bm":0},{"ddd":0,"ind":10,"ty":4,"nm":"Cover - Inactive","sr":1,"ks":{"o":{"a":1,"k":[{"t":60,"s":[100],"h":1},{"t":110,"s":[0],"h":1}],"ix":11},"r":{"a":0,"k":0,"ix":10},"p":{"a":0,"k":[91.667,103.904,0],"ix":2},"a":{"a":0,"k":[0,0,0],"ix":1},"s":{"a":0,"k":[100,100,100],"ix":6}},"ao":0,"shapes":[{"ty":"gr","it":[{"ind":0,"ty":"sh","ix":1,"ks":{"a":0,"k":{"i":[[-2.071,0],[0,0],[0,0],[0,0],[0,-0.967],[0,0],[-0.966,0],[0,0],[-1.172,-0.534],[-0.455,-0.5],[0,0],[-0.248,-0.144],[-0.832,-0.087],[0,0],[0,0],[-0.221,0.126],[-0.38,0.378],[0,0],[-1.205,0.519],[-2.093,0],[0,0],[0,0.967],[0,0],[0.967,0],[0,0],[0,0],[0,0],[0,-2.071],[0,0],[2.071,0],[0,0],[0.959,-0.953],[1.961,-0.205],[0.077,0.008],[0.092,0.008],[0.719,0.789],[3.803,0],[0,0],[0,2.071],[0,0]],"o":[[0,0],[0,0],[0,0],[-0.967,0],[0,0],[0,0.967],[0,0],[2.055,0],[1.188,0.541],[0,0],[0.369,0.404],[0.223,0.13],[0,0],[0,0],[0.699,-0.083],[0.255,-0.145],[0,0],[0.493,-0.49],[1.194,-0.514],[0,0],[0.966,0],[0,0],[0,-0.967],[0,0],[0,0],[0,0],[2.071,0],[0,0],[0,2.071],[0,0],[-3.875,0],[-0.737,0.732],[-0.081,0.008],[-0.087,0.013],[-2.229,-0.205],[-0.884,-0.97],[0,0],[-2.071,0],[0,0],[0,-2.071]],"v":[[-16.25,-13.976],[-16,-13.976],[-16,-11.976],[-16.25,-11.976],[-18,-10.226],[-18,6.49],[-16.251,8.24],[-9.5,8.24],[-4.778,9.04],[-2.457,10.825],[-2.426,10.859],[-1.638,11.58],[-0.173,11.97],[-0.023,11.947],[0.137,11.965],[1.426,11.603],[2.252,10.903],[2.282,10.873],[4.696,9.153],[9.5,8.372],[16.251,8.372],[18,6.622],[18,-10.226],[16.25,-11.976],[16,-11.976],[16,-13.976],[16.25,-13.976],[20,-10.226],[20,6.622],[16.251,10.372],[9.5,10.372],[3.661,12.323],[0.253,13.964],[0.017,13.964],[-0.253,13.971],[-3.904,12.207],[-9.5,10.24],[-16.251,10.24],[-20,6.49],[-20,-10.226]],"c":true},"ix":2},"nm":"Path 1","mn":"ADBE Vector Shape - Group","hd":false},{"ty":"fl","c":{"a":0,"k":[0.686274528503,0.686274528503,0.686274528503,1],"ix":4},"o":{"a":0,"k":100,"ix":5},"r":1,"bm":0,"nm":"Fill 1","mn":"ADBE Vector Graphic - Fill","hd":false},{"ty":"tr","p":{"a":0,"k":[0,0],"ix":2},"a":{"a":0,"k":[0,0],"ix":1},"s":{"a":0,"k":[400,400],"ix":3},"r":{"a":0,"k":0,"ix":6},"o":{"a":0,"k":100,"ix":7},"sk":{"a":0,"k":0,"ix":4},"sa":{"a":0,"k":0,"ix":5},"nm":"Transform"}],"nm":"Subtract","np":2,"cix":2,"bm":0,"ix":1,"mn":"ADBE Vector Group","hd":false}],"ip":0,"op":500,"st":0,"bm":0},{"ddd":0,"ind":12,"ty":3,"nm":"stories_inactive.png","cl":"png","sr":1,"ks":{"o":{"a":1,"k":[{"t":0,"s":[100],"h":1},{"t":91.19921875,"s":[0],"h":1}],"ix":11},"r":{"a":0,"k":0,"ix":10},"p":{"a":0,"k":[88,92,0],"ix":2},"a":{"a":0,"k":[92.5,92,0],"ix":1},"s":{"a":0,"k":[100,100,100],"ix":6}},"ao":0,"ip":0,"op":500.4,"st":0,"bm":0}]},{"id":"comp_1","layers":[{"ddd":0,"ind":1,"ty":3,"nm":"Scale Null","sr":1,"ks":{"o":{"a":0,"k":0,"ix":11},"r":{"a":0,"k":0,"ix":10},"p":{"a":0,"k":[125,125,0],"ix":2},"a":{"a":0,"k":[0,0,0],"ix":1},"s":{"a":0,"k":[115,115,100],"ix":6}},"ao":0,"ip":0,"op":120,"st":0,"bm":0},{"ddd":0,"ind":3,"ty":0,"nm":"pages PC","parent":15,"td":1,"refId":"comp_2","sr":1,"ks":{"o":{"a":0,"k":100,"ix":11},"r":{"a":0,"k":0,"ix":10},"p":{"a":0,"k":[0,0,0],"ix":2},"a":{"a":0,"k":[92,92,0],"ix":1},"s":{"a":0,"k":[100,100,100],"ix":6}},"ao":0,"w":184,"h":184,"ip":0,"op":3600,"st":0,"bm":0},{"ddd":0,"ind":4,"ty":4,"nm":"Fold Shadow","parent":3,"tt":1,"sr":1,"ks":{"o":{"a":1,"k":[{"t":11,"s":[100],"h":1},{"t":16,"s":[0],"h":1},{"t":17,"s":[100],"h":1},{"t":18,"s":[100],"h":1},{"t":21,"s":[0],"h":1},{"t":22,"s":[100],"h":1},{"t":26,"s":[0],"h":1},{"t":27,"s":[100],"h":1},{"t":36,"s":[0],"h":1},{"t":37,"s":[100],"h":1}],"ix":11},"r":{"a":0,"k":0,"ix":10},"p":{"a":0,"k":[86.511,92,0],"ix":2},"a":{"a":0,"k":[-5.489,0,0],"ix":1},"s":{"a":1,"k":[{"i":{"x":[0.833,0.833,0.833],"y":[1,1,1]},"o":{"x":[0.167,0.167,0.167],"y":[0,0,0]},"t":11,"s":[100,100,100]},{"i":{"x":[0.833,0.833,0.833],"y":[1,1,1]},"o":{"x":[0.167,0.167,0.167],"y":[0,0,0]},"t":16,"s":[23,100,100]},{"i":{"x":[0.833,0.833,0.833],"y":[1,1,1]},"o":{"x":[0.167,0.167,0.167],"y":[0,0,0]},"t":17,"s":[100,100,100]},{"i":{"x":[0.833,0.833,0.833],"y":[1,1,1]},"o":{"x":[0.167,0.167,0.167],"y":[0,0,0]},"t":21,"s":[23,100,100]},{"i":{"x":[0.833,0.833,0.833],"y":[1,1,1]},"o":{"x":[0.167,0.167,0.167],"y":[0,0,0]},"t":22,"s":[100,100,100]},{"i":{"x":[0.833,0.833,0.833],"y":[1,1,1]},"o":{"x":[0.167,0.167,0.167],"y":[0,0,0]},"t":26,"s":[23,100,100]},{"i":{"x":[0.833,0.833,0.833],"y":[1,1,1]},"o":{"x":[0.167,0.167,0.167],"y":[0,0,0]},"t":27,"s":[100,100,100]},{"i":{"x":[0.833,0.833,0.833],"y":[1,1,1]},"o":{"x":[0.167,0.167,0.167],"y":[0,0,0]},"t":36,"s":[23,100,100]},{"t":37,"s":[100,100,100]}],"ix":6}},"ao":0,"shapes":[{"ty":"gr","it":[{"ty":"rc","d":1,"s":{"a":0,"k":[3,26],"ix":2},"p":{"a":0,"k":[0,0],"ix":3},"r":{"a":0,"k":0,"ix":4},"nm":"Rectangle Path 1","mn":"ADBE Vector Shape - Rect","hd":false},{"ty":"fl","c":{"a":0,"k":[0.541176497936,0.843137323856,0.988235354424,1],"ix":4},"o":{"a":0,"k":100,"ix":5},"r":1,"bm":0,"nm":"Fill 1","mn":"ADBE Vector Graphic - Fill","hd":false},{"ty":"tr","p":{"a":0,"k":[0,0],"ix":2},"a":{"a":0,"k":[0,0],"ix":1},"s":{"a":0,"k":[400,400],"ix":3},"r":{"a":0,"k":0,"ix":6},"o":{"a":0,"k":100,"ix":7},"sk":{"a":0,"k":0,"ix":4},"sa":{"a":0,"k":0,"ix":5},"nm":"Transform"}],"nm":"Fold Shadow","np":2,"cix":2,"bm":0,"ix":1,"mn":"ADBE Vector Group","hd":false}],"ip":0,"op":120,"st":0,"bm":0},{"ddd":0,"ind":5,"ty":4,"nm":"Page FLIP 4","parent":15,"sr":1,"ks":{"o":{"a":1,"k":[{"t":0,"s":[1],"h":1},{"t":28,"s":[100],"h":1},{"t":45,"s":[1],"h":1}],"ix":11},"r":{"a":0,"k":0,"ix":10},"p":{"a":0,"k":[-1.235,36.89,0],"ix":2},"a":{"a":0,"k":[-33.884,44.451,0],"ix":1},"s":{"a":0,"k":[100,100,100],"ix":6}},"ao":0,"shapes":[{"ty":"gr","it":[{"ind":0,"ty":"sh","ix":1,"ks":{"a":1,"k":[{"i":{"x":0.833,"y":0.833},"o":{"x":0.333,"y":0},"t":28,"s":[{"i":[[0,0],[0,-1.657],[0,0],[1.657,0],[1.536,0],[2.37,-0.518],[0,0.552],[0,0],[-4.418,0]],"o":[[1.657,0],[0,0],[0,1.657],[-1.773,0],[-5.349,0],[-0.54,0.118],[0,0],[0,-4.418],[0,0]],"v":[[5.5,-13.46],[8.5,-10.46],[8.5,7.54],[5.501,10.54],[0,10.54],[-7.505,13.442],[-8.5,12.54],[-8.5,-5.46],[-0.5,-13.46]],"c":true}]},{"i":{"x":0.833,"y":1},"o":{"x":0.167,"y":0.167},"t":36,"s":[{"i":[[0,0],[-0.663,-1.167],[0,0],[2.121,1.146],[1.536,0],[0.632,-4.466],[0,0.552],[0,0],[-4.418,0]],"o":[[0.941,1.403],[0,0],[0,1.657],[-1.56,-0.843],[-5.349,0],[-0.077,0.547],[0,0],[0,-4.418],[0,0]],"v":[[-0.83,-14.558],[0.773,-11.558],[1.525,7.301],[-1.044,7.937],[-4.19,6.995],[-8.257,13.764],[-8.5,12.54],[-8.5,-5.46],[-4.69,-17.005]],"c":true}]},{"i":{"x":0.833,"y":0.833},"o":{"x":0.167,"y":0},"t":37,"s":[{"i":[[0,0],[0.175,-2.148],[0,0],[0.297,-6.177],[-0.77,-1.102],[-0.967,-1.026],[0,0.552],[0,0],[1.93,2.452]],"o":[[-1.294,-0.207],[0,0],[0,1.657],[-0.085,1.771],[1.007,1.439],[1.366,1.45],[0,0],[0.338,-5.174],[0,0]],"v":[[-13.33,-20.597],[-14.481,-7.745],[-14.471,-2.974],[-14.498,2.853],[-13.512,6.571],[-10.905,9.844],[-8.5,12.54],[-8.5,-5.46],[-11.787,-17.217]],"c":true}]},{"i":{"x":0.833,"y":1},"o":{"x":0.167,"y":0.167},"t":40,"s":[{"i":[[0,0],[0.175,-2.148],[0,0],[0.297,-6.177],[-0.77,-1.102],[-1.877,-0.965],[0,0.552],[0,0],[2.565,0.805]],"o":[[-1.228,0.163],[0,0],[0,1.657],[-0.085,1.771],[1.007,1.439],[1.771,0.911],[0,0],[0.207,-5.789],[-3.061,-1.561]],"v":[[-18.515,-18.201],[-19.043,-6.377],[-19.164,-1.563],[-19.42,4.526],[-18.434,8.245],[-11.014,9.54],[-8.5,12.507],[-8.5,-5.493],[-14.529,-13.459]],"c":true}]},{"i":{"x":0.833,"y":1},"o":{"x":0.167,"y":0},"t":42,"s":[{"i":[[0,0],[0.175,-2.148],[0,0],[0.297,-6.177],[-0.77,-1.102],[-2.529,-0.51],[0,0.552],[0,0],[3.718,-0.457]],"o":[[-1.188,0.39],[0,0],[0,1.657],[-0.085,1.771],[1.007,1.439],[1.952,0.394],[0,0],[0.126,-6.166],[-4.192,0.516]],"v":[[-21.699,-16.73],[-22.691,-5.431],[-22.998,-0.167],[-23.184,5.66],[-22.304,9.166],[-11.883,9.9],[-8.5,12.487],[-8.5,-5.513],[-16.391,-13.305]],"c":true}]},{"t":45,"s":[{"i":[[0,0],[0.228,-2.955],[0,0],[-0.126,-3.134],[-1.43,-0.814],[-2.611,-0.442],[0,0.552],[0,0],[2.953,0.24]],"o":[[-1.4,2.287],[0,0],[0.006,3.435],[0.071,1.772],[1.526,0.869],[1.964,0.332],[0,0],[0.126,-6.166],[-4.32,-0.351]],"v":[[-22.652,-12.493],[-23.962,-3.418],[-23.74,0.256],[-23.714,6.613],[-22.41,9.908],[-13.214,10.538],[-8.5,12.487],[-8.5,-5.513],[-16.766,-12.821]],"c":true}]}],"ix":2},"nm":"Path 1","mn":"ADBE Vector Shape - Group","hd":false},{"ty":"fl","c":{"a":0,"k":[0.72549021244,0.909803926945,1,1],"ix":4},"o":{"a":0,"k":100,"ix":5},"r":1,"bm":0,"nm":"Fill 1","mn":"ADBE Vector Graphic - Fill","hd":false},{"ty":"tr","p":{"a":0,"k":[0,0],"ix":2},"a":{"a":0,"k":[0,0],"ix":1},"s":{"a":0,"k":[400,400],"ix":3},"r":{"a":0,"k":0,"ix":6},"o":{"a":0,"k":100,"ix":7},"sk":{"a":0,"k":0,"ix":4},"sa":{"a":0,"k":0,"ix":5},"nm":"Transform"}],"nm":"Page R","np":2,"cix":2,"bm":0,"ix":1,"mn":"ADBE Vector Group","hd":false}],"ip":0,"op":120,"st":0,"bm":0},{"ddd":0,"ind":6,"ty":4,"nm":"Page FLIP 3","parent":15,"sr":1,"ks":{"o":{"a":1,"k":[{"t":0,"s":[1],"h":1},{"t":22,"s":[100],"h":1},{"t":35,"s":[1],"h":1}],"ix":11},"r":{"a":0,"k":0,"ix":10},"p":{"a":0,"k":[-1.235,36.89,0],"ix":2},"a":{"a":0,"k":[-33.884,44.451,0],"ix":1},"s":{"a":0,"k":[100,100,100],"ix":6}},"ao":0,"shapes":[{"ty":"gr","it":[{"ind":0,"ty":"sh","ix":1,"ks":{"a":1,"k":[{"i":{"x":0.833,"y":0.833},"o":{"x":0.333,"y":0},"t":22,"s":[{"i":[[0,0],[0,-1.657],[0,0],[1.657,0],[1.536,0],[2.37,-0.518],[0,0.552],[0,0],[-4.418,0]],"o":[[1.657,0],[0,0],[0,1.657],[-1.773,0],[-5.349,0],[-0.54,0.118],[0,0],[0,-4.418],[0,0]],"v":[[5.5,-13.46],[8.5,-10.46],[8.5,7.54],[5.501,10.54],[0,10.54],[-7.505,13.442],[-8.5,12.54],[-8.5,-5.46],[-0.5,-13.46]],"c":true}]},{"i":{"x":0.833,"y":1},"o":{"x":0.167,"y":0.167},"t":26,"s":[{"i":[[0,0],[-0.663,-1.167],[0,0],[2.121,1.146],[1.536,0],[0.632,-4.466],[0,0.552],[0,0],[-4.418,0]],"o":[[0.941,1.403],[0,0],[0,1.657],[-1.56,-0.843],[-5.349,0],[-0.077,0.547],[0,0],[0,-4.418],[0,0]],"v":[[-0.83,-14.558],[0.773,-11.558],[1.525,7.301],[-1.044,7.937],[-4.19,6.995],[-8.257,13.764],[-8.5,12.54],[-8.5,-5.46],[-4.69,-17.005]],"c":true}]},{"i":{"x":0.833,"y":0.833},"o":{"x":0.167,"y":0},"t":27,"s":[{"i":[[0,0],[0.175,-2.148],[0,0],[0.297,-6.177],[-0.77,-1.102],[-0.967,-1.026],[0,0.552],[0,0],[1.93,2.452]],"o":[[-1.294,-0.207],[0,0],[0,1.657],[-0.085,1.771],[1.007,1.439],[1.366,1.45],[0,0],[0.338,-5.174],[0,0]],"v":[[-13.33,-20.597],[-14.481,-7.745],[-14.471,-2.974],[-14.498,2.853],[-13.512,6.571],[-10.905,9.844],[-8.5,12.54],[-8.5,-5.46],[-11.787,-17.217]],"c":true}]},{"i":{"x":0.833,"y":0.833},"o":{"x":0.167,"y":0.167},"t":28,"s":[{"i":[[0,0],[0.175,-2.148],[0,0],[0.297,-6.177],[-0.77,-1.102],[-1.931,-1.354],[0,0.552],[0,0],[2.25,1.971]],"o":[[-1.277,-0.111],[0,0],[0,1.657],[-0.085,1.771],[1.007,1.439],[1.631,1.143],[0,0],[0.304,-5.334],[-0.795,-0.406]],"v":[[-14.677,-19.974],[-15.666,-7.39],[-15.69,-2.608],[-15.776,3.287],[-14.79,7.006],[-10.905,9.836],[-8.5,12.531],[-8.5,-5.469],[-12.499,-16.241]],"c":true}]},{"i":{"x":0.833,"y":1},"o":{"x":0.167,"y":0.167},"t":30,"s":[{"i":[[0,0],[0.175,-2.148],[0,0],[0.297,-6.177],[-0.77,-1.102],[-2.746,-0.66],[0,0.552],[0,0],[3.16,0.6]],"o":[[-1.228,0.163],[0,0],[0,1.657],[-0.085,1.771],[1.007,1.439],[1.936,0.466],[0,0],[0.207,-5.789],[-3.061,-1.561]],"v":[[-18.515,-18.201],[-19.043,-6.377],[-19.164,-1.563],[-19.42,4.526],[-18.434,8.245],[-10.905,9.812],[-8.5,12.507],[-8.5,-5.493],[-14.529,-13.459]],"c":true}]},{"i":{"x":0.833,"y":1},"o":{"x":0.167,"y":0},"t":32,"s":[{"i":[[0,0],[0.175,-2.148],[0,0],[0.297,-6.177],[-0.77,-1.102],[-2.955,-0.099],[0,0.552],[0,0],[4.37,-0.204]],"o":[[-1.188,0.39],[0,0],[0,1.657],[-0.085,1.771],[1.007,1.439],[2.091,0.07],[0,0],[0.126,-6.166],[-4.219,0.197]],"v":[[-21.699,-16.73],[-21.844,-5.537],[-22.045,-0.697],[-22.442,5.554],[-21.457,9.272],[-12.753,10.009],[-8.5,12.487],[-8.5,-5.513],[-16.5,-13.196]],"c":true}]},{"t":35,"s":[{"i":[[0,0],[0.175,-2.148],[0,0],[0.297,-6.177],[-0.77,-1.102],[-1.985,-0.535],[0,0.552],[0,0],[2.953,0.24]],"o":[[-1.4,2.287],[0,0],[0,1.657],[-0.085,1.771],[1.007,1.439],[1.923,0.518],[0,0],[0.126,-6.166],[-4.32,-0.351]],"v":[[-22.652,-12.493],[-23.009,-4.054],[-22.045,-0.697],[-22.442,5.554],[-21.457,9.272],[-12.264,10.444],[-8.5,12.487],[-8.5,-5.513],[-16.766,-12.821]],"c":true}]}],"ix":2},"nm":"Path 1","mn":"ADBE Vector Shape - Group","hd":false},{"ty":"fl","c":{"a":0,"k":[0.72549021244,0.909803926945,1,1],"ix":4},"o":{"a":0,"k":100,"ix":5},"r":1,"bm":0,"nm":"Fill 1","mn":"ADBE Vector Graphic - Fill","hd":false},{"ty":"tr","p":{"a":0,"k":[0,0],"ix":2},"a":{"a":0,"k":[0,0],"ix":1},"s":{"a":0,"k":[400,400],"ix":3},"r":{"a":0,"k":0,"ix":6},"o":{"a":0,"k":100,"ix":7},"sk":{"a":0,"k":0,"ix":4},"sa":{"a":0,"k":0,"ix":5},"nm":"Transform"}],"nm":"Page R","np":2,"cix":2,"bm":0,"ix":1,"mn":"ADBE Vector Group","hd":false}],"ip":0,"op":120,"st":0,"bm":0},{"ddd":0,"ind":7,"ty":4,"nm":"Page FLIP 2","parent":15,"sr":1,"ks":{"o":{"a":1,"k":[{"t":0,"s":[1],"h":1},{"t":16,"s":[100],"h":1},{"t":28,"s":[1],"h":1}],"ix":11},"r":{"a":0,"k":0,"ix":10},"p":{"a":0,"k":[-1.235,36.89,0],"ix":2},"a":{"a":0,"k":[-33.884,44.451,0],"ix":1},"s":{"a":0,"k":[100,100,100],"ix":6}},"ao":0,"shapes":[{"ty":"gr","it":[{"ind":0,"ty":"sh","ix":1,"ks":{"a":1,"k":[{"i":{"x":0.833,"y":0.833},"o":{"x":0.333,"y":0},"t":16,"s":[{"i":[[0,0],[0,-1.657],[0,0],[1.657,0],[1.536,0],[2.37,-0.518],[0,0.552],[0,0],[-4.418,0]],"o":[[1.657,0],[0,0],[0,1.657],[-1.773,0],[-5.349,0],[-0.54,0.118],[0,0],[0,-4.418],[0,0]],"v":[[5.5,-13.46],[8.5,-10.46],[8.5,7.54],[5.501,10.54],[0,10.54],[-7.505,13.442],[-8.5,12.54],[-8.5,-5.46],[-0.5,-13.46]],"c":true}]},{"i":{"x":0.833,"y":1},"o":{"x":0.167,"y":0.167},"t":20,"s":[{"i":[[0,0],[-0.663,-1.167],[0,0],[2.121,1.146],[1.536,0],[0.632,-4.466],[0,0.552],[0,0],[-4.418,0]],"o":[[0.941,1.403],[0,0],[0,1.657],[-1.56,-0.843],[-5.349,0],[-0.077,0.547],[0,0],[0,-4.418],[0,0]],"v":[[-0.83,-14.558],[0.773,-11.558],[1.525,7.301],[-1.044,7.937],[-4.19,6.995],[-8.257,13.764],[-8.5,12.54],[-8.5,-5.46],[-4.69,-17.005]],"c":true}]},{"i":{"x":0.833,"y":0.833},"o":{"x":0.167,"y":0},"t":21,"s":[{"i":[[0,0],[0.175,-2.148],[0,0],[0.297,-6.177],[-0.77,-1.102],[-0.967,-1.026],[0,0.552],[0,0],[1.93,2.452]],"o":[[-1.294,-0.207],[0,0],[0,1.657],[-0.085,1.771],[1.007,1.439],[1.366,1.45],[0,0],[0.338,-5.174],[0,0]],"v":[[-13.33,-20.597],[-14.481,-7.745],[-14.471,-2.974],[-14.498,2.853],[-13.512,6.571],[-10.905,9.844],[-8.5,12.54],[-8.5,-5.46],[-11.787,-17.217]],"c":true}]},{"i":{"x":0.833,"y":0.833},"o":{"x":0.167,"y":0.167},"t":22,"s":[{"i":[[0,0],[0.175,-2.148],[0,0],[0.297,-6.177],[-0.77,-1.102],[-1.931,-1.354],[0,0.552],[0,0],[2.25,1.971]],"o":[[-1.277,-0.111],[0,0],[0,1.657],[-0.085,1.771],[1.007,1.439],[1.631,1.143],[0,0],[0.304,-5.334],[-0.795,-0.406]],"v":[[-14.677,-19.974],[-15.666,-7.39],[-15.69,-2.608],[-15.776,3.287],[-14.79,7.006],[-10.905,9.836],[-8.5,12.531],[-8.5,-5.469],[-12.499,-16.241]],"c":true}]},{"i":{"x":0.833,"y":1},"o":{"x":0.167,"y":0.167},"t":24,"s":[{"i":[[0,0],[0.175,-2.148],[0,0],[0.297,-6.177],[-0.77,-1.102],[-2.746,-0.66],[0,0.552],[0,0],[3.16,0.6]],"o":[[-1.228,0.163],[0,0],[0,1.657],[-0.085,1.771],[1.007,1.439],[1.936,0.466],[0,0],[0.207,-5.789],[-3.061,-1.561]],"v":[[-18.515,-18.201],[-19.043,-6.377],[-19.164,-1.563],[-19.42,4.526],[-18.434,8.245],[-10.905,9.812],[-8.5,12.507],[-8.5,-5.493],[-14.529,-13.459]],"c":true}]},{"i":{"x":0.833,"y":1},"o":{"x":0.167,"y":0},"t":26,"s":[{"i":[[0,0],[0.175,-2.148],[0,0],[0.297,-6.177],[-0.77,-1.102],[-2.955,-0.099],[0,0.552],[0,0],[4.37,-0.204]],"o":[[-1.188,0.39],[0,0],[0,1.657],[-0.085,1.771],[1.007,1.439],[2.091,0.07],[0,0],[0.126,-6.166],[-4.219,0.197]],"v":[[-21.699,-16.73],[-21.844,-5.537],[-22.045,-0.697],[-22.442,5.554],[-21.457,9.272],[-12.753,10.009],[-8.5,12.487],[-8.5,-5.513],[-16.5,-13.196]],"c":true}]},{"t":29,"s":[{"i":[[0,0],[0.175,-2.148],[0,0],[0.297,-6.177],[-0.77,-1.102],[-1.985,-0.535],[0,0.552],[0,0],[2.953,0.24]],"o":[[-1.4,2.287],[0,0],[0,1.657],[-0.085,1.771],[1.007,1.439],[1.923,0.518],[0,0],[0.126,-6.166],[-4.32,-0.351]],"v":[[-22.652,-12.493],[-23.009,-4.054],[-22.045,-0.697],[-22.442,5.554],[-21.457,9.272],[-12.264,10.444],[-8.5,12.487],[-8.5,-5.513],[-16.766,-12.821]],"c":true}]}],"ix":2},"nm":"Path 1","mn":"ADBE Vector Shape - Group","hd":false},{"ty":"fl","c":{"a":0,"k":[0.72549021244,0.909803926945,1,1],"ix":4},"o":{"a":0,"k":100,"ix":5},"r":1,"bm":0,"nm":"Fill 1","mn":"ADBE Vector Graphic - Fill","hd":false},{"ty":"tr","p":{"a":0,"k":[0,0],"ix":2},"a":{"a":0,"k":[0,0],"ix":1},"s":{"a":0,"k":[400,400],"ix":3},"r":{"a":0,"k":0,"ix":6},"o":{"a":0,"k":100,"ix":7},"sk":{"a":0,"k":0,"ix":4},"sa":{"a":0,"k":0,"ix":5},"nm":"Transform"}],"nm":"Page R","np":2,"cix":2,"bm":0,"ix":1,"mn":"ADBE Vector Group","hd":false}],"ip":0,"op":120,"st":0,"bm":0},{"ddd":0,"ind":8,"ty":4,"nm":"Page FLIP 1","parent":15,"sr":1,"ks":{"o":{"a":1,"k":[{"t":0,"s":[1],"h":1},{"t":11,"s":[100],"h":1},{"t":24,"s":[1],"h":1}],"ix":11},"r":{"a":0,"k":0,"ix":10},"p":{"a":0,"k":[-1.235,36.89,0],"ix":2},"a":{"a":0,"k":[-33.884,44.451,0],"ix":1},"s":{"a":0,"k":[100,100,100],"ix":6}},"ao":0,"shapes":[{"ty":"gr","it":[{"ind":0,"ty":"sh","ix":1,"ks":{"a":1,"k":[{"i":{"x":0.833,"y":0.833},"o":{"x":0.333,"y":0},"t":11,"s":[{"i":[[0,0],[0,-1.657],[0,0],[1.657,0],[1.536,0],[2.37,-0.518],[0,0.552],[0,0],[-4.418,0]],"o":[[1.657,0],[0,0],[0,1.657],[-1.773,0],[-5.349,0],[-0.54,0.118],[0,0],[0,-4.418],[0,0]],"v":[[5.5,-13.46],[8.5,-10.46],[8.5,7.54],[5.501,10.54],[0,10.54],[-7.505,13.442],[-8.5,12.54],[-8.5,-5.46],[-0.5,-13.46]],"c":true}]},{"i":{"x":0.833,"y":1},"o":{"x":0.167,"y":0.167},"t":15,"s":[{"i":[[0,0],[-0.663,-1.167],[0,0],[2.121,1.146],[1.536,0],[0.632,-4.466],[0,0.552],[0,0],[-4.418,0]],"o":[[0.941,1.403],[0,0],[0,1.657],[-1.56,-0.843],[-5.349,0],[-0.077,0.547],[0,0],[0,-4.418],[0,0]],"v":[[-0.83,-14.558],[0.773,-11.558],[1.525,7.301],[-1.044,7.937],[-4.19,6.995],[-8.257,13.764],[-8.5,12.54],[-8.5,-5.46],[-4.69,-17.005]],"c":true}]},{"i":{"x":0.833,"y":0.833},"o":{"x":0.167,"y":0},"t":16,"s":[{"i":[[0,0],[0.175,-2.148],[0,0],[0.297,-6.177],[-0.77,-1.102],[-0.967,-1.026],[0,0.552],[0,0],[1.93,2.452]],"o":[[-1.294,-0.207],[0,0],[0,1.657],[-0.085,1.771],[1.007,1.439],[1.366,1.45],[0,0],[0.338,-5.174],[0,0]],"v":[[-13.33,-20.597],[-14.481,-7.745],[-14.471,-2.974],[-14.498,2.853],[-13.512,6.571],[-10.905,9.844],[-8.5,12.54],[-8.5,-5.46],[-11.787,-17.217]],"c":true}]},{"i":{"x":0.833,"y":0.833},"o":{"x":0.167,"y":0.167},"t":17,"s":[{"i":[[0,0],[0.175,-2.148],[0,0],[0.297,-6.177],[-0.77,-1.102],[-1.931,-1.354],[0,0.552],[0,0],[2.25,1.971]],"o":[[-1.277,-0.111],[0,0],[0,1.657],[-0.085,1.771],[1.007,1.439],[1.631,1.143],[0,0],[0.304,-5.334],[-0.795,-0.406]],"v":[[-14.677,-19.974],[-15.666,-7.39],[-15.69,-2.608],[-15.776,3.287],[-14.79,7.006],[-10.905,9.836],[-8.5,12.531],[-8.5,-5.469],[-12.499,-16.241]],"c":true}]},{"i":{"x":0.833,"y":1},"o":{"x":0.167,"y":0.167},"t":19,"s":[{"i":[[0,0],[0.175,-2.148],[0,0],[0.297,-6.177],[-0.77,-1.102],[-2.746,-0.66],[0,0.552],[0,0],[3.16,0.6]],"o":[[-1.228,0.163],[0,0],[0,1.657],[-0.085,1.771],[1.007,1.439],[1.936,0.466],[0,0],[0.207,-5.789],[-3.061,-1.561]],"v":[[-18.515,-18.201],[-19.043,-6.377],[-19.164,-1.563],[-19.42,4.526],[-18.434,8.245],[-10.905,9.812],[-8.5,12.507],[-8.5,-5.493],[-14.529,-13.459]],"c":true}]},{"i":{"x":0.833,"y":1},"o":{"x":0.167,"y":0},"t":21,"s":[{"i":[[0,0],[0.175,-2.148],[0,0],[0.297,-6.177],[-0.77,-1.102],[-2.955,-0.099],[0,0.552],[0,0],[4.37,-0.204]],"o":[[-1.188,0.39],[0,0],[0,1.657],[-0.085,1.771],[1.007,1.439],[2.091,0.07],[0,0],[0.126,-6.166],[-4.219,0.197]],"v":[[-21.699,-16.73],[-21.844,-5.537],[-22.045,-0.697],[-22.442,5.554],[-21.457,9.272],[-12.753,10.009],[-8.5,12.487],[-8.5,-5.513],[-16.5,-13.196]],"c":true}]},{"t":24,"s":[{"i":[[0,0],[0.175,-2.148],[0,0],[0.297,-6.177],[-0.77,-1.102],[-1.985,-0.535],[0,0.552],[0,0],[2.953,0.24]],"o":[[-1.4,2.287],[0,0],[0,1.657],[-0.085,1.771],[1.007,1.439],[1.923,0.518],[0,0],[0.126,-6.166],[-4.32,-0.351]],"v":[[-22.652,-12.493],[-23.009,-4.054],[-22.045,-0.697],[-22.442,5.554],[-21.457,9.272],[-12.264,10.444],[-8.5,12.487],[-8.5,-5.513],[-16.766,-12.821]],"c":true}]}],"ix":2},"nm":"Path 1","mn":"ADBE Vector Shape - Group","hd":false},{"ty":"fl","c":{"a":0,"k":[0.72549021244,0.909803926945,1,1],"ix":4},"o":{"a":0,"k":100,"ix":5},"r":1,"bm":0,"nm":"Fill 1","mn":"ADBE Vector Graphic - Fill","hd":false},{"ty":"tr","p":{"a":0,"k":[0,0],"ix":2},"a":{"a":0,"k":[0,0],"ix":1},"s":{"a":0,"k":[400,400],"ix":3},"r":{"a":0,"k":0,"ix":6},"o":{"a":0,"k":100,"ix":7},"sk":{"a":0,"k":0,"ix":4},"sa":{"a":0,"k":0,"ix":5},"nm":"Transform"}],"nm":"Page R","np":2,"cix":2,"bm":0,"ix":1,"mn":"ADBE Vector Group","hd":false}],"ip":0,"op":120,"st":0,"bm":0},{"ddd":0,"ind":9,"ty":4,"nm":"Page L 3","parent":15,"td":1,"sr":1,"ks":{"o":{"a":0,"k":100,"ix":11},"r":{"a":0,"k":0,"ix":10},"p":{"a":0,"k":[0.128,36.842,0],"ix":2},"a":{"a":0,"k":[30.128,42.969,0],"ix":1},"s":{"a":1,"k":[{"i":{"x":[0.833,0.833,0.833],"y":[1,1,1]},"o":{"x":[0.333,0.333,0.333],"y":[0,0,0]},"t":0,"s":[100,100,100]},{"i":{"x":[0.833,0.833,0.833],"y":[1,1,1]},"o":{"x":[0.167,0.167,0.167],"y":[0,0,0]},"t":11,"s":[123,100,100]},{"i":{"x":[0.667,0.667,0.667],"y":[1,1,1]},"o":{"x":[0.167,0.167,0.167],"y":[0,0,0]},"t":20,"s":[96,100,100]},{"t":28,"s":[100,100,100]}],"ix":6}},"ao":0,"shapes":[{"ty":"gr","it":[{"ind":0,"ty":"sh","ix":1,"ks":{"a":0,"k":{"i":[[0,0],[0,-1.657],[0,0],[-1.657,0],[-1.536,0],[-2.787,-0.464],[0,0.552],[0,0],[4.418,0]],"o":[[-1.657,0],[0,0],[0,1.657],[1.773,0],[5.434,0],[0.545,0.091],[0,0],[0,-4.418],[0,0]],"v":[[-5.5,-13.468],[-8.5,-10.468],[-8.5,7.532],[-5.501,10.532],[0,10.532],[7.504,13.457],[8.5,12.532],[8.5,-5.468],[0.5,-13.468]],"c":true},"ix":2},"nm":"Path 1","mn":"ADBE Vector Shape - Group","hd":false},{"ty":"fl","c":{"a":0,"k":[0.72549021244,0.909803926945,1,1],"ix":4},"o":{"a":0,"k":100,"ix":5},"r":1,"bm":0,"nm":"Fill 1","mn":"ADBE Vector Graphic - Fill","hd":false},{"ty":"tr","p":{"a":0,"k":[0,0],"ix":2},"a":{"a":0,"k":[0,0],"ix":1},"s":{"a":0,"k":[400,400],"ix":3},"r":{"a":0,"k":0,"ix":6},"o":{"a":0,"k":100,"ix":7},"sk":{"a":0,"k":0,"ix":4},"sa":{"a":0,"k":0,"ix":5},"nm":"Transform"}],"nm":"Page L","np":2,"cix":2,"bm":0,"ix":1,"mn":"ADBE Vector Group","hd":false}],"ip":0,"op":120,"st":0,"bm":0},{"ddd":0,"ind":10,"ty":4,"nm":"Page L SHADOW","parent":15,"tt":1,"sr":1,"ks":{"o":{"a":1,"k":[{"t":15,"s":[0],"h":1},{"i":{"x":[0.843],"y":[1]},"o":{"x":[0.345],"y":[31.498]},"t":17,"s":[100]},{"t":28,"s":[100],"h":1},{"t":34,"s":[0],"h":1},{"t":37,"s":[100],"h":1},{"t":43,"s":[1],"h":1}],"ix":11},"r":{"a":0,"k":0,"ix":10},"p":{"s":true,"x":{"a":0,"k":-7.457,"ix":3},"y":{"a":0,"k":54.021,"ix":4}},"a":{"a":0,"k":[30.128,42.969,0],"ix":1},"s":{"a":1,"k":[{"i":{"x":[0.833,0.833,0.833],"y":[1,1,1]},"o":{"x":[0.333,0.333,0.333],"y":[0,0,0]},"t":0,"s":[100,124,100]},{"i":{"x":[0.833,0.833,0.833],"y":[1,1,1]},"o":{"x":[0.185,0.185,0.185],"y":[0,0,0]},"t":17,"s":[40,124,100]},{"i":{"x":[0.833,0.833,0.833],"y":[1,1,1]},"o":{"x":[0.167,0.167,0.167],"y":[0,0,0]},"t":21,"s":[85,124,100]},{"i":{"x":[0.833,0.833,0.833],"y":[1,1,1]},"o":{"x":[0.185,0.185,0.185],"y":[0,0,0]},"t":22,"s":[40,124,100]},{"i":{"x":[0.833,0.833,0.833],"y":[1,1,1]},"o":{"x":[0.167,0.167,0.167],"y":[0,0,0]},"t":26,"s":[85,124,100]},{"i":{"x":[0.833,0.833,0.833],"y":[1,1,1]},"o":{"x":[0.185,0.185,0.185],"y":[0,0,0]},"t":27,"s":[40,124,100]},{"t":32,"s":[88,124,100],"h":1},{"i":{"x":[0.833,0.833,0.833],"y":[1,1,1]},"o":{"x":[0.185,0.185,0.185],"y":[0,0,0]},"t":37,"s":[40,124,100]},{"t":42,"s":[85,124,100]}],"ix":6}},"ao":0,"shapes":[{"ty":"gr","it":[{"ind":0,"ty":"sh","ix":1,"ks":{"a":0,"k":{"i":[[0,0],[0,-1.657],[0,0],[-1.657,0],[-1.536,0],[-2.787,-0.464],[0,0.552],[0,0],[4.418,0]],"o":[[-1.657,0],[0,0],[0,1.657],[1.773,0],[5.434,0],[0.545,0.091],[0,0],[0,-4.418],[0,0]],"v":[[-5.5,-13.468],[-8.5,-10.468],[-8.5,7.532],[-5.501,10.532],[0,10.532],[7.504,13.457],[8.5,12.532],[8.5,-5.468],[0.5,-13.468]],"c":true},"ix":2},"nm":"Path 1","mn":"ADBE Vector Shape - Group","hd":false},{"ty":"fl","c":{"a":0,"k":[0.541176497936,0.843137323856,0.988235354424,1],"ix":4},"o":{"a":0,"k":100,"ix":5},"r":1,"bm":0,"nm":"Fill 1","mn":"ADBE Vector Graphic - Fill","hd":false},{"ty":"tr","p":{"a":0,"k":[0,0],"ix":2},"a":{"a":0,"k":[0,0],"ix":1},"s":{"a":0,"k":[400,400],"ix":3},"r":{"a":0,"k":0,"ix":6},"o":{"a":0,"k":100,"ix":7},"sk":{"a":0,"k":0,"ix":4},"sa":{"a":0,"k":0,"ix":5},"nm":"Transform"}],"nm":"Page L","np":2,"cix":2,"bm":0,"ix":1,"mn":"ADBE Vector Group","hd":false}],"ip":0,"op":120,"st":0,"bm":0},{"ddd":0,"ind":11,"ty":4,"nm":"Page L","parent":15,"sr":1,"ks":{"o":{"a":0,"k":100,"ix":11},"r":{"a":0,"k":0,"ix":10},"p":{"a":0,"k":[0.128,36.842,0],"ix":2},"a":{"a":0,"k":[30.128,42.969,0],"ix":1},"s":{"a":1,"k":[{"i":{"x":[0.833,0.833,0.833],"y":[1,1,1]},"o":{"x":[0.333,0.333,0.333],"y":[0,0,0]},"t":0,"s":[100,100,100]},{"i":{"x":[0.833,0.833,0.833],"y":[1,1,1]},"o":{"x":[0.167,0.167,0.167],"y":[0,0,0]},"t":11,"s":[123,100,100]},{"i":{"x":[0.667,0.667,0.667],"y":[1,1,1]},"o":{"x":[0.167,0.167,0.167],"y":[0,0,0]},"t":20,"s":[96,100,100]},{"t":28,"s":[100,100,100]}],"ix":6}},"ao":0,"shapes":[{"ty":"gr","it":[{"ind":0,"ty":"sh","ix":1,"ks":{"a":0,"k":{"i":[[0,0],[0,-1.657],[0,0],[-1.657,0],[-1.536,0],[-2.787,-0.464],[0,0.552],[0,0],[4.418,0]],"o":[[-1.657,0],[0,0],[0,1.657],[1.773,0],[5.434,0],[0.545,0.091],[0,0],[0,-4.418],[0,0]],"v":[[-5.5,-13.468],[-8.5,-10.468],[-8.5,7.532],[-5.501,10.532],[0,10.532],[7.504,13.457],[8.5,12.532],[8.5,-5.468],[0.5,-13.468]],"c":true},"ix":2},"nm":"Path 1","mn":"ADBE Vector Shape - Group","hd":false},{"ty":"fl","c":{"a":0,"k":[0.72549021244,0.909803926945,1,1],"ix":4},"o":{"a":0,"k":100,"ix":5},"r":1,"bm":0,"nm":"Fill 1","mn":"ADBE Vector Graphic - Fill","hd":false},{"ty":"tr","p":{"a":0,"k":[0,0],"ix":2},"a":{"a":0,"k":[0,0],"ix":1},"s":{"a":0,"k":[400,400],"ix":3},"r":{"a":0,"k":0,"ix":6},"o":{"a":0,"k":100,"ix":7},"sk":{"a":0,"k":0,"ix":4},"sa":{"a":0,"k":0,"ix":5},"nm":"Transform"}],"nm":"Page L","np":2,"cix":2,"bm":0,"ix":1,"mn":"ADBE Vector Group","hd":false}],"ip":0,"op":120,"st":0,"bm":0},{"ddd":0,"ind":12,"ty":4,"nm":"Page R 4","parent":15,"td":1,"sr":1,"ks":{"o":{"a":0,"k":100,"ix":11},"r":{"a":0,"k":0,"ix":10},"p":{"a":0,"k":[0.366,38.291,0],"ix":2},"a":{"a":0,"k":[-29.634,44.451,0],"ix":1},"s":{"a":1,"k":[{"i":{"x":[0.833,0.833,0.833],"y":[1,1,1]},"o":{"x":[0.333,0.333,0.333],"y":[0,0,0]},"t":0,"s":[100,100,100]},{"i":{"x":[0.833,0.833,0.833],"y":[1,1,1]},"o":{"x":[0.167,0.167,0.167],"y":[0,0,0]},"t":11,"s":[123,100,100]},{"i":{"x":[0.667,0.667,0.667],"y":[1,1,1]},"o":{"x":[0.167,0.167,0.167],"y":[0,0,0]},"t":20,"s":[96,100,100]},{"t":28,"s":[100,100,100]}],"ix":6}},"ao":0,"shapes":[{"ty":"gr","it":[{"ind":0,"ty":"sh","ix":1,"ks":{"a":0,"k":{"i":[[0,0],[0,-1.657],[0,0],[1.657,0],[1.536,0],[2.37,-0.518],[0,0.552],[0,0],[-4.418,0]],"o":[[1.657,0],[0,0],[0,1.657],[-1.773,0],[-5.349,0],[-0.54,0.118],[0,0],[0,-4.418],[0,0]],"v":[[5.5,-13.46],[8.5,-10.46],[8.5,7.54],[5.501,10.54],[0,10.54],[-7.505,13.442],[-8.5,12.54],[-8.5,-5.46],[-0.5,-13.46]],"c":true},"ix":2},"nm":"Path 1","mn":"ADBE Vector Shape - Group","hd":false},{"ty":"fl","c":{"a":0,"k":[0.72549021244,0.909803926945,1,1],"ix":4},"o":{"a":0,"k":100,"ix":5},"r":1,"bm":0,"nm":"Fill 1","mn":"ADBE Vector Graphic - Fill","hd":false},{"ty":"tr","p":{"a":0,"k":[0,0],"ix":2},"a":{"a":0,"k":[0,0],"ix":1},"s":{"a":0,"k":[400,400],"ix":3},"r":{"a":0,"k":0,"ix":6},"o":{"a":0,"k":100,"ix":7},"sk":{"a":0,"k":0,"ix":4},"sa":{"a":0,"k":0,"ix":5},"nm":"Transform"}],"nm":"Page R","np":2,"cix":2,"bm":0,"ix":1,"mn":"ADBE Vector Group","hd":false}],"ip":0,"op":120,"st":0,"bm":0},{"ddd":0,"ind":13,"ty":4,"nm":"Page R SHADOW","parent":15,"tt":1,"sr":1,"ks":{"o":{"a":1,"k":[{"t":0,"s":[0],"h":1},{"i":{"x":[0.667],"y":[1]},"o":{"x":[0.333],"y":[0]},"t":11,"s":[100]},{"i":{"x":[0.833],"y":[1]},"o":{"x":[0.333],"y":[0]},"t":18,"s":[100]},{"t":22,"s":[100],"h":1},{"t":27,"s":[0],"h":1},{"t":28,"s":[100],"h":1},{"t":33,"s":[0],"h":1}],"ix":11},"r":{"a":0,"k":0,"ix":10},"p":{"a":0,"k":[0.366,47.613,0],"ix":2},"a":{"a":0,"k":[-29.634,44.451,0],"ix":1},"s":{"a":1,"k":[{"i":{"x":[0.833,0.833,0.833],"y":[1,1,1]},"o":{"x":[0.333,0.333,0.333],"y":[0,0,0]},"t":0,"s":[100,121,100]},{"i":{"x":[0.779,0.578,0.578],"y":[0.719,1,1]},"o":{"x":[0.7,0.623,0.189],"y":[0,0,0]},"t":11,"s":[111,106,100]},{"i":{"x":[0.833,0.833,0.833],"y":[1,1,1]},"o":{"x":[0.295,0.34,0.34],"y":[-0.08,0,0]},"t":16,"s":[7.356,121,100]},{"i":{"x":[0.779,0.578,0.578],"y":[0.775,1,1]},"o":{"x":[0.7,0.623,0.189],"y":[0,0,0]},"t":17,"s":[111,106,100]},{"i":{"x":[0.833,0.833,0.833],"y":[1,1,1]},"o":{"x":[0.167,0.167,0.167],"y":[0,0,0]},"t":21,"s":[7.356,121,100]},{"i":{"x":[0.779,0.578,0.578],"y":[0.719,1,1]},"o":{"x":[0.7,0.623,0.189],"y":[0,0,0]},"t":22,"s":[111,106,100]},{"i":{"x":[0.833,0.833,0.833],"y":[1,1,1]},"o":{"x":[0.295,0.34,0.34],"y":[0,0,0]},"t":27,"s":[7.356,121,100]},{"i":{"x":[0.779,0.578,0.578],"y":[0.719,1,1]},"o":{"x":[0.7,0.623,0.189],"y":[0,0,0]},"t":28,"s":[111,106,100]},{"t":33,"s":[7.356,121,100]}],"ix":6}},"ao":0,"shapes":[{"ty":"gr","it":[{"ind":0,"ty":"sh","ix":1,"ks":{"a":0,"k":{"i":[[0,0],[0,-1.657],[0,0],[1.657,0],[1.536,0],[2.37,-0.518],[0,0.552],[0,0],[-4.418,0]],"o":[[1.657,0],[0,0],[0,1.657],[-1.773,0],[-5.349,0],[-0.54,0.118],[0,0],[0,-4.418],[0,0]],"v":[[5.5,-13.46],[8.5,-10.46],[8.5,7.54],[5.501,10.54],[0,10.54],[-7.505,13.442],[-8.5,12.54],[-8.5,-5.46],[-0.5,-13.46]],"c":true},"ix":2},"nm":"Path 1","mn":"ADBE Vector Shape - Group","hd":false},{"ty":"fl","c":{"a":0,"k":[0.541176497936,0.843137323856,0.988235354424,1],"ix":4},"o":{"a":0,"k":100,"ix":5},"r":1,"bm":0,"nm":"Fill 1","mn":"ADBE Vector Graphic - Fill","hd":false},{"ty":"tr","p":{"a":0,"k":[0,0],"ix":2},"a":{"a":0,"k":[0,0],"ix":1},"s":{"a":0,"k":[400,400],"ix":3},"r":{"a":0,"k":0,"ix":6},"o":{"a":0,"k":100,"ix":7},"sk":{"a":0,"k":0,"ix":4},"sa":{"a":0,"k":0,"ix":5},"nm":"Transform"}],"nm":"Page R","np":2,"cix":2,"bm":0,"ix":1,"mn":"ADBE Vector Group","hd":false}],"ip":0,"op":120,"st":0,"bm":0},{"ddd":0,"ind":14,"ty":4,"nm":"Page R","parent":15,"sr":1,"ks":{"o":{"a":0,"k":100,"ix":11},"r":{"a":0,"k":0,"ix":10},"p":{"a":0,"k":[0.366,38.291,0],"ix":2},"a":{"a":0,"k":[-29.634,44.451,0],"ix":1},"s":{"a":1,"k":[{"i":{"x":[0.833,0.833,0.833],"y":[1,1,1]},"o":{"x":[0.333,0.333,0.333],"y":[0,0,0]},"t":0,"s":[100,100,100]},{"i":{"x":[0.833,0.833,0.833],"y":[1,1,1]},"o":{"x":[0.167,0.167,0.167],"y":[0,0,0]},"t":11,"s":[123,100,100]},{"i":{"x":[0.667,0.667,0.667],"y":[1,1,1]},"o":{"x":[0.167,0.167,0.167],"y":[0,0,0]},"t":20,"s":[96,100,100]},{"t":28,"s":[100,100,100]}],"ix":6}},"ao":0,"shapes":[{"ty":"gr","it":[{"ind":0,"ty":"sh","ix":1,"ks":{"a":0,"k":{"i":[[0,0],[0,-1.657],[0,0],[1.657,0],[1.536,0],[2.37,-0.518],[0,0.552],[0,0],[-4.418,0]],"o":[[1.657,0],[0,0],[0,1.657],[-1.773,0],[-5.349,0],[-0.54,0.118],[0,0],[0,-4.418],[0,0]],"v":[[5.5,-13.46],[8.5,-10.46],[8.5,7.54],[5.501,10.54],[0,10.54],[-7.505,13.442],[-8.5,12.54],[-8.5,-5.46],[-0.5,-13.46]],"c":true},"ix":2},"nm":"Path 1","mn":"ADBE Vector Shape - Group","hd":false},{"ty":"fl","c":{"a":0,"k":[0.72549021244,0.909803926945,1,1],"ix":4},"o":{"a":0,"k":100,"ix":5},"r":1,"bm":0,"nm":"Fill 1","mn":"ADBE Vector Graphic - Fill","hd":false},{"ty":"tr","p":{"a":0,"k":[0,0],"ix":2},"a":{"a":0,"k":[0,0],"ix":1},"s":{"a":0,"k":[400,400],"ix":3},"r":{"a":0,"k":0,"ix":6},"o":{"a":0,"k":100,"ix":7},"sk":{"a":0,"k":0,"ix":4},"sa":{"a":0,"k":0,"ix":5},"nm":"Transform"}],"nm":"Page R","np":2,"cix":2,"bm":0,"ix":1,"mn":"ADBE Vector Group","hd":false}],"ip":0,"op":120,"st":0,"bm":0},{"ddd":0,"ind":15,"ty":3,"nm":"Pages NULL","parent":18,"sr":1,"ks":{"o":{"a":0,"k":0,"ix":11},"r":{"a":0,"k":0,"ix":10},"p":{"a":1,"k":[{"i":{"x":0.667,"y":1},"o":{"x":0.333,"y":0},"t":0,"s":[0,0,0],"to":[0,1.333,0],"ti":[0,0.167,0]},{"i":{"x":0.667,"y":1},"o":{"x":0.333,"y":0},"t":9,"s":[0,8,0],"to":[0,-0.167,0],"ti":[0,1.333,0]},{"i":{"x":0.667,"y":1},"o":{"x":0.333,"y":0},"t":19,"s":[0,-1,0],"to":[0,-1.333,0],"ti":[0,-0.167,0]},{"t":28,"s":[0,0,0]}],"ix":2},"a":{"a":0,"k":[0,0,0],"ix":1},"s":{"a":0,"k":[100,100,100],"ix":6}},"ao":0,"ip":0,"op":120,"st":0,"bm":0},{"ddd":0,"ind":16,"ty":4,"nm":"Cover L","parent":18,"sr":1,"ks":{"o":{"a":0,"k":100,"ix":11},"r":{"a":1,"k":[{"i":{"x":[0.667],"y":[1]},"o":{"x":[0.333],"y":[0]},"t":0,"s":[0]},{"i":{"x":[0.667],"y":[1]},"o":{"x":[0.333],"y":[0]},"t":9,"s":[-5.731]},{"i":{"x":[0.667],"y":[1]},"o":{"x":[0.333],"y":[0]},"t":19,"s":[2.704]},{"t":28,"s":[0]}],"ix":10},"p":{"a":0,"k":[0,59.399,0],"ix":2},"a":{"a":0,"k":[38,47.5,0],"ix":1},"s":{"a":1,"k":[{"i":{"x":[0.833,0.833,0.833],"y":[1,1,1]},"o":{"x":[0.333,0.333,0.333],"y":[0,0,0]},"t":0,"s":[100,100,100]},{"i":{"x":[0.833,0.833,0.833],"y":[1,1,1]},"o":{"x":[0.167,0.167,0.167],"y":[0,0,0]},"t":9,"s":[105,100,100]},{"t":20,"s":[100,100,100]}],"ix":6}},"ao":0,"shapes":[{"ty":"gr","it":[{"ind":0,"ty":"sh","ix":1,"ks":{"a":1,"k":[{"i":{"x":0.833,"y":1},"o":{"x":0.333,"y":0},"t":0,"s":[{"i":[[0,0],[0,-2.071],[0,0],[-2.071,0],[-1.885,0],[-4.813,-0.468],[0,0.69],[0,0],[5.523,0]],"o":[[-2.071,0],[0,0],[0,2.071],[2.182,0],[6.88,0],[0.687,0.067],[0,0],[0,-5.523],[0,0]],"v":[[-6.75,-13.975],[-10.5,-10.225],[-10.5,6.491],[-6.751,10.241],[0,10.241],[9.247,13.97],[10.5,12.775],[10.5,-3.975],[0.5,-13.975]],"c":true}]},{"i":{"x":0.667,"y":1},"o":{"x":0.167,"y":0},"t":9,"s":[{"i":[[0,0],[0,-2.071],[0,0],[-2.071,0],[-1.885,0],[-4.813,-0.468],[0,0.69],[0,0],[5.523,0]],"o":[[-2.071,0],[0,0],[0,2.071],[2.182,0],[6.88,0],[0.687,0.067],[0,0],[0,-5.523],[0,0]],"v":[[-4.562,-14.493],[-8.312,-10.743],[-10.5,6.491],[-6.751,10.241],[0,10.241],[9.247,13.97],[10.5,12.775],[10.5,-3.975],[0.5,-13.975]],"c":true}]},{"t":19,"s":[{"i":[[0,0],[0,-2.071],[0,0],[-2.071,0],[-1.885,0],[-4.813,-0.468],[0,0.69],[0,0],[5.523,0]],"o":[[-2.071,0],[0,0],[0,2.071],[2.182,0],[6.88,0],[0.687,0.067],[0,0],[0,-5.523],[0,0]],"v":[[-6.75,-13.975],[-10.5,-10.225],[-10.5,6.491],[-6.751,10.241],[0,10.241],[9.247,13.97],[10.5,12.775],[10.5,-3.975],[0.5,-13.975]],"c":true}]}],"ix":2},"nm":"Path 1","mn":"ADBE Vector Shape - Group","hd":false},{"ty":"fl","c":{"a":0,"k":[0.109803922474,0.690196096897,0.964705884457,1],"ix":4},"o":{"a":0,"k":100,"ix":5},"r":1,"bm":0,"nm":"Fill 1","mn":"ADBE Vector Graphic - Fill","hd":false},{"ty":"tr","p":{"a":0,"k":[0,0],"ix":2},"a":{"a":0,"k":[0,0],"ix":1},"s":{"a":0,"k":[400,400],"ix":3},"r":{"a":0,"k":0,"ix":6},"o":{"a":0,"k":100,"ix":7},"sk":{"a":0,"k":0,"ix":4},"sa":{"a":0,"k":0,"ix":5},"nm":"Transform"}],"nm":"Cover L","np":2,"cix":2,"bm":0,"ix":1,"mn":"ADBE Vector Group","hd":false}],"ip":0,"op":120,"st":0,"bm":0},{"ddd":0,"ind":17,"ty":4,"nm":"Cover R","parent":18,"sr":1,"ks":{"o":{"a":0,"k":100,"ix":11},"r":{"a":1,"k":[{"i":{"x":[0.667],"y":[1]},"o":{"x":[0.333],"y":[0]},"t":0,"s":[0]},{"i":{"x":[0.667],"y":[1]},"o":{"x":[0.333],"y":[0]},"t":9,"s":[5.731]},{"i":{"x":[0.667],"y":[1]},"o":{"x":[0.333],"y":[0]},"t":19,"s":[-2.704]},{"t":28,"s":[0]}],"ix":10},"p":{"a":0,"k":[-0.5,58.368,0],"ix":2},"a":{"a":0,"k":[-38.5,46.5,0],"ix":1},"s":{"a":1,"k":[{"i":{"x":[0.833,0.833,0.833],"y":[1,1,1]},"o":{"x":[0.333,0.333,0.333],"y":[0,0,0]},"t":0,"s":[100,100,100]},{"i":{"x":[0.833,0.833,0.833],"y":[1,1,1]},"o":{"x":[0.167,0.167,0.167],"y":[0,0,0]},"t":9,"s":[105,100,100]},{"t":20,"s":[100,100,100]}],"ix":6}},"ao":0,"shapes":[{"ty":"gr","it":[{"ind":0,"ty":"sh","ix":1,"ks":{"a":1,"k":[{"i":{"x":0.667,"y":1},"o":{"x":0.333,"y":0},"t":0,"s":[{"i":[[0,0],[0,-2.071],[0,0],[2.071,0],[1.885,0],[3.909,-0.523],[0,0.69],[0,0],[-5.523,0]],"o":[[2.071,0],[0,0],[0,2.071],[-2.182,0],[-6.777,0],[-0.684,0.092],[0,0],[0,-5.523],[0,0]],"v":[[6.75,-13.967],[10.5,-10.217],[10.5,6.631],[6.751,10.381],[0,10.381],[-9.25,13.957],[-10.5,12.783],[-10.5,-3.967],[-0.5,-13.967]],"c":true}]},{"i":{"x":0.667,"y":1},"o":{"x":0.333,"y":0},"t":9,"s":[{"i":[[0,0],[0,-2.071],[0,0],[2.071,0],[1.885,0],[3.909,-0.523],[0,0.69],[0,0],[-5.523,0]],"o":[[2.071,0],[0,0],[0,2.071],[-2.182,0],[-6.777,0],[-0.684,0.092],[0,0],[0,-5.523],[0,0]],"v":[[4.491,-13.978],[8.241,-10.228],[10.5,6.631],[6.751,10.381],[0,10.381],[-9.25,13.957],[-10.5,12.783],[-10.5,-3.967],[-0.5,-13.967]],"c":true}]},{"t":19,"s":[{"i":[[0,0],[0,-2.071],[0,0],[2.071,0],[1.885,0],[3.909,-0.523],[0,0.69],[0,0],[-5.523,0]],"o":[[2.071,0],[0,0],[0,2.071],[-2.182,0],[-6.777,0],[-0.684,0.092],[0,0],[0,-5.523],[0,0]],"v":[[6.75,-13.967],[10.5,-10.217],[10.5,6.631],[6.751,10.381],[0,10.381],[-9.25,13.957],[-10.5,12.783],[-10.5,-3.967],[-0.5,-13.967]],"c":true}]}],"ix":2},"nm":"Path 1","mn":"ADBE Vector Shape - Group","hd":false},{"ty":"fl","c":{"a":0,"k":[0.109803922474,0.690196096897,0.964705884457,1],"ix":4},"o":{"a":0,"k":100,"ix":5},"r":1,"bm":0,"nm":"Fill 1","mn":"ADBE Vector Graphic - Fill","hd":false},{"ty":"tr","p":{"a":0,"k":[0,0],"ix":2},"a":{"a":0,"k":[0,0],"ix":1},"s":{"a":0,"k":[400,400],"ix":3},"r":{"a":0,"k":0,"ix":6},"o":{"a":0,"k":100,"ix":7},"sk":{"a":0,"k":0,"ix":4},"sa":{"a":0,"k":0,"ix":5},"nm":"Transform"}],"nm":"Cover R","np":2,"cix":2,"bm":0,"ix":1,"mn":"ADBE Vector Group","hd":false}],"ip":0,"op":120,"st":0,"bm":0},{"ddd":0,"ind":18,"ty":3,"nm":"CONTROL_NULL","parent":1,"sr":1,"ks":{"o":{"a":0,"k":0,"ix":11},"r":{"a":0,"k":0,"ix":10},"p":{"a":0,"k":[0,0,0],"ix":2},"a":{"a":0,"k":[0,0,0],"ix":1},"s":{"a":0,"k":[100,100,100],"ix":6}},"ao":0,"ip":0,"op":120,"st":0,"bm":0}]},{"id":"comp_2","layers":[{"ddd":0,"ind":1,"ty":4,"nm":"Page L 2","sr":1,"ks":{"o":{"a":0,"k":100,"ix":11},"r":{"a":0,"k":0,"ix":10},"p":{"a":0,"k":[62,85.873,0],"ix":2},"a":{"a":0,"k":[0,0,0],"ix":1},"s":{"a":0,"k":[100,100,100],"ix":6}},"ao":0,"shapes":[{"ty":"gr","it":[{"ind":0,"ty":"sh","ix":1,"ks":{"a":0,"k":{"i":[[0,0],[0,-1.657],[0,0],[-1.657,0],[-1.536,0],[-2.787,-0.464],[0,0.552],[0,0],[4.418,0]],"o":[[-1.657,0],[0,0],[0,1.657],[1.773,0],[5.434,0],[0.545,0.091],[0,0],[0,-4.418],[0,0]],"v":[[-5.5,-13.468],[-8.5,-10.468],[-8.5,7.532],[-5.501,10.532],[0,10.532],[7.504,13.457],[8.5,12.532],[8.5,-5.468],[0.5,-13.468]],"c":true},"ix":2},"nm":"Path 1","mn":"ADBE Vector Shape - Group","hd":false},{"ty":"fl","c":{"a":0,"k":[0.72549021244,0.909803926945,1,1],"ix":4},"o":{"a":0,"k":100,"ix":5},"r":1,"bm":0,"nm":"Fill 1","mn":"ADBE Vector Graphic - Fill","hd":false},{"ty":"tr","p":{"a":0,"k":[0,0],"ix":2},"a":{"a":0,"k":[0,0],"ix":1},"s":{"a":0,"k":[400,400],"ix":3},"r":{"a":0,"k":0,"ix":6},"o":{"a":0,"k":100,"ix":7},"sk":{"a":0,"k":0,"ix":4},"sa":{"a":0,"k":0,"ix":5},"nm":"Transform"}],"nm":"Page L","np":2,"cix":2,"bm":0,"ix":1,"mn":"ADBE Vector Group","hd":false}],"ip":0,"op":3600,"st":0,"bm":0},{"ddd":0,"ind":2,"ty":4,"nm":"Page R 2","sr":1,"ks":{"o":{"a":0,"k":100,"ix":11},"r":{"a":0,"k":0,"ix":10},"p":{"a":0,"k":[122,85.84,0],"ix":2},"a":{"a":0,"k":[0,0,0],"ix":1},"s":{"a":0,"k":[100,100,100],"ix":6}},"ao":0,"shapes":[{"ty":"gr","it":[{"ind":0,"ty":"sh","ix":1,"ks":{"a":0,"k":{"i":[[0,0],[0,-1.657],[0,0],[1.657,0],[1.536,0],[2.37,-0.518],[0,0.552],[0,0],[-4.418,0]],"o":[[1.657,0],[0,0],[0,1.657],[-1.773,0],[-5.349,0],[-0.54,0.118],[0,0],[0,-4.418],[0,0]],"v":[[5.5,-13.46],[8.5,-10.46],[8.5,7.54],[5.501,10.54],[0,10.54],[-7.505,13.442],[-8.5,12.54],[-8.5,-5.46],[-0.5,-13.46]],"c":true},"ix":2},"nm":"Path 1","mn":"ADBE Vector Shape - Group","hd":false},{"ty":"fl","c":{"a":0,"k":[0.72549021244,0.909803926945,1,1],"ix":4},"o":{"a":0,"k":100,"ix":5},"r":1,"bm":0,"nm":"Fill 1","mn":"ADBE Vector Graphic - Fill","hd":false},{"ty":"tr","p":{"a":0,"k":[0,0],"ix":2},"a":{"a":0,"k":[0,0],"ix":1},"s":{"a":0,"k":[400,400],"ix":3},"r":{"a":0,"k":0,"ix":6},"o":{"a":0,"k":100,"ix":7},"sk":{"a":0,"k":0,"ix":4},"sa":{"a":0,"k":0,"ix":5},"nm":"Transform"}],"nm":"Page R","np":2,"cix":2,"bm":0,"ix":1,"mn":"ADBE Vector Group","hd":false}],"ip":0,"op":3600,"st":0,"bm":0}]}],"layers":[{"ddd":0,"ind":1,"ty":0,"nm":"Stories_ANIM","refId":"comp_0","sr":1,"ks":{"o":{"a":0,"k":100,"ix":11},"r":{"a":0,"k":0,"ix":10},"p":{"a":0,"k":[26,26,0],"ix":2},"a":{"a":0,"k":[92,92,0],"ix":1},"s":{"a":0,"k":[25,25,100],"ix":6}},"ao":0,"w":184,"h":184,"ip":0,"op":500,"st":0,"bm":0}],"markers":[{"tm":60,"cm":"Timeline START","dr":0},{"tm":110,"cm":"Anim START","dr":0},{"tm":160,"cm":"Anim END\r","dr":0},{"tm":265,"cm":"Timeline END","dr":0}]}
